time,"Average fuel consumption (L/100km)","Average fuel consumption (Today) (L/100km)","Average fuel consumption (total) (L/100km)","Average fuel consumption (Week) (L/100km)","Average fuel consumption 10 sec (L/100km)","Average speed (km/h)","Barometric pressure (kPa)","Calculated boost (bar)","Calculated engine load value (%)","Calculated instant fuel consumption (L/100km)","Calculated instant fuel rate (L/h)","Distance travelled (km)","Distance travelled (Today) (km)","Distance travelled (total) (km)","Distance travelled (Week) (km)","Engine coolant temperature (℃)","Engine RPM (rpm)","Engine RPM x1000 (rpm)","Fuel economizer (based on fuel system status and throttle position) ()","Fuel used (L)","Fuel used (Today) (L)","Fuel used (total) (L)","Fuel used (Week) (L)","Fuel used price ($)","Fuel used price (Today) ($)","Fuel used price (total) ($)","Fuel used price (Week) ($)","Instant engine power (based on fuel consumption) (hp)","Intake air temperature (℃)","Intake manifold absolute pressure (kPa)","Long term fuel % trim - Bank 1 (%)","OBD Module Voltage (V)","Oxygen sensor 1 Wide Range Equivalence ratio ()","Oxygen sensor 1 Wide Range Voltage (V)","Short term fuel % trim - Bank 1 (%)","Throttle position (%)","Timing advance (°)","Vehicle acceleration (g)","Vehicle speed (km/h)",
10:45:34.272,,,,,,,,-0.013250000000000029,,,,,,,,,,,,,,,,,,,,,,100,,,,,,,,,,
10:45:34.508,,,,,,,,,,,0,,,,,,0,0,,,,,,,,,,0,,,,,,,,,,,,
10:45:34.875,,,,,,,,,,,,,,,,,,,,,,,,,,,,,,,,,,,,,,,0,
10:45:35.143,,,,,,,,,,,,,,,,,,,1,,,,,,,,,,,,,,,,,16.470588235294116,,,,
10:45:35.300,,,,,,,,,,,,,,,,,,,,,,,,,,,,,,,,,18.112891649999998,4.996998,,,,,,
10:45:38.052,,,,,,,,,,,,,,,,,,,,,,,,,,,,,,,,,,,,,,,,
10:45:38.062,,,,,,,101,,,,,,,,,,,,,,,,,,,,,,,,,,,,,,,,,
10:45:38.250,,,,,,,,,,,,,,,,,,,,,,,,,,,,,,,,,,,,,,,,
10:45:38.260,,,,,,,,,,,,,,,,,,,,,,,,,,,,,49,,,,,,,,,,,
10:45:38.606,,,,,,,,-0.01,,,,,,,,,,,,,,,,,,,,,,100,,,,,,,,,,
10:45:38.859,,,,,,,,,,,0,,,,,,0,0,,0,0,0.649787,0,0,0,0.65628487,0,0,,,,,,,,,,,,
10:45:39.188,,,,,,,,,,,,,,,,,,,,,,,,,,,,,,,,,,,,,,,,
10:45:39.198,,,,,,0,,,,,,0,0,6.076656,0,,,,,,,,,,,,,,,,,,,,,,,,0,
10:45:39.546,,,,,,,,,,,,,,,,,,,1,,,,,,,,,,,,,,,,,16.470588235294116,,,,
10:45:39.696,,,,,,,,,,,,,,,,,,,,,,,,,,,,,,,,,18.112891649999998,4.996998,,,,,,
10:45:40.038,,,,,,,,-0.01,,,,,,,,,,,,,,,,,,,,,,100,,,,,,,,,,
10:45:40.256,,,,,,,,,,,,,,,,,,,,,,,,,,,,,,,,,,,,,,,,
10:45:40.266,,,10.69316742629499,,,,,,,,0,,,,,,0,0,,0,0,0.649787,0,0,0,0.65628487,0,0,,,,,,,,,,,,
10:45:45.608,,,,,,,,,,,,,,,,,,,,,,,,,,,,,,,,14.6,,,,,,,,
10:45:45.920,,,,,,,,,,,,,,,,,,,,,,,,,,,,,,,,14.6,,,,,,,,
10:45:46.239,,,,,,,,,,,,,,,,,,,,,,,,,,,,,,,,14.6,,,,,,,,
10:45:46.536,,,,,,,,,,,,,,,,,,,,,,,,,,,,,,,,14.6,,,,,,,,
10:45:46.827,,,,,,,,,,,,,,,,,,,,,,,,,,,,,,,,14.6,,,,,,,,
10:45:47.145,,,,,,,,,,,,,,,,,,,,,,,,,,,,,,,,14.6,,,,,,,,
10:45:47.474,,,,,,,,,,,,,,,,,,,,,,,,,,,,,,,,14.6,,,,,,,,
10:45:47.809,,,,,,,,,,,,,,,,,,,,,,,,,,,,,,,,14.6,,,,,,,,
10:45:48.122,,,,,,,,,,,,,,,,,,,,,,,,,,,,,,,,14.6,,,,,,,,
10:45:48.445,,,,,,,,,,,,,,,,,,,,,,,,,,,,,,,,14.6,,,,,,,,
10:45:48.772,,,,,,,,,,,,,,,,,,,,,,,,,,,,,,,,14.6,,,,,,,,
10:45:49.108,,,,,,,,,,,,,,,,,,,,,,,,,,,,,,,,14.6,,,,,,,,
10:45:49.457,,,,,,,,,,,,,,,,,,,,,,,,,,,,,,,,14.6,,,,,,,,
10:45:49.743,,,,,,,,,,,,,,,,,,,,,,,,,,,,,,,,14.6,,,,,,,,
10:45:50.040,,,,,,,,,,,,,,,,,,,,,,,,,,,,,,,,14.6,,,,,,,,
10:45:50.338,,,,,,,,,,,,,,,,,,,,,,,,,,,,,,,,14.6,,,,,,,,
10:45:50.641,,,,,,,,,,,,,,,,,,,,,,,,,,,,,,,,14.6,,,,,,,,
10:45:50.963,,,,,,,,,,,,,,,,,,,,,,,,,,,,,,,,14.6,,,,,,,,
10:45:51.284,,,,,,,,,,,,,,,,,,,,,,,,,,,,,,,,14.6,,,,,,,,
10:45:51.577,,,,,,,,,,,,,,,,,,,,,,,,,,,,,,,,14.6,,,,,,,,
10:45:51.875,,,,,,,,,,,,,,,,,,,,,,,,,,,,,,,,14.6,,,,,,,,
10:45:52.215,,,,,,,,,,,,,,,,,,,,,,,,,,,,,,,,14.6,,,,,,,,
10:45:52.545,,,,,,,,,,,,,,,,,,,,,,,,,,,,,,,,14.6,,,,,,,,
10:45:52.871,,,,,,,,,,,,,,,,,,,,,,,,,,,,,,,,14.6,,,,,,,,
10:45:53.167,,,,,,,,,,,,,,,,,,,,,,,,,,,,,,,,14.6,,,,,,,,
10:45:53.494,,,,,,,,,,,,,,,,,,,,,,,,,,,,,,,,14.6,,,,,,,,
10:45:53.807,,,,,,,,,,,,,,,,,,,,,,,,,,,,,,,,14.6,,,,,,,,
10:45:54.138,,,,,,,,,,,,,,,,,,,,,,,,,,,,,,,,14.6,,,,,,,,
10:45:54.468,,,,,,,,,,,,,,,,,,,,,,,,,,,,,,,,14.6,,,,,,,,
10:45:54.795,,,,,,,,,,,,,,,,,,,,,,,,,,,,,,,,14.6,,,,,,,,
10:45:55.107,,,,,,,,,,,,,,,,,,,,,,,,,,,,,,,,14.6,,,,,,,,
10:45:55.503,,,,,,,,,,,,,,,,,,,,,,,,,,,,,,,,14.6,,,,,,,,
10:45:55.831,,,,,,,,,,,,,,,,,,,,,,,,,,,,,,,,14.6,,,,,,,,
10:45:56.150,,,,,,,,,,,,,,,,,,,,,,,,,,,,,,,,14.6,,,,,,,,
10:45:56.477,,,,,,,,,,,,,,,,,,,,,,,,,,,,,,,,14.6,,,,,,,,
10:45:56.795,,,,,,,,,,,,,,,,,,,,,,,,,,,,,,,,14.6,,,,,,,,
10:45:57.133,,,,,,,,,,,,,,,,,,,,,,,,,,,,,,,,14.6,,,,,,,,
10:45:57.441,,,,,,,,,,,,,,,,,,,,,,,,,,,,,,,,14.6,,,,,,,,
10:45:57.767,,,,,,,,,,,,,,,,,,,,,,,,,,,,,,,,14.6,,,,,,,,
10:45:58.115,,,,,,,,,,,,,,,,,,,,,,,,,,,,,,,,14.6,,,,,,,,
10:45:58.457,,,,,,,,,,,,,,,,,,,,,,,,,,,,,,,,14.6,,,,,,,,
10:45:58.753,,,,,,,,,,,,,,,,,,,,,,,,,,,,,,,,14.6,,,,,,,,
10:45:59.081,,,,,,,,,,,,,,,,,,,,,,,,,,,,,,,,14.6,,,,,,,,
10:46:06.036,,,,,,,,,,,,,,,,81,,,,,,,,,,,,,,,,,,,,,,,,
10:46:08.770,,,,,,,,,,,,,,,,,,,,,,,,,,,,,,,,,,,,,,,,
10:46:08.780,,,,,,,,,,,,,,,,,,,,,,,,,,,,,49,,,,,,,,5,,,
10:46:08.904,,,,,,,,,,,,,,,,,,,,,,,,,,,,,,,,14.6,,,,,,,,
10:46:09.061,,,,,,,,,,,,,,,,,,,,,,,,,,,,,,,,,,,0,,,,,
10:46:09.271,,,,,,,,,,,,,,,,,,,,,,,,,,,,,,,2.34375,,,,,,,,,
10:46:12.707,,,,,,,,,0,,,,,,,,,,,,,,,,,,,,,,,,,,,,,,,
10:46:12.926,,,,,,,,,,,,,,,,,,,,,,,,,,,,,,,,,,,0,,,,,
10:46:13.086,,,,,,,,,,,,,,,,,,,,,,,,,,,,,,,2.34375,,,,,,,,,
10:46:13.261,,,,,,,,-0.01,,,,,,,,,,,,,,,,,,,,,,100,,,,,,,,,,
10:46:16.159,,,,,,,,-0.37,,,,,,,,,,,,,,,,,,,,,,64,,,,,,,,,,
10:46:16.416,,,,,,,,,,,2.1767579100857812,,,,,,1386,1.4,,,,,,,,,,8.515907728978913,,,,,,,,,,,,
10:46:16.696,,,,,,,,,,,,,,,,,,,,,,,,,,,,,,,,,,,,,,,0,
10:46:16.964,,,,,,,,,,,,,,,,,,,-1,,,,,,,,,,,,,,,,,20,,,,
10:46:17.158,,,,,,,,,,,,,,,,,,,,,,,,,,,,,,,,,14.349441749999999,3.189446,,,,,,
10:46:20.081,,,,,,,,-0.39,,,,,,,,,,,,,,,,,,,,,,62,,,,,,,,,,
10:46:20.315,,,,,,,,,,,2.661795156124258,,,,,,1386,1.4,,0.0028788125721618926,0.002879,0.652666,0.002879,0.0029076006978835116,0.00290779,0.65919266,0.00290779,10.413469425317912,,,,,,,,,,,,
10:46:20.664,,,,,,0,,,,,,0,0,6.076656,0,,,,,,,,,,,,,,,,,,,,,,,,0,
10:46:20.943,,,,,,,,,,,,,,,,,,,1,,,,,,,,,,,,,,,,,20,,,,
10:46:21.100,,,,,,,,,,,,,,,,,,,,,,,,,,,,,,,,,14.5606146,3.261792,,,,,,
10:46:21.439,,,,,,,,-0.35000000000000003,,,,,,,,,,,,,,,,,,,,,,66,,,,,,,,,,
10:46:21.698,,,10.758203195968308,,,,,,,,2.7904144894919285,,,,,,1385,1.4,,0.003951585639882252,0.003952,0.653739,0.003952,0.003991101496281075,0.00399152,0.66027639,0.00399152,10.916653711474336,,,,,,,,,,,,
10:46:22.041,,,,,,0,,,,,,0,0,6.076656,0,,,,,,,,,,,,,,,,,,,,,,,0,0,
10:46:22.322,,,,,,,,,,,,,,,,,,,1,,,,,,,,,,,,,,,,,20,,,,
10:46:22.488,,,,,,,,,,,,,,,,,,,,,,,,,,,,,,,,,14.6511813,3.292536,,,,,,
10:46:22.876,,,,,,,,-0.38,,,,,,,,,,,,,,,,,,,,,,63,,,,,,,,,,
10:46:23.110,,,10.775268502939774,,,,,,,,2.647112486264789,,,,,,1385,1.4,,0.004988578132566832,0.004989,0.654776,0.004989,0.005038463913892501,0.005038890000000001,0.66132376,0.005038890000000001,10.356027915098078,,,,,,,,,,,,
10:46:23.443,,,,,,0,,,,,,0,0,6.076656,0,,,,,,,,,,,,,,,,,,,,,,,0,0,
10:46:23.731,,,,,,,,,,,,,,,,,,,1,,,,,,,,,,,,,,,,,20,,,,
10:46:23.904,,,,,,,,,,,,,,,,,,,,,,,,,,,,,,,,,14.64893955,3.293756,,,,,,
10:46:24.279,,,,,,,,-0.35000000000000003,,,,,,,,,,,,,,,,,,,,,,66,,,,,,,,,,
10:46:24.527,,,10.793238912981087,,,,,,,,2.7735898436243955,,,,,,1385,1.4,,0.006080523196109396,0.006081,0.655868,0.006081,0.00614132842807049,0.006141809999999999,0.66242668,0.006141809999999999,10.85083236720964,,,,,,,,,,,,
10:46:24.863,,,,,,0,,,,,,0,0,6.076656,0,,,,,,,,,,,,,,,,,,,,,,,0,0,
10:46:25.163,,,,,,,,,,,,,,,,,,,1,,,,,,,,,,,,,,,,,20,,,,
10:46:25.330,,,,,,,,,,,,,,,,,,,,,,,,,,,,,,,,,14.64893955,3.293756,,,,,,
10:46:25.736,,,,,,,,-0.38,,,,,,,,,,,,,,,,,,,,,,63,,,,,,,,,,
10:46:25.977,,,10.810797912536106,,,,,,,,2.647517578005104,,,,,,1385,1.4,,0.00714729738200591,0.007148,0.656935,0.007148,0.007218770355825969,0.0072194799999999995,0.66350435,0.0072194799999999995,10.35761271415465,,,,,,,,,,,,
10:46:26.339,,,,,,0,,,,,,0,0,6.076656,0,,,,,,,,,,,,,,,,,,,,,,,0,0,
10:46:26.612,,,,,,,,,,,,,,,,,,,1,,,,,,,,,,,,,,,,,20,,,,
10:46:26.768,,,,,,,,,,,,,,,,,,,,,,,,,,,,,,,,,14.4799116,3.23666,,,,,,
10:46:27.143,,,,,,,,-0.36,,,,,,,,,,,,,,,,,,,,,,65,,,,,,,,,,
10:46:27.376,,,10.828472107027286,,,,,,,,2.7654473380125957,,,,,,1386,1.4,,0.008221481474233811,0.008222,0.658009,0.008222,0.00830369628897615,0.008304220000000001,0.66458909,0.008304220000000001,10.818977273838206,,,,,,,,,,,,
10:46:27.697,,,,,,0,,,,,,0,0,6.076656,0,,,,,,,,,,,,,,,,,,,,,,,0,0,
10:46:28.005,,,,,,,,,,,,,,,,,,,1,,,,,,,,,,,,,,,,,20,,,,
10:46:28.162,,,,,,,,,,,,,,,,,,,,,,,,,,,,,,,,,14.553889349999999,3.259962,,,,,,
10:46:28.501,,,,,,,,-0.38,,,,,,,,,,,,,,,,,,,,,,63,,,,,,,,,,
10:46:28.757,,,10.84532348054588,,,,,,,,2.6648082876732317,,,,,,1385,1.4,,0.009245146333499633,0.009246,0.659033,0.009246,0.009337597796834629,0.009338460000000002,0.6656233300000001,0.009338460000000002,10.42525739224223,,,,,,,,,,,,
10:46:29.116,,,,,,0,,,,,,0,0,6.076656,0,,,,,,,,,,,,,,,,,,,,,,,0,0,
10:46:29.425,,,,,,,,,,,,,,,,,,,1,,,,,,,,,,,,,,,,,20,,,,
10:46:29.600,,,,,,,,,,,,,,,,,,,,,,,,,,,,,,,,,14.55657945,3.249592,,,,,,
10:46:29.958,,,,,,,,-0.38,,,,,,,,,,,,,,,,,,,,,,63,,,,,,,,,,
10:46:30.181,,,10.862635633809122,,,,,,,,2.6643158230252495,,,,,,1385,1.4,,0.01029712679129979,0.010298,0.660085,0.010298,0.010400098059212787,0.01040098,0.66668585,0.01040098,10.423330773079588,,,,,,,,,,,,
10:46:30.529,,,,,,0,,,,,,0,0,6.076656,0,,,,,,,,,,,,,,,,,,,,,,,0,0,
10:46:30.826,,,,,,,,,,,,,,,,,,,1,,,,,,,,,,,,,,,,,20,,,,
10:46:30.987,,,,,,,,,,,,,,,,,,,,,,,,,,,,,,,,,14.634144,3.296196,,,,,,
10:46:31.320,,,,,,,,-0.37,,,,,,,,,,,,,,,,,,,,,,64,,,,,,,,,,
10:46:31.549,,,10.879487007327715,,,,,,,,2.6942047429398124,,,,,,1386,1.4,,0.011321373852257803,0.011322,0.6611090000000001,0.011322,0.01143458759078038,0.011435220000000001,0.66772009,0.011435220000000001,10.540262142862103,,,,,,,,,,,,
10:46:31.924,,,,,,0,,,,,,0,0,6.076656,0,,,,,,,,,,,,,,,,,,,,,,,0,0,
10:46:32.216,,,,,,,,,,,,,,,,,,,1,,,,,,,,,,,,,,,,,20,,,,
10:46:32.386,,,,,,,,,,,,,,,,,,,,,,,,,,,,,,,,,14.6942229,3.310836,,,,,,
10:46:32.750,,,,,,,,-0.38,,,,,,,,,,,,,,,,,,,,,,63,,,,,,,,,,
10:46:32.989,,,10.896881442688215,,,,,,,,2.6412643678115635,,,,,,1386,1.4,,0.012377924134034409,0.012379,0.662166,0.012379,0.012501703375374753,0.01250279,0.66878766,0.01250279,10.333148918354777,,,,,,,,,,,,
10:46:33.319,,,,,,0,,,,,,0,0,6.076656,0,,,,,,,,,,,,,,,,,,,,,,,0,0,
10:46:33.629,,,,,,,,,,,,,,,,,,,1,,,,,,,,,,,,,,,,,20,,,,
10:46:33.793,,,,,,,,,,,,,,,,,,,,,,,,,,,,,,,,,14.518469699999999,3.257522,,,,,,
10:46:34.144,,,,,,,,-0.34,,,,,,,,,,,,,,,,,,,,,,67,,,,,,,,,,
10:46:34.404,,,10.915279719635274,,,,,,,,2.8409163734667264,,,,,,1385,1.4,,0.013495781560847558,0.013497,0.663284,0.013497,0.013630739376456034,0.01363197,0.6699168400000001,0.01363197,11.114227076007108,,,,,,,,,,,,
10:46:34.711,,,,,,0,,,,,,0,0,6.076656,0,,,,,,,,,,,,,,,,,,,,,,,0,0,
10:46:35.018,,,,,,,,,,,,,,,,,,,1,,,,,,,,,,,,,,,,,20,,,,
10:46:35.176,,,,,,,,,,,,,,,,,,,,,,,,,,,,,,,,,14.6018628,3.285826,,,,,,
10:46:35.525,,,,,,,,-0.37,,,,,,,,,,,,,,,,,,,,,,64,,,,,,,,,,
10:46:35.778,,,10.932229831670577,,,,,,,,2.7001609803965696,,,,,,1386,1.4,,0.01452609376183953,0.014527,0.664314,0.014527,0.014671354699457925,0.01467227,0.6709571400000001,0.01467227,10.563564122544186,,,,,,,,,,,,
10:46:36.128,,,,,,0,,,,,,0,0,6.076656,0,,,,,,,,,,,,,,,,,,,,,,,0,0,
10:46:36.421,,,,,,,,,,,,,,,,,,,1,,,,,,,,,,,,,,,,,20,,,,
10:46:36.592,,,,,,,,,,,,,,,,,,,,,,,,,,,,,,,,,14.583032099999999,3.264232,,,,,,
10:46:36.938,,,,,,,,-0.37,,,,,,,,,,,,,,,,,,,,,,64,,,,,,,,,,
10:46:37.201,,,10.94983820048395,,,,,,,,2.7075489973137046,,,,,,1388,1.4,,0.015595830727061746,0.015597,0.665384,0.015597,0.015751789034332362,0.01575297,0.67203784,0.01575297,10.592467506827273,,,,,,,,,,,,
10:46:37.520,,,,,,0,,,,,,0,0,6.076656,0,,,,,,,,,,,,,,,,,,,,,,,0,0,
10:46:37.829,,,,,,,,,,,,,,,,,,,1,,,,,,,,,,,,,,,,,20,,,,
10:46:37.998,,,,,,,,,,,,,,,,,,,,,,,,,,,,,,,,,14.63817915,3.283386,,,,,,
10:46:38.330,,,,,,,,-0.34,,,,,,,,,,,,,,,,,,,,,,67,,,,,,,,,,
10:46:38.554,,,10.967265548683356,,,,,,,,2.8197180944670093,,,,,,1386,1.4,,0.01665502540249019,0.016656,0.666443,0.016656,0.016821575656515094,0.01682256,0.6731074300000001,0.01682256,11.031295213378607,,,,,,,,,,,,
10:46:38.908,,,,,,0,,,,,,0,0,6.076656,0,,,,,,,,,,,,,,,,,,,,,,,0,0,
10:46:39.202,,,,,,,,,,,,,,,,,,,1,,,,,,,,,,,,,,,,,20,,,,
10:46:39.366,,,,,,,,,,,,,,,,,,,,,,,,,,,,,,,,,14.58527385,3.266672,,,,,,
10:46:39.746,,,,,,,,-0.37,,,,,,,,,,,,,,,,,,,,,,64,,,,,,,,,,
10:46:39.985,,,10.984972656013438,,,,,,,,2.705182464359857,,,,,,1387,1.4,,0.017731182529904365,0.017732,0.667519,0.017732,0.01790849435520341,0.017909320000000003,0.67419419,0.017909320000000003,10.583209161570238,,,,,,,,,,,,
10:46:40.366,,,,,,0,,,,,,0,0,6.076656,0,,,,,,,,,,,,,,,,,,,,,,,0,0,
10:46:40.671,,,,,,,,,,,,,,,,,,,1,,,,,,,,,,,,,,,,,20,,,,
10:46:40.834,,,,,,,,,,,,,,,,,,,,,,,,,,,,,,,,,14.5821354,3.272284,,,,,,
10:46:41.208,,,,,,,,-0.36,,,,,,,,,,,,,,,,,,,,,,65,,,,,,,,,,
10:46:41.448,,,11.00332156370214,,,,,,,,2.7440796924080724,,,,,,1385,1.4,,0.018846074210786226,0.018847,0.668634,0.018847,0.01903453495289409,0.01903547,0.6753203400000001,0.01903547,10.735382815533713,,,,,,,,,,,,
10:46:41.823,,,,,,0,,,,,,0,0,6.076656,0,,,,,,,,,,,,,,,,,,,,,,,0,0,
10:46:42.118,,,,,,,,,,,,,,,,,,,1,,,,,,,,,,,,,,,,,20,,,,
10:46:42.296,,,,,,,,,,,,,,,,,,,,,,,,,,,,,,,,,14.6718054,3.310836,,,,,,
10:46:42.672,,,,,,,,-0.33,,,,,,,,,,,,,,,,,,,,,,68,,,,,,,,,,
10:46:42.903,,,11.022312271749463,,,,,,,,2.853184422761864,,,,,,1385,1.4,,0.01999990080252428,0.020001,0.669788,0.020001,0.020199899810549524,0.020201010000000002,0.67648588,0.020201010000000002,11.162222112721063,,,,,,,,,,,,
10:46:43.290,,,,,,0,,,,,,0,0,6.076656,0,,,,,,,,,,,,,,,,,,,,,,,0,0,
10:46:43.605,,,,,,,,,,,,,,,,,,,1,,,,,,,,,,,,,,,,,20,,,,
10:46:43.762,,,,,,,,,,,,,,,,,,,,,,,,,,,,,,,,,14.5381971,3.259962,,,,,,
10:46:44.106,,,,,,,,-0.33,,,,,,,,,,,,,,,,,,,,,,68,,,,,,,,,,
10:46:44.359,,,11.0414675439913,,,,,,,,2.879405632839673,,,,,,1385,1.4,,0.021163491574016365,0.021165,0.670952,0.021165,0.021375126489756528,0.02137665,0.67766152,0.02137665,11.264804675775121,,,,,,,,,,,,
10:46:44.670,,,,,,0,,,,,,0,0,6.076656,0,,,,,,,,,,,,,,,,,,,,,,,0,0,
10:46:44.975,,,,,,,,,,,,,,,,,,,1,,,,,,,,,,,,,,,,,20,,,,
10:46:45.137,,,,,,,,,,,,,,,,,,,,,,,,,,,,,,,,,14.632350599999999,3.292536,,,,,,
10:46:45.556,,,,,,,,-0.36,,,,,,,,,,,,,,,,,,,,,,65,,,,,,,,,,
10:46:45.786,,,11.059306302676998,,,,,,,,2.7346625786211596,,,,,,1385,1.4,,0.022247295326060984,0.022249,0.672036,0.022249,0.022469768279321595,0.02247149,0.6787563600000001,0.02247149,10.698541202733745,,,,,,,,,,,,
10:46:46.126,,,,,,0,,,,,,0,0,6.076656,0,,,,,,,,,,,,,,,,,,,,,,,0,0,
10:46:46.426,,,,,,,,,,,,,,,,,,,1,,,,,,,,,,,,,,,,,20,,,,
10:46:46.572,,,,,,,,,,,,,,,,,,,,,,,,,,,,,,,,,14.59872435,3.269844,,,,,,
10:46:46.935,,,,,,,,-0.37,,,,,,,,,,,,,,,,,,,,,,64,,,,,,,,,,
10:46:47.166,,,11.07633869680956,,,,,,,,2.700741464007723,,,,,,1386,1.4,,0.023282399879602657,0.023284,0.673071,0.023284,0.023515223878398682,0.02351684,0.67980171,0.02351684,10.565835089309882,,,,,,,,,,,,
10:46:47.505,,,,,,0,,,,,,0,0,6.076656,0,,,,,,,,,,,,,,,,,,,,,,,0,0,
10:46:47.830,,,,,,,,,,,,,,,,,,,1,,,,,,,,,,,,,,,,,20,,,,
10:46:47.991,,,,,,,,,,,,,,,,,,,,,,,,,,,,,,,,,14.6449044,3.324378,,,,,,
10:46:48.346,,,,,,,,-0.37,,,,,,,,,,,,,,,,,,,,,,64,,,,,,,,,,
10:46:48.601,,,11.09399643488129,,,,,,,,2.690282723212725,,,,,,1385,1.4,,0.024355065446308024,0.024357,0.674144,0.024357,0.024598616100771103,0.02460057,0.6808854400000001,0.02460057,10.524918425514228,,,,,,,,,,,,
10:46:48.945,,,,,,0,,,,,,0,0,6.076656,0,,,,,,,,,,,,,,,,,,,,,,,0,0,
10:46:49.270,,,,,,,,,,,,,,,,,,,1,,,,,,,,,,,,,,,,,20,,,,
10:46:49.442,,,,,,,,,,,,,,,,,,,,,,,,,,,,,,,,,14.58437715,3.261792,,,,,,
10:46:49.808,,,,,,,,-0.37,,,,,,,,,,,,,,,,,,,,,,64,,,,,,,,,,
10:46:50.068,,,11.112147865536574,,,,,,,,2.7053487887143937,,,,,,1387,1.4,,0.025457651461898843,0.02546,0.675247,0.02546,0.025712227976517833,0.0257146,0.68199947,0.0257146,10.583859855361109,,,,,,,,,,,,
10:46:50.432,,,,,,0,,,,,,0,0,6.076656,0,,,,,,,,,,,,,,,,,,,,,,,0,0,
10:46:50.731,,,,,,,,,,,,,,,,,,,1,,,,,,,,,,,,,,,,,20,,,,
10:46:50.881,,,,,,,,,,,,,,,,,,,,,,,,,,,,,,,,,14.643111,3.287046,,,,,,
10:46:51.231,,,,,,,,-0.36,,,,,,,,,,,,,,,,,,,,,,65,,,,,,,,,,
10:46:51.475,,,11.12970686509159,,,,,,,,2.7287069592997812,,,,,,1383,1.4,,0.02652514064952822,0.026527,0.676314,0.026527,0.0267903920560235,0.02679227,0.68307714,0.02679227,10.675241641319596,,,,,,,,,,,,
10:46:51.843,,,,,,0,,,,,,0,0,6.076656,0,,,,,,,,,,,,,,,,,,,,,,,0,0,
10:46:52.153,,,,,,,,,,,,,,,,,,,1,,,,,,,,,,,,,,,,,19.607843137254903,,,,
10:46:52.342,,,,,,,,,,,,,,,,,,,,,,,,,,,,,,,,,14.374101,3.189446,,,,,,
10:46:52.697,,,,,,,,-0.35000000000000003,,,,,,,,,,,,,,,,,,,,,,66,,,,,,,,,,
10:46:52.936,,,11.148615291041652,,,,,,,,2.832744635701266,,,,,,1388,1.4,,0.02767396456434117,0.027676,0.677463,0.027676,0.02795070420998458,0.02795276,0.68423763,0.02795276,11.082257620665457,,,,,,,,,,,,
10:46:53.324,,,,,,0,,,,,,0,0,6.076656,0,,,,,,,,,,,,,,,,,,,,,,,0,0,
10:46:53.625,,,,,,,,,,,,,,,,,,,1,,,,,,,,,,,,,,,,,17.647058823529413,,,,
10:46:53.780,,,,,,,,,,,,,,,,,,,,,,,,,,,,,,,,,14.341371449999999,3.155164,,,,,,
10:46:54.111,,,,,,,,-0.52,,,,,,,,,,,,,,,,,,,,,,49,,,,,,,,,,
10:46:54.337,,,11.160562651563623,,,,,,,,1.8649125804672577,,,,,,1228,1.2,,0.028399654422362614,0.028402,0.678189,0.028402,0.02868365096658624,0.02868602,0.68497089,0.02868602,7.295907084699776,,,,,,,,,,,,
10:46:54.660,,,,,,0,,,,,,0,0,6.076656,0,,,,,,,,,,,,,,,,,,,,,,,0,0,
10:46:54.919,,,,,,,,,,,,,,,,,,,1,,,,,,,,,,,,,,,,,17.647058823529413,,,,
10:46:55.079,,,,,,,,,,,,,,,,,,,,,,,,,,,,,,,,,14.846661899999997,3.365492,,,,,,
10:46:55.450,,,,,,,,-0.56,,,,,,,,,,,,,,,,,,,,,,45,,,,,,,,,,
10:46:55.698,,,11.170633980268095,,,,,,,,1.6180108102529565,,,,,,1201,1.2,,0.029011407904887432,0.029014,0.678801,0.029014,0.029301521983936308,0.029304140000000003,0.68558901,0.029304140000000003,6.329978497269635,,,,,,,,,,,,
10:46:56.056,,,,,,0,,,,,,0,0,6.076656,0,,,,,,,,,,,,,,,,,,,,,,,0,0,
10:46:56.339,,,,,,,,,,,,,,,,,,,1,,,,,,,,,,,,,,,,,16.07843137254902,,,,
10:46:56.518,,,,,,,,,,,,,,,,,,,,,,,,,,,,,,,,,18.112891649999998,4.996998,,,,,,
10:46:56.888,,,,,,,,-0.68,,,,,,,,,,,,,,,,,,,,,,33,,,,,,,,,,
10:46:57.147,,,11.177578589276735,,,,,,,,1.049508278077073,,,,,,1296,1.3,,0.02943369426524517,0.029436,0.679223,0.029436,0.02972803120789762,0.02973036,0.68601523,0.02973036,4.105884083614832,,,,,,,,,,,,
10:46:57.486,,,,,,0,,,,,,0,0,6.076656,0,,,,,,,,,,,,,,,,,,,,,,,0,0,
10:46:57.796,,,,,,,,,,,,,,,,,,,0,,,,,,,,,,,,,,,,,17.647058823529413,,,,
10:46:57.966,,,,,,,,,,,,,,,,,,,,,,,,,,,,,,,,,14.734574399999998,3.325598,,,,,,
10:46:58.305,,,,,,,,-0.55,,,,,,,,,,,,,,,,,,,,,,46,,,,,,,,,,
10:46:58.545,,,11.177578589276735,,,,,,,,0,,,,,,1201,1.2,,0.02943369426524517,0.029436,0.679223,0.029436,0.02972803120789762,0.02973036,0.68601523,0.02973036,0,,,,,,,,,,,,
10:46:58.891,,,,,,0,,,,,,0,0,6.076656,0,,,,,,,,,,,,,,,,,,,,,,,0,0,
10:46:59.205,,,,,,,,,,,,,,,,,,,1,,,,,,,,,,,,,,,,,16.862745098039216,,,,
10:46:59.366,,,,,,,,,,,,,,,,,,,,,,,,,,,,,,,,,18.112891649999998,4.996998,,,,,,
10:46:59.736,,,,,,,,-0.65,,,,,,,,,,,,,,,,,,,,,,36,,,,,,,,,,
10:46:59.993,,,11.184720675318793,,,,,,,,1.0777778613249407,,,,,,1220,1.2,,0.029867259929101216,0.02987,0.679657,0.02987,0.03016593252839223,0.0301687,0.6864535700000001,0.0301687,4.216480287887287,,,,,,,,,,,,
10:47:00.338,,,,,,0.030178772492788088,,,,107.77778613249407,,0.0004020183611111111,0.000402,6.077058,0.000402,,,,,,,,,,,,,,,,,,,,,,,0.004988739604895289,1,
10:47:00.630,,,,,,,,,,,,,,,,,,,0,,,,,,,,,,,,,,,,,17.647058823529413,,,,
10:47:00.786,,,,,,,,,,,,,,,,,,,,,,,,,,,,,,,,,14.853387149999998,3.368542,,,,,,
10:47:01.151,,,,,,,,-0.56,,,,,,,,,,,,,,,,,,,,,,45,,,,,,,,,,
10:47:01.397,7429.327318919746,7430.348258706467,11.183980801236387,7430.348258706467,,,,,,,0,,,,,,1196,1.2,,0.029867259929101216,0.02987,0.679657,0.02987,0.03016593252839223,0.0301687,0.6864535700000001,0.0301687,0,,,,,,,,,,,,
10:47:01.749,,,,,,0.11503188594155321,,,,0,,0.0015774363611111113,0.001577,6.078233,0.001577,,,,,,,,,,,,,,,,,,,,,,,0.014927788785712602,3,
10:47:02.057,,,,,,,,,,,,,,,,,,,1,,,,,,,,,,,,,,,,,17.647058823529413,,,,
10:47:02.216,,,,,,,,,,,,,,,,,,,,,,,,,,,,,,,,,14.332404449999999,3.180296,,,,,,
10:47:02.558,,,,,,,,-0.56,,,,,,,,,,,,,,,,,,,,,,45,,,,,,,,,,
10:47:02.834,1935.9279563437635,1936.6518706404565,11.192858187568659,1936.6518706404565,,,,,,,1.6802529316502555,,,,,,1204,1.2,,0.030538031508281764,0.030541,0.680328,0.030541,0.030843411823364583,0.030846409999999998,0.68713128,0.030846409999999998,6.573481994015587,,,,,,,,,,,,
10:47:03.338,,,,,,0.36135251266366997,,,,21.003161645628193,,0.005115029694444445,0.005115,6.081771,0.005115,,,,,,,,,,,,,,,,,,,,,,,0.03872245723338082,8,
10:47:03.658,,,,,,,,,,,,,,,,,,,1,,,,,,,,,,,,,,,,,17.647058823529413,,,,
10:47:03.818,,,,,,,,,,,,,,,,,,,,,,,,,,,,,,,,,14.341371449999999,3.174806,,,,,,
10:47:04.167,,,,,,,,-0.54,,,,,,,,,,,,,,,,,,,,,,47,,,,,,,,,,
10:47:04.411,611.9935188147489,612.0625610948192,11.19894188715754,612.0625610948192,,,,,,,1.748006872604423,,,,,,1200,1.2,,0.031303650215449855,0.031307,0.681094,0.031307,0.031616686717604356,0.03162007,0.68790494,0.03162007,6.838548819668074,,,,,,,,,,,,
10:47:04.757,,,,,,0.6763010897508183,,,,14.566723938370192,,0.009839462361111112,0.009839,6.086495,0.009839,,,,,,,,,,,,,,,,,,,,,,,0.057948171959612875,12,
10:47:05.108,,,,,,,,,,,,,,,,,,,1,,,,,,,,,,,,,,,,,17.647058823529413,,,,
10:47:05.280,,,,,,,,,,,,,,,,,,,,,,,,,,,,,,,,,14.415349199999998,3.21531,,,,,,
10:47:05.648,,,,,,,,-0.55,,,,,,,,,,,,,,,,,,,,,,46,,,,,,,,,,
10:47:05.890,325.2644161131279,325.3176135786157,11.201767191133813,325.3176135786157,,,,,,,1.7048722753828671,,,,,,1202,1.2,,0.032004269797539044,0.032008,0.681795,0.032008,0.032324312495514436,0.03232808,0.68861295,0.03232808,6.669797738914696,,,,,,,,,,,,
10:47:06.257,,,,,,1.1026455019207224,,,,10.655451721142919,,0.016501432583333333,0.016501,6.093157,0.016501,,,,,,,,,,,,,,,,,,,,,,,0.07178201068735758,16,
10:47:06.567,,,,,,,,,,,,,,,,,,,1,,,,,,,,,,,,,,,,,17.647058823529413,,,,
10:47:06.730,,,,,,,,,,,,,,,,,,,,,,,,,,,,,,,,,14.4664611,3.22446,,,,,,
10:47:07.098,,,,,,,,-0.55,,,,,,,,,,,,,,,,,,,,,,46,,,,,,,,,,
10:47:07.324,198.06857144712276,198.09708502515002,11.200679713324309,198.09708502515002,,,,,,,1.7087422004234887,,,,,,1209,1.2,,0.03268415178611838,0.032688,0.682475,0.032688,0.033010993303979566,0.03301488,0.68929975,0.03301488,6.684937651539477,,,,,,,,,,,,
10:47:07.681,,,,,,1.5637593102680722,,,,8.99338000222889,,0.02402103038888889,0.024021,6.100677,0.024021,,,,,,,,,,,,,,,,,,,,,,,0.07639043050244453,19,
10:47:07.993,,,,,,,,,,,,,,,,,,,1,,,,,,,,,,,,,,,,,17.647058823529413,,,,
10:47:08.151,,,,,,,,,,,,,,,,,,,,,,,,,,,,,,,,,14.4081756,3.205428,,,,,,
10:47:08.512,,,,,,,,-0.56,,,,,,,,,,,,,,,,,,,,,,45,,,,,,,,,,
10:47:08.778,138.86382897328465,138.87848132883727,11.197888365504351,138.87848132883727,,,,,,,1.664475551006706,,,,,,1199,1.2,,0.0333565225568474,0.03336,0.683147,0.03336,0.033690087782415876,0.033693600000000004,0.68997847,0.033693600000000004,6.511757758562988,,,,,,,,,,,,
10:47:09.109,,,,,,2.0774595218824756,,,,7.565797959121391,,0.03273486738888889,0.032735,6.109391,0.032735,,,,,,,,,,,,,,,,,,,,,,,0.06871881742348997,22,
10:47:09.424,,,,,,,,,,,,,,,,,,,1,,,,,,,,,,,,,,,,,28.627450980392158,,,,
10:47:09.575,,,,,,,,,,,,,,,,,,,,,,,,,,,,,,,,,14.0772933,3.0349939999999997,,,,,,
10:47:09.934,,,,,,,,-0.05,,,,,,,,,,,,,,,,,,,,,,96,,,,,,,,,,
10:47:10.170,108.35245455043861,108.36413624560868,11.216502594121083,108.36413624560868,1535.3997235946044,,,,,,5.456061979890076,,,,,,1800,1.8,,0.03546903230969218,0.035473,0.68526,0.035473,0.0358237226327891,0.035827729999999995,0.6921126,0.035827729999999995,21.345194230856322,,,,,,,,,,,,
10:47:10.532,,,,,,2.638898504625805,,,,21.824247919560303,,0.04262557572222222,0.042626,6.119282,0.042626,,,,,,,,,,,,,,,,,,,,,,,0.06376518098217443,25,
10:47:10.862,,,,,,,,,,,,,,,,,,,-1,,,,,,,,,,,,,,,,,28.627450980392158,,,,
10:47:11.013,,,,,,,,,,,,,,,,,,,,,,,,,,,,,,,,,14.670460349999999,3.308396,,,,,,
10:47:11.400,,,,,,,,-0.06,,,,,,,,,,,,,,,,,,,,,,95,,,,,,,,,,
10:47:11.640,88.2343499352126,88.24191807816827,11.233360384437258,88.24191807816827,486.6721565968142,,,,,,5.250001331976449,,,,,,1824,1.8,,0.03761039964464458,0.037614,0.687401,0.037614,0.03798650364109103,0.03799014,0.69427501,0.03799014,20.539044196405822,,,,,,,,,,,,
10:47:11.987,,,,,,3.2580615857200037,,,,18.750004757058747,,0.0539437645,0.053944,6.1306,0.053944,,,,,,,,,,,,,,,,,,,,,,,0.05932732959716895,28,
10:47:12.275,,,,,,,,,,,,,,,,,,,1,,,,,,,,,,,,,,,,,28.627450980392158,,,,
10:47:12.429,,,,,,,,,,,,,,,,,,,,,,,,,,,,,,,,,14.6404209,3.300466,,,,,,
10:47:12.812,,,,,,,,-0.06,,,,,,,,,,,,,,,,,,,,,,95,,,,,,,,,,
10:47:13.046,73.5099933728823,73.51698057244549,11.245962874759401,73.51698057244549,220.61244760097392,,,,,,5.22904721357901,,,,,,1813,1.8,,0.03965405770903324,0.039658,0.689445,0.039658,0.040050598286123576,0.04005458,0.69633945,0.04005458,20.4570675383733,,,,,,,,,,,,
10:47:13.405,,,,,,3.8797903757292715,,,,17.4301573785967,,0.06576676033333333,0.065767,6.142423,0.065767,,,,,,,,,,,,,,,,,,,,,,,0.05444033032196469,30,
10:47:13.679,,,,,,,,,,,,,,,,,,,1,,,,,,,,,,,,,,,,,28.627450980392158,,,,
10:47:13.848,,,,,,,,,,,,,,,,,,,,,,,,,,,,,,,,,14.672702099999999,3.290096,,,,,,
10:47:14.188,,,,,,,,-0.08,,,,,,,,,,,,,,,,,,,,,,93,,,,,,,,,,
10:47:14.421,63.27399497871452,63.27945626225918,11.256209479549032,63.27945626225918,142.2239441958262,,,,,,5.133055231795425,,,,,,1822,1.8,,0.04161325663097654,0.041617,0.691404,0.041617,0.042029389197286306,0.04203317,0.69831804,0.04203317,20.08152790863164,,,,,,,,,,,,
10:47:14.782,,,,,,4.49873810323774,,,,16.040797599360705,,0.07797490077777777,0.077975,6.154631,0.077975,,,,,,,,,,,,,,,,,,,,,,,0.04992649132508707,32,
10:47:15.070,,,,,,,,,,,,,,,,,,,1,,,,,,,,,,,,,,,,,29.019607843137255,,,,
10:47:15.291,,,,,,,,,,,,,,,,,,,,,,,,,,,,,,,,,14.623383599999999,3.266672,,,,,,
10:47:15.662,,,,,,,,-0.09,,,,,,,,,,,,,,,,,,,,,,92,,,,,,,,,,
10:47:15.886,56.061452477568544,56.066688041038795,11.26801915500702,56.066688041038795,131.453632731044,,,,,,5.164895827405893,,,,,,1847,1.8,,0.04371386194396511,0.043718,0.693505,0.043718,0.044151000563404756,0.04415518,0.70044005,0.04415518,20.206094619977048,,,,,,,,,,,,
10:47:16.228,,,,,,5.168396301253118,,,,15.190870080605567,,0.09166250461111111,0.091663,6.168318999999999,0.091663,,,,,,,,,,,,,,,,,,,,,,,0.04475344971669451,34,
10:47:16.511,,,,,,,,,,,,,,,,,,,1,,,,,,,,,,,,,,,,,29.019607843137255,,,,
10:47:16.677,,,,,,,,,,,,,,,,,,,,,,,,,,,,,,,,,14.600966099999999,3.285826,,,,,,
10:47:17.031,,,,,,,,-0.09,,,,,,,,,,,,,,,,,,,,,,92,,,,,,,,,,
10:47:17.252,49.85677906780385,49.860903527050176,11.275211285278859,49.860903527050176,97.02767810037847,,,,,,5.231639653356167,,,,,,1868,1.9,,0.04569997241197718,0.045704,0.695491,0.045704,0.04615697213609695,0.04616104,0.70244591,0.04616104,20.467209675830524,,,,,,,,,,,,
10:47:17.599,,,,,,5.81522147454646,,,,14.532332370433796,,0.1053441186111111,0.105345,6.182001,0.105345,,,,,,,,,,,,,,,,,,,,,,,0.04037629446800536,36,
10:47:17.894,,,,,,,,,,,,,,,,,,,1,,,,,,,,,,,,,,,,,29.019607843137255,,,,
10:47:18.051,,,,,,,,,,,,,,,,,,,,,,,,,,,,,,,,,14.6718054,3.275334,,,,,,
10:47:18.402,,,,,,,,-0.08,,,,,,,,,,,,,,,,,,,,,,93,,,,,,,,,,
10:47:18.642,45.33111662808768,45.334852152451475,11.283482484069477,45.334852152451475,77.9354962479991,,,,,,5.31368487347192,,,,,,1886,1.9,,0.04775366526843379,0.047758,0.697545,0.047758,0.04823120192111813,0.04823558,0.70452045,0.04823558,20.78818681383573,,,,,,,,,,,,
10:47:18.954,,,,,,6.470677488624358,,,,13.983381245978737,,0.11965467583333333,0.119656,6.196312,0.119656,,,,,,,,,,,,,,,,,,,,,,,0.040835707833839094,38,
10:47:19.251,,,,,,,,,,,,,,,,,,,1,,,,,,,,,,,,,,,,,29.019607843137255,,,,
10:47:19.421,,,,,,,,,,,,,,,,,,,,,,,,,,,,,,,,,14.629212149999999,3.278994,,,,,,
10:47:19.775,,,,,,,,-0.06,,,,,,,,,,,,,,,,,,,,,,95,,,,,,,,,,
10:47:20.008,41.65370962587424,41.65691649394932,11.29110348220038,41.65691649394932,65.7842313295728,,,,,,5.507262202938744,,,,,,1908,1.9,,0.049840611225397784,0.049845,0.699632,0.049845,0.05033901733765176,0.05034345,0.70662832,0.05034345,21.54549963604877,,,,,,,,,,,,
10:47:20.354,,,,,,7.161956983225634,,,,13.76815550734686,,0.13522566916666667,0.135227,6.211883,0.135227,,,,,,,,,,,,,,,,,,,,,,,0.04066485202212795,40,
10:47:20.664,,,,,,,,,,,,,,,,,,,1,,,,,,,,,,,,,,,,,29.019607843137255,,,,
10:47:20.846,,,,,,,,,,,,,,,,,,,,,,,,,,,,,,,,,14.475876449999998,3.150894,,,,,,
10:47:21.208,,,,,,,,-0.09,,,,,,,,,,,,,,,,,,,,,,92,,,,,,,,,,
10:47:21.455,38.45862344270754,38.46125403950394,11.297653223668249,38.46125403950394,57.04750244110642,,,,,,5.387017282662284,,,,,,1907,1.9,,0.05200593090268981,0.05201,0.701797,0.05201,0.05252599021171671,0.0525301,0.70881497,0.0525301,21.07507771121818,,,,,,,,,,,,
10:47:21.766,,,,,,7.869285894893937,,,,12.82623162538639,,0.15166002766666667,0.151661,6.228317,0.151661,,,,,,,,,,,,,,,,,,,,,,,0.040915285090679016,42,
10:47:22.039,,,,,,,,,,,,,,,,,,,1,,,,,,,,,,,,,,,,,29.019607843137255,,,,
10:47:22.186,,,,,,,,,,,,,,,,,,,,,,,,,,,,,,,,,15.11970705,3.46175,,,,,,
10:47:22.525,,,,,,,,-0.09,,,,,,,,,,,,,,,,,,,,,,92,,,,,,,,,,
10:47:22.756,35.543991173218195,35.54638305167446,11.298349136692947,35.54638305167446,50.46120759585711,,,,,,5.257695467074376,,,,,,1944,1.9,,0.05390602684714028,0.05391,0.703697,0.05391,0.05444508711561168,0.0544491,0.71073397,0.0544491,20.569145175593558,,,,,,,,,,,,
10:47:23.101,,,,,,8.533286022486099,,,,12.227198760638084,,0.16762516083333334,0.167626,6.244282,0.167626,,,,,,,,,,,,,,,,,,,,,,,0.03603776274428086,43,
10:47:23.450,,,,,,,,,,,,,,,,,,,1,,,,,,,,,,,,,,,,,29.019607843137255,,,,
10:47:23.663,,,,,,,,,,,,,,,,,,,,,,,,,,,,,,,,,14.661044999999998,3.34707,,,,,,
10:47:24.063,,,,,,,,-0.07,,,,,,,,,,,,,,,,,,,,,,94,,,,,,,,,,
10:47:24.296,33.53635663267957,33.538353238757715,11.306440035860007,33.538353238757715,45.46450300333177,,,,,,5.3947119069193485,,,,,,1893,1.9,,0.05621537174316938,0.056219,0.706006,0.056219,0.056777525460601073,0.056781189999999995,0.7130660600000001,0.056781189999999995,21.105180604093277,,,,,,,,,,,,
10:47:24.647,,,,,,9.314896355267084,,,,11.988248682042997,,0.18698664958333333,0.186987,6.263643,0.186987,,,,,,,,,,,,,,,,,,,,,,,0.034830370321796776,45,
10:47:24.970,,,,,,,,,,,,,,,,,,,1,,,,,,,,,,,,,,,,,29.019607843137255,,,,
10:47:25.132,,,,,,,,,,,,,,,,,,,,,,,,,,,,,,,,,14.319850649999998,3.166876,,,,,,
10:47:25.507,,,,,,,,-0.05,,,,,,,,,,,,,,,,,,,,,,96,,,,,,,,,,
10:47:25.757,31.281819398575806,31.283458208324642,11.307844332762897,31.283458208324642,41.46548105581443,,,,,,5.6139476596012035,,,,,,1884,1.9,,0.05849282602210613,0.058496,0.708283,0.058496,0.059077754282327186,0.05908096,0.71536583,0.05908096,21.962874255776548,,,,,,,,,,,,
10:47:26.128,,,,,,10.07126752902249,,,,11.9445694885132,,0.20631082622222222,0.206311,6.282967,0.206311,,,,,,,,,,,,,,,,,,,,,,,0.034340065788386546,47,
10:47:26.446,,,,,,,,,,,,,,,,,,,1,,,,,,,,,,,,,,,,,29.019607843137255,,,,
10:47:26.599,,,,,,,,,,,,,,,,,,,,,,,,,,,,,,,,,14.7650622,3.34707,,,,,,
10:47:26.945,,,,,,,,-0.06,,,,,,,,,,,,,,,,,,,,,,95,,,,,,,,,,
10:47:27.182,29.38864386918078,29.390095535381054,11.307110159897384,29.390095535381054,38.13137997976595,,,,,,5.4022539863413215,,,,,,1889,1.9,,0.06063195398201332,0.060635,0.710422,0.060635,0.061238273521833454,0.06124135,0.71752622,0.06124135,21.134686711384564,,,,,,,,,,,,
10:47:27.556,,,,,,10.792770820991995,,,,11.254695804877754,,0.22537816622222223,0.225378,6.302034,0.225378,,,,,,,,,,,,,,,,,,,,,,,0.029351714467432625,48,
10:47:27.850,,,,,,,,,,,,,,,,,,,1,,,,,,,,,,,,,,,,,29.019607843137255,,,,
10:47:28.008,,,,,,,,,,,,,,,,,,,,,,,,,,,,,,,,,14.699154749999998,3.323158,,,,,,
10:47:28.337,,,,,,,,-0.05,,,,,,,,,,,,,,,,,,,,,,96,,,,,,,,,,
10:47:28.579,27.850231975754845,27.851431816770045,11.30679396524995,27.851431816770045,35.380561593259834,,,,,,5.5068204697708065,,,,,,1897,1.9,,0.06276834211559125,0.062771,0.712558,0.062771,0.06339602553674717,0.06339871,0.71968358,0.06339871,21.543771488475926,,,,,,,,,,,,
10:47:28.918,,,,,,11.488022671873328,,,,11.013640939541613,,0.24422746622222224,0.244227,6.320883,0.244227,,,,,,,,,,,,,,,,,,,,,,,0.034088389108229436,50,
10:47:29.212,,,,,,,,,,,,,,,,,,,1,,,,,,,,,,,,,,,,,29.019607843137255,,,,
10:47:29.367,,,,,,,,,,,,,,,,,,,,,,,,,,,,,,,,,14.729642550000001,3.284606,,,,,,
10:47:29.709,,,,,,,,-0.05,,,,,,,,,,,,,,,,,,,,,,96,,,,,,,,,,
10:47:29.945,26.557195679221284,26.55848861919444,11.30617352037682,26.55848861919444,33.03382147465153,,,,,,5.5099068164383365,,,,,,1902,1.9,,0.06485996610703963,0.064863,0.71465,0.064863,0.06550856576811002,0.06551163,0.7217965000000001,0.06551163,21.55584588743345,,,,,,,,,,,,
10:47:30.309,,,,,,12.193490336575207,,,,10.803738855761443,,0.26393770680555556,0.263937,6.340593,0.263937,,,,,,,,,,,,,,,,,,,,,,,0.030012377575769904,51,
10:47:30.598,,,,,,,,,,,,,,,,,,,1,,,,,,,,,,,,,,,,,29.019607843137255,,,,
10:47:30.755,,,,,,,,,,,,,,,,,,,,,,,,,,,,,,,,,14.70722505,3.284606,,,,,,
10:47:31.108,,,,,,,,-0.09,,,,,,,,,,,,,,,,,,,,,,92,,,,,,,,,,
10:47:31.352,25.36347935841311,25.364765076514477,11.303895392749542,25.364765076514477,30.997542691218893,,,,,,5.330082343741679,,,,,,1917,1.9,,0.066943785784696,0.066947,0.716734,0.066947,0.06761322364254295,0.06761647000000001,0.7239013400000001,0.06761647000000001,20.852336962623028,,,,,,,,,,,,
10:47:31.806,,,,,,12.963034586650158,,,,10.056759139135243,,0.285988373,0.285988,6.3626439999999995,0.285988,,,,,,,,,,,,,,,,,,,,,,,0.029931238350732046,53,
10:47:32.101,,,,,,,,,,,,,,,,,,,1,,,,,,,,,,,,,,,,,29.019607843137255,,,,
10:47:32.255,,,,,,,,,,,,,,,,,,,,,,,,,,,,,,,,,14.682565799999999,3.292536,,,,,,
10:47:32.596,,,,,,,,-0.08,,,,,,,,,,,,,,,,,,,,,,93,,,,,,,,,,
10:47:32.841,24.19149469842035,24.19262346671888,11.299940716469445,24.19262346671888,28.30988880174939,,,,,,5.425220868832527,,,,,,1927,1.9,,0.06918486209239362,0.069188,0.718975,0.069188,0.06987671071331755,0.06987988,0.72616475,0.06987988,21.22453770088192,,,,,,,,,,,,
10:47:33.177,,,,,,13.660712130889232,,,,10.046705312652827,,0.306592868,0.306592,6.383248,0.306592,,,,,,,,,,,,,,,,,,,,,,,0.030236151380206862,54,
10:47:33.483,,,,,,,,,,,,,,,,,,,1,,,,,,,,,,,,,,,,,29.019607843137255,,,,
10:47:33.633,,,,,,,,,,,,,,,,,,,,,,,,,,,,,,,,,14.714846999999999,3.33243,,,,,,
10:47:33.976,,,,,,,,-0.09,,,,,,,,,,,,,,,,,,,,,,92,,,,,,,,,,
10:47:34.208,23.231580127966218,23.23283060223359,11.295456482342534,23.23283060223359,27.675100217526495,,,,,,5.374564293714446,,,,,,1934,1.9,,0.07122636779604971,0.07123,0.721017,0.07123,0.07193863147401021,0.0719423,0.72822717,0.0719423,21.026359153982938,,,,,,,,,,,,
10:47:34.549,,,,,,14.351207032121806,,,,9.77193507948081,,0.32756121619444445,0.32756,6.404216,0.32756,,,,,,,,,,,,,,,,,,,,,,,0.02514834121204324,55,
10:47:34.856,,,,,,,,,,,,,,,,,,,1,,,,,,,,,,,,,,,,,29.019607843137255,,,,
10:47:35.036,,,,,,,,,,,,,,,,,,,,,,,,,,,,,,,,,14.712156899999998,3.32877,,,,,,
10:47:35.381,,,,,,,,-0.37,,,,,,,,,,,,,,,,,,,,,,64,,,,,,,,,,
10:47:35.626,22.150734746831954,22.151972157772622,11.279257289260698,22.151972157772622,26.25189748179554,,,,,,3.3760011178816143,,,,,,1746,1.7,,0.07255721613272814,0.072561,0.722348,0.072561,0.07328278829405542,0.07328661,0.72957148,0.07328661,13.207584490494181,,,,,,,,,,,,
10:47:35.986,,,,,,15.048093837949969,,,,6.138183850693844,,0.34945856175,0.349457,6.426113,0.349457,,,,,,,,,,,,,,,,,,,,,,,0.01995852909811132,55,
10:47:36.271,,,,,,,,,,,,,,,,,,,1,,,,,,,,,,,,,,,,,16.862745098039216,,,,
10:47:36.437,,,,,,,,,,,,,,,,,,,,,,,,,,,,,,,,,18.112891649999998,4.996998,,,,,,
10:47:36.792,,,,,,,,-0.71,,,,,,,,,,,,,,,,,,,,,,30,,,,,,,,,,
10:47:37.034,20.894443128106893,20.89556082722624,11.247981478072358,20.89556082722624,24.95347544798693,,,,,,1.1778993019944706,,,,,,1600,1.6,,0.07301742044115406,0.073021,0.722808,0.073021,0.0737475946455656,0.07375121,0.73003608,0.07375121,4.608175178018893,,,,,,,,,,,,
10:47:37.348,,,,,,15.657165163353133,,,,2.2224515131971145,,0.36953334819444444,0.369532,6.446188,0.369532,,,,,,,,,,,,,,,,,,,,,,,,53,
10:47:37.653,,,,,,,,,,,,,,,,,,,0,,,,,,,,,,,,,,,,,16.862745098039216,,,,
10:47:37.827,,,,,,,,,,,,,,,,,,,,,,,,,,,,,,,,,18.112891649999998,4.996998,,,,,,
10:47:38.188,,,,,,,,-0.72,,,,,,,,,,,,,,,,,,,,,,29,,,,,,,,,,
10:47:38.430,19.759358877330087,19.76039964062652,11.212952523258707,19.76039964062652,23.74981482400559,,,,,,0,,,,,,1600,1.6,,0.07301742044115406,0.073021,0.722808,0.073021,0.0737475946455656,0.07375121,0.73003608,0.07375121,0,,,,,,,,,,,,
10:47:38.778,,,,,,16.276119679621736,,,,0,,0.3906160636111111,0.390615,6.467271,0.390615,,,,,,,,,,,,,,,,,,,,,,,-0.005057689935110291,53,
10:47:39.108,,,,,,,,,,,,,,,,,,,0,,,,,,,,,,,,,,,,,16.862745098039216,,,,
10:47:39.260,,,,,,,,,,,,,,,,,,,,,,,,,,,,,,,,,18.112891649999998,4.996998,,,,,,
10:47:39.668,,,,,,,,-0.6900000000000001,,,,,,,,,,,,,,,,,,,,,,32,,,,,,,,,,
10:47:39.893,18.692887273025367,18.693854562676805,11.176398824171741,18.693854562676805,22.60514673616441,,,,,,0,,,,,,1600,1.6,,0.07301742044115406,0.073021,0.722808,0.073021,0.0737475946455656,0.07375121,0.73003608,0.07375121,0,,,,,,,,,,,,
10:47:40.263,,,,,,16.895547481093292,,,,0,,0.41243858983333337,0.412438,6.489094,0.412438,,,,,,,,,,,,,,,,,,,,,,,-0.009915569475618417,53,
10:47:40.560,,,,,,,,,,,,,,,,,,,0,,,,,,,,,,,,,,,,,16.862745098039216,,,,
10:47:40.748,,,,,,,,,,,,,,,,,,,,,,,,,,,,,,,,,18.112891649999998,4.996998,,,,,,
10:47:41.115,,,,,,,,-0.73,,,,,,,,,,,,,,,,,,,,,,28,,,,,,,,,,
10:47:41.399,17.703828458598025,17.704721679379688,11.138812290282743,17.704721679379688,20.946332472896984,,,,,,0,,,,,,1600,1.6,,0.07301742044115406,0.073021,0.722808,0.073021,0.0737475946455656,0.07375121,0.73003608,0.07375121,0,,,,,,,,,,,,
10:47:41.727,,,,,,17.4866551694148,,,,0,,0.43397324508333335,0.433973,6.510629,0.433973,,,,,,,,,,,,,,,,,,,,,,,-0.009867452817734117,53,
10:47:42.025,,,,,,,,,,,,,,,,,,,0,,,,,,,,,,,,,,,,,16.862745098039216,,,,
10:47:42.205,,,,,,,,,,,,,,,,,,,,,,,,,,,,,,,,,18.112891649999998,4.996998,,,,,,
10:47:42.545,,,,,,,,-0.72,,,,,,,,,,,,,,,,,,,,,,29,,,,,,,,,,
10:47:42.782,16.82532765980376,16.826161996253223,11.1019687959489,16.826161996253223,20.43120687126033,,,,,,0,,,,,,1600,1.6,,0.07301742044115406,0.073021,0.722808,0.073021,0.0737475946455656,0.07375121,0.73003608,0.07375121,0,,,,,,,,,,,,
10:47:43.141,,,,,,18.039614814293724,,,,0,,0.45477736305555555,0.454777,6.531433,0.454777,,,,,,,,,,,,,,,,,,,,,,,0,53,
10:47:43.444,,,,,,,,,,,,,,,,,,,0,,,,,,,,,,,,,,,,,16.862745098039216,,,,
10:47:43.601,,,,,,,,,,,,,,,,,,,,,,,,,,,,,,,,,18.112891649999998,4.996998,,,,,,
10:47:43.969,,,,,,,,-0.73,,,,,,,,,,,,,,,,,,,,,,28,,,,,,,,,,
10:47:44.205,16.05564092956717,16.056440849031503,11.06660666962365,16.056440849031503,18.86888872475189,,,,,,0,,,,,,1600,1.6,,0.07301742044115406,0.073021,0.722808,0.073021,0.0737475946455656,0.07375121,0.73003608,0.07375121,0,,,,,,,,,,,,
10:47:44.543,,,,,,18.572421198260468,,,,0,,0.47545545144444445,0.475455,6.552111,0.475455,,,,,,,,,,,,,,,,,,,,,,,0,53,
10:47:44.820,,,,,,,,,,,,,,,,,,,0,,,,,,,,,,,,,,,,,16.862745098039216,,,,
10:47:44.987,,,,,,,,,,,,,,,,,,,,,,,,,,,,,,,,,18.112891649999998,4.996998,,,,,,
10:47:45.379,,,,,,,,-0.74,,,,,,,,,,,,,,,,,,,,,,27,,,,,,,,,,
10:47:45.613,15.357363180782862,15.358130632762302,11.031681239832475,15.358130632762302,18.429948031755764,,,,,,0,,,,,,470,0.5,,0.07301742044115406,0.073021,0.722808,0.073021,0.0737475946455656,0.07375121,0.73003608,0.07375121,0,,,,,,,,,,,,
10:47:45.959,,,,,,19.108216125566123,,,,0,,0.49668352044444447,0.496683,6.573339,0.496683,,,,,,,,,,,,,,,,,,,,,,,0.004972341033185659,54,
10:47:46.247,,,,,,,,,,,,,,,,,,,0,,,,,,,,,,,,,,,,,16.470588235294116,,,,
10:47:46.420,,,,,,,,,,,,,,,,,,,,,,,,,,,,,,,,,18.112891649999998,4.996998,,,,,,
10:47:46.775,,,,,,,,-0.01,,,,,,,,,,,,,,,,,,,,,,100,,,,,,,,,,
10:47:47.001,14.700995188206829,14.701731285346993,10.996055429363981,14.701731285346993,17.498730586927625,,,,,,0,,,,,,0,0,,0.07301742044115406,0.073021,0.722808,0.073021,0.0737475946455656,0.07375121,0.73003608,0.07375121,0,,,,,,,,,,,,
10:47:47.318,,,,,,19.607847814763318,,,,0,,0.5170747769444445,0.517074,6.59373,0.517074,,,,,,,,,,,,,,,,,,,,,,,0.005066415829649293,54,
10:47:47.593,,,,,,,,,,,,,,,,,,,1,,,,,,,,,,,,,,,,,16.470588235294116,,,,
10:47:47.754,,,,,,,,,,,,,,,,,,,,,,,,,,,,,,,,,18.112891649999998,4.996998,,,,,,
10:47:48.085,,,,,,,,-0.01,,,,,,,,,,,,,,,,,,,,,,100,,,,,,,,,,
10:47:48.324,14.121249710271439,14.121963200625055,10.962050311432224,14.121963200625055,16.65208140969819,,,,,,0,,,,,,0,0,,0.07301742044115406,0.073021,0.722808,0.073021,0.0737475946455656,0.07375121,0.73003608,0.07375121,0,,,,,,,,,,,,
10:47:48.676,,,,,,20.107700609912854,,,,0,,0.5378525333333334,0.537852,6.614508,0.537852,,,,,,,,,,,,,,,,,,,,,,,0.010233804060541973,55,
10:47:48.962,,,,,,,,,,,,,,,,,,,1,,,,,,,,,,,,,,,,,16.470588235294116,,,,
10:47:49.118,,,,,,,,,,,,,,,,,,,,,,,,,,,,,,,,,18.112891649999998,4.996998,,,,,,
10:47:49.483,,,,,,,,-0.01,,,,,,,,,,,,,,,,,,,,,,100,,,,,,,,,,
10:47:49.724,13.575732364525578,13.576411354796488,10.927615477976593,13.576411354796488,15.87912809559763,,,,,,0,,,,,,0,0,,0.07301742044115406,0.073021,0.722808,0.073021,0.0737475946455656,0.07375121,0.73003608,0.07375121,0,,,,,,,,,,,,
10:47:50.067,,,,,,20.603813730294792,,,,0,,0.5590719733333334,0.559071,6.635727,0.559071,,,,,,,,,,,,,,,,,,,,,,,0.010255230382304387,55,
10:47:50.386,,,,,,,,,,,,,,,,,,,1,,,,,,,,,,,,,,,,,16.470588235294116,,,,
10:47:50.538,,,,,,,,,,,,,,,,,,,,,,,,,,,,,,,,,18.112891649999998,4.996998,,,,,,
10:47:50.908,,,,,,,,-0.01,,,,,,,,,,,,,,,,,,,,,,100,,,,,,,,,,
10:47:51.144,13.060468763226513,13.06113177038337,10.892672347732207,13.06113177038337,15.175075781872772,,,,,,0,,,,,,0,0,,0.07301742044115406,0.073021,0.722808,0.073021,0.0737475946455656,0.07375121,0.73003608,0.07375121,0,,,,,,,,,,,,
10:47:51.466,,,,,,21.104236381384787,,,,0,,0.5808627337777778,0.580862,6.657518,0.580862,,,,,,,,,,,,,,,,,,,,,,,0.010286619469113563,56,
10:47:51.797,,,,,,,,,,,,,,,,,,,1,,,,,,,,,,,,,,,,,16.470588235294116,,,,
10:47:51.962,,,,,,,,,,,,,,,,,,,,,,,,,,,,,,,,,18.112891649999998,4.996998,,,,,,
10:47:52.312,,,,,,,,-0.01,,,,,,,,,,,,,,,,,,,,,,100,,,,,,,,,,
10:47:52.560,12.570512135675848,12.571144264902852,10.857019087293493,12.571144264902852,14.533411241507501,,,,,,0,,,,,,0,0,,0.07301742044115406,0.073021,0.722808,0.073021,0.0737475946455656,0.07375121,0.73003608,0.07375121,0,,,,,,,,,,,,
10:47:52.922,,,,,,21.608896559545666,,,,0,,0.6034802455555556,0.60348,6.680136,0.60348,,,,,,,,,,,,,,,,,,,,,,,0.010109102466052875,56,
10:47:53.213,,,,,,,,,,,,,,,,,,,1,,,,,,,,,,,,,,,,,16.470588235294116,,,,
10:47:53.375,,,,,,,,,,,,,,,,,,,,,,,,,,,,,,,,,18.112891649999998,4.996998,,,,,,
10:47:53.716,,,,,,,,-0.01,,,,,,,,,,,,,,,,,,,,,,100,,,,,,,,,,
10:47:53.967,12.09938866746752,12.099986743554053,10.82025874922307,12.099986743554053,13.94266886746547,,,,,,0,,,,,,0,0,,0.07301742044115406,0.073021,0.722808,0.073021,0.0737475946455656,0.07375121,0.73003608,0.07375121,0,,,,,,,,,,,,
10:47:54.309,,,,,,22.077045308392105,,,,0,,0.6250630904444444,0.625063,6.701719,0.625063,,,,,,,,,,,,,,,,,,,,,,,0.005029078595214348,56,
10:47:54.600,,,,,,,,,,,,,,,,,,,1,,,,,,,,,,,,,,,,,16.470588235294116,,,,
10:47:54.750,,,,,,,,,,,,,,,,,,,,,,,,,,,,,,,,,18.112891649999998,4.996998,,,,,,
10:47:55.106,,,,,,,,-0.01,,,,,,,,,,,,,,,,,,,,,,100,,,,,,,,,,
10:47:55.347,11.681608074032303,11.68218243601045,10.7854119219263,11.68218243601045,13.39591476052361,,,,,,0,,,,,,0,0,,0.07301742044115406,0.073021,0.722808,0.073021,0.0737475946455656,0.07375121,0.73003608,0.07375121,0,,,,,,,,,,,,
10:47:55.698,,,,,,22.547273023143447,,,,0,,0.6470894326111111,0.647089,6.723745,0.647089,,,,,,,,,,,,,,,,,,,,,,,0.010059586381421706,57,
10:47:56.009,,,,,,,,,,,,,,,,,,,1,,,,,,,,,,,,,,,,,16.470588235294116,,,,
10:47:56.163,,,,,,,,,,,,,,,,,,,,,,,,,,,,,,,,,18.112891649999998,4.996998,,,,,,
10:47:56.508,,,,,,,,-0.01,,,,,,,,,,,,,,,,,,,,,,100,,,,,,,,,,
10:47:56.742,11.283976643926465,11.28453736657554,10.750080498293734,11.28453736657554,12.886741443416563,,,,,,0,,,,,,0,0,,0.07301742044115406,0.073021,0.722808,0.073021,0.0737475946455656,0.07375121,0.73003608,0.07375121,0,,,,,,,,,,,,
10:47:57.071,,,,,,22.998702211794498,,,,0,,0.6688084054444444,0.668808,6.745464,0.668808,,,,,,,,,,,,,,,,,,,,,,,0.00505355683487521,57,
10:47:57.382,,,,,,,,,,,,,,,,,,,1,,,,,,,,,,,,,,,,,16.470588235294116,,,,
10:47:57.543,,,,,,,,,,,,,,,,,,,,,,,,,,,,,,,,,18.112891649999998,4.996998,,,,,,
10:47:57.926,,,,,,,,-0.01,,,,,,,,,,,,,,,,,,,,,,100,,,,,,,,,,
10:47:58.164,10.917539290289222,10.91808112343154,10.715467460800324,10.91808112343154,12.41380945617686,,,,,,0,,,,,,0,0,,0.07301742044115406,0.073021,0.722808,0.073021,0.0737475946455656,0.07375121,0.73003608,0.07375121,0,,,,,,,,,,,,
10:47:58.524,,,,,,23.4639117907749,,,,0,,0.6918021389444444,0.691802,6.768458,0.691802,,,,,,,,,,,,,,,,,,,,,,,0.005056794506438998,57,
10:47:58.798,,,,,,,,,,,,,,,,,,,1,,,,,,,,,,,,,,,,,16.470588235294116,,,,
10:47:58.960,,,,,,,,,,,,,,,,,,,,,,,,,,,,,,,,,18.112891649999998,4.996998,,,,,,
10:47:59.312,,,,,,,,-0.01,,,,,,,,,,,,,,,,,,,,,,100,,,,,,,,,,
10:47:59.554,10.554668210850641,10.555187756034242,10.679064566848165,10.555187756034242,11.967986768749261,,,,,,0,,,,,,0,0,,0.07301742044115406,0.073021,0.722808,0.073021,0.0737475946455656,0.07375121,0.73003608,0.07375121,0,,,,,,,,,,,,
10:48:00.021,,,,,,23.944680778674922,,,,0,,0.7159434563888889,0.715943,6.792599,0.715943,,,,,,,,,,,,,,,,,,,,,,,0.009916806358256853,58,
10:48:00.326,,,,,,,,,,,,,,,,,,,1,,,,,,,,,,,,,,,,,16.470588235294116,,,,
10:48:00.527,,,,,,,,,,,,,,,,,,,,,,,,,,,,,,,,,18.112891649999998,4.996998,,,,,,
10:48:00.896,,,,,,,,-0.01,,,,,,,,,,,,,,,,,,,,,,100,,,,,,,,,,
10:48:01.196,10.198769161107071,10.199275640658545,10.64111100920281,10.199275640658545,11.329494597621295,,,,,,0,,,,,,0,0,,0.07301742044115406,0.073021,0.722808,0.073021,0.0737475946455656,0.07375121,0.73003608,0.07375121,0,,,,,,,,,,,,
10:48:01.556,,,,,,24.422778411221554,,,,0,,0.7406362088333334,0.740636,6.817292,0.740636,,,,,,,,,,,,,,,,,,,,,,,0.00483532730761802,58,
10:48:01.851,,,,,,,,,,,,,,,,,,,1,,,,,,,,,,,,,,,,,16.470588235294116,,,,
10:48:02.009,,,,,,,,,,,,,,,,,,,,,,,,,,,,,,,,,18.112891649999998,4.996998,,,,,,
10:48:02.350,,,,,,,,-0.01,,,,,,,,,,,,,,,,,,,,,,100,,,,,,,,,,
10:48:02.580,9.858743006390778,9.859229094994033,10.602567705769387,9.859229094994033,10.942099007723428,,,,,,0,,,,,,0,0,,0.07301742044115406,0.073021,0.722808,0.073021,0.0737475946455656,0.07375121,0.73003608,0.07375121,0,,,,,,,,,,,,
10:48:02.947,,,,,,24.84531105716529,,,,0,,0.7630519537777778,0.763052,6.839708,0.763052,,,,,,,,,,,,,,,,,,,,,,,0.004821275373866388,58,
10:48:03.226,,,,,,,,,,,,,,,,,,,1,,,,,,,,,,,,,,,,,16.470588235294116,,,,
10:48:03.392,,,,,,,,,,,,,,,,,,,,,,,,,,,,,,,,,18.112891649999998,4.996998,,,,,,
10:48:03.738,,,,,,,,-0.01,,,,,,,,,,,,,,,,,,,,,,100,,,,,,,,,,
10:48:03.978,9.56912829849313,9.56959682957387,10.56781956188773,9.56959682957387,10.580633240727087,,,,,,0,,,,,,0,0,,0.07301742044115406,0.073021,0.722808,0.073021,0.0737475946455656,0.07375121,0.73003608,0.07375121,0,,,,,,,,,,,,
10:48:04.328,,,,,,25.25432948929165,,,,0,,0.7853017816666666,0.785302,6.861958,0.785302,,,,,,,,,,,,,,,,,,,,,,,0.004879927163959261,58,
10:48:04.597,,,,,,,,,,,,,,,,,,,1,,,,,,,,,,,,,,,,,16.470588235294116,,,,
10:48:04.758,,,,,,,,,,,,,,,,,,,,,,,,,,,,,,,,,18.112891649999998,4.996998,,,,,,
10:48:05.118,,,,,,,,-0.01,,,,,,,,,,,,,,,,,,,,,,100,,,,,,,,,,
10:48:05.349,9.298007739927352,9.298460974249398,10.533553251127449,9.298460974249398,10.240118907283522,,,,,,0,,,,,,0,0,,0.07301742044115406,0.073021,0.722808,0.073021,0.0737475946455656,0.07375121,0.73003608,0.07375121,0,,,,,,,,,,,,
10:48:05.704,,,,,,25.65185364010973,,,,0,,0.8074655117777777,0.807466,6.884122,0.807466,,,,,,,,,,,,,,,,,,,,,,,0,58,
10:48:06.002,,,,,,,,,,,,,,,,,,,1,,,,,,,,,,,,,,,,,16.470588235294116,,,,
10:48:06.158,,,,,,,,,,,,,,,,,,,,,,,,,,,,,,,,,18.112891649999998,4.996998,,,,,,
10:48:06.501,,,,,,,,-0.01,,,,,,,,,,,,,,,,,,,,,,100,,,,,,,,,,
10:48:06.767,9.042791224654701,9.043229064753191,10.499639605457313,9.043229064753191,9.919949561673269,,,,,,0,,,,,,0,0,,0.07301742044115406,0.073021,0.722808,0.073021,0.0737475946455656,0.07375121,0.73003608,0.07375121,0,,,,,,,,,,,,
10:48:07.109,,,,,,26.04843126450002,,,,0,,0.830125999,0.830126,6.906782,0.830126,,,,,,,,,,,,,,,,,,,,,,,0,58,
10:48:07.402,,,,,,,,,,,,,,,,,,,1,,,,,,,,,,,,,,,,,16.470588235294116,,,,
10:48:07.565,,,,,,,,,,,,,,,,,,,,,,,,,,,,,,,,,18.112891649999998,4.996998,,,,,,
10:48:07.946,,,,,,,,-0.01,,,,,,,,,,,,,,,,,,,,,,100,,,,,,,,,,
10:48:08.176,8.795944293891953,8.796375489985857,10.465192038781591,8.796375489985857,9.616864562187946,,,,,,0,,,,,,0,0,,0.07301742044115406,0.073021,0.722808,0.073021,0.0737475946455656,0.07375121,0.73003608,0.07375121,0,,,,,,,,,,,,
10:48:08.543,,,,,,26.442235941326352,,,,0,,0.8531916162222222,0.853192,6.929848,0.853192,,,,,,,,,,,,,,,,,,,,,,,0,58,
10:48:08.825,,,,,,,,,,,,,,,,,,,1,,,,,,,,,,,,,,,,,16.470588235294116,,,,
10:48:08.974,,,,,,,,,,,,,,,,,,,,,,,,,,,,,,,,,18.112891649999998,4.996998,,,,,,
10:48:09.334,,,,,,,,-0.01,,,,,,,,,,,,,,,,,,,,,,100,,,,,,,,,,
10:48:09.572,8.558150250521912,8.558565949985468,10.430358645673037,8.558565949985468,9.331647710712414,,,,,,0,,,,,,0,0,,0.07301742044115406,0.073021,0.722808,0.073021,0.0737475946455656,0.07375121,0.73003608,0.07375121,0,,,,,,,,,,,,
10:48:09.895,,,,,,26.805255499305428,,,,0,,0.8749699669444444,0.87497,6.951626,0.87497,,,,,,,,,,,,,,,,,,,,,,,0,58,
10:48:10.205,,,,,,,,,,,,,,,,,,,1,,,,,,,,,,,,,,,,,16.470588235294116,,,,
10:48:10.376,,,,,,,,,,,,,,,,,,,,,,,,,,,,,,,,,18.112891649999998,4.996998,,,,,,
10:48:10.762,,,,,,,,-0.01,,,,,,,,,,,,,,,,,,,,,,100,,,,,,,,,,
10:48:11.008,8.345134484574857,8.345543275769455,10.397682499029724,8.345543275769455,9.208333557445219,,,,,,0,,,,,,0,0,,0.07301742044115406,0.073021,0.722808,0.073021,0.0737475946455656,0.07375121,0.73003608,0.07375121,0,,,,,,,,,,,,
10:48:11.395,,,,,,27.198463649314707,,,,0,,0.8991385572777777,0.899139,6.975795,0.899139,,,,,,,,,,,,,,,,,,,,,,,0,58,
10:48:11.685,,,,,,,,,,,,,,,,,,,1,,,,,,,,,,,,,,,,,16.470588235294116,,,,
10:48:11.839,,,,,,,,,,,,,,,,,,,,,,,,,,,,,,,,,18.112891649999998,4.996998,,,,,,
10:48:12.201,,,,,,,,-0.01,,,,,,,,,,,,,,,,,,,,,,100,,,,,,,,,,
10:48:12.437,8.120819627869237,8.121213738921346,10.361657703530566,8.121213738921346,8.948589865790488,,,,,,0,,,,,,0,0,,0.07301742044115406,0.073021,0.722808,0.073021,0.0737475946455656,0.07375121,0.73003608,0.07375121,0,,,,,,,,,,,,
10:48:12.792,,,,,,27.555936743949328,,,,0,,0.9216524704444443,0.921653,6.998309,0.921653,,,,,,,,,,,,,,,,,,,,,,,0,58,
10:48:13.087,,,,,,,,,,,,,,,,,,,1,,,,,,,,,,,,,,,,,16.470588235294116,,,,
10:48:13.233,,,,,,,,,,,,,,,,,,,,,,,,,,,,,,,,,18.112891649999998,4.996998,,,,,,
10:48:13.565,,,,,,,,-0.01,,,,,,,,,,,,,,,,,,,,,,100,,,,,,,,,,
10:48:13.847,7.922446126135071,7.922829958780583,10.328323599315206,7.922829958780583,8.706552755758526,,,,,,0,,,,,,0,0,,0.07301742044115406,0.073021,0.722808,0.073021,0.0737475946455656,0.07375121,0.73003608,0.07375121,0,,,,,,,,,,,,
10:48:14.206,,,,,,27.90947917234304,,,,0,,0.9444449640555554,0.944445,7.021101,0.944445,,,,,,,,,,,,,,,,,,,,,,,0,58,
10:48:14.494,,,,,,,,,,,,,,,,,,,1,,,,,,,,,,,,,,,,,16.470588235294116,,,,
10:48:14.657,,,,,,,,,,,,,,,,,,,,,,,,,,,,,,,,,18.112891649999998,4.996998,,,,,,
10:48:14.998,,,,,,,,-0.01,,,,,,,,,,,,,,,,,,,,,,100,,,,,,,,,,
10:48:15.240,7.7312520284515935,7.731630746099562,10.294795645298366,7.731630746099562,8.476818222003335,,,,,,0,,,,,,0,0,,0.07301742044115406,0.073021,0.722808,0.073021,0.0737475946455656,0.07375121,0.73003608,0.07375121,0,,,,,,,,,,,,
10:48:15.580,,,,,,28.244513786879732,,,,0,,0.9665441127777776,0.966544,7.0432,0.966544,,,,,,,,,,,,,,,,,,,,,,,0,58,
10:48:15.884,,,,,,,,,,,,,,,,,,,1,,,,,,,,,,,,,,,,,16.470588235294116,,,,
10:48:16.044,,,,,,,,,,,,,,,,,,,,,,,,,,,,,,,,,18.112891649999998,4.996998,,,,,,
10:48:16.401,,,,,,,,-0.01,,,,,,,,,,,,,,,,,,,,,,100,,,,,,,,,,
10:48:16.658,7.554484009147528,7.554855236802464,10.26249432076329,7.554855236802464,8.258877755655856,,,,,,0,,,,,,0,0,,0.07301742044115406,0.073021,0.722808,0.073021,0.0737475946455656,0.07375121,0.73003608,0.07375121,0,,,,,,,,,,,,
10:48:17.006,,,,,,28.585827608132266,,,,0,,0.9895751136666665,0.989575,7.066231,0.989575,,,,,,,,,,,,,,,,,,,,,,,0,58,
10:48:17.338,,,,,,,,,,,,,,,,,,,1,,,,,,,,,,,,,,,,,16.470588235294116,,,,
10:48:17.494,,,,,,,,,,,,,,,,,,,,,,,,,,,,,,,,,18.112891649999998,4.996998,,,,,,
10:48:17.826,,,,,,,,-0.01,,,,,,,,,,,,,,,,,,,,,,100,,,,,,,,,,
10:48:18.081,7.378663775264423,7.379026349695577,10.22904572465859,7.379026349695577,8.050861824482071,,,,,,0,,,,,,0,0,,0.07301742044115406,0.073021,0.722808,0.073021,0.0737475946455656,0.07375121,0.73003608,0.07375121,0,,,,,,,,,,,,
10:48:18.458,,,,,,28.924261555441813,,,,0,,1.0129456755555555,1.012946,7.089601999999999,1.012946,,,,,,,,,,,,,,,,,,,,,,,0,58,
10:48:18.753,,,,,,,,,,,,,,,,,,,1,,,,,,,,,,,,,,,,,16.470588235294116,,,,
10:48:18.913,,,,,,,,,,,,,,,,,,,,,,,,,,,,,,,,,18.112891649999998,4.996998,,,,,,
10:48:19.281,,,,,,,,-0.01,,,,,,,,,,,,,,,,,,,,,,100,,,,,,,,,,
10:48:19.509,7.208424124137483,7.20877519630859,10.195325492178547,7.20877519630859,7.852421803262763,,,,,,0,,,,,,0,0,,0.07301742044115406,0.073021,0.722808,0.073021,0.0737475946455656,0.07375121,0.73003608,0.07375121,0,,,,,,,,,,,,
10:48:19.847,,,,,,29.240878985264033,,,,0,,1.035307698,1.035308,7.1119639999999995,1.035308,,,,,,,,,,,,,,,,,,,,,,,0,58,
10:48:20.154,,,,,,,,,,,,,,,,,,,1,,,,,,,,,,,,,,,,,16.470588235294116,,,,
10:48:20.328,,,,,,,,,,,,,,,,,,,,,,,,,,,,,,,,,18.112891649999998,4.996998,,,,,,
10:48:20.673,,,,,,,,-0.01,,,,,,,,,,,,,,,,,,,,,,100,,,,,,,,,,
10:48:20.911,7.052726506545695,7.053070197467807,10.163268542979127,7.053070197467807,7.6642438352657365,,,,,,0,,,,,,0,0,,0.07301742044115406,0.073021,0.722808,0.073021,0.0737475946455656,0.07375121,0.73003608,0.07375121,0,,,,,,,,,,,,
10:48:21.240,,,,,,29.552255366637624,,,,0,,1.057785034111111,1.057785,7.134441,1.057785,,,,,,,,,,,,,,,,,,,,,,,0,58,
10:48:21.527,,,,,,,,,,,,,,,,,,,1,,,,,,,,,,,,,,,,,16.470588235294116,,,,
10:48:21.716,,,,,,,,,,,,,,,,,,,,,,,,,,,,,,,,,18.112891649999998,4.996998,,,,,,
10:48:22.071,,,,,,,,-0.01,,,,,,,,,,,,,,,,,,,,,,100,,,,,,,,,,
10:48:22.294,6.902860041172053,6.903198665135165,10.131249245736281,6.903198665135165,7.483959529840386,,,,,,0,,,,,,0,0,,0.07301742044115406,0.073021,0.722808,0.073021,0.0737475946455656,0.07375121,0.73003608,0.07375121,0,,,,,,,,,,,,
10:48:22.609,,,,,,29.85133924846805,,,,0,,1.079843233222222,1.079843,7.156499,1.079843,,,,,,,,,,,,,,,,,,,,,,,0,58,
10:48:22.889,,,,,,,,,,,,,,,,,,,1,,,,,,,,,,,,,,,,,16.470588235294116,,,,
10:48:23.061,,,,,,,,,,,,,,,,,,,,,,,,,,,,,,,,,18.112891649999998,4.996998,,,,,,
10:48:23.403,,,,,,,,-0.01,,,,,,,,,,,,,,,,,,,,,,100,,,,,,,,,,
10:48:23.698,6.761853776058967,6.762186725292473,10.100022371274,6.762186725292473,7.314088798364102,,,,,,0,,,,,,0,0,,0.07301742044115406,0.073021,0.722808,0.073021,0.0737475946455656,0.07375121,0.73003608,0.07375121,0,,,,,,,,,,,,
10:48:24.050,,,,,,30.15885690915566,,,,0,,1.1030176004444443,1.103017,7.179672999999999,1.103017,,,,,,,,,,,,,,,,,,,,,,,0,58,
10:48:24.345,,,,,,,,,,,,,,,,,,,1,,,,,,,,,,,,,,,,,16.470588235294116,,,,
10:48:24.507,,,,,,,,,,,,,,,,,,,,,,,,,,,,,,,,,18.112891649999998,4.996998,,,,,,
10:48:24.882,,,,,,,,-0.01,,,,,,,,,,,,,,,,,,,,,,100,,,,,,,,,,
10:48:25.115,6.619787427846373,6.620115555789258,10.067422290680927,6.620115555789258,7.151256461078015,,,,,,0,,,,,,0,0,,0.07301742044115406,0.073021,0.722808,0.073021,0.0737475946455656,0.07375121,0.73003608,0.07375121,0,,,,,,,,,,,,
10:48:25.487,,,,,,30.459633421151022,,,,0,,1.1261845984444443,1.126184,7.20284,1.126184,,,,,,,,,,,,,,,,,,,,,,,0,58,
10:48:25.783,,,,,,,,,,,,,,,,,,,1,,,,,,,,,,,,,,,,,16.470588235294116,,,,
10:48:25.935,,,,,,,,,,,,,,,,,,,,,,,,,,,,,,,,,14.213591699999998,3.058906,,,,,,
10:48:26.315,,,,,,,,-0.5700000000000001,,,,,,,,,,,,,,,,,,,,,,44,,,,,,,,,,
10:48:26.537,6.550284525011117,6.550616950693669,10.045468176441515,6.550616950693669,7.003635523147955,,,,,,1.9015668601538722,,,,,,1382,1.4,,0.07376829547496502,0.073772,0.7235590000000001,0.073772,0.07450597842971468,0.07450972,0.73079459,0.07450972,7.439305880788724,,,,,,,,,,,,
10:48:26.880,,,,,,30.744692729448307,,,,3.2785635519894347,,1.148612934222222,1.148612,7.225268,1.148612,,,,,,,,,,,,,,,,,,,,,,,0,58,
10:48:27.181,,,,,,,,,,,,,,,,,,,0,,,,,,,,,,,,,,,,,19.607843137254903,,,,
10:48:27.334,,,,,,,,,,,,,,,,,,,,,,,,,,,,,,,,,14.445837,3.196278,,,,,,
10:48:27.683,,,,,,,,-0.4,,,,,,,,,,,,,,,,,,,,,,61,,,,,,,,,,
10:48:27.929,6.4223807060745735,6.422708451592009,10.014285975274552,6.422708451592009,6.862122610263835,,,,,,0,,,,,,1380,1.4,,0.07376829547496502,0.073772,0.7235590000000001,0.073772,0.07450597842971468,0.07450972,0.73079459,0.07450972,0,,,,,,,,,,,,
10:48:28.384,,,,,,31.046263352318405,,,,0,,1.1728567843888886,1.172856,7.249511999999999,1.172856,,,,,,,,,,,,,,,,,,,,,,,0,58,
10:48:28.673,,,,,,,,,,,,,,,,,,,1,,,,,,,,,,,,,,,,,20,,,,
10:48:28.845,,,,,,,,,,,,,,,,,,,,,,,,,,,,,,,,,14.574513449999998,3.272284,,,,,,
10:48:29.206,,,,,,,,-0.43,,,,,,,,,,,,,,,,,,,,,,58,,,,,,,,,,
10:48:29.433,6.376866325286266,6.377168211613362,9.994907243411696,6.377168211613362,6.736897929016565,,,,,,2.4480750886752056,,,,,,1384,1.4,,0.07479150932753038,0.074795,0.7245820000000001,0.074795,0.07553942442080569,0.07554295,0.73182782,0.07554295,9.577354225830451,,,,,,,,,,,,
10:48:29.812,,,,,,31.31604545809242,,,,4.294868576623167,,1.1954751776388886,1.195474,7.27213,1.195474,,,,,,,,,,,,,,,,,,,,,,,-0.004915906851163634,57,
10:48:30.131,,,,,,,,,,,,,,,,,,,1,,,,,,,,,,,,,,,,,20,,,,
10:48:30.300,,,,,,,,,,,,,,,,,,,,,,,,,,,,,,,,,14.429696399999997,3.21897,,,,,,
10:48:30.666,,,,,,,,-0.4,,,,,,,,,,,,,,,,,,,,,,61,,,,,,,,,,
10:48:30.897,6.344727359658103,6.345014613450398,9.97836947359302,6.345014613450398,6.628935833456643,,,,,,2.6024184606152554,,,,,,1385,1.4,,0.07584964067357587,0.075853,0.7256400000000001,0.075853,0.07660813708031163,0.07661153000000001,0.7328964,0.07661153000000001,10.18117604172046,,,,,,,,,,,,
10:48:31.244,,,,,,31.580826570989892,,,,4.565646422132026,,1.2181411358055552,1.21814,7.294796,1.21814,,,,,,,,,,,,,,,,,,,,,,,-0.004920304470113349,57,
10:48:31.535,,,,,,,,,,,,,,,,,,,1,,,,,,,,,,,,,,,,,20,,,,
10:48:31.691,,,,,,,,,,,,,,,,,,,,,,,,,,,,,,,,,14.478118199999999,3.22812,,,,,,
10:48:32.066,,,,,,,,-0.4,,,,,,,,,,,,,,,,,,,,,,61,,,,,,,,,,
10:48:32.308,6.310188576201482,6.310440507659218,9.96130666299647,6.310440507659218,6.483726956590983,,,,,,2.593714719944301,,,,,,1385,1.4,,0.07686700279361312,0.07687,0.726657,0.07687,0.07763567282154926,0.07763869999999999,0.73392357,0.07763869999999999,10.147125285728082,,,,,,,,,,,,
10:48:32.678,,,,,,31.84097089517037,,,,4.550376701656668,,1.2408748004722219,1.240874,7.31753,1.240874,,,,,,,,,,,,,,,,,,,,,,,-0.004885300885165884,57,
10:48:32.986,,,,,,,,,,,,,,,,,,,1,,,,,,,,,,,,,,,,,19.607843137254903,,,,
10:48:33.159,,,,,,,,,,,,,,,,,,,,,,,,,,,,,,,,,14.578100249999999,3.269844,,,,,,
10:48:33.513,,,,,,,,-0.41000000000000003,,,,,,,,,,,,,,,,,,,,,,60,,,,,,,,,,
10:48:33.752,6.276375010926315,6.276624379268161,9.944229815251868,6.276624379268161,6.414372847286319,,,,,,2.531868376109645,,,,,,1384,1.4,,0.07788195589372031,0.077885,0.727672,0.077885,0.07866077545265751,0.07866385,0.73494872,0.07866385,9.905170149132356,,,,,,,,,,,,
10:48:34.093,,,,,,32.091979944375936,,,,4.4418743440520085,,1.2632602948888885,1.263259,7.3399149999999995,1.263259,,,,,,,,,,,,,,,,,,,,,,,-0.004961897413503944,57,
10:48:34.378,,,,,,,,,,,,,,,,,,,1,,,,,,,,,,,,,,,,,19.607843137254903,,,,
10:48:34.541,,,,,,,,,,,,,,,,,,,,,,,,,,,,,,,,,14.41131405,3.20982,,,,,,
10:48:34.893,,,,,,,,-0.41000000000000003,,,,,,,,,,,,,,,,,,,,,,60,,,,,,,,,,
10:48:35.155,6.244219667877101,6.244483514465363,9.927512784548595,6.244483514465363,6.360720310147852,,,,,,2.5630209592005007,,,,,,1385,1.4,,0.07888074778993424,0.078884,0.728671,0.078884,0.07966955526783359,0.07967284,0.73595771,0.07967284,10.027045219341987,,,,,,,,,,,,
10:48:35.472,,,,,,32.33238026632494,,,,4.49652799859737,,1.285126780555555,1.285125,7.361781,1.285125,,,,,,,,,,,,,,,,,,,,,,,0,57,
10:48:35.782,,,,,,,,,,,,,,,,,,,1,,,,,,,,,,,,,,,,,19.607843137254903,,,,
10:48:35.935,,,,,,,,,,,,,,,,,,,,,,,,,,,,,,,,,14.471392949999998,3.240442,,,,,,
10:48:36.288,,,,,,,,-0.41000000000000003,,,,,,,,,,,,,,,,,,,,,,60,,,,,,,,,,
10:48:36.509,6.212801775586659,6.21309211166229,9.911093524787006,6.21309211166229,6.342230493327703,,,,,,2.5542232900814286,,,,,,1386,1.4,,0.07984237944089519,0.079846,0.729633,0.079846,0.08064080323530413,0.08064446,0.73692933,0.08064446,9.992626996671948,,,,,,,,,,,,
10:48:36.867,,,,,,32.57037034882248,,,,4.4810934913709275,,1.3071979389722217,1.307196,7.383852,1.307196,,,,,,,,,,,,,,,,,,,,,,,0,57,
10:48:37.180,,,,,,,,,,,,,,,,,,,1,,,,,,,,,,,,,,,,,19.607843137254903,,,,
10:48:37.367,,,,,,,,,,,,,,,,,,,,,,,,,,,,,,,,,14.56464975,3.264232,,,,,,
10:48:37.716,,,,,,,,-0.42,,,,,,,,,,,,,,,,,,,,,,59,,,,,,,,,,
10:48:38.220,6.198518823703884,6.198840877726065,9.897516905810138,6.198840877726065,6.280528219891401,,,,,,2.4937703446736026,,,,,,1385,1.4,,0.08102691031026237,0.081031,0.730818,0.081031,0.08183717941336499,0.08184131,0.7381261800000001,0.08184131,9.7561231104783,,,,,,,,,,,,
10:48:38.566,,,,,,32.84236718703947,,,,4.45316132977429,,1.333596264305555,1.333594,7.41025,1.333594,,,,,,,,,,,,,,,,,,,,,,,-0.004810887790853543,56,
10:48:38.909,,,,,,,,,,,,,,,,,,,1,,,,,,,,,,,,,,,,,19.607843137254903,,,,
10:48:39.065,,,,,,,,,,,,,,,,,,,,,,,,,,,,,,,,,14.539990499999998,3.253862,,,,,,
10:48:39.409,,,,,,,,-0.4,,,,,,,,,,,,,,,,,,,,,,61,,,,,,,,,,
10:48:39.648,6.152956205326291,6.153297030430551,9.876144529536791,6.153297030430551,6.24854105989712,,,,,,2.59386613120378,,,,,,1391,1.4,,0.08205559409858824,0.08206,0.731847,0.08206,0.08287615003957413,0.0828806,0.73916547,0.0828806,10.147717636539754,,,,,,,,,,,,
10:48:39.973,,,,,,33.063220528715085,,,,4.631903805721036,,1.3554914927499995,1.355489,7.432145,1.355489,,,,,,,,,,,,,,,,,,,,,,,-0.004817022360287445,56,
10:48:40.294,,,,,,,,,,,,,,,,,,,1,,,,,,,,,,,,,,,,,19.607843137254903,,,,
10:48:40.447,,,,,,,,,,,,,,,,,,,,,,,,,,,,,,,,,14.45166555,3.22324,,,,,,
10:48:40.776,,,,,,,,-0.41000000000000003,,,,,,,,,,,,,,,,,,,,,,60,,,,,,,,,,
10:48:41.021,6.125325504340533,6.125686007042478,9.860141318556082,6.125686007042478,6.217197937708895,,,,,,2.5503284014659484,,,,,,1382,1.4,,0.08302826611458192,0.083033,0.73282,0.083033,0.08385854877572774,0.08386333,0.7401482,0.08386333,9.977389421601979,,,,,,,,,,,,
10:48:41.365,,,,,,33.278076317807475,,,,4.554157859760623,,1.377200583416666,1.377198,7.453854,1.377198,,,,,,,,,,,,,,,,,,,,,,,-0.004806846639694791,56,
10:48:41.661,,,,,,,,,,,,,,,,,,,1,,,,,,,,,,,,,,,,,19.607843137254903,,,,
10:48:41.820,,,,,,,,,,,,,,,,,,,,,,,,,,,,,,,,,14.6422143,3.294976,,,,,,
10:48:42.170,,,,,,,,-0.4,,,,,,,,,,,,,,,,,,,,,,61,,,,,,,,,,
10:48:42.392,6.0999654938431505,6.100284781128059,9.844571680636621,6.100284781128059,6.187166068800562,,,,,,2.5739054693650063,,,,,,1390,1.4,,0.08400876036942319,0.084013,0.7338,0.084013,0.08484884797311742,0.08485313,0.7411380000000001,0.08485313,10.06962757717176,,,,,,,,,,,,
10:48:42.751,,,,,,33.48718183987911,,,,4.596259766723226,,1.398726549416666,1.398724,7.4753799999999995,1.398724,,,,,,,,,,,,,,,,,,,,,,,-0.004813853964845984,56,
10:48:43.043,,,,,,,,,,,,,,,,,,,1,,,,,,,,,,,,,,,,,19.607843137254903,,,,
10:48:43.204,,,,,,,,,,,,,,,,,,,,,,,,,,,,,,,,,14.3884482,3.197498,,,,,,
10:48:43.586,,,,,,,,-0.4,,,,,,,,,,,,,,,,,,,,,,61,,,,,,,,,,
10:48:43.821,6.08018328561372,6.0804704859572,9.830082216556217,6.0804704859572,6.159138679470192,,,,,,2.609878964740165,,,,,,1385,1.4,,0.08504513786907367,0.085049,0.734836,0.085049,0.0858955892477644,0.08589949,0.74218436,0.08589949,10.210363010305723,,,,,,,,,,,,
10:48:44.165,,,,,,33.68764442116907,,,,4.745234481345754,,1.420334758444444,1.420332,7.496988,1.420332,,,,,,,,,,,,,,,,,,,,,,,-0.005058695446765718,55,
10:48:44.461,,,,,,,,,,,,,,,,,,,1,,,,,,,,,,,,,,,,,19.607843137254903,,,,
10:48:44.616,,,,,,,,,,,,,,,,,,,,,,,,,,,,,,,,,14.5381971,3.258742,,,,,,
10:48:45.007,,,,,,,,-0.42,,,,,,,,,,,,,,,,,,,,,,59,,,,,,,,,,
10:48:45.283,6.058731099920676,6.059005922558952,9.815208454381946,6.059005922558952,6.132640312619273,,,,,,2.485681001923244,,,,,,1378,1.4,,0.08605426373285674,0.086058,0.735845,0.086058,0.08691480637018531,0.08691858,0.74320345,0.08691858,9.724476000741864,,,,,,,,,,,,
10:48:45.648,,,,,,33.89399188668729,,,,4.519420003496807,,1.443006025805555,1.443003,7.519659,1.443003,,,,,,,,,,,,,,,,,,,,,,,-0.004990810510861815,55,
10:48:45.944,,,,,,,,,,,,,,,,,,,1,,,,,,,,,,,,,,,,,19.607843137254903,,,,
10:48:46.158,,,,,,,,,,,,,,,,,,,,,,,,,,,,,,,,,14.454355649999998,3.202988,,,,,,
10:48:46.495,,,,,,,,-0.42,,,,,,,,,,,,,,,,,,,,,,59,,,,,,,,,,
10:48:46.739,6.03415880924731,6.034429588850474,9.799167754814412,6.034429588850474,6.107119888856509,,,,,,2.520056264774649,,,,,,1389,1.4,,0.0870732752241154,0.087077,0.736864,0.087077,0.08794400797635656,0.08794777000000001,0.74423264,0.08794777000000001,9.858958831949506,,,,,,,,,,,,
10:48:47.107,,,,,,34.09289322318982,,,,4.581920481408453,,1.4652827781666662,1.46528,7.541936,1.46528,,,,,,,,,,,,,,,,,,,,,,,-0.0049329170279651825,55,
10:48:47.434,,,,,,,,,,,,,,,,,,,1,,,,,,,,,,,,,,,,,19.607843137254903,,,,
10:48:47.602,,,,,,,,,,,,,,,,,,,,,,,,,,,,,,,,,14.643111,3.292536,,,,,,
10:48:47.982,,,,,,,,-0.41000000000000003,,,,,,,,,,,,,,,,,,,,,,60,,,,,,,,,,
10:48:48.233,6.013755211738759,6.014004149377594,9.784079313322204,6.014004149377594,6.080725087147206,,,,,,2.518806423969029,,,,,,1383,1.4,,0.08811851943870837,0.088122,0.737909,0.088122,0.08899970463309545,0.08900322000000001,0.7452880900000001,0.08900322000000001,9.854069207371937,,,,,,,,,,,,
10:48:48.580,,,,,,34.28991098278369,,,,4.579648043580052,,1.4877704081666663,1.487768,7.564424,1.487768,,,,,,,,,,,,,,,,,,,,,,,-0.00486000305793531,55,
10:48:48.880,,,,,,,,,,,,,,,,,,,1,,,,,,,,,,,,,,,,,19.607843137254903,,,,
10:48:49.039,,,,,,,,,,,,,,,,,,,,,,,,,,,,,,,,,14.45525235,3.22141,,,,,,
10:48:49.390,,,,,,,,-0.4,,,,,,,,,,,,,,,,,,,,,,61,,,,,,,,,,
10:48:49.642,5.9913025796640955,5.991525560436842,9.768450314260544,5.991525560436842,6.057631712052606,,,,,,2.6015689144032064,,,,,,1387,1.4,,0.08913682684396852,0.08914,0.738927,0.08914,0.09002819511240821,0.0900314,0.74631627,0.0900314,10.17785244881204,,,,,,,,,,,,
10:48:49.986,,,,,,34.4748454072693,,,,4.7301252989149205,,1.5092716513611106,1.509269,7.585925,1.509269,,,,,,,,,,,,,,,,,,,,,,,0,55,
10:48:50.279,,,,,,,,,,,,,,,,,,,1,,,,,,,,,,,,,,,,,19.607843137254903,,,,
10:48:50.438,,,,,,,,,,,,,,,,,,,,,,,,,,,,,,,,,14.5112961,3.242882,,,,,,
10:48:50.786,,,,,,,,-0.4,,,,,,,,,,,,,,,,,,,,,,61,,,,,,,,,,
10:48:51.032,5.971827684277985,5.972030168247013,9.753866535722409,5.972030168247013,6.035703452043671,,,,,,2.5747055249807804,,,,,,1378,1.4,,0.09013110230694231,0.090134,0.739921,0.090134,0.09103241333001173,0.09103534,0.74732021,0.09103534,10.072757553073266,,,,,,,,,,,,
10:48:51.393,,,,,,34.6474121374957,,,,4.767973194408853,,1.5303519553611107,1.530349,7.607005,1.530349,,,,,,,,,,,,,,,,,,,,,,,-0.004930843664555541,54,
10:48:51.691,,,,,,,,,,,,,,,,,,,1,,,,,,,,,,,,,,,,,19.607843137254903,,,,
10:48:51.868,,,,,,,,,,,,,,,,,,,,,,,,,,,,,,,,,14.612623199999998,3.277774,,,,,,
10:48:52.234,,,,,,,,-0.41000000000000003,,,,,,,,,,,,,,,,,,,,,,60,,,,,,,,,,
10:48:52.464,5.9555629924429345,5.9557656456141705,9.740114539164889,5.9557656456141705,6.015074523272211,,,,,,2.5386621669686193,,,,,,1391,1.4,,0.09114107470761312,0.091144,0.740931,0.091144,0.09205248545468926,0.09205544,0.74834031,0.09205544,9.931748803477397,,,,,,,,,,,,
10:48:52.824,,,,,,34.82023355404852,,,,4.701226235127073,,1.5518435443611107,1.551841,7.628496999999999,1.551841,,,,,,,,,,,,,,,,,,,,,,,-0.004954434681229134,54,
10:48:53.132,,,,,,,,,,,,,,,,,,,1,,,,,,,,,,,,,,,,,19.607843137254903,,,,
10:48:53.286,,,,,,,,,,,,,,,,,,,,,,,,,,,,,,,,,14.525194949999998,3.252032,,,,,,
10:48:53.611,,,,,,,,-0.43,,,,,,,,,,,,,,,,,,,,,,58,,,,,,,,,,
10:48:53.868,5.934525694374522,5.934693051672175,9.725166045159355,5.934693051672175,5.994266295952326,,,,,,2.445738146796947,,,,,,1378,1.4,,0.0920945538766024,0.092097,0.741884,0.092097,0.09301549941536842,0.09301797,0.74930284,0.09301797,9.568211646717252,,,,,,,,,,,,
10:48:54.205,,,,,,34.98369243392456,,,,4.529144716290642,,1.5725302978611106,1.572528,7.649184,1.572528,,,,,,,,,,,,,,,,,,,,,,,-0.00503564448237838,54,
10:48:54.501,,,,,,,,,,,,,,,,,,,1,,,,,,,,,,,,,,,,,19.607843137254903,,,,
10:48:54.651,,,,,,,,,,,,,,,,,,,,,,,,,,,,,,,,,14.750266649999999,3.33121,,,,,,
10:48:54.988,,,,,,,,-0.41000000000000003,,,,,,,,,,,,,,,,,,,,,,60,,,,,,,,,,
10:48:55.223,5.916582654897395,5.916778588362178,9.711231943171978,5.916778588362178,5.98455584082046,,,,,,2.5113563470345017,,,,,,1389,1.4,,0.09304005484625681,0.093043,0.74283,0.093043,0.09397045539471938,0.09397343,0.7502583,0.09397343,9.824923032019013,,,,,,,,,,,,
10:48:55.576,,,,,,35.14364906554827,,,,4.650659901915744,,1.5931210273611107,1.593119,7.669775,1.593119,,,,,,,,,,,,,,,,,,,,,,,-0.005067097566239375,54,
10:48:55.891,,,,,,,,,,,,,,,,,,,1,,,,,,,,,,,,,,,,,19.607843137254903,,,,
10:48:56.049,,,,,,,,,,,,,,,,,,,,,,,,,,,,,,,,,14.65611315,3.315228,,,,,,
10:48:56.402,,,,,,,,-0.43,,,,,,,,,,,,,,,,,,,,,,58,,,,,,,,,,
10:48:56.640,5.900286237624177,5.90050084143118,9.697663881926132,5.90050084143118,5.9647502330333975,,,,,,2.4344451316211844,,,,,,1384,1.4,,0.0939987007260845,0.094002,0.743789,0.094002,0.09493868773334535,0.09494202,0.75122689,0.09494202,9.524031136439488,,,,,,,,,,,,
10:48:57.130,,,,,,35.32169956072959,,,,4.508231725224416,,1.6164556888611108,1.616454,7.69311,1.616454,,,,,,,,,,,,,,,,,,,,,,,0,54,
10:48:57.436,,,,,,,,,,,,,,,,,,,1,,,,,,,,,,,,,,,,,19.607843137254903,,,,
10:48:57.588,,,,,,,,,,,,,,,,,,,,,,,,,,,,,,,,,14.738609550000001,3.325598,,,,,,
10:48:57.993,,,,,,,,-0.41000000000000003,,,,,,,,,,,,,,,,,,,,,,60,,,,,,,,,,
10:48:58.221,5.88345152668674,5.883681193526076,9.682612103557597,5.883681193526076,5.9459118227133265,,,,,,2.5169615595120987,,,,,,1391,1.4,,0.0951033869045137,0.095107,0.744894,0.095107,0.09605442077355883,0.09605807,0.75234294,0.09605807,9.846851732514077,,,,,,,,,,,,
10:48:58.567,,,,,,35.48276128302724,,,,4.661039925022405,,1.6379504233611109,1.637949,7.714605,1.637949,,,,,,,,,,,,,,,,,,,,,,,0,54,
10:48:58.838,,,,,,,,,,,,,,,,,,,1,,,,,,,,,,,,,,,,,19.607843137254903,,,,
10:48:59.004,,,,,,,,,,,,,,,,,,,,,,,,,,,,,,,,,14.68749765,3.314008,,,,,,
10:48:59.332,,,,,,,,-0.43,,,,,,,,,,,,,,,,,,,,,,58,,,,,,,,,,
10:48:59.571,5.861829025680236,5.862026229143887,9.667429505463987,5.862026229143887,5.926921049456011,,,,,,2.429243166994258,,,,,,1384,1.4,,0.09601385334283391,0.096017,0.745804,0.096017,0.09697399187626225,0.09697717,0.7532620400000001,0.09697717,9.503680021339799,,,,,,,,,,,,
10:48:59.942,,,,,,35.63502908376984,,,,4.498598457396774,,1.658618255861111,1.658617,7.735272999999999,1.658617,,,,,,,,,,,,,,,,,,,,,,,0,54,
10:49:00.231,,,,,,,,,,,,,,,,,,,1,,,,,,,,,,,,,,,,,19.607843137254903,,,,
10:49:00.387,,,,,,,,,,,,,,,,,,,,,,,,,,,,,,,,,14.777615999999998,3.34158,,,,,,
10:49:00.739,,,,,,,,-0.42,,,,,,,,,,,,,,,,,,,,,,59,,,,,,,,,,
10:49:00.977,5.846912932016732,5.847100325150412,9.65406133694312,5.847100325150412,5.908872343500089,,,,,,2.4684792492944143,,,,,,1391,1.4,,0.09697796529473365,0.096981,0.746768,0.096981,0.09794774494768099,0.09795081,0.7542356800000001,0.09795081,9.657179340196798,,,,,,,,,,,,
10:49:01.325,,,,,,35.785244734882376,,,,4.57125786906373,,1.679346137861111,1.679345,7.7560009999999995,1.679345,,,,,,,,,,,,,,,,,,,,,,,0,54,
10:49:01.602,,,,,,,,,,,,,,,,,,,1,,,,,,,,,,,,,,,,,19.607843137254903,,,,
10:49:01.761,,,,,,,,,,,,,,,,,,,,,,,,,,,,,,,,,14.67942735,3.320108,,,,,,
10:49:02.127,,,,,,,,-0.41000000000000003,,,,,,,,,,,,,,,,,,,,,,60,,,,,,,,,,
10:49:02.369,5.832494574247268,5.832690721680178,9.640767194331202,5.832690721680178,5.89145570474625,,,,,,2.5053079636334292,,,,,,1379,1.4,,0.09794777237358034,0.097951,0.747738,0.097951,0.09892725009731614,0.09893051,0.75521538,0.09893051,9.8012605591669,,,,,,,,,,,,
10:49:02.712,,,,,,35.93353004902425,,,,4.639459191913758,,1.700145730361111,1.700145,7.776801,1.700145,,,,,,,,,,,,,,,,,,,,,,,0,54,
10:49:02.987,,,,,,,,,,,,,,,,,,,1,,,,,,,,,,,,,,,,,19.607843137254903,,,,
10:49:03.148,,,,,,,,,,,,,,,,,,,,,,,,,,,,,,,,,14.810345550000001,3.35866,,,,,,
10:49:03.524,,,,,,,,-0.4,,,,,,,,,,,,,,,,,,,,,,61,,,,,,,,,,
10:49:03.780,5.819905680373648,5.820091815698072,9.62782768904592,5.820091815698072,5.874498540737591,,,,,,2.5483471816472854,,,,,,1392,1.4,,0.09894687793591635,0.09895,0.748737,0.09895,0.09993634671527551,0.0999395,0.75622437,0.0999395,9.969638497584024,,,,,,,,,,,,
10:49:04.125,,,,,,36.09052871263784,,,,4.633358512085973,,1.721751290222222,1.721751,7.798407,1.721751,,,,,,,,,,,,,,,,,,,,,,,0.00509612595524944,55,
10:49:04.411,,,,,,,,,,,,,,,,,,,1,,,,,,,,,,,,,,,,,19.607843137254903,,,,
10:49:04.577,,,,,,,,,,,,,,,,,,,,,,,,,,,,,,,,,14.6852559,3.290096,,,,,,
10:49:05.014,,,,,,,,-0.42,,,,,,,,,,,,,,,,,,,,,,59,,,,,,,,,,
10:49:05.255,5.80556201545088,5.805717551492637,9.614104521602938,5.805717551492637,5.850063141725669,,,,,,2.467932357626886,,,,,,1382,1.4,,0.09995733890567676,0.09996,0.7497469999999999,0.09996,0.10095691229473353,0.1009596,0.7572444700000001,0.1009596,9.65503979176248,,,,,,,,,,,,
10:49:05.555,,,,,,36.24641355897314,,,,4.487149741139793,,1.743561479111111,1.743561,7.8202169999999995,1.743561,,,,,,,,,,,,,,,,,,,,,,,0.005046905336830542,55,
10:49:05.834,,,,,,,,,,,,,,,,,,,1,,,,,,,,,,,,,,,,,19.607843137254903,,,,
10:49:06.004,,,,,,,,,,,,,,,,,,,,,,,,,,,,,,,,,14.755198499999999,3.35378,,,,,,
10:49:06.346,,,,,,,,-0.4,,,,,,,,,,,,,,,,,,,,,,61,,,,,,,,,,
10:49:06.591,5.787010814448937,5.787179226881079,9.599349992461846,5.787179226881079,5.842181600816078,,,,,,2.5413335795687924,,,,,,1383,1.4,,0.10090009135272585,0.100903,0.75069,0.100903,0.10190909226625311,0.10191203,0.7581969000000001,0.10191203,9.942199898247145,,,,,,,,,,,,
10:49:06.986,,,,,,36.40010766752564,,,,4.620606508306895,,1.7654230670277775,1.765423,7.842079,1.765423,,,,,,,,,,,,,,,,,,,,,,,0.005003482573495797,55,
10:49:07.259,,,,,,,,,,,,,,,,,,,1,,,,,,,,,,,,,,,,,19.607843137254903,,,,
10:49:07.441,,,,,,,,,,,,,,,,,,,,,,,,,,,,,,,,,14.8188642,3.34707,,,,,,
10:49:07.773,,,,,,,,-0.4,,,,,,,,,,,,,,,,,,,,,,61,,,,,,,,,,
10:49:08.033,5.773025346793177,5.773177306515209,9.58557035704435,5.773177306515209,5.8262739894622015,,,,,,2.5395636326300974,,,,,,1388,1.4,,0.10191832113764708,0.101921,0.751708,0.101921,0.10293750434902355,0.10294021,0.75922508,0.10294021,9.93527551554695,,,,,,,,,,,,
10:49:08.407,,,,,,36.55055298665952,,,,4.617388422963813,,1.7871753149444443,1.787175,7.863830999999999,1.787175,,,,,,,,,,,,,,,,,,,,,,,0.004973406151474112,55,
10:49:08.682,,,,,,,,,,,,,,,,,,,1,,,,,,,,,,,,,,,,,19.607843137254903,,,,
10:49:08.846,,,,,,,,,,,,,,,,,,,,,,,,,,,,,,,,,14.630557199999998,3.285826,,,,,,
10:49:09.198,,,,,,,,-0.43,,,,,,,,,,,,,,,,,,,,,,58,,,,,,,,,,
10:49:09.439,5.756027468910042,5.7561794452138155,9.571161943841368,5.7561794452138155,5.810345982240114,,,,,,2.440459567352976,,,,,,1385,1.4,,0.10287030204578176,0.102873,0.75266,0.102873,0.10389900506623959,0.10390173000000001,0.7601866,0.10390173000000001,9.547560799291059,,,,,,,,,,,,
10:49:09.807,,,,,,36.696089620476464,,,,4.4371992133690465,,1.8085581034166665,1.808558,7.8852139999999995,1.808558,,,,,,,,,,,,,,,,,,,,,,,0,55,
10:49:10.109,,,,,,,,,,,,,,,,,,,1,,,,,,,,,,,,,,,,,19.607843137254903,,,,
10:49:10.264,,,,,,,,,,,,,,,,,,,,,,,,,,,,,,,,,14.7677523,3.34341,,,,,,
10:49:10.595,,,,,,,,-0.42,,,,,,,,,,,,,,,,,,,,,,59,,,,,,,,,,
10:49:10.818,5.73996117953617,5.74009791225938,9.55712806272601,5.74009791225938,5.795112501472106,,,,,,2.4541458631887494,,,,,,1382,1.4,,0.10381053304547228,0.103813,0.7536,0.103813,0.104848638375927,0.10485113,0.761136,0.10485113,9.601104297145795,,,,,,,,,,,,
10:49:11.150,,,,,,36.8335655653692,,,,4.462083387615908,,1.8290712548055554,1.829071,7.905727,1.829071,,,,,,,,,,,,,,,,,,,,,,,0,55,
10:49:11.432,,,,,,,,,,,,,,,,,,,1,,,,,,,,,,,,,,,,,19.607843137254903,,,,
10:49:11.612,,,,,,,,,,,,,,,,,,,,,,,,,,,,,,,,,14.705879999999999,3.318888,,,,,,
10:49:11.966,,,,,,,,-0.4,,,,,,,,,,,,,,,,,,,,,,61,,,,,,,,,,
10:49:12.197,5.729078747352904,5.72919257918364,9.544700949071476,5.72919257918364,5.7803832283891285,,,,,,2.5517000585373526,,,,,,1384,1.4,,0.10478893253300617,0.104791,0.754578,0.104791,0.10583682185833623,0.10583891,0.76212378,0.10583891,9.982755615518975,,,,,,,,,,,,
10:49:12.556,,,,,,36.975337464456295,,,,4.639454651886095,,1.8505531486944444,1.850553,7.9272089999999995,1.850553,,,,,,,,,,,,,,,,,,,,,,,0,55,
10:49:12.856,,,,,,,,,,,,,,,,,,,1,,,,,,,,,,,,,,,,,19.607843137254903,,,,
10:49:13.029,,,,,,,,,,,,,,,,,,,,,,,,,,,,,,,,,14.80317195,3.35073,,,,,,
10:49:13.404,,,,,,,,-0.42,,,,,,,,,,,,,,,,,,,,,,59,,,,,,,,,,
10:49:13.635,5.715679342010817,5.715804951276727,9.53123602518869,5.715804951276727,5.765781324359571,,,,,,2.4589030757407677,,,,,,1388,1.4,,0.10577168403285907,0.105774,0.755561,0.105774,0.10682940087318765,0.10683174000000001,0.76311661,0.10683174000000001,9.619715454111125,,,,,,,,,,,,
10:49:13.975,,,,,,37.12390132724481,,,,4.3908983495370855,,1.8726117711388888,1.872612,7.949268,1.872612,,,,,,,,,,,,,,,,,,,,,,,0.005087549517593564,56,
10:49:14.280,,,,,,,,,,,,,,,,,,,1,,,,,,,,,,,,,,,,,19.607843137254903,,,,
10:49:14.436,,,,,,,,,,,,,,,,,,,,,,,,,,,,,,,,,14.74040295,3.314008,,,,,,
10:49:14.759,,,,,,,,-0.41000000000000003,,,,,,,,,,,,,,,,,,,,,,60,,,,,,,,,,
10:49:14.996,5.698915521335564,5.699044970340894,9.51670015402676,5.699044970340894,5.750657554479812,,,,,,2.507609122911405,,,,,,1386,1.4,,0.10671856287979094,0.106721,0.756508,0.106721,0.10778574850858885,0.10778821,0.76407308,0.10778821,9.810263149666346,,,,,,,,,,,,
10:49:15.362,,,,,,37.26700406974478,,,,4.477873433770366,,1.8941903522499999,1.894191,7.970847,1.894191,,,,,,,,,,,,,,,,,,,,,,,0.005098990554623103,56,
10:49:15.651,,,,,,,,,,,,,,,,,,,1,,,,,,,,,,,,,,,,,19.607843137254903,,,,
10:49:15.813,,,,,,,,,,,,,,,,,,,,,,,,,,,,,,,,,14.782547849999998,3.34463,,,,,,
10:49:16.149,,,,,,,,-0.42,,,,,,,,,,,,,,,,,,,,,,59,,,,,,,,,,
10:49:16.384,5.683782411312047,5.683904104707498,9.502766769955564,5.683904104707498,5.735435103962457,,,,,,2.4463675119559642,,,,,,1379,1.4,,0.1076616580779552,0.107664,0.757451,0.107664,0.10873827465873476,0.10874064,0.7650255100000001,0.10874064,9.570673847771948,,,,,,,,,,,,
10:49:16.686,,,,,,37.40887730472945,,,,4.291872827992919,,1.9151708188333332,1.915171,7.991827,1.915171,,,,,,,,,,,,,,,,,,,,,,,0.010232215900584688,57,
10:49:16.967,,,,,,,,,,,,,,,,,,,1,,,,,,,,,,,,,,,,,19.607843137254903,,,,
10:49:17.139,,,,,,,,,,,,,,,,,,,,,,,,,,,,,,,,,14.81213895,3.34951,,,,,,
10:49:17.460,,,,,,,,-0.43,,,,,,,,,,,,,,,,,,,,,,58,,,,,,,,,,
10:49:17.720,5.668295507047884,5.668423341832139,9.489031732043248,5.668423341832139,5.720595690537325,,,,,,2.4070610894835345,,,,,,1383,1.4,,0.108557541476222,0.10856,0.758347,0.10856,0.10964311689098422,0.10964560000000001,0.76593047,0.10964560000000001,9.416899344240555,,,,,,,,,,,,
10:49:18.067,,,,,,37.554336013351744,,,,4.222914192076376,,1.93699935675,1.937,8.013656,1.937,,,,,,,,,,,,,,,,,,,,,,,0.01027965753280166,57,
10:49:18.374,,,,,,,,,,,,,,,,,,,1,,,,,,,,,,,,,,,,,19.607843137254903,,,,
10:49:18.537,,,,,,,,,,,,,,,,,,,,,,,,,,,,,,,,,14.715743699999999,3.317668,,,,,,
10:49:18.915,,,,,,,,-0.43,,,,,,,,,,,,,,,,,,,,,,58,,,,,,,,,,
10:49:19.162,5.654337545912328,5.654465668559628,9.475250746974917,5.654465668559628,5.705759715427219,,,,,,2.421076641245816,,,,,,1382,1.4,,0.10952448189279551,0.109527,0.759314,0.109527,0.11061972671172347,0.11062227,0.76690714,0.11062227,9.471730956440188,,,,,,,,,,,,
10:49:19.503,,,,,,37.71147751549657,,,,4.174270071113475,,1.9601699878055554,1.960171,8.036827,1.960171,,,,,,,,,,,,,,,,,,,,,,,0.010247111675642202,58,
10:49:19.795,,,,,,,,,,,,,,,,,,,1,,,,,,,,,,,,,,,,,19.607843137254903,,,,
10:49:19.968,,,,,,,,,,,,,,,,,,,,,,,,,,,,,,,,,14.7453348,3.326818,,,,,,
10:49:20.311,,,,,,,,-0.41000000000000003,,,,,,,,,,,,,,,,,,,,,,60,,,,,,,,,,
10:49:20.576,5.63768539143104,5.637824455111314,9.46017626110404,5.637824455111314,5.690966955742344,,,,,,2.504961769994578,,,,,,1385,1.4,,0.11050821704972941,0.110511,0.760298,0.110511,0.1116132992202267,0.11161611,0.7679009800000001,0.11161611,9.799906181139303,,,,,,,,,,,,
10:49:20.905,,,,,,37.86224086420638,,,,4.318899603438927,,1.9827400530277777,1.982741,8.059397,1.982741,,,,,,,,,,,,,,,,,,,,,,,0.010221517368516978,58,
10:49:21.220,,,,,,,,,,,,,,,,,,,1,,,,,,,,,,,,,,,,,19.607843137254903,,,,
10:49:21.395,,,,,,,,,,,,,,,,,,,,,,,,,,,,,,,,,14.700948149999999,3.323158,,,,,,
10:49:21.732,,,,,,,,-0.42,,,,,,,,,,,,,,,,,,,,,,59,,,,,,,,,,
10:49:21.978,5.622120133834885,5.622267356149896,9.44564463073354,5.622267356149896,5.676236825029684,,,,,,2.4724334598511386,,,,,,1386,1.4,,0.11147202772288317,0.111475,0.761262,0.111475,0.11258674800011201,0.11258975,0.7688746200000001,0.11258975,9.672648994440845,,,,,,,,,,,,
10:49:22.333,,,,,,38.02136662117353,,,,4.19056518618837,,2.0061755823333334,2.006177,8.082833,2.006177,,,,,,,,,,,,,,,,,,,,,,,0.010032485027926703,59,
10:49:22.620,,,,,,,,,,,,,,,,,,,1,,,,,,,,,,,,,,,,,19.607843137254903,,,,
10:49:22.775,,,,,,,,,,,,,,,,,,,,,,,,,,,,,,,,,14.742196349999999,3.325598,,,,,,
10:49:23.148,,,,,,,,-0.41000000000000003,,,,,,,,,,,,,,,,,,,,,,60,,,,,,,,,,
10:49:23.372,5.6048478943802955,5.604988991499753,9.430270302504084,5.604988991499753,5.660707968408108,,,,,,2.510922113643486,,,,,,1388,1.4,,0.11244308988398145,0.112446,0.762233,0.112446,0.11356752078282127,0.11357046000000001,0.7698553300000001,0.11357046000000001,9.823224225057706,,,,,,,,,,,,
10:49:23.725,,,,,,38.1812097047084,,,,4.18487018940581,,2.029368514,2.02937,8.106026,2.02937,,,,,,,,,,,,,,,,,,,,,,,0.01501690208850888,60,
10:49:24.017,,,,,,,,,,,,,,,,,,,1,,,,,,,,,,,,,,,,,19.607843137254903,,,,
10:49:24.182,,,,,,,,,,,,,,,,,,,,,,,,,,,,,,,,,14.6628384,3.312056,,,,,,
10:49:24.556,,,,,,,,-0.42,,,,,,,,,,,,,,,,,,,,,,59,,,,,,,,,,
10:49:24.791,5.591541172983487,5.591686089771702,9.415994964733644,5.591686089771702,5.645190697279692,,,,,,2.6112084079010436,,,,,,1460,1.5,,0.11347297601187317,0.113476,0.763263,0.113476,0.1146077057719919,0.11461075999999999,0.77089563,0.11461075999999999,10.215564055050528,,,,,,,,,,,,
10:49:25.229,,,,,,38.358861605066416,,,,4.280669521149252,,2.0548082539166668,2.05481,8.131466,2.05481,,,,,,,,,,,,,,,,,,,,,,,0.014840916476858604,61,
10:49:25.523,,,,,,,,,,,,,,,,,,,1,,,,,,,,,,,,,,,,,26.666666666666668,,,,
10:49:25.692,,,,,,,,,,,,,,,,,,,,,,,,,,,,,,,,,14.981166899999998,3.409656,,,,,,
10:49:26.029,,,,,,,,-0.1,,,,,,,,,,,,,,,,,,,,,,91,,,,,,,,,,
10:49:26.274,5.619307824694326,5.619449000150866,9.411045929479386,5.619449000150866,5.635239735199537,,,,,,4.838251852135741,,,,,,1792,1.8,,0.11546600099480411,0.115469,0.765256,0.115469,0.11662066100475216,0.11662369,0.7729085600000001,0.11662369,18.928198745227302,,,,,,,,,,,,
10:49:26.598,,,,,,38.51881148931641,,,,7.931560413337281,,2.0780570297222223,2.078059,8.154715,2.078059,,,,,,,,,,,,,,,,,,,,,,,0.014924954811168472,61,
10:49:26.957,,,,,,,,,,,,,,,,,,,1,,,,,,,,,,,,,,,,,27.84313725490196,,,,
10:49:27.117,,,,,,,,,,,,,,,,,,,,,,,,,,,,,,,,,14.7847896,3.34463,,,,,,
10:49:27.499,,,,,,,,-0.1,,,,,,,,,,,,,,,,,,,,,,91,,,,,,,,,,
10:49:27.723,5.650896396637119,5.651042631609593,9.408287107520007,5.651042631609593,5.625819479981926,,,,,,4.875157599806485,,,,,,1782,1.8,,0.11742884981263742,0.117432,0.767219,0.117432,0.11860313831076379,0.11860632,0.7748911900000001,0.11860632,19.072581333836183,,,,,,,,,,,,
10:49:28.051,,,,,,38.69300309597561,,,,7.863157419042717,,2.103055715611111,2.103058,8.179714,2.103058,,,,,,,,,,,,,,,,,,,,,,,0.014860556349309634,62,
10:49:28.366,,,,,,,,,,,,,,,,,,,1,,,,,,,,,,,,,,,,,27.058823529411764,,,,
10:49:28.528,,,,,,,,,,,,,,,,,,,,,,,,,,,,,,,,,14.690187749999998,3.316448,,,,,,
10:49:28.877,,,,,,,,-0.09,,,,,,,,,,,,,,,,,,,,,,92,,,,,,,,,,
10:49:29.121,5.6737624549589505,5.673928156047052,9.402688162446756,5.673928156047052,5.6318123518540535,,,,,,4.87417753056115,,,,,,1751,1.8,,0.1193223855992115,0.119326,0.769113,0.119326,0.12051560945520362,0.12051926,0.77680413,0.12051926,19.068747108990774,,,,,,,,,,,,
10:49:29.522,,,,,,38.87425685881893,,,,7.736789731049444,,2.128781298361111,2.128784,8.20544,2.128784,,,,,,,,,,,,,,,,,,,,,,,0.014659156539170924,63,
10:49:29.828,,,,,,,,,,,,,,,,,,,1,,,,,,,,,,,,,,,,,27.058823529411764,,,,
10:49:29.973,,,,,,,,,,,,,,,,,,,,,,,,,,,,,,,,,14.770890749999998,3.35256,,,,,,
10:49:30.330,,,,,,,,-0.08,,,,,,,,,,,,,,,,,,,,,,93,,,,,,,,,,
10:49:30.561,5.695370742612766,5.695552014671287,9.396607616410575,5.695552014671287,5.636941501441608,,,,,,4.802288670003423,,,,,,1716,1.7,,0.12124198724107091,0.121246,0.771033,0.121246,0.12245440711348161,0.12245846,0.7787433300000001,0.12245846,18.78750365954035,,,,,,,,,,,,
10:49:30.916,,,,,,39.04370233953225,,,,7.622680428576862,,2.1531829816111108,2.153186,8.229842,2.153186,,,,,,,,,,,,,,,,,,,,,,,0.009961476640672817,63,
10:49:31.228,,,,,,,,,,,,,,,,,,,1,,,,,,,,,,,,,,,,,26.274509803921568,,,,
10:49:31.388,,,,,,,,,,,,,,,,,,,,,,,,,,,,,,,,,14.669563649999999,3.315228,,,,,,
10:49:31.734,,,,,,,,-0.06,,,,,,,,,,,,,,,,,,,,,,95,,,,,,,,,,
10:49:32.005,5.7207777905205415,5.720964189809892,9.39228237917569,5.720964189809892,5.650929182398213,,,,,,4.824309257210989,,,,,,1676,1.7,,0.12317881380127642,0.123183,0.77297,0.123183,0.12441060193928918,0.12441483,0.7806997,0.12441483,18.873652554614385,,,,,,,,,,,,
10:49:32.342,,,,,,39.22182371447933,,,,7.53798321439217,,2.1785550936111107,2.178558,8.255214,2.178558,,,,,,,,,,,,,,,,,,,,,,,0.014793426652822784,64,
10:49:32.636,,,,,,,,,,,,,,,,,,,1,,,,,,,,,,,,,,,,,26.274509803921568,,,,
10:49:32.798,,,,,,,,,,,,,,,,,,,,,,,,,,,,,,,,,14.72157225,3.316448,,,,,,
10:49:33.173,,,,,,,,-0.11,,,,,,,,,,,,,,,,,,,,,,90,,,,,,,,,,
10:49:33.424,5.73563071300468,5.735812404351869,9.384917217167235,5.735812404351869,5.6696124422016965,,,,,,4.502622522522387,,,,,,1657,1.7,,0.1249538750488867,0.124958,0.774745,0.124958,0.12620341379937558,0.12620758,0.78249245,0.12620758,17.61515038606745,,,,,,,,,,,,
10:49:33.758,,,,,,39.39594092326804,,,,7.035347691441229,,2.2037119096111106,2.203715,8.280370999999999,2.203715,,,,,,,,,,,,,,,,,,,,,,,0.009926726628690347,64,
10:49:34.060,,,,,,,,,,,,,,,,,,,1,,,,,,,,,,,,,,,,,25.88235294117647,,,,
10:49:34.244,,,,,,,,,,,,,,,,,,,,,,,,,,,,,,,,,14.6915328,3.281434,,,,,,
10:49:34.583,,,,,,,,-0.11,,,,,,,,,,,,,,,,,,,,,,90,,,,,,,,,,
10:49:34.841,5.750474160062519,5.750652874804592,9.377780295109968,5.750652874804592,5.692317154641557,,,,,,4.500937374046724,,,,,,1653,1.7,,0.12672388392440723,0.126728,0.7765150000000001,0.126728,0.1279911227636513,0.12799528000000002,0.7842801500000001,0.12799528000000002,17.608557751736416,,,,,,,,,,,,
10:49:35.191,,,,,,39.57702620556519,,,,6.92451903699496,,2.2296103434999996,2.229613,8.306269,2.229613,,,,,,,,,,,,,,,,,,,,,,,0.009992654716687522,65,
10:49:35.519,,,,,,,,,,,,,,,,,,,1,,,,,,,,,,,,,,,,,25.88235294117647,,,,
10:49:35.669,,,,,,,,,,,,,,,,,,,,,,,,,,,,,,,,,14.7336777,3.307176,,,,,,
10:49:36.028,,,,,,,,-0.06,,,,,,,,,,,,,,,,,,,,,,95,,,,,,,,,,
10:49:36.255,5.766118258283067,5.766292177162584,9.370669310131902,5.766292177162584,5.701542292596746,,,,,,4.680080690003041,,,,,,1633,1.6,,0.12856196910512127,0.128566,0.7783530000000001,0.128566,0.12984758879617248,0.12985166,0.7861365300000001,0.12985166,18.30940185657635,,,,,,,,,,,,
10:49:36.585,,,,,,39.75690027079329,,,,7.091031348489455,,2.2550952571666665,2.255098,8.331754,2.255098,,,,,,,,,,,,,,,,,,,,,,,0.014990952044745525,66,
10:49:36.917,,,,,,,,,,,,,,,,,,,1,,,,,,,,,,,,,,,,,25.49019607843137,,,,
10:49:37.093,,,,,,,,,,,,,,,,,,,,,,,,,,,,,,,,,14.7049833,3.307176,,,,,,
10:49:37.434,,,,,,,,-0.11,,,,,,,,,,,,,,,,,,,,,,90,,,,,,,,,,
10:49:37.670,5.778152138825522,5.778329810943916,9.362902457273702,5.778329810943916,5.721397831863145,,,,,,4.4288104239173345,,,,,,1628,1.6,,0.13030283483452865,0.130307,0.7800940000000001,0.130307,0.13160586318287393,0.13161007,0.78789494,0.13161007,17.326382848763245,,,,,,,,,,,,
10:49:38.021,,,,,,39.94034492226708,,,,6.710318824117174,,2.281448417333333,2.281451,8.358107,2.281451,,,,,,,,,,,,,,,,,,,,,,,0.009976279675877678,66,
10:49:38.326,,,,,,,,,,,,,,,,,,,1,,,,,,,,,,,,,,,,,25.49019607843137,,,,
10:49:38.476,,,,,,,,,,,,,,,,,,,,,,,,,,,,,,,,,14.686600949999999,3.307176,,,,,,
10:49:38.816,,,,,,,,-0.11,,,,,,,,,,,,,,,,,,,,,,90,,,,,,,,,,
10:49:39.055,5.785421720202684,5.785616259126319,9.353589275657754,5.785616259126319,5.738213497308842,,,,,,4.390772832267989,,,,,,1612,1.6,,0.131991412271623,0.131996,0.781783,0.131996,0.13331132639433924,0.13331596,0.78960083,0.13331596,17.1775722625159,,,,,,,,,,,,
10:49:39.390,,,,,,40.11933508059178,,,,6.553392286967148,,2.3069321353333327,2.306935,8.383591,2.306935,,,,,,,,,,,,,,,,,,,,,,,0.01508774019846362,67,
10:49:39.703,,,,,,,,,,,,,,,,,,,1,,,,,,,,,,,,,,,,,25.49019607843137,,,,
10:49:39.868,,,,,,,,,,,,,,,,,,,,,,,,,,,,,,,,,14.681669099999999,3.33365,,,,,,
10:49:40.202,,,,,,,,-0.11,,,,,,,,,,,,,,,,,,,,,,90,,,,,,,,,,
10:49:40.457,5.795326445288325,5.7955252315301475,9.345470216760337,5.7955252315301475,5.7534089961000126,,,,,,4.367725300632704,,,,,,1603,1.6,,0.13369424811382727,0.133699,0.783486,0.133699,0.13503119059496554,0.13503599000000002,0.79132086,0.13503599000000002,17.087405757606277,,,,,,,,,,,,
10:49:40.807,,,,,,40.302203693505476,,,,6.5189929860189615,,2.3333209358611104,2.333324,8.409980000000001,2.333324,,,,,,,,,,,,,,,,,,,,,,,0.01008742762203172,67,
10:49:41.093,,,,,,,,,,,,,,,,,,,1,,,,,,,,,,,,,,,,,25.49019607843137,,,,
10:49:41.241,,,,,,,,,,,,,,,,,,,,,,,,,,,,,,,,,14.7471282,3.320108,,,,,,
10:49:41.585,,,,,,,,-0.11,,,,,,,,,,,,,,,,,,,,,,90,,,,,,,,,,
10:49:41.812,5.799022261754889,5.799237482664216,9.335361082903882,5.799237482664216,5.766365435992778,,,,,,4.291372849314601,,,,,,1582,1.6,,0.1353098005087733,0.135315,0.785102,0.135315,0.13666289851386104,0.13666815,0.79295302,0.13666815,16.78869985774776,,,,,,,,,,,,
10:49:42.176,,,,,,40.47664219369966,,,,6.4050341034546285,,2.358832337888888,2.358835,8.435490999999999,2.358835,,,,,,,,,,,,,,,,,,,,,,,0.005066372422962987,67,
10:49:42.484,,,,,,,,,,,,,,,,,,,1,,,,,,,,,,,,,,,,,24.313725490196077,,,,
10:49:42.638,,,,,,,,,,,,,,,,,,,,,,,,,,,,,,,,,14.753405099999998,3.32999,,,,,,
10:49:43.021,,,,,,,,-0.11,,,,,,,,,,,,,,,,,,,,,,90,,,,,,,,,,
10:49:43.247,5.8065696287456605,5.806764780071519,9.326771850032204,5.806764780071519,5.777089415770918,,,,,,4.15939645987179,,,,,,1534,1.5,,0.1369672421248874,0.136972,0.786759,0.136972,0.13833691454613628,0.13834172,0.79462659,0.13834172,16.272382103857307,,,,,,,,,,,,
10:49:43.583,,,,,,40.65314979198779,,,,6.208054417719089,,2.384990191277777,2.384993,8.461649,2.384993,,,,,,,,,,,,,,,,,,,,,,,0.005092918137168725,67,
10:49:43.864,,,,,,,,,,,,,,,,,,,1,,,,,,,,,,,,,,,,,24.313725490196077,,,,
10:49:44.033,,,,,,,,,,,,,,,,,,,,,,,,,,,,,,,,,14.720675550000001,3.309616,,,,,,
10:49:44.391,,,,,,,,-0.11,,,,,,,,,,,,,,,,,,,,,,90,,,,,,,,,,
10:49:44.629,5.809719534751919,5.809912230350362,9.316777379917319,5.809912230350362,5.786350518489323,,,,,,4.155056851055848,,,,,,1529,1.5,,0.13856124104458215,0.138566,0.788353,0.138566,0.13994685345502797,0.13995166,0.79623653,0.13995166,16.25540469535212,,,,,,,,,,,,
10:49:44.987,,,,,,40.82725252133309,,,,6.201577389635594,,2.4111372874444434,2.41114,8.487796,2.41114,,,,,,,,,,,,,,,,,,,,,,,0,67,
10:49:45.293,,,,,,,,,,,,,,,,,,,1,,,,,,,,,,,,,,,,,24.313725490196077,,,,
10:49:45.464,,,,,,,,,,,,,,,,,,,,,,,,,,,,,,,,,14.621590199999998,3.276554,,,,,,
10:49:45.815,,,,,,,,-0.12,,,,,,,,,,,,,,,,,,,,,,89,,,,,,,,,,
10:49:46.049,5.813214161702691,5.81339117595826,9.306962608432153,5.81339117595826,5.794193018694345,,,,,,4.066390627882248,,,,,,1503,1.5,,0.1401645742518145,0.140169,0.789956,0.140169,0.14156621999433264,0.14157069,0.79785556,0.14157069,15.908524883074938,,,,,,,,,,,,
10:49:46.398,,,,,,40.99966264311893,,,,6.069239743107833,,2.437375265388888,2.437378,8.514033999999999,2.437378,,,,,,,,,,,,,,,,,,,,,,,0,67,
10:49:46.680,,,,,,,,,,,,,,,,,,,1,,,,,,,,,,,,,,,,,23.529411764705884,,,,
10:49:46.839,,,,,,,,,,,,,,,,,,,,,,,,,,,,,,,,,14.769994050000001,3.34158,,,,,,
10:49:47.193,,,,,,,,-0.1,,,,,,,,,,,,,,,,,,,,,,91,,,,,,,,,,
10:49:47.425,5.814291219072459,5.81448589426835,9.296509739096651,5.81448589426835,5.800214638793018,,,,,,4.058485436355785,,,,,,1482,1.5,,0.14171609603135016,0.141721,0.791508,0.141721,0.14313325699166365,0.14313821000000002,0.7994230800000001,0.14313821000000002,15.877598209370278,,,,,,,,,,,,
10:49:47.804,,,,,,41.163209613718294,,,,6.149220358114826,,2.4632117298888883,2.463214,8.53987,2.463214,,,,,,,,,,,,,,,,,,,,,,,-0.005032283447896665,66,
10:49:48.136,,,,,,,,,,,,,,,,,,,1,,,,,,,,,,,,,,,,,22.745098039215687,,,,
10:49:48.284,,,,,,,,,,,,,,,,,,,,,,,,,,,,,,,,,14.713053599999999,3.34036,,,,,,
10:49:48.647,,,,,,,,-0.16,,,,,,,,,,,,,,,,,,,,,,85,,,,,,,,,,
10:49:48.869,5.814497976106351,5.8146795203340025,9.28603128619054,5.8146795203340025,5.804757868453122,,,,,,3.7593425612217946,,,,,,1464,1.5,,0.14322339618160365,0.143228,0.793015,0.143228,0.1446556301434197,0.14466028,0.80094515,0.14466028,14.707292080875659,,,,,,,,,,,,
10:49:49.206,,,,,,41.32333125654821,,,,5.69597357760878,,2.4888388588888883,2.488841,8.565497,2.488841,,,,,,,,,,,,,,,,,,,,,,,-0.005036949166440935,66,
10:49:49.498,,,,,,,,,,,,,,,,,,,1,,,,,,,,,,,,,,,,,16.862745098039216,,,,
10:49:49.654,,,,,,,,,,,,,,,,,,,,,,,,,,,,,,,,,18.112891649999998,4.996998,,,,,,
10:49:50.046,,,,,,,,-0.68,,,,,,,,,,,,,,,,,,,,,,33,,,,,,,,,,
10:49:50.284,5.775029463629913,5.775218264244281,9.26417929981179,5.775218264244281,5.803458836381526,,,,,,1.2916402033433119,,,,,,1595,1.6,,0.14373117740310382,0.143736,0.793523,0.143736,0.14516848917713485,0.14517336,0.80145823,0.14517336,5.053152093646342,,,,,,,,,,,,
10:49:50.661,,,,,,41.474725010924054,,,,2.0181878177239247,,2.5147459877777774,2.514748,8.591404,2.514748,,,,,,,,,,,,,,,,,,,,,,,-0.014977622418634208,64,
10:49:50.955,,,,,,,,,,,,,,,,,,,0,,,,,,,,,,,,,,,,,16.862745098039216,,,,
10:49:51.111,,,,,,,,,,,,,,,,,,,,,,,,,,,,,,,,,18.112891649999998,4.996998,,,,,,
10:49:51.455,,,,,,,,-0.72,,,,,,,,,,,,,,,,,,,,,,29,,,,,,,,,,
10:49:51.692,5.715534614695448,5.715721813875585,9.236243575555287,5.715721813875585,5.7934848575574165,,,,,,0,,,,,,1600,1.6,,0.14373117740310382,0.143736,0.793523,0.143736,0.14516848917713485,0.14517336,0.80145823,0.14517336,0,,,,,,,,,,,,
10:49:52.024,,,,,,41.60188447995329,,,,0,,2.5381807718888885,2.538183,8.614839,2.538183,,,,,,,,,,,,,,,,,,,,,,,-0.025172218211960064,62,
10:49:52.317,,,,,,,,,,,,,,,,,,,0,,,,,,,,,,,,,,,,,16.862745098039216,,,,
10:49:52.465,,,,,,,,,,,,,,,,,,,,,,,,,,,,,,,,,18.112891649999998,4.996998,,,,,,
10:49:52.827,,,,,,,,-0.71,,,,,,,,,,,,,,,,,,,,,,30,,,,,,,,,,
10:49:53.055,5.662763621684067,5.662948652638521,9.211118164831635,5.662948652638521,5.776452527548564,,,,,,0,,,,,,1602,1.6,,0.14373117740310382,0.143736,0.793523,0.143736,0.14516848917713485,0.14517336,0.80145823,0.14517336,0,,,,,,,,,,,,
10:49:53.528,,,,,,41.72699995267114,,,,0,,2.563245440222222,2.563248,8.639904,2.563248,,,,,,,,,,,,,,,,,,,,,,,-0.02969458295079789,60,
10:49:53.851,,,,,,,,,,,,,,,,,,,0,,,,,,,,,,,,,,,,,16.862745098039216,,,,
10:49:54.013,,,,,,,,,,,,,,,,,,,,,,,,,,,,,,,,,18.112891649999998,4.996998,,,,,,
10:49:54.400,,,,,,,,-0.74,,,,,,,,,,,,,,,,,,,,,,27,,,,,,,,,,
10:49:54.650,5.607390347708683,5.60757289189341,9.184396030326264,5.60757289189341,5.7432459149428015,,,,,,0,,,,,,0,0,,0.14373117740310382,0.143736,0.793523,0.143736,0.14516848917713485,0.14517336,0.80145823,0.14517336,0,,,,,,,,,,,,
10:49:55.006,,,,,,41.848407518270406,,,,0,,2.5878976185555556,2.5879,8.664556,2.5879,,,,,,,,,,,,,,,,,,,,,,,-0.029303540517132458,60,
10:49:55.325,,,,,,,,,,,,,,,,,,,0,,,,,,,,,,,,,,,,,16.470588235294116,,,,
10:49:55.475,,,,,,,,,,,,,,,,,,,,,,,,,,,,,,,,,18.112891649999998,4.996998,,,,,,
10:49:55.829,,,,,,,,-0.01,,,,,,,,,,,,,,,,,,,,,,100,,,,,,,,,,
10:49:56.067,5.55397463842978,5.554155879284362,9.158265005154332,5.554155879284362,5.706211697332386,,,,,,0,,,,,,0,0,,0.14373117740310382,0.143736,0.793523,0.143736,0.14516848917713485,0.14517336,0.80145823,0.14517336,0,,,,,,,,,,,,
10:49:56.407,,,,,,41.94927229233156,,,,0,,2.610436945388889,2.610439,8.687095,2.610439,,,,,,,,,,,,,,,,,,,,,,,-0.02957715918800286,58,
10:49:56.724,,,,,,,,,,,,,,,,,,,1,,,,,,,,,,,,,,,,,16.470588235294116,,,,
10:49:56.887,,,,,,,,,,,,,,,,,,,,,,,,,,,,,,,,,18.112891649999998,4.996998,,,,,,
10:49:57.212,,,,,,,,-0.01,,,,,,,,,,,,,,,,,,,,,,100,,,,,,,,,,
10:49:57.444,5.506019889007184,5.506200298110778,9.134503536567749,5.506200298110778,5.66217293589449,,,,,,0,,,,,,0,0,,0.14373117740310382,0.143736,0.793523,0.143736,0.14516848917713485,0.14517336,0.80145823,0.14517336,0,,,,,,,,,,,,
10:49:57.799,,,,,,42.042282581368134,,,,0,,2.6324930748055557,2.632495,8.709151,2.632495,,,,,,,,,,,,,,,,,,,,,,,-0.02452527813387637,57,
10:49:58.096,,,,,,,,,,,,,,,,,,,1,,,,,,,,,,,,,,,,,16.470588235294116,,,,
10:49:58.248,,,,,,,,,,,,,,,,,,,,,,,,,,,,,,,,,18.112891649999998,4.996998,,,,,,
10:49:58.615,,,,,,,,-0.01,,,,,,,,,,,,,,,,,,,,,,100,,,,,,,,,,
10:49:58.861,5.459888148565035,5.4600673505552715,9.111370327601392,5.4600673505552715,5.611514389102873,,,,,,0,,,,,,0,0,,0.14373117740310382,0.143736,0.793523,0.143736,0.14516848917713485,0.14517336,0.80145823,0.14517336,0,,,,,,,,,,,,
10:49:59.215,,,,,,42.1355649230993,,,,0,,2.654890950888889,2.654893,8.731549,2.654893,,,,,,,,,,,,,,,,,,,,,,,-0.014942326102310976,57,
10:49:59.503,,,,,,,,,,,,,,,,,,,1,,,,,,,,,,,,,,,,,16.470588235294116,,,,
10:49:59.658,,,,,,,,,,,,,,,,,,,,,,,,,,,,,,,,,18.112891649999998,4.996998,,,,,,
10:50:00.012,,,,,,,,-0.01,,,,,,,,,,,,,,,,,,,,,,100,,,,,,,,,,
10:50:00.241,5.413826031347198,5.414003502212707,9.087998017304834,5.414003502212707,5.586803344383414,,,,,,0,,,,,,0,0,,0.14373117740310382,0.143736,0.793523,0.143736,0.14516848917713485,0.14517336,0.80145823,0.14517336,0,,,,,,,,,,,,
10:50:00.559,,,,,,42.21743408105363,,,,0,,2.6758502202222223,2.675852,8.752507999999999,2.675852,,,,,,,,,,,,,,,,,,,,,,,-0.020401998593741595,56,
10:50:00.871,,,,,,,,,,,,,,,,,,,1,,,,,,,,,,,,,,,,,16.470588235294116,,,,
10:50:01.046,,,,,,,,,,,,,,,,,,,,,,,,,,,,,,,,,18.112891649999998,4.996998,,,,,,
10:50:01.401,,,,,,,,-0.01,,,,,,,,,,,,,,,,,,,,,,100,,,,,,,,,,
10:50:01.651,5.371420878376643,5.371597532299993,9.066235643543543,5.371597532299993,5.536352271226756,,,,,,0,,,,,,0,0,,0.14373117740310382,0.143736,0.793523,0.143736,0.14516848917713485,0.14517336,0.80145823,0.14517336,0,,,,,,,,,,,,
10:50:02.016,,,,,,42.30479054054528,,,,0,,2.698490632888889,2.698492,8.775148,2.698492,,,,,,,,,,,,,,,,,,,,,,,-0.010098872850188005,56,
10:50:02.300,,,,,,,,,,,,,,,,,,,1,,,,,,,,,,,,,,,,,16.470588235294116,,,,
10:50:02.461,,,,,,,,,,,,,,,,,,,,,,,,,,,,,,,,,18.112891649999998,4.996998,,,,,,
10:50:02.818,,,,,,,,-0.01,,,,,,,,,,,,,,,,,,,,,,100,,,,,,,,,,
10:50:03.058,5.3263545054159165,5.326530521491263,9.042844633503618,5.326530521491263,5.4626963484072055,,,,,,0,,,,,,0,0,,0.14373117740310382,0.143736,0.793523,0.143736,0.14516848917713485,0.14517336,0.80145823,0.14517336,0,,,,,,,,,,,,
10:50:03.401,,,,,,42.39295269830845,,,,0,,2.720435148388889,2.720437,8.797093,2.720437,,,,,,,,,,,,,,,,,,,,,,,,57,
10:50:03.689,,,,,,,,,,,,,,,,,,,1,,,,,,,,,,,,,,,,,16.470588235294116,,,,
10:50:03.867,,,,,,,,,,,,,,,,,,,,,,,,,,,,,,,,,18.112891649999998,4.996998,,,,,,
10:50:04.207,,,,,,,,-0.01,,,,,,,,,,,,,,,,,,,,,,100,,,,,,,,,,
10:50:04.476,5.283389221324577,5.283562898166728,9.02028658785351,5.283562898166728,5.440282957521877,,,,,,0,,,,,,0,0,,0.14373117740310382,0.143736,0.793523,0.143736,0.14516848917713485,0.14517336,0.80145823,0.14517336,0,,,,,,,,,,,,
10:50:04.821,,,,,,42.482025857081254,,,,0,,2.7428770886388887,2.742879,8.819535,2.742879,,,,,,,,,,,,,,,,,,,,,,,,57,
10:50:05.126,,,,,,,,,,,,,,,,,,,1,,,,,,,,,,,,,,,,,16.470588235294116,,,,
10:50:05.300,,,,,,,,,,,,,,,,,,,,,,,,,,,,,,,,,18.112891649999998,4.996998,,,,,,
10:50:05.641,,,,,,,,-0.01,,,,,,,,,,,,,,,,,,,,,,100,,,,,,,,,,
10:50:05.871,5.2401610702296635,5.240333241094485,8.997333759659664,5.240333241094485,5.394379297836999,,,,,,0,,,,,,0,0,,0.14373117740310382,0.143736,0.793523,0.143736,0.14516848917713485,0.14517336,0.80145823,0.14517336,0,,,,,,,,,,,,
10:50:06.214,,,,,,42.56850201513306,,,,0,,2.7649297473888885,2.764932,8.841588,2.764932,,,,,,,,,,,,,,,,,,,,,,,0.00500959711426645,57,
10:50:06.526,,,,,,,,,,,,,,,,,,,1,,,,,,,,,,,,,,,,,16.470588235294116,,,,
10:50:06.687,,,,,,,,,,,,,,,,,,,,,,,,,,,,,,,,,18.112891649999998,4.996998,,,,,,
10:50:07.043,,,,,,,,-0.01,,,,,,,,,,,,,,,,,,,,,,100,,,,,,,,,,
10:50:07.292,5.198366343262029,5.198536528203949,8.974892293103908,5.198536528203949,5.349928260941031,,,,,,0,,,,,,0,0,,0.14373117740310382,0.143736,0.793523,0.143736,0.14516848917713485,0.14517336,0.80145823,0.14517336,0,,,,,,,,,,,,
10:50:07.599,,,,,,42.653505047779326,,,,0,,2.7868658363888885,2.786868,8.863524,2.786868,,,,,,,,,,,,,,,,,,,,,,,0.00507344255276919,57,
10:50:07.908,,,,,,,,,,,,,,,,,,,1,,,,,,,,,,,,,,,,,16.470588235294116,,,,
10:50:08.070,,,,,,,,,,,,,,,,,,,,,,,,,,,,,,,,,18.112891649999998,4.996998,,,,,,
10:50:08.414,,,,,,,,-0.01,,,,,,,,,,,,,,,,,,,,,,100,,,,,,,,,,
10:50:08.650,5.157448755744375,5.157617798905438,8.95268067193139,5.157617798905438,5.30635686928318,,,,,,0,,,,,,0,0,,0.14373117740310382,0.143736,0.793523,0.143736,0.14516848917713485,0.14517336,0.80145823,0.14517336,0,,,,,,,,,,,,
10:50:08.969,,,,,,42.736729822011874,,,,0,,2.8085963358888884,2.808598,8.885254,2.808598,,,,,,,,,,,,,,,,,,,,,,,0,57,
10:50:09.271,,,,,,,,,,,,,,,,,,,1,,,,,,,,,,,,,,,,,16.470588235294116,,,,
10:50:09.437,,,,,,,,,,,,,,,,,,,,,,,,,,,,,,,,,18.112891649999998,4.996998,,,,,,
10:50:09.800,,,,,,,,-0.01,,,,,,,,,,,,,,,,,,,,,,100,,,,,,,,,,
10:50:10.024,5.117544859205072,5.117713535365332,8.93078577157164,5.117713535365332,5.263563958113185,,,,,,0,,,,,,0,0,,0.14373117740310382,0.143736,0.793523,0.143736,0.14516848917713485,0.14517336,0.80145823,0.14517336,0,,,,,,,,,,,,
10:50:10.388,,,,,,42.81574573357571,,,,0,,2.8306527572222215,2.830654,8.907309999999999,2.830654,,,,,,,,,,,,,,,,,,,,,,,-0.005088386858359546,56,
10:50:10.661,,,,,,,,,,,,,,,,,,,1,,,,,,,,,,,,,,,,,16.470588235294116,,,,
10:50:10.858,,,,,,,,,,,,,,,,,,,,,,,,,,,,,,,,,18.112891649999998,4.996998,,,,,,
10:50:11.200,,,,,,,,-0.01,,,,,,,,,,,,,,,,,,,,,,100,,,,,,,,,,
10:50:11.448,5.077668994771023,5.077837135870368,8.908671641606727,5.077837135870368,5.221544328541163,,,,,,0,,,,,,0,0,,0.14373117740310382,0.143736,0.793523,0.143736,0.14516848917713485,0.14517336,0.80145823,0.14517336,0,,,,,,,,,,,,
10:50:11.781,,,,,,42.892368911316424,,,,0,,2.852295238999999,2.852296,8.928951999999999,2.852296,,,,,,,,,,,,,,,,,,,,,,,-0.005087454395131138,56,
10:50:12.083,,,,,,,,,,,,,,,,,,,1,,,,,,,,,,,,,,,,,16.470588235294116,,,,
10:50:12.264,,,,,,,,,,,,,,,,,,,,,,,,,,,,,,,,,18.112891649999998,4.996998,,,,,,
10:50:12.602,,,,,,,,-0.01,,,,,,,,,,,,,,,,,,,,,,100,,,,,,,,,,
10:50:12.835,5.039140949991393,5.039308683250265,8.887078797153352,5.039308683250265,5.180009337493006,,,,,,0,,,,,,0,0,,0.14373117740310382,0.143736,0.793523,0.143736,0.14516848917713485,0.14517336,0.80145823,0.14517336,0,,,,,,,,,,,,
10:50:13.191,,,,,,42.969148456984975,,,,0,,2.8742371885555547,2.874238,8.950894,2.874238,,,,,,,,,,,,,,,,,,,,,,,-0.00506552102298149,56,
10:50:13.502,,,,,,,,,,,,,,,,,,,1,,,,,,,,,,,,,,,,,16.470588235294116,,,,
10:50:13.659,,,,,,,,,,,,,,,,,,,,,,,,,,,,,,,,,18.112891649999998,4.996998,,,,,,
10:50:14.015,,,,,,,,-0.01,,,,,,,,,,,,,,,,,,,,,,100,,,,,,,,,,
10:50:14.241,5.000672107904073,5.000838483104044,8.865293232162061,5.000838483104044,5.139299037804026,,,,,,0,,,,,,0,0,,0.14373117740310382,0.143736,0.793523,0.143736,0.14516848917713485,0.14517336,0.80145823,0.14517336,0,,,,,,,,,,,,
10:50:14.596,,,,,,43.04484499870549,,,,0,,2.8961242425555547,2.896125,8.972781,2.896125,,,,,,,,,,,,,,,,,,,,,,,-0.005033870677466296,56,
10:50:14.950,,,,,,,,,,,,,,,,,,,1,,,,,,,,,,,,,,,,,16.470588235294116,,,,
10:50:15.112,,,,,,,,,,,,,,,,,,,,,,,,,,,,,,,,,18.112891649999998,4.996998,,,,,,
10:50:15.446,,,,,,,,-0.01,,,,,,,,,,,,,,,,,,,,,,100,,,,,,,,,,
10:50:15.695,4.9628802276892205,4.963045448659847,8.843668423424132,4.963045448659847,5.099235413599605,,,,,,0,,,,,,0,0,,0.14373117740310382,0.143736,0.793523,0.143736,0.14516848917713485,0.14517336,0.80145823,0.14517336,0,,,,,,,,,,,,
10:50:16.006,,,,,,43.113923830998594,,,,0,,2.9176305182499993,2.917631,8.994287,2.917631,,,,,,,,,,,,,,,,,,,,,,,-0.005041266692133574,55,
10:50:16.289,,,,,,,,,,,,,,,,,,,1,,,,,,,,,,,,,,,,,16.470588235294116,,,,
10:50:16.490,,,,,,,,,,,,,,,,,,,,,,,,,,,,,,,,,18.112891649999998,4.996998,,,,,,
10:50:16.817,,,,,,,,-0.01,,,,,,,,,,,,,,,,,,,,,,100,,,,,,,,,,
10:50:17.047,4.9262981211655985,4.926462599280032,8.822522563489468,4.926462599280032,5.060002544966598,,,,,,0,,,,,,0,0,,0.14373117740310382,0.143736,0.793523,0.143736,0.14516848917713485,0.14517336,0.80145823,0.14517336,0,,,,,,,,,,,,
10:50:17.375,,,,,,43.18029489753586,,,,0,,2.938530580888888,2.938531,9.015187,2.938531,,,,,,,,,,,,,,,,,,,,,,,-0.005063649076642497,55,
10:50:17.644,,,,,,,,,,,,,,,,,,,1,,,,,,,,,,,,,,,,,16.470588235294116,,,,
10:50:17.795,,,,,,,,,,,,,,,,,,,,,,,,,,,,,,,,,18.112891649999998,4.996998,,,,,,
10:50:18.144,,,,,,,,-0.01,,,,,,,,,,,,,,,,,,,,,,100,,,,,,,,,,
10:50:18.385,4.89126022161818,4.891423639907151,8.8020692194183,4.891423639907151,5.021614279761118,,,,,,0,,,,,,0,0,,0.14373117740310382,0.143736,0.793523,0.143736,0.14516848917713485,0.14517336,0.80145823,0.14517336,0,,,,,,,,,,,,
10:50:18.724,,,,,,43.250696209702554,,,,0,,2.959574514444444,2.959575,9.036231,2.959575,,,,,,,,,,,,,,,,,,,,,,,,56,
10:50:19.029,,,,,,,,,,,,,,,,,,,1,,,,,,,,,,,,,,,,,16.470588235294116,,,,
10:50:19.193,,,,,,,,,,,,,,,,,,,,,,,,,,,,,,,,,18.112891649999998,4.996998,,,,,,
10:50:19.550,,,,,,,,-0.01,,,,,,,,,,,,,,,,,,,,,,100,,,,,,,,,,
10:50:19.787,4.856481115836487,4.8566432680367955,8.781570546392627,4.8566432680367955,4.983993324772631,,,,,,0,,,,,,0,0,,0.14373117740310382,0.143736,0.793523,0.143736,0.14516848917713485,0.14517336,0.80145823,0.14517336,0,,,,,,,,,,,,
10:50:20.165,,,,,,43.324823649726575,,,,0,,2.9819848931111106,2.981985,9.058641,2.981985,,,,,,,,,,,,,,,,,,,,,,,,56,
10:50:20.455,,,,,,,,,,,,,,,,,,,1,,,,,,,,,,,,,,,,,16.470588235294116,,,,
10:50:20.619,,,,,,,,,,,,,,,,,,,,,,,,,,,,,,,,,12.463681649999998,2.170624,,,,,,
10:50:20.967,,,,,,,,-0.17,,,,,,,,,,,,,,,,,,,,,,84,,,,,,,,,,
10:50:21.232,4.888713584682995,4.8888911245361735,8.782476311844128,4.8888911245361735,4.955389415457371,,,,,,5.104547448958629,,,,,,1704,1.7,,0.14578070056271758,0.145786,0.795573,0.145786,0.14723850756834475,0.14724386,0.80352873,0.14724386,19.969999820427127,,,,,,,,,,,,
10:50:21.680,,,,,,43.40782310415065,,,,8.955346401681805,,3.0059417429444437,3.005942,9.082598,3.005942,,,,,,,,,,,,,,,,,,,,,,,0.00998478771207066,57,
10:50:21.965,,,,,,,,,,,,,,,,,,,2,,,,,,,,,,,,,,,,,30.58823529411765,,,,
10:50:22.117,,,,,,,,,,,,,,,,,,,,,,,,,,,,,,,,,14.56733985,3.23117,,,,,,
10:50:22.476,,,,,,,,-0.14,,,,,,,,,,,,,,,,,,,,,,87,,,,,,,,,,
10:50:22.705,4.915064690344612,4.915231232006472,8.780923696061413,4.915231232006472,4.93506387740407,,,,,,4.802111984116308,,,,,,1809,1.8,,0.14774398121979174,0.147749,0.797536,0.147749,0.14922142103198965,0.14922649,0.80551136,0.14922649,18.786812429383463,,,,,,,,,,,,
10:50:23.049,,,,,,43.48214557468354,,,,8.424757866870715,,3.027643744027777,3.027644,9.1043,3.027644,,,,,,,,,,,,,,,,,,,,,,,0.00998427580361057,57,
10:50:23.341,,,,,,,,,,,,,,,,,,,1,,,,,,,,,,,,,,,,,26.666666666666668,,,,
10:50:23.509,,,,,,,,,,,,,,,,,,,,,,,,,,,,,,,,,14.73771285,3.310836,,,,,,
10:50:23.856,,,,,,,,-0.11,,,,,,,,,,,,,,,,,,,,,,90,,,,,,,,,,
10:50:24.107,4.940593346354008,4.940772428990991,8.780202761332557,4.940772428990991,4.922745426949397,,,,,,4.720268654417071,,,,,,1739,1.7,,0.14958356536873973,0.149589,0.799376,0.149589,0.15107940102242715,0.15108489,0.80736976,0.15108489,18.466625126642185,,,,,,,,,,,,
10:50:24.505,,,,,,43.566283951579955,,,,8.13839423175357,,3.0511854413611106,3.051186,9.127842,3.051186,,,,,,,,,,,,,,,,,,,,,,,0.00979960103733935,58,
10:50:24.807,,,,,,,,,,,,,,,,,,,1,,,,,,,,,,,,,,,,,28.235294117647058,,,,
10:50:24.968,,,,,,,,,,,,,,,,,,,,,,,,,,,,,,,,,14.905395749999999,3.369762,,,,,,
10:50:25.319,,,,,,,,-0.06,,,,,,,,,,,,,,,,,,,,,,95,,,,,,,,,,
10:50:25.557,4.96885265192286,4.969018604568847,8.779742243566442,4.969018604568847,4.918767994951745,,,,,,5.034104632177567,,,,,,1777,1.8,,0.15160890871815577,0.151614,0.801401,0.151614,0.15312499780533734,0.15313014,0.80941501,0.15313014,19.694413580405953,,,,,,,,,,,,
10:50:25.917,,,,,,43.64636907427314,,,,8.679490745133736,,3.0738494198611104,3.07385,9.150506,3.07385,,,,,,,,,,,,,,,,,,,,,,,0.009847965256895522,58,
10:50:26.256,,,,,,,,,,,,,,,,,,,1,,,,,,,,,,,,,,,,,28.235294117647058,,,,
10:50:26.404,,,,,,,,,,,,,,,,,,,,,,,,,,,,,,,,,14.60769135,3.293756,,,,,,
10:50:26.747,,,,,,,,-0.05,,,,,,,,,,,,,,,,,,,,,,96,,,,,,,,,,
10:50:26.971,4.998098096939508,4.998259511687297,8.780126476065915,4.998259511687297,4.923170228608031,,,,,,5.1557170520088205,,,,,,1765,1.8,,0.15363400935686425,0.153639,0.803426,0.153639,0.1551703494504329,0.15517539,0.81146026,0.15517539,20.17018543412577,,,,,,,,,,,,
10:50:27.320,,,,,,43.730887799135246,,,,8.738503477981052,,3.096849302999999,3.09685,9.173506,3.09685,,,,,,,,,,,,,,,,,,,,,,,0.010044394047918999,59,
10:50:27.623,,,,,,,,,,,,,,,,,,,1,,,,,,,,,,,,,,,,,26.666666666666668,,,,
10:50:27.786,,,,,,,,,,,,,,,,,,,,,,,,,,,,,,,,,14.7354711,3.33548,,,,,,
10:50:28.152,,,,,,,,-0.1,,,,,,,,,,,,,,,,,,,,,,91,,,,,,,,,,
10:50:28.400,5.021687200563989,5.021844777758044,8.77860656547235,5.021844777758044,4.94135581237778,,,,,,4.732268144287642,,,,,,1724,1.7,,0.15551408506950606,0.155519,0.805306,0.155519,0.15706922592020112,0.15707419,0.81335906,0.15707419,18.51356950573879,,,,,,,,,,,,
10:50:28.729,,,,,,43.82023541801616,,,,7.887113573812736,,3.1203128579999992,3.120314,9.19697,3.120314,,,,,,,,,,,,,,,,,,,,,,,0.01496170438235554,60,
10:50:29.025,,,,,,,,,,,,,,,,,,,1,,,,,,,,,,,,,,,,,26.666666666666668,,,,
10:50:29.192,,,,,,,,,,,,,,,,,,,,,,,,,,,,,,,,,14.536852049999998,3.264232,,,,,,
10:50:29.545,,,,,,,,-0.08,,,,,,,,,,,,,,,,,,,,,,93,,,,,,,,,,
10:50:29.810,5.044640574388196,5.044780749629684,8.776803664685216,5.044780749629684,4.968235735028024,,,,,,4.8369501109708235,,,,,,1701,1.7,,0.15740856848251988,0.157413,0.8072,0.157413,0.15898265416734508,0.15898713,0.815272,0.15898713,18.923106076172978,,,,,,,,,,,,
10:50:30.156,,,,,,43.909700854551666,,,,8.061583518284706,,3.144068449666666,3.14407,9.220725999999999,3.14407,,,,,,,,,,,,,,,,,,,,,,,0.010024996568018852,60,
10:50:30.472,,,,,,,,,,,,,,,,,,,1,,,,,,,,,,,,,,,,,25.88235294117647,,,,
10:50:30.626,,,,,,,,,,,,,,,,,,,,,,,,,,,,,,,,,14.5821354,3.273504,,,,,,
10:50:30.985,,,,,,,,-0.1,,,,,,,,,,,,,,,,,,,,,,91,,,,,,,,,,
10:50:31.234,5.064618028230538,5.0647409249794055,8.773994585675794,5.0647409249794055,4.993364941249102,,,,,,4.618375280146727,,,,,,1665,1.7,,0.15923505752172634,0.159239,0.809026,0.159239,0.1608274080969436,0.16083139,0.81711626,0.16083139,18.06799808159501,,,,,,,,,,,,
10:50:31.568,,,,,,43.997293713983,,,,7.697292133577878,,3.1675841563333327,3.167586,9.244242,3.167586,,,,,,,,,,,,,,,,,,,,,,,0.010025302243190927,60,
10:50:31.852,,,,,,,,,,,,,,,,,,,1,,,,,,,,,,,,,,,,,25.88235294117647,,,,
10:50:32.005,,,,,,,,,,,,,,,,,,,,,,,,,,,,,,,,,14.600069399999999,3.252032,,,,,,
10:50:32.362,,,,,,,,-0.11,,,,,,,,,,,,,,,,,,,,,,90,,,,,,,,,,
10:50:32.592,5.08116520844418,5.0812827181329885,8.770226915305766,5.0812827181329885,5.004339974648486,,,,,,4.548313521610283,,,,,,1660,1.7,,0.1609501840997994,0.160954,0.810741,0.160954,0.1625596859407974,0.16256354,0.81884841,0.16256354,17.79390261683897,,,,,,,,,,,,
10:50:32.968,,,,,,44.08891602708546,,,,7.456251674770956,,3.191377848527777,3.19138,9.268036,3.19138,,,,,,,,,,,,,,,,,,,,,,,0.010030313679305963,61,
10:50:33.242,,,,,,,,,,,,,,,,,,,1,,,,,,,,,,,,,,,,,25.88235294117647,,,,
10:50:33.393,,,,,,,,,,,,,,,,,,,,,,,,,,,,,,,,,14.559717899999999,3.266672,,,,,,
10:50:33.741,,,,,,,,-0.11,,,,,,,,,,,,,,,,,,,,,,90,,,,,,,,,,
10:50:33.959,5.097307850764211,5.097418671546477,8.766312517560355,5.097418671546477,5.027120369700937,,,,,,4.541686145001017,,,,,,1653,1.7,,0.16267435362055635,0.162678,0.812465,0.162678,0.16430109715676192,0.16430477999999998,0.8205896500000001,0.16430477999999998,17.767975007972492,,,,,,,,,,,,
10:50:34.296,,,,,,44.174709615761095,,,,7.445387122952487,,3.2138927943333324,3.213895,9.290551,3.213895,,,,,,,,,,,,,,,,,,,,,,,0.0050880766390828756,61,
10:50:34.622,,,,,,,,,,,,,,,,,,,1,,,,,,,,,,,,,,,,,25.88235294117647,,,,
10:50:34.795,,,,,,,,,,,,,,,,,,,,,,,,,,,,,,,,,14.6117265,3.269844,,,,,,
10:50:35.168,,,,,,,,-0.09,,,,,,,,,,,,,,,,,,,,,,92,,,,,,,,,,
10:50:35.404,5.119261122690608,5.119364509419257,8.765012968552671,5.119364509419257,5.049453841743011,,,,,,4.617691905884657,,,,,,1650,1.6,,0.16452756434526108,0.164531,0.814318,0.164531,0.1661728399887137,0.16617631000000002,0.82246118,0.16617631000000002,18.065324586240664,,,,,,,,,,,,
10:50:35.761,,,,,,44.27368846462673,,,,7.4478901707817045,,3.239079617499999,3.239082,9.315738,3.239082,,,,,,,,,,,,,,,,,,,,,,,0.010106973561897051,62,
10:50:36.048,,,,,,,,,,,,,,,,,,,1,,,,,,,,,,,,,,,,,25.88235294117647,,,,
10:50:36.209,,,,,,,,,,,,,,,,,,,,,,,,,,,,,,,,,14.6018628,3.261792,,,,,,
10:50:36.566,,,,,,,,-0.09,,,,,,,,,,,,,,,,,,,,,,92,,,,,,,,,,
10:50:36.805,5.134738536073435,5.134849935876894,8.760540496093816,5.134849935876894,5.070189577261833,,,,,,4.598407268472982,,,,,,1642,1.6,,0.16631826933387248,0.166322,0.816109,0.166322,0.1679814520272112,0.16798522,0.82427009,0.16798522,17.989879268218065,,,,,,,,,,,,
10:50:37.156,,,,,,44.36715853585556,,,,7.416785916891906,,3.2631242353333323,3.263127,9.339783,3.263127,,,,,,,,,,,,,,,,,,,,,,,0.01013738591859782,62,
10:50:37.461,,,,,,,,,,,,,,,,,,,1,,,,,,,,,,,,,,,,,25.49019607843137,,,,
10:50:37.625,,,,,,,,,,,,,,,,,,,,,,,,,,,,,,,,,14.603656199999998,3.287046,,,,,,
10:50:37.993,,,,,,,,-0.09,,,,,,,,,,,,,,,,,,,,,,92,,,,,,,,,,
10:50:38.230,5.152463551851129,5.152572976779635,8.757398324993204,5.152572976779635,5.0894852591257855,,,,,,4.583841823081406,,,,,,1637,1.6,,0.16813128687717083,0.168135,0.817922,0.168135,0.16981259974594254,0.16981635,0.82610122,0.16981635,17.93289636331558,,,,,,,,,,,,
10:50:38.582,,,,,,44.46166364724322,,,,7.393293263034526,,3.2876956740555543,3.287698,9.364353999999999,3.287698,,,,,,,,,,,,,,,,,,,,,,,0.005045908641112182,62,
10:50:38.871,,,,,,,,,,,,,,,,,,,1,,,,,,,,,,,,,,,,,25.49019607843137,,,,
10:50:39.018,,,,,,,,,,,,,,,,,,,,,,,,,,,,,,,,,14.539990499999998,3.273504,,,,,,
10:50:39.350,,,,,,,,-0.08,,,,,,,,,,,,,,,,,,,,,,93,,,,,,,,,,
10:50:39.576,5.166599621072448,5.166715434325172,8.75290489872553,5.166715434325172,5.107599311689343,,,,,,4.625525664736717,,,,,,1627,1.6,,0.16986207223776956,0.169866,0.819653,0.169866,0.17156069296014725,0.17156465999999998,0.82784953,0.17156465999999998,18.095971801186394,,,,,,,,,,,,
10:50:39.932,,,,,,44.55517452013905,,,,7.34210422974082,,3.311313178805554,3.311316,9.387972,3.311316,,,,,,,,,,,,,,,,,,,,,,,0.010050832224239891,63,
10:50:40.229,,,,,,,,,,,,,,,,,,,1,,,,,,,,,,,,,,,,,25.49019607843137,,,,
10:50:40.383,,,,,,,,,,,,,,,,,,,,,,,,,,,,,,,,,14.64804285,3.308396,,,,,,
10:50:40.712,,,,,,,,-0.08,,,,,,,,,,,,,,,,,,,,,,93,,,,,,,,,,
10:50:40.951,5.182157386737967,5.18225986284607,8.749365677699082,5.18225986284607,5.124788913233065,,,,,,4.546253029796217,,,,,,1611,1.6,,0.1715974604934998,0.171601,0.821388,0.171601,0.1733134350984348,0.17331701,0.82960188,0.17331701,17.785841565086912,,,,,,,,,,,,
10:50:41.281,,,,,,44.64747983371956,,,,7.216274650470186,,3.334862242805554,3.334865,9.411521,3.334865,,,,,,,,,,,,,,,,,,,,,,,0.00513198631336829,63,
10:50:41.568,,,,,,,,,,,,,,,,,,,1,,,,,,,,,,,,,,,,,25.098039215686274,,,,
10:50:41.715,,,,,,,,,,,,,,,,,,,,,,,,,,,,,,,,,14.62562535,3.287046,,,,,,
10:50:42.105,,,,,,,,-0.09,,,,,,,,,,,,,,,,,,,,,,92,,,,,,,,,,
10:50:42.339,5.196640861386779,5.1967321015993155,8.745568330559959,5.1967321015993155,5.141291767377595,,,,,,4.414791820791796,,,,,,1579,1.6,,0.17330081398059302,0.173304,0.823091,0.173304,0.17503382212039895,0.17503704,0.83132191,0.17503704,17.27153929902667,,,,,,,,,,,,
10:50:42.691,,,,,,44.74347842483142,,,,7.007606064748883,,3.3596061525555543,3.359609,9.436264999999999,3.359609,,,,,,,,,,,,,,,,,,,,,,,0.005117473158669933,63,
10:50:43.019,,,,,,,,,,,,,,,,,,,1,,,,,,,,,,,,,,,,,25.098039215686274,,,,
10:50:43.175,,,,,,,,,,,,,,,,,,,,,,,,,,,,,,,,,14.750266649999999,3.33792,,,,,,
10:50:43.522,,,,,,,,-0.08,,,,,,,,,,,,,,,,,,,,,,93,,,,,,,,,,
10:50:43.760,5.210110999076987,5.210189638139439,8.741053796178893,5.210189638139439,5.157409991206696,,,,,,4.405450594085145,,,,,,1572,1.6,,0.17503920967996411,0.175042,0.824829,0.175042,0.17678960177676376,0.17679242,0.8330772900000001,0.17679242,17.23499457150289,,,,,,,,,,,,
10:50:44.124,,,,,,44.83958989461911,,,,6.992778720770071,,3.3846412185555543,3.384644,9.4613,3.384644,,,,,,,,,,,,,,,,,,,,,,,0.005110398155389034,63,
10:50:44.429,,,,,,,,,,,,,,,,,,,1,,,,,,,,,,,,,,,,,25.098039215686274,,,,
10:50:44.592,,,,,,,,,,,,,,,,,,,,,,,,,,,,,,,,,14.70005145,3.310836,,,,,,
10:50:44.945,,,,,,,,-0.12,,,,,,,,,,,,,,,,,,,,,,89,,,,,,,,,,
10:50:45.194,5.221207095774876,5.221287674567842,8.735681143183283,5.221287674567842,5.172897396833029,,,,,,4.214224094811618,,,,,,1566,1.6,,0.1767191274697438,0.176722,0.8265089999999999,0.176722,0.17848631874444124,0.17848922,0.83477409,0.17848922,16.486878662240006,,,,,,,,,,,,
10:50:45.539,,,,,,44.93373452476382,,,,6.689244594939075,,3.409422212555554,3.409425,9.486081,3.409425,,,,,,,,,,,,,,,,,,,,,,,0,63,
10:50:45.823,,,,,,,,,,,,,,,,,,,1,,,,,,,,,,,,,,,,,25.098039215686274,,,,
10:50:46.022,,,,,,,,,,,,,,,,,,,,,,,,,,,,,,,,,14.7049833,3.323158,,,,,,
10:50:46.388,,,,,,,,-0.11,,,,,,,,,,,,,,,,,,,,,,90,,,,,,,,,,
10:50:46.632,5.233156649374037,5.233228476942593,8.73079198880971,5.233228476942593,5.187134337668457,,,,,,4.2628660529966,,,,,,1567,1.6,,0.1784204052215864,0.178423,0.82821,0.178423,0.18020460927380225,0.18020723,0.8364921000000001,0.18020723,16.677175629,,,,,,,,,,,,
10:50:46.980,,,,,,45.02858154881231,,,,6.766454052375555,,3.4346506395555543,3.434653,9.511309,3.434653,,,,,,,,,,,,,,,,,,,,,,,0,63,
10:50:47.271,,,,,,,,,,,,,,,,,,,1,,,,,,,,,,,,,,,,,25.098039215686274,,,,
10:50:47.468,,,,,,,,,,,,,,,,,,,,,,,,,,,,,,,,,14.748473249999998,3.3367,,,,,,
10:50:47.837,,,,,,,,-0.11,,,,,,,,,,,,,,,,,,,,,,90,,,,,,,,,,
10:50:48.061,5.243905156486299,5.243964965310906,8.725392056971337,5.243964965310906,5.200780165220065,,,,,,4.253008191814786,,,,,,1568,1.6,,0.18010982199494338,0.180112,0.8298989999999999,0.180112,0.18191092021489283,0.18191311999999998,0.8381979900000001,0.18191311999999998,16.638609725166397,,,,,,,,,,,,
10:50:48.409,,,,,,45.121541852566565,,,,6.750806653674263,,3.4596369610555544,3.459639,9.536294999999999,3.459639,,,,,,,,,,,,,,,,,,,,,,,0,63,
10:50:48.709,,,,,,,,,,,,,,,,,,,1,,,,,,,,,,,,,,,,,24.705882352941178,,,,
10:50:48.864,,,,,,,,,,,,,,,,,,,,,,,,,,,,,,,,,14.80137855,3.308396,,,,,,
10:50:49.227,,,,,,,,-0.11,,,,,,,,,,,,,,,,,,,,,,90,,,,,,,,,,
10:50:49.468,5.25344137361516,5.2534961017609065,8.71972815438281,5.2534961017609065,5.213402392940569,,,,,,4.197266213802867,,,,,,1553,1.6,,0.18174999948897466,0.181752,0.831539,0.181752,0.18356749948386442,0.18356951999999999,0.83985439,0.18356951999999999,16.420536075735363,,,,,,,,,,,,
10:50:49.930,,,,,,45.22502097482615,,,,6.55822845906698,,3.486682761944443,3.486685,9.563341,3.486685,,,,,,,,,,,,,,,,,,,,,,,0.004878936159846532,64,
10:50:50.237,,,,,,,,,,,,,,,,,,,1,,,,,,,,,,,,,,,,,24.705882352941178,,,,
10:50:50.392,,,,,,,,,,,,,,,,,,,,,,,,,,,,,,,,,14.765958899999998,3.3367,,,,,,
10:50:50.732,,,,,,,,-0.08,,,,,,,,,,,,,,,,,,,,,,93,,,,,,,,,,
10:50:50.963,5.264196140308351,5.264255302672882,8.71384801608559,5.264255302672882,5.23180832514607,,,,,,4.327982530729048,,,,,,1546,1.5,,0.18354581937907596,0.183548,0.8333349999999999,0.183548,0.18538127757286674,0.18538348,0.84166835,0.18538348,16.9319241765699,,,,,,,,,,,,
10:50:51.332,,,,,,45.319401662836526,,,,6.7624727042641375,,3.511611826833332,3.511614,9.58827,3.511614,,,,,,,,,,,,,,,,,,,,,,,0.004889853061172498,64,
10:50:51.620,,,,,,,,,,,,,,,,,,,1,,,,,,,,,,,,,,,,,24.705882352941178,,,,
10:50:51.795,,,,,,,,,,,,,,,,,,,,,,,,,,,,,,,,,14.76192375,3.316448,,,,,,
10:50:52.131,,,,,,,,-0.11,,,,,,,,,,,,,,,,,,,,,,90,,,,,,,,,,
10:50:52.381,5.2737711471828606,5.273842740118932,8.708390564721268,5.273842740118932,5.242826937402653,,,,,,4.181385357042525,,,,,,1543,1.5,,0.1851943713245972,0.185197,0.834984,0.185197,0.1870463150378432,0.18704897,0.84333384,0.18704897,16.35840702123574,,,,,,,,,,,,
10:50:52.757,,,,,,45.41449408079421,,,,6.533414620378945,,3.5369849432777762,3.536987,9.613643,3.536987,,,,,,,,,,,,,,,,,,,,,,,0.004902657591150511,64,
10:50:53.088,,,,,,,,,,,,,,,,,,,1,,,,,,,,,,,,,,,,,24.705882352941178,,,,
10:50:53.245,,,,,,,,,,,,,,,,,,,,,,,,,,,,,,,,,14.742196349999999,3.34951,,,,,,
10:50:53.589,,,,,,,,-0.08,,,,,,,,,,,,,,,,,,,,,,93,,,,,,,,,,
10:50:53.850,5.285996339009891,5.28608106278027,8.703828507049826,5.28608106278027,5.253667700250211,,,,,,4.3405666566831265,,,,,,1548,1.5,,0.18696489461299434,0.186968,0.836755,0.186968,0.1888345435591243,0.18883768,0.84512255,0.18883768,16.98115576772583,,,,,,,,,,,,
10:50:54.199,,,,,,45.50941354059593,,,,6.782135401067385,,3.5625721734999987,3.562574,9.63923,3.562574,,,,,,,,,,,,,,,,,,,,,,,0.004892618593979639,64,
10:50:54.507,,,,,,,,,,,,,,,,,,,1,,,,,,,,,,,,,,,,,24.705882352941178,,,,
10:50:54.692,,,,,,,,,,,,,,,,,,,,,,,,,,,,,,,,,14.709915149999999,3.307176,,,,,,
10:50:55.050,,,,,,,,-0.1,,,,,,,,,,,,,,,,,,,,,,91,,,,,,,,,,
10:50:55.280,5.295475540338065,5.295553159036135,8.698257018454793,5.295553159036135,5.264277478044952,,,,,,4.253792044078185,,,,,,1547,1.5,,0.1886551380545826,0.188658,0.838445,0.188658,0.19054168943512842,0.19054458,0.84682945,0.19054458,16.641676310346742,,,,,,,,,,,,
10:50:55.635,,,,,,45.608341164123566,,,,6.544295452427978,,3.5885306023888877,3.588532,9.665188,3.588532,,,,,,,,,,,,,,,,,,,,,,,0.004965173583476994,65,
10:50:55.937,,,,,,,,,,,,,,,,,,,1,,,,,,,,,,,,,,,,,24.705882352941178,,,,
10:50:56.111,,,,,,,,,,,,,,,,,,,,,,,,,,,,,,,,,14.6924295,3.310836,,,,,,
10:50:56.460,,,,,,,,-0.09,,,,,,,,,,,,,,,,,,,,,,92,,,,,,,,,,
10:50:56.701,5.304737572210207,5.30481545099779,8.692557247722444,5.30481545099779,5.274503324164405,,,,,,4.325137738631261,,,,,,1554,1.6,,0.19036213115518458,0.190365,0.840152,0.190365,0.1922657524667364,0.19226865,0.8485535200000001,0.19226865,16.92079478689334,,,,,,,,,,,,
10:50:57.032,,,,,,45.703401621307755,,,,6.6540580594327094,,3.613725051972221,3.613726,9.690382,3.613726,,,,,,,,,,,,,,,,,,,,,,,0.004969009985366872,65,
10:50:57.330,,,,,,,,,,,,,,,,,,,1,,,,,,,,,,,,,,,,,24.705882352941178,,,,
10:50:57.488,,,,,,,,,,,,,,,,,,,,,,,,,,,,,,,,,14.7363678,3.3367,,,,,,
10:50:57.850,,,,,,,,-0.12,,,,,,,,,,,,,,,,,,,,,,89,,,,,,,,,,
10:50:58.131,5.313394542459263,5.313463167932488,8.686974362826977,5.313463167932488,5.2844303793034,,,,,,4.150149677682941,,,,,,1546,1.5,,0.19201146969097513,0.192014,0.841801,0.192014,0.19393158438788488,0.19393414,0.85021901,0.19393414,16.236206861977934,,,,,,,,,,,,
10:50:58.490,,,,,,45.801718544354365,,,,6.384845657973755,,3.640045050583332,3.640046,9.716702,3.640046,,,,,,,,,,,,,,,,,,,,,,,0.004941295182192209,65,
10:50:58.796,,,,,,,,,,,,,,,,,,,1,,,,,,,,,,,,,,,,,24.705882352941178,,,,
10:50:58.971,,,,,,,,,,,,,,,,,,,,,,,,,,,,,,,,,14.750266649999999,3.33548,,,,,,
10:50:59.299,,,,,,,,-0.1,,,,,,,,,,,,,,,,,,,,,,91,,,,,,,,,,
10:50:59.556,5.321035117954961,5.321114073833133,8.680702567599582,5.321114073833133,5.2940866284948,,,,,,4.239412995427116,,,,,,1546,1.5,,0.1936880754509205,0.193691,0.843478,0.193691,0.19562495620542972,0.19562791000000002,0.85191278,0.19562791000000002,16.5854226263814,,,,,,,,,,,,
10:50:59.892,,,,,,45.895419167422844,,,,6.52217383911864,,3.6653813572499985,3.665382,9.742038,3.665382,,,,,,,,,,,,,,,,,,,,,,,0.0049750882210942895,65,
10:51:00.198,,,,,,,,,,,,,,,,,,,1,,,,,,,,,,,,,,,,,24.705882352941178,,,,
10:51:00.351,,,,,,,,,,,,,,,,,,,,,,,,,,,,,,,,,14.729642550000001,3.326818,,,,,,
10:51:00.677,,,,,,,,-0.08,,,,,,,,,,,,,,,,,,,,,,93,,,,,,,,,,
10:51:00.919,5.328670742470052,5.328748817994959,8.674837852202998,5.328748817994959,5.2984096427417064,,,,,,4.302170439629321,,,,,,1533,1.5,,0.1953161039837324,0.195319,0.845106,0.195319,0.19726926502356973,0.19727219,0.85355706,0.19727219,16.83094216792356,,,,,,,,,,,,
10:51:01.342,,,,,,45.99618268972627,,,,6.518440060044425,,3.691932561416665,3.691933,9.768589,3.691933,,,,,,,,,,,,,,,,,,,,,,,0.004963618500875416,66,
10:51:01.666,,,,,,,,,,,,,,,,,,,1,,,,,,,,,,,,,,,,,24.705882352941178,,,,
10:51:01.828,,,,,,,,,,,,,,,,,,,,,,,,,,,,,,,,,14.76909735,3.320108,,,,,,
10:51:02.193,,,,,,,,-0.09,,,,,,,,,,,,,,,,,,,,,,92,,,,,,,,,,
10:51:02.432,5.338833755924823,5.338910538192324,8.669583703439667,5.338910538192324,5.31259194433818,,,,,,4.25561624410299,,,,,,1537,1.5,,0.19710614183489286,0.197109,0.846896,0.197109,0.1990772032532418,0.19908009000000002,0.8553649600000001,0.19908009000000002,16.64881294185659,,,,,,,,,,,,
10:51:02.762,,,,,,46.09413080652417,,,,6.447903400156045,,3.7179995492499986,3.718,9.794656,3.718,,,,,,,,,,,,,,,,,,,,,,,0.004943780097542331,66,
10:51:03.057,,,,,,,,,,,,,,,,,,,1,,,,,,,,,,,,,,,,,24.705882352941178,,,,
10:51:03.212,,,,,,,,,,,,,,,,,,,,,,,,,,,,,,,,,14.69825805,3.324378,,,,,,
10:51:03.543,,,,,,,,-0.07,,,,,,,,,,,,,,,,,,,,,,94,,,,,,,,,,
10:51:03.773,5.345120892598282,5.3451855836471225,8.663101593358663,5.3451855836471225,5.316658062870693,,,,,,4.366243154532351,,,,,,1536,1.5,,0.19873157069367162,0.198734,0.848521,0.198734,0.20071888640060834,0.20072134,0.85700621,0.20072134,17.081607308742036,,,,,,,,,,,,
10:51:04.124,,,,,,46.187075872767416,,,,6.615519931109623,,3.7429733937499985,3.742974,9.81963,3.742974,,,,,,,,,,,,,,,,,,,,,,,0.005027104377745509,66,
10:51:04.443,,,,,,,,,,,,,,,,,,,1,,,,,,,,,,,,,,,,,24.705882352941178,,,,
10:51:04.596,,,,,,,,,,,,,,,,,,,,,,,,,,,,,,,,,14.791514849999999,3.3606119999999997,,,,,,
10:51:04.944,,,,,,,,-0.12,,,,,,,,,,,,,,,,,,,,,,89,,,,,,,,,,
10:51:05.205,5.352909489669309,5.352962644143401,8.657627629554272,5.352962644143401,5.32502220670312,,,,,,4.083862450519918,,,,,,1527,1.5,,0.20035797798984106,0.20036,0.850147,0.20036,0.20236155776973946,0.2023636,0.85864847,0.2023636,15.976878110941982,,,,,,,,,,,,
10:51:05.531,,,,,,46.28211213519918,,,,6.187670379575634,,3.768752577583332,3.768753,9.845409,3.768753,,,,,,,,,,,,,,,,,,,,,,,0.005022751747973693,66,
10:51:05.881,,,,,,,,,,,,,,,,,,,1,,,,,,,,,,,,,,,,,24.705882352941178,,,,
10:51:06.045,,,,,,,,,,,,,,,,,,,,,,,,,,,,,,,,,14.7632688,3.318888,,,,,,
10:51:06.408,,,,,,,,-0.08,,,,,,,,,,,,,,,,,,,,,,93,,,,,,,,,,
10:51:06.630,5.361385081173698,5.36142856801706,8.652215464080772,5.36142856801706,5.333260899307575,,,,,,4.2979713625033265,,,,,,1535,1.5,,0.20205733844090196,0.202059,0.851846,0.202059,0.204077911825311,0.20407958999999998,0.86036446,0.20407958999999998,16.81451454720095,,,,,,,,,,,,
10:51:06.997,,,,,,46.380155288221886,,,,6.512077821974737,,3.7956091197499986,3.79561,9.872266,3.79561,,,,,,,,,,,,,,,,,,,,,,,0,66,
10:51:07.309,,,,,,,,,,,,,,,,,,,1,,,,,,,,,,,,,,,,,24.313725490196077,,,,
10:51:07.488,,,,,,,,,,,,,,,,,,,,,,,,,,,,,,,,,14.7247107,3.315228,,,,,,
10:51:07.836,,,,,,,,-0.11,,,,,,,,,,,,,,,,,,,,,,90,,,,,,,,,,
10:51:08.084,5.367617162997158,5.3676484148792944,8.64565440193771,5.3676484148792944,5.341120848155943,,,,,,4.151201447145478,,,,,,1528,1.5,,0.20373376655198627,0.203735,0.853522,0.203735,0.20577110421750613,0.20577235,0.8620572200000001,0.20577235,16.240321592262646,,,,,,,,,,,,
10:51:08.413,,,,,,46.4788851618775,,,,6.1958230554410125,,3.821988932972221,3.82199,9.898646,3.82199,,,,,,,,,,,,,,,,,,,,,,,0.005012723241464306,67,
10:51:08.702,,,,,,,,,,,,,,,,,,,1,,,,,,,,,,,,,,,,,24.705882352941178,,,,
10:51:08.875,,,,,,,,,,,,,,,,,,,,,,,,,,,,,,,,,14.7453348,3.315228,,,,,,
10:51:09.208,,,,,,,,-0.1,,,,,,,,,,,,,,,,,,,,,,91,,,,,,,,,,
10:51:09.464,5.372618005600235,5.372646186934031,8.63884818186245,5.372646186934031,5.348523781048565,,,,,,4.19145516479189,,,,,,1528,1.5,,0.20534086558491385,0.205342,0.855129,0.205342,0.20739427424076298,0.20739542,0.86368029,0.20739542,16.397802101986258,,,,,,,,,,,,
10:51:09.830,,,,,,46.57662983124838,,,,6.255903231032672,,3.848356751333332,3.848358,9.925014000000001,3.848358,,,,,,,,,,,,,,,,,,,,,,,0.004964179586019419,67,
10:51:10.116,,,,,,,,,,,,,,,,,,,1,,,,,,,,,,,,,,,,,24.313725490196077,,,,
10:51:10.265,,,,,,,,,,,,,,,,,,,,,,,,,,,,,,,,,14.7677523,3.321938,,,,,,
10:51:10.620,,,,,,,,-0.11,,,,,,,,,,,,,,,,,,,,,,90,,,,,,,,,,
10:51:10.857,5.377588416223688,5.377618194565058,8.632098654974188,5.377618194565058,5.355592943332156,,,,,,4.158064350358431,,,,,,1535,1.5,,0.2069487868746635,0.20695,0.856737,0.20695,0.20901827474341014,0.2090195,0.86530437,0.2090195,16.267170627813925,,,,,,,,,,,,
10:51:11.207,,,,,,46.67071307662339,,,,6.206066194564822,,3.8739763434722208,3.873978,9.950634,3.873978,,,,,,,,,,,,,,,,,,,,,,,0.004990716685209345,67,
10:51:11.523,,,,,,,,,,,,,,,,,,,1,,,,,,,,,,,,,,,,,24.313725490196077,,,,
10:51:11.693,,,,,,,,,,,,,,,,,,,,,,,,,,,,,,,,,14.774925899999998,3.312056,,,,,,
10:51:12.036,,,,,,,,-0.1,,,,,,,,,,,,,,,,,,,,,,91,,,,,,,,,,
10:51:12.279,5.384831414965062,5.38485246947711,8.626535756415118,5.38485246947711,5.3626130273940324,,,,,,4.191273368103697,,,,,,1531,1.5,,0.20860709515160694,0.208608,0.858395,0.208608,0.21069316610312303,0.21069407999999998,0.86697895,0.21069407999999998,16.397090877364118,,,,,,,,,,,,
10:51:12.631,,,,,,46.76717528546282,,,,6.255631892692085,,3.9004911226111094,3.900493,9.977149,3.900493,,,,,,,,,,,,,,,,,,,,,,,0.005027382579026671,67,
10:51:12.926,,,,,,,,,,,,,,,,,,,1,,,,,,,,,,,,,,,,,24.705882352941178,,,,
10:51:13.081,,,,,,,,,,,,,,,,,,,,,,,,,,,,,,,,,14.7453348,3.310836,,,,,,
10:51:13.430,,,,,,,,-0.11,,,,,,,,,,,,,,,,,,,,,,90,,,,,,,,,,
10:51:13.666,5.389131369126102,5.3891392703435175,8.61959664028271,5.3891392703435175,5.368900229044192,,,,,,4.145395217926045,,,,,,1528,1.5,,0.21020259063861413,0.210203,0.85999,0.210203,0.21230461654500027,0.21230503,0.8685899,0.21230503,16.2176064744919,,,,,,,,,,,,
10:51:14.000,,,,,,46.85902220551341,,,,6.187157041680664,,3.925973327527776,3.925975,10.002631000000001,3.925975,,,,,,,,,,,,,,,,,,,,,,,0,67,
10:51:14.288,,,,,,,,,,,,,,,,,,,1,,,,,,,,,,,,,,,,,24.313725490196077,,,,
10:51:14.447,,,,,,,,,,,,,,,,,,,,,,,,,,,,,,,,,14.70005145,3.321938,,,,,,
10:51:14.781,,,,,,,,-0.1,,,,,,,,,,,,,,,,,,,,,,91,,,,,,,,,,
10:51:14.999,5.394000451282734,5.393997669368756,8.613273847650682,5.393997669368756,5.375010173879748,,,,,,4.220876191335061,,,,,,1534,1.5,,0.211767019004088,0.211767,0.861554,0.211767,0.2138846891941289,0.21388467,0.87016954,0.21388467,16.512902980302865,,,,,,,,,,,,
10:51:15.352,,,,,,46.948897111569906,,,,6.299815210947853,,3.95113439772222,3.951136,10.027792,3.951136,,,,,,,,,,,,,,,,,,,,,,,0,67,
10:51:15.672,,,,,,,,,,,,,,,,,,,1,,,,,,,,,,,,,,,,,24.313725490196077,,,,
10:51:15.836,,,,,,,,,,,,,,,,,,,,,,,,,,,,,,,,,14.734574399999998,3.314008,,,,,,
10:51:16.191,,,,,,,,-0.09,,,,,,,,,,,,,,,,,,,,,,92,,,,,,,,,,
10:51:16.429,5.402216341419253,5.402218501210791,8.608435436235615,5.402218501210791,5.381173530348492,,,,,,4.232283889887636,,,,,,1525,1.5,,0.21344882810518698,0.213449,0.863236,0.213449,0.21558331638623884,0.21558349,0.87186836,0.21558349,16.557532154646786,,,,,,,,,,,,
10:51:16.777,,,,,,47.04269008875716,,,,6.316841626697965,,3.9776340106666646,3.977636,10.054292,3.977636,,,,,,,,,,,,,,,,,,,,,,,0,67,
10:51:17.081,,,,,,,,,,,,,,,,,,,1,,,,,,,,,,,,,,,,,24.313725490196077,,,,
10:51:17.245,,,,,,,,,,,,,,,,,,,,,,,,,,,,,,,,,14.778961050000001,3.34707,,,,,,
10:51:17.667,,,,,,,,-0.09,,,,,,,,,,,,,,,,,,,,,,92,,,,,,,,,,
10:51:17.919,5.40990917321582,5.409921873193022,8.603032416404854,5.409921873193022,5.387239041853757,,,,,,4.20573812150128,,,,,,1520,1.5,,0.21518638722000824,0.215187,0.864974,0.215187,0.21733825109220833,0.21733887,0.87362374,0.21733887,16.453679855258954,,,,,,,,,,,,
10:51:18.230,,,,,,47.13751424862434,,,,6.277221076867583,,4.004679377694442,4.004681,10.081337,4.004681,,,,,,,,,,,,,,,,,,,,,,,0,67,
10:51:18.526,,,,,,,,,,,,,,,,,,,1,,,,,,,,,,,,,,,,,23.92156862745098,,,,
10:51:18.675,,,,,,,,,,,,,,,,,,,,,,,,,,,,,,,,,14.76192375,3.307176,,,,,,
10:51:19.011,,,,,,,,-0.09,,,,,,,,,,,,,,,,,,,,,,92,,,,,,,,,,
10:51:19.281,5.412434223867378,5.412441090813476,8.595467049658195,5.412441090813476,5.392841174462534,,,,,,4.1274883325656315,,,,,,1490,1.5,,0.21675063719449314,0.216751,0.866538,0.216751,0.21891814356643807,0.21891851,0.8752033800000001,0.21891851,16.147551195153707,,,,,,,,,,,,
10:51:19.595,,,,,,47.22581790596867,,,,6.160430347112883,,4.03009823597222,4.0301,10.106756,4.0301,,,,,,,,,,,,,,,,,,,,,,,0,67,
10:51:19.935,,,,,,,,,,,,,,,,,,,1,,,,,,,,,,,,,,,,,23.92156862745098,,,,
10:51:20.097,,,,,,,,,,,,,,,,,,,,,,,,,,,,,,,,,14.751163349999999,3.35378,,,,,,
10:51:20.457,,,,,,,,-0.13,,,,,,,,,,,,,,,,,,,,,,88,,,,,,,,,,
10:51:20.699,5.4168583347073,5.416863105133868,8.589224870967499,5.416863105133868,5.398371215600918,,,,,,3.9456090162206983,,,,,,1488,1.5,,0.21830471219215306,0.218305,0.868092,0.218305,0.22048775931407458,0.22048805,0.8767729200000001,0.22048805,15.436003315333584,,,,,,,,,,,,
10:51:21.079,,,,,,47.321055198287155,,,,5.888968680926416,,4.05776868322222,4.05777,10.134426,4.05777,,,,,,,,,,,,,,,,,,,,,,,0,67,
10:51:21.380,,,,,,,,,,,,,,,,,,,1,,,,,,,,,,,,,,,,,23.529411764705884,,,,
10:51:21.552,,,,,,,,,,,,,,,,,,,,,,,,,,,,,,,,,14.7543018,3.33121,,,,,,
10:51:21.895,,,,,,,,-0.12,,,,,,,,,,,,,,,,,,,,,,89,,,,,,,,,,
10:51:22.134,5.418897880930853,5.4189123582657475,8.58138388893461,5.4189123582657475,5.403534898689312,,,,,,3.973509574464113,,,,,,1482,1.5,,0.21988634118820466,0.219887,0.8696740000000001,0.219887,0.2220852046000867,0.22208587,0.87837074,0.22208587,15.545155820757838,,,,,,,,,,,,
10:51:22.488,,,,,,47.41028178865362,,,,5.930611305170318,,4.083936878805554,4.083938,10.160594,4.083938,,,,,,,,,,,,,,,,,,,,,,,0,67,
10:51:22.776,,,,,,,,,,,,,,,,,,,1,,,,,,,,,,,,,,,,,23.529411764705884,,,,
10:51:22.934,,,,,,,,,,,,,,,,,,,,,,,,,,,,,,,,,14.713053599999999,3.34158,,,,,,
10:51:23.274,,,,,,,,-0.13,,,,,,,,,,,,,,,,,,,,,,88,,,,,,,,,,
10:51:23.521,5.421368311573603,5.4213849475677645,8.574232963151564,5.4213849475677645,5.408102010765381,,,,,,3.93987800919561,,,,,,1482,1.5,,0.22140525981223236,0.221406,0.871193,0.221406,0.22361931241035468,0.22362005999999998,0.87990493,0.22362005999999998,15.413582481673743,,,,,,,,,,,,
10:51:23.865,,,,,,47.49680724931212,,,,5.880414939097926,,4.109541567166665,4.109543,10.186199,4.109543,,,,,,,,,,,,,,,,,,,,,,,0,67,
10:51:24.151,,,,,,,,,,,,,,,,,,,1,,,,,,,,,,,,,,,,,23.137254901960784,,,,
10:51:24.305,,,,,,,,,,,,,,,,,,,,,,,,,,,,,,,,,14.719778849999999,3.32877,,,,,,
10:51:24.661,,,,,,,,-0.13,,,,,,,,,,,,,,,,,,,,,,88,,,,,,,,,,
10:51:24.886,5.423468139945836,5.423474094321437,8.567150514141732,5.423474094321437,5.412394107117848,,,,,,3.890247030886086,,,,,,1464,1.5,,0.2228796775931149,0.22288,0.872667,0.22288,0.22510847436904605,0.2251088,0.88139367,0.2251088,15.219416272457485,,,,,,,,,,,,
10:51:25.231,,,,,,47.5820734185076,,,,5.8063388520687855,,4.134996834361109,4.134998,10.211654,4.134998,,,,,,,,,,,,,,,,,,,,,,,0,67,
10:51:25.526,,,,,,,,,,,,,,,,,,,1,,,,,,,,,,,,,,,,,23.137254901960784,,,,
10:51:25.684,,,,,,,,,,,,,,,,,,,,,,,,,,,,,,,,,14.682565799999999,3.312056,,,,,,
10:51:26.012,,,,,,,,-0.15,,,,,,,,,,,,,,,,,,,,,,86,,,,,,,,,,
10:51:26.244,5.424891711280183,5.4248877508526,8.55988657665056,5.4248877508526,5.416255514617529,,,,,,3.816675015813369,,,,,,1466,1.5,,0.22431910052895376,0.224319,0.874106,0.224319,0.22656229153424332,0.22656219,0.88284706,0.22656219,14.931587989444784,,,,,,,,,,,,
10:51:26.587,,,,,,47.661653118916384,,,,5.782840933050559,,4.159886431694442,4.159888,10.236543999999999,4.159888,,,,,,,,,,,,,,,,,,,,,,,-0.005142165659934324,66,
10:51:26.880,,,,,,,,,,,,,,,,,,,1,,,,,,,,,,,,,,,,,22.745098039215687,,,,
10:51:27.037,,,,,,,,,,,,,,,,,,,,,,,,,,,,,,,,,14.6915328,3.293756,,,,,,
10:51:27.383,,,,,,,,-0.13,,,,,,,,,,,,,,,,,,,,,,88,,,,,,,,,,
10:51:27.620,5.427683606144001,5.427670168042987,8.553394583171821,5.427670168042987,5.419438922708121,,,,,,3.833829293803863,,,,,,1440,1.4,,0.2257854738872879,0.225785,0.875572,0.225785,0.22804332862616078,0.22804285000000002,0.88432772,0.22804285000000002,14.998698919809357,,,,,,,,,,,,
10:51:27.974,,,,,,47.74215160477286,,,,5.808832263339187,,4.185284133694442,4.185286,10.261942,4.185286,,,,,,,,,,,,,,,,,,,,,,,-0.005164004132759815,66,
10:51:28.277,,,,,,,,,,,,,,,,,,,1,,,,,,,,,,,,,,,,,22.352941176470587,,,,
10:51:28.440,,,,,,,,,,,,,,,,,,,,,,,,,,,,,,,,,14.7677523,3.32999,,,,,,
10:51:28.773,,,,,,,,-0.16,,,,,,,,,,,,,,,,,,,,,,85,,,,,,,,,,
10:51:29.059,5.430155088398677,5.4301426473603005,8.546666897941929,5.4301426473603005,5.421969662105979,,,,,,3.709601383870261,,,,,,1450,1.4,,0.22726741934975125,0.227267,0.877054,0.227267,0.22954009354324878,0.22953967,0.88582454,0.22953967,14.512694751198449,,,,,,,,,,,,
10:51:29.388,,,,,,47.82358560718403,,,,5.620608157379183,,4.211205892194442,4.211208,10.287863999999999,4.211208,,,,,,,,,,,,,,,,,,,,,,,-0.005128295021640429,66,
10:51:29.744,,,,,,,,,,,,,,,,,,,1,,,,,,,,,,,,,,,,,22.352941176470587,,,,
10:51:29.904,,,,,,,,,,,,,,,,,,,,,,,,,,,,,,,,,14.61576165,3.308396,,,,,,
10:51:30.282,,,,,,,,-0.13,,,,,,,,,,,,,,,,,,,,,,88,,,,,,,,,,
10:51:30.527,5.433951456711138,5.433927747097745,8.540363675103015,5.433927747097745,5.424659316211448,,,,,,3.84567611131961,,,,,,1437,1.4,,0.22883488392400517,0.228834,0.878621,0.228834,0.23112323276324523,0.23112234,0.88740721,0.23112234,15.045046014439725,,,,,,,,,,,,
10:51:30.888,,,,,,47.90445449589702,,,,5.916424786645554,,4.23828137497222,4.238283,10.314938999999999,4.238283,,,,,,,,,,,,,,,,,,,,,,,-0.01001519540352022,65,
10:51:31.203,,,,,,,,,,,,,,,,,,,1,,,,,,,,,,,,,,,,,21.96078431372549,,,,
10:51:31.364,,,,,,,,,,,,,,,,,,,,,,,,,,,,,,,,,14.69736135,3.298026,,,,,,
10:51:31.717,,,,,,,,-0.18,,,,,,,,,,,,,,,,,,,,,,83,,,,,,,,,,
10:51:31.967,5.433215026230679,5.433190752009717,8.53190697492249,5.433190752009717,5.42670390265187,,,,,,3.5944831717114436,,,,,,1432,1.4,,0.23027494051892686,0.230274,0.880061,0.230274,0.23257768992411612,0.23257674,0.88886161,0.23257674,14.062329523109822,,,,,,,,,,,,
10:51:32.341,,,,,,47.98206835317767,,,,5.529974110325298,,4.264509046499998,4.264511,10.341166999999999,4.264511,,,,,,,,,,,,,,,,,,,,,,,-0.00492289391006394,65,
10:51:32.637,,,,,,,,,,,,,,,,,,,1,,,,,,,,,,,,,,,,,21.96078431372549,,,,
10:51:32.791,,,,,,,,,,,,,,,,,,,,,,,,,,,,,,,,,14.730539249999998,3.32999,,,,,,
10:51:33.157,,,,,,,,-0.17,,,,,,,,,,,,,,,,,,,,,,84,,,,,,,,,,
10:51:33.387,5.432989619235737,5.432955853555074,8.523950923527297,5.432955853555074,5.428465369939982,,,,,,3.5915772085431676,,,,,,1417,1.4,,0.2316903338077138,0.231689,0.881476,0.231689,0.23400723714579094,0.23400589000000002,0.8902907600000001,0.23400589000000002,14.050960820099629,,,,,,,,,,,,
10:51:33.735,,,,,,48.05153790154472,,,,5.6118393883487,,4.289285874944443,4.289288,10.365943999999999,4.289288,,,,,,,,,,,,,,,,,,,,,,,-0.009832451395441493,64,
10:51:34.024,,,,,,,,,,,,,,,,,,,1,,,,,,,,,,,,,,,,,21.568627450980394,,,,
10:51:34.175,,,,,,,,,,,,,,,,,,,,,,,,,,,,,,,,,14.727849149999997,3.33243,,,,,,
10:51:34.529,,,,,,,,-0.22,,,,,,,,,,,,,,,,,,,,,,79,,,,,,,,,,
10:51:34.769,5.431677295355767,5.431647396957257,8.516021309781337,5.431647396957257,5.429753992912753,,,,,,3.3593362270698117,,,,,,1409,1.4,,0.23298016700225924,0.232979,0.8827659999999999,0.232979,0.23530996867228182,0.23530879,0.8915936600000001,0.23530879,13.142388139623344,,,,,,,,,,,,
10:51:35.120,,,,,,48.120116432096694,,,,5.248962854796581,,4.313957544277776,4.31396,10.390616,4.31396,,,,,,,,,,,,,,,,,,,,,,,-0.009883006725535772,64,
10:51:35.468,,,,,,,,,,,,,,,,,,,1,,,,,,,,,,,,,,,,,21.176470588235293,,,,
10:51:35.635,,,,,,,,,,,,,,,,,,,,,,,,,,,,,,,,,14.661941699999998,3.305346,,,,,,
10:51:36.037,,,,,,,,-0.22,,,,,,,,,,,,,,,,,,,,,,79,,,,,,,,,,
10:51:36.253,5.432580477429467,5.4325492123246395,8.50907203191803,5.4325492123246395,5.43175036707221,,,,,,3.34569791246609,,,,,,1397,1.4,,0.23435921535503013,0.234358,0.884145,0.234358,0.23670280750858044,0.23670158000000002,0.89298645,0.23670158000000002,13.089032353843976,,,,,,,,,,,,
10:51:36.631,,,,,,48.194013065214726,,,,5.227652988228266,,4.340782079388887,4.340785,10.417441,4.340785,,,,,,,,,,,,,,,,,,,,,,,-0.004931534391668997,64,
10:51:36.940,,,,,,,,,,,,,,,,,,,1,,,,,,,,,,,,,,,,,21.176470588235293,,,,
10:51:37.102,,,,,,,,,,,,,,,,,,,,,,,,,,,,,,,,,14.64893955,3.298026,,,,,,
10:51:37.449,,,,,,,,-0.23,,,,,,,,,,,,,,,,,,,,,,78,,,,,,,,,,
10:51:37.681,5.4290631676100976,5.429041060545501,8.499688167180404,5.429041060545501,5.431947447281652,,,,,,3.284979004815134,,,,,,1388,1.4,,0.2356638010583218,0.235663,0.8854500000000001,0.235663,0.23802043906890502,0.23801963,0.8943045000000001,0.23801963,12.851487970720747,,,,,,,,,,,,
10:51:38.036,,,,,,48.2578492412924,,,,5.21425238859545,,4.365353001638887,4.365356,10.442012,4.365356,,,,,,,,,,,,,,,,,,,,,,,-0.00994738674996773,63,
10:51:38.308,,,,,,,,,,,,,,,,,,,1,,,,,,,,,,,,,,,,,20.784313725490197,,,,
10:51:38.465,,,,,,,,,,,,,,,,,,,,,,,,,,,,,,,,,14.779857749999998,3.34463,,,,,,
10:51:38.825,,,,,,,,-0.25,,,,,,,,,,,,,,,,,,,,,,76,,,,,,,,,,
10:51:39.057,5.426303653547858,5.426292838430588,8.491313742983632,5.426292838430588,5.431397242302964,,,,,,3.1769681038795263,,,,,,1390,1.4,,0.23687730941819204,0.236877,0.886664,0.236877,0.23924608251237398,0.23924577,0.89553064,0.23924577,12.428927950688358,,,,,,,,,,,,
10:51:39.398,,,,,,48.31928898554286,,,,5.042806514094486,,4.389203324638887,4.389206,10.465862,4.389206,,,,,,,,,,,,,,,,,,,,,,,-0.005002203735573641,63,
10:51:39.692,,,,,,,,,,,,,,,,,,,1,,,,,,,,,,,,,,,,,20.784313725490197,,,,
10:51:39.871,,,,,,,,,,,,,,,,,,,,,,,,,,,,,,,,,14.712156899999998,3.317668,,,,,,
10:51:40.237,,,,,,,,-0.23,,,,,,,,,,,,,,,,,,,,,,78,,,,,,,,,,
10:51:40.472,5.426102259796358,5.426083897634334,8.484241431809439,5.426083897634334,5.430735369489638,,,,,,3.2732201560131187,,,,,,1389,1.4,,0.2381626607852875,0.238162,0.887949,0.238162,0.24054428739314038,0.24054362,0.8968284900000001,0.24054362,12.80548502710768,,,,,,,,,,,,
10:51:40.829,,,,,,48.38320326878502,,,,5.195587549227172,,4.414227019138886,4.41423,10.490886,4.41423,,,,,,,,,,,,,,,,,,,,,,,-0.004961453379964708,63,
10:51:41.136,,,,,,,,,,,,,,,,,,,1,,,,,,,,,,,,,,,,,20.392156862745097,,,,
10:51:41.297,,,,,,,,,,,,,,,,,,,,,,,,,,,,,,,,,14.7543018,3.33548,,,,,,
10:51:41.637,,,,,,,,-0.27,,,,,,,,,,,,,,,,,,,,,,74,,,,,,,,,,
10:51:41.868,5.4225515385203895,5.4225312228859845,8.4754519303708,5.4225312228859845,5.429310379715794,,,,,,3.096492404137047,,,,,,1389,1.4,,0.2393637351400984,0.239363,0.88915,0.239363,0.2417573724914994,0.24175663,0.8980415,0.24175663,12.114091086994609,,,,,,,,,,,,
10:51:42.205,,,,,,48.44010763363884,,,,4.994342587317817,,4.437964852361109,4.437968,10.514624,4.437968,,,,,,,,,,,,,,,,,,,,,,,-0.010164502404471438,62,
10:51:42.485,,,,,,,,,,,,,,,,,,,1,,,,,,,,,,,,,,,,,20,,,,
10:51:42.642,,,,,,,,,,,,,,,,,,,,,,,,,,,,,,,,,14.6718054,3.298026,,,,,,
10:51:43.036,,,,,,,,-0.27,,,,,,,,,,,,,,,,,,,,,,74,,,,,,,,,,
10:51:43.268,5.420903857792283,5.420881808972035,8.46786342526371,5.420881808972035,5.427771483660994,,,,,,3.1206288067514762,,,,,,1392,1.4,,0.2405778078891089,0.240577,0.890364,0.240577,0.242983585968,0.24298277000000001,0.89926764,0.24298277000000001,12.208517470664377,,,,,,,,,,,,
10:51:43.590,,,,,,48.4966208361755,,,,5.0332722689539935,,4.461737519249998,4.461741,10.538397,4.461741,,,,,,,,,,,,,,,,,,,,,,,-0.005100577532947588,62,
10:51:43.865,,,,,,,,,,,,,,,,,,,1,,,,,,,,,,,,,,,,,20,,,,
10:51:44.033,,,,,,,,,,,,,,,,,,,,,,,,,,,,,,,,,14.71798545,3.326818,,,,,,
10:51:44.378,,,,,,,,-0.33,,,,,,,,,,,,,,,,,,,,,,68,,,,,,,,,,
10:51:44.597,5.415658357924066,5.415643803618363,8.458772240218318,5.415643803618363,5.425605075997036,,,,,,2.858607277342235,,,,,,1392,1.4,,0.2416324608698964,0.241632,0.891419,0.241632,0.24404878547859538,0.24404832,0.90033319,0.24404832,11.183437393033191,,,,,,,,,,,,
10:51:44.951,,,,,,48.55196503087536,,,,4.610656898939088,,4.485212079805554,4.485216,10.561872000000001,4.485216,,,,,,,,,,,,,,,,,,,,,,,-0.005100693353819939,62,
10:51:45.226,,,,,,,,,,,,,,,,,,,1,,,,,,,,,,,,,,,,,19.607843137254903,,,,
10:51:45.378,,,,,,,,,,,,,,,,,,,,,,,,,,,,,,,,,14.720675550000001,3.32877,,,,,,
10:51:45.723,,,,,,,,-0.31,,,,,,,,,,,,,,,,,,,,,,70,,,,,,,,,,
10:51:46.080,5.414325801575,5.414321183193853,8.451446864722465,5.414321183193853,5.42343613927444,,,,,,2.9400325963760476,,,,,,1391,1.4,,0.2428439948922708,0.242844,0.892631,0.242844,0.24527243484119352,0.24527244,0.9015573100000001,0.24527244,11.501989355326181,,,,,,,,,,,,
10:51:46.419,,,,,,48.606735574985365,,,,4.819725567829586,,4.510115978777776,4.51012,10.586776,4.51012,,,,,,,,,,,,,,,,,,,,,,,-0.01013473848505762,61,
10:51:46.722,,,,,,,,,,,,,,,,,,,1,,,,,,,,,,,,,,,,,19.607843137254903,,,,
10:51:46.889,,,,,,,,,,,,,,,,,,,,,,,,,,,,,,,,,14.727849149999997,3.310836,,,,,,
10:51:47.228,,,,,,,,-0.55,,,,,,,,,,,,,,,,,,,,,,46,,,,,,,,,,
10:51:47.481,5.384429048719952,5.384424361214337,8.431565946044385,5.384424361214337,5.41741721068575,,,,,,0,,,,,,0,0,,0.2428439948922708,0.242844,0.892631,0.242844,0.24527243484119352,0.24527244,0.9015573100000001,0.24527244,0,,,,,,,,,,,,
10:51:47.798,,,,,,48.657623049029475,,,,0,,4.53345234211111,4.533456,10.610112,4.533456,,,,,,,,,,,,,,,,,,,,,,,-0.005064108785106277,61,
10:51:48.081,,,,,,,,,,,,,,,,,,,0,,,,,,,,,,,,,,,,,16.470588235294116,,,,
10:51:48.244,,,,,,,,,,,,,,,,,,,,,,,,,,,,,,,,,18.112891649999998,4.527176,,,,,,
10:51:48.592,,,,,,,,-0.01,,,,,,,,,,,,,,,,,,,,,,100,,,,,,,,,,
10:51:48.900,5.356712204438543,5.356707994960137,8.413021464806402,5.356707994960137,5.408373340289306,,,,,,0,,,,,,0,0,,0.2428439948922708,0.242844,0.892631,0.242844,0.24527243484119352,0.24527244,0.9015573100000001,0.24527244,0,,,,,,,,,,,,
10:51:49.228,,,,,,48.710007549318426,,,,0,,4.55767708572222,4.557681,10.634336999999999,4.557681,,,,,,,,,,,,,,,,,,,,,,,-0.0050238222690391875,61,
10:51:49.585,,,,,,,,,,,,,,,,,,,1,,,,,,,,,,,,,,,,,16.470588235294116,,,,
10:51:49.756,,,,,,,,,,,,,,,,,,,,,,,,,,,,,,,,,18.112891649999998,4.542548,,,,,,
10:51:50.118,,,,,,,,-0.01,,,,,,,,,,,,,,,,,,,,,,100,,,,,,,,,,
10:51:50.354,5.328240468220647,5.328236004231099,8.393856617483536,5.328236004231099,5.396115442123405,,,,,,0,,,,,,0,0,,0.2428439948922708,0.242844,0.892631,0.242844,0.24527243484119352,0.24527244,0.9015573100000001,0.24527244,0,,,,,,,,,,,,
10:51:50.677,,,,,,48.76270747576931,,,,0,,4.582256971333331,4.582261,10.658916999999999,4.582261,,,,,,,,,,,,,,,,,,,,,,,-0.004946690864084527,61,
10:51:50.999,,,,,,,,,,,,,,,,,,,1,,,,,,,,,,,,,,,,,16.470588235294116,,,,
10:51:51.160,,,,,,,,,,,,,,,,,,,,,,,,,,,,,,,,,18.112891649999998,4.617334,,,,,,
10:51:51.564,,,,,,,,-0.01,,,,,,,,,,,,,,,,,,,,,,100,,,,,,,,,,
10:51:51.806,5.299659019812867,5.299654471886259,8.374499960924735,5.299654471886259,5.380310037125468,,,,,,0,,,,,,0,0,,0.2428439948922708,0.242844,0.892631,0.242844,0.24527243484119352,0.24527244,0.9015573100000001,0.24527244,0,,,,,,,,,,,,
10:51:52.156,,,,,,48.811584726783614,,,,0,,4.606887916333331,4.606892,10.683548,4.606892,,,,,,,,,,,,,,,,,,,,,,,-0.004937085598255803,60,
10:51:52.461,,,,,,,,,,,,,,,,,,,1,,,,,,,,,,,,,,,,,16.470588235294116,,,,
10:51:52.619,,,,,,,,,,,,,,,,,,,,,,,,,,,,,,,,,18.112891649999998,4.657106,,,,,,
10:51:52.978,,,,,,,,-0.01,,,,,,,,,,,,,,,,,,,,,,100,,,,,,,,,,
10:51:53.222,5.2713241412122915,5.271319579447489,8.355192488487907,5.271319579447489,5.3614066124619555,,,,,,0,,,,,,0,0,,0.2428439948922708,0.242844,0.892631,0.242844,0.24527243484119352,0.24527244,0.9015573100000001,0.24527244,0,,,,,,,,,,,,
10:51:53.572,,,,,,48.85801983494103,,,,0,,4.630488354666665,4.630492,10.707148,4.630492,,,,,,,,,,,,,,,,,,,,,,,-0.004905960572066611,60,
10:51:53.851,,,,,,,,,,,,,,,,,,,1,,,,,,,,,,,,,,,,,16.470588235294116,,,,
10:51:54.006,,,,,,,,,,,,,,,,,,,,,,,,,,,,,,,,,18.112891649999998,4.668818,,,,,,
10:51:54.345,,,,,,,,-0.01,,,,,,,,,,,,,,,,,,,,,,100,,,,,,,,,,
10:51:54.586,5.244457523525128,5.244453505156687,8.33677651602462,5.244453505156687,5.339350820678561,,,,,,0,,,,,,0,0,,0.2428439948922708,0.242844,0.892631,0.242844,0.24527243484119352,0.24527244,0.9015573100000001,0.24527244,0,,,,,,,,,,,,
10:51:54.926,,,,,,48.90209590051453,,,,0,,4.653072519666664,4.653076,10.729732,4.653076,,,,,,,,,,,,,,,,,,,,,,,-0.0049706241852667575,60,
10:51:55.220,,,,,,,,,,,,,,,,,,,1,,,,,,,,,,,,,,,,,16.470588235294116,,,,
10:51:55.383,,,,,,,,,,,,,,,,,,,,,,,,,,,,,,,,,18.112891649999998,4.666378,,,,,,
10:51:55.735,,,,,,,,-0.01,,,,,,,,,,,,,,,,,,,,,,100,,,,,,,,,,
10:51:55.977,5.219003010717477,5.2189992168621355,8.319229222127822,5.2189992168621355,5.314768902277739,,,,,,0,,,,,,0,0,,0.2428439948922708,0.242844,0.892631,0.242844,0.24527243484119352,0.24527244,0.9015573100000001,0.24527244,0,,,,,,,,,,,,
10:51:56.331,,,,,,48.947343493758325,,,,0,,4.676444332999997,4.676448,10.753104,4.676448,,,,,,,,,,,,,,,,,,,,,,,-0.005010454101688509,60,
10:51:56.621,,,,,,,,,,,,,,,,,,,1,,,,,,,,,,,,,,,,,16.470588235294116,,,,
10:51:56.779,,,,,,,,,,,,,,,,,,,,,,,,,,,,,,,,,18.112891649999998,4.649176,,,,,,
10:51:57.113,,,,,,,,-0.01,,,,,,,,,,,,,,,,,,,,,,100,,,,,,,,,,
10:51:57.372,5.192919611564869,5.192915648800116,8.301147278032463,5.192915648800116,5.287093128526473,,,,,,0,,,,,,0,0,,0.2428439948922708,0.242844,0.892631,0.242844,0.24527243484119352,0.24527244,0.9015573100000001,0.24527244,0,,,,,,,,,,,,
10:51:57.689,,,,,,48.9869776459164,,,,0,,4.69875656622222,4.69876,10.775416,4.69876,,,,,,,,,,,,,,,,,,,,,,,-0.0051197831929648795,59,
10:51:57.999,,,,,,,,,,,,,,,,,,,1,,,,,,,,,,,,,,,,,16.470588235294116,,,,
10:51:58.140,,,,,,,,,,,,,,,,,,,,,,,,,,,,,,,,,18.112891649999998,4.620994,,,,,,
10:51:58.489,,,,,,,,-0.01,,,,,,,,,,,,,,,,,,,,,,100,,,,,,,,,,
10:51:58.724,5.168260825385051,5.168257157207433,8.283958596122877,5.168257157207433,5.260072100609609,,,,,,0,,,,,,0,0,,0.2428439948922708,0.242844,0.892631,0.242844,0.24527243484119352,0.24527244,0.9015573100000001,0.24527244,0,,,,,,,,,,,,
10:51:59.057,,,,,,49.02639679074218,,,,0,,4.721123653055553,4.721127,10.797782999999999,4.721127,,,,,,,,,,,,,,,,,,,,,,,-0.005164061090992247,59,
10:51:59.346,,,,,,,,,,,,,,,,,,,1,,,,,,,,,,,,,,,,,16.470588235294116,,,,
10:51:59.502,,,,,,,,,,,,,,,,,,,,,,,,,,,,,,,,,18.112891649999998,4.589152,,,,,,
10:51:59.851,,,,,,,,-0.01,,,,,,,,,,,,,,,,,,,,,,100,,,,,,,,,,
10:52:00.097,5.143775353884239,5.143771815500833,8.266798841947463,5.143771815500833,5.233454994290321,,,,,,0,,,,,,0,0,,0.2428439948922708,0.242844,0.892631,0.242844,0.24527243484119352,0.24527244,0.9015573100000001,0.24527244,0,,,,,,,,,,,,
10:52:00.438,,,,,,49.06596193171881,,,,0,,4.743752077111108,4.743755,10.820411,4.743755,,,,,,,,,,,,,,,,,,,,,,,-0.005138733411429593,59,
10:52:00.726,,,,,,,,,,,,,,,,,,,1,,,,,,,,,,,,,,,,,16.470588235294116,,,,
10:52:00.890,,,,,,,,,,,,,,,,,,,,,,,,,,,,,,,,,18.112891649999998,4.55426,,,,,,
10:52:01.248,,,,,,,,-0.01,,,,,,,,,,,,,,,,,,,,,,100,,,,,,,,,,
10:52:01.481,5.119238757522928,5.119235710950503,8.249511039830187,5.119235710950503,5.207329780453106,,,,,,0,,,,,,0,0,,0.2428439948922708,0.242844,0.892631,0.242844,0.24527243484119352,0.24527244,0.9015573100000001,0.24527244,0,,,,,,,,,,,,
10:52:01.818,,,,,,49.105228013343975,,,,0,,4.766388377666664,4.766391,10.843046999999999,4.766391,,,,,,,,,,,,,,,,,,,,,,,-0.005161657416649489,59,
10:52:02.114,,,,,,,,,,,,,,,,,,,1,,,,,,,,,,,,,,,,,16.470588235294116,,,,
10:52:02.287,,,,,,,,,,,,,,,,,,,,,,,,,,,,,,,,,18.112891649999998,4.516806,,,,,,
10:52:02.635,,,,,,,,-0.01,,,,,,,,,,,,,,,,,,,,,,100,,,,,,,,,,
10:52:02.875,5.09492671705348,5.094924021130454,8.23228931867583,5.094924021130454,5.1817382426081835,,,,,,0,,,,,,0,0,,0.2428439948922708,0.242844,0.892631,0.242844,0.24527243484119352,0.24527244,0.9015573100000001,0.24527244,0,,,,,,,,,,,,
10:52:03.246,,,,,,49.14559439457429,,,,0,,4.789847031694442,4.78985,10.866506000000001,4.78985,,,,,,,,,,,,,,,,,,,,,,,0,59,
10:52:03.542,,,,,,,,,,,,,,,,,,,1,,,,,,,,,,,,,,,,,16.470588235294116,,,,
10:52:03.707,,,,,,,,,,,,,,,,,,,,,,,,,,,,,,,,,18.112891649999998,4.4836219999999996,,,,,,
10:52:04.048,,,,,,,,-0.01,,,,,,,,,,,,,,,,,,,,,,100,,,,,,,,,,
10:52:04.288,5.0699739111786,5.069970875914694,8.214517159425485,5.069970875914694,5.156569463853972,,,,,,0,,,,,,0,0,,0.2428439948922708,0.242844,0.892631,0.242844,0.24527243484119352,0.24527244,0.9015573100000001,0.24527244,0,,,,,,,,,,,,
10:52:04.647,,,,,,49.180746829345516,,,,0,,4.812378456027775,4.812381,10.889037,4.812381,,,,,,,,,,,,,,,,,,,,,,,-0.005067556359857085,58,
10:52:04.956,,,,,,,,,,,,,,,,,,,1,,,,,,,,,,,,,,,,,16.470588235294116,,,,
10:52:05.125,,,,,,,,,,,,,,,,,,,,,,,,,,,,,,,,,18.112891649999998,4.44873,,,,,,
10:52:05.456,,,,,,,,-0.01,,,,,,,,,,,,,,,,,,,,,,100,,,,,,,,,,
10:52:05.699,5.046236431968375,5.046233870510252,8.197520129649664,5.046233870510252,5.131791827409377,,,,,,0,,,,,,0,0,,0.2428439948922708,0.242844,0.892631,0.242844,0.24527243484119352,0.24527244,0.9015573100000001,0.24527244,0,,,,,,,,,,,,
10:52:06.032,,,,,,49.21530295110879,,,,0,,4.834703424527776,4.834706,10.911362,4.834706,,,,,,,,,,,,,,,,,,,,,,,-0.005064389920123372,58,
10:52:06.306,,,,,,,,,,,,,,,,,,,1,,,,,,,,,,,,,,,,,16.470588235294116,,,,
10:52:06.456,,,,,,,,,,,,,,,,,,,,,,,,,,,,,,,,,18.112891649999998,4.416888,,,,,,
10:52:06.837,,,,,,,,-0.01,,,,,,,,,,,,,,,,,,,,,,100,,,,,,,,,,
10:52:07.099,5.022934678066428,5.022932107970992,8.180747738000077,5.022932107970992,5.107283285827996,,,,,,0,,,,,,0,0,,0.2428439948922708,0.242844,0.892631,0.242844,0.24527243484119352,0.24527244,0.9015573100000001,0.24527244,0,,,,,,,,,,,,
10:52:07.437,,,,,,49.254023260826756,,,,0,,4.85773030672222,4.857733,10.934389,4.857733,,,,,,,,,,,,,,,,,,,,,,,,59,
10:52:07.723,,,,,,,,,,,,,,,,,,,1,,,,,,,,,,,,,,,,,16.470588235294116,,,,
10:52:07.884,,,,,,,,,,,,,,,,,,,,,,,,,,,,,,,,,18.112891649999998,4.384924,,,,,,
10:52:08.234,,,,,,,,-0.01,,,,,,,,,,,,,,,,,,,,,,100,,,,,,,,,,
10:52:08.460,4.9991246849628235,4.999122018439466,8.163519699180265,4.999122018439466,5.08305892000274,,,,,,0,,,,,,0,0,,0.2428439948922708,0.242844,0.892631,0.242844,0.24527243484119352,0.24527244,0.9015573100000001,0.24527244,0,,,,,,,,,,,,
10:52:08.818,,,,,,49.29175349761042,,,,0,,4.880345090305553,4.880348,10.957004,4.880348,,,,,,,,,,,,,,,,,,,,,,,,59,
10:52:09.119,,,,,,,,,,,,,,,,,,,1,,,,,,,,,,,,,,,,,16.470588235294116,,,,
10:52:09.282,,,,,,,,,,,,,,,,,,,,,,,,,,,,,,,,,18.112891649999998,4.354302,,,,,,
10:52:09.676,,,,,,,,-0.01,,,,,,,,,,,,,,,,,,,,,,100,,,,,,,,,,
10:52:09.929,4.975959494640297,4.9759566326007905,8.14667038544478,4.9759566326007905,5.059021253659647,,,,,,0,,,,,,0,0,,0.2428439948922708,0.242844,0.892631,0.242844,0.24527243484119352,0.24527244,0.9015573100000001,0.24527244,0,,,,,,,,,,,,
10:52:10.280,,,,,,49.33137563356697,,,,0,,4.904283840444442,4.904287,10.980943,4.904287,,,,,,,,,,,,,,,,,,,,,,,0.0050282445024849975,59,
10:52:10.564,,,,,,,,,,,,,,,,,,,1,,,,,,,,,,,,,,,,,16.470588235294116,,,,
10:52:10.718,,,,,,,,,,,,,,,,,,,,,,,,,,,,,,,,,18.112891649999998,4.3261199999999995,,,,,,
10:52:11.095,,,,,,,,-0.01,,,,,,,,,,,,,,,,,,,,,,100,,,,,,,,,,
10:52:11.376,4.951670881884835,4.951667795950767,8.128910240222538,4.951667795950767,5.035008194659721,,,,,,0,,,,,,0,0,,0.2428439948922708,0.242844,0.892631,0.242844,0.24527243484119352,0.24527244,0.9015573100000001,0.24527244,0,,,,,,,,,,,,
10:52:11.737,,,,,,49.37062364057367,,,,0,,4.9281907715555535,4.928194,11.004850000000001,4.928194,,,,,,,,,,,,,,,,,,,,,,,0.004964827122822999,59,
10:52:12.055,,,,,,,,,,,,,,,,,,,1,,,,,,,,,,,,,,,,,16.470588235294116,,,,
10:52:12.216,,,,,,,,,,,,,,,,,,,,,,,,,,,,,,,,,18.112891649999998,4.297938,,,,,,
10:52:12.558,,,,,,,,-0.01,,,,,,,,,,,,,,,,,,,,,,100,,,,,,,,,,
10:52:12.792,4.927650047435533,4.9276469229904505,8.111250948445457,4.9276469229904505,5.011059605898796,,,,,,0,,,,,,0,0,,0.2428439948922708,0.242844,0.892631,0.242844,0.24527243484119352,0.24527244,0.9015573100000001,0.24527244,0,,,,,,,,,,,,
10:52:13.114,,,,,,49.4073920576493,,,,0,,4.950764804166664,4.950768,11.027424,4.950768,,,,,,,,,,,,,,,,,,,,,,,0,59,
10:52:13.436,,,,,,,,,,,,,,,,,,,1,,,,,,,,,,,,,,,,,16.470588235294116,,,,
10:52:13.598,,,,,,,,,,,,,,,,,,,,,,,,,,,,,,,,,18.112891649999998,4.268536,,,,,,
10:52:13.951,,,,,,,,-0.01,,,,,,,,,,,,,,,,,,,,,,100,,,,,,,,,,
10:52:14.184,4.905181411322315,4.9051783480866,8.094646582919093,4.9051783480866,4.987341442682401,,,,,,0,,,,,,0,0,,0.2428439948922708,0.242844,0.892631,0.242844,0.24527243484119352,0.24527244,0.9015573100000001,0.24527244,0,,,,,,,,,,,,
10:52:14.639,,,,,,49.447794818642286,,,,0,,4.975770547999998,4.975774,11.052430000000001,4.975774,,,,,,,,,,,,,,,,,,,,,,,0,59,
10:52:14.935,,,,,,,,,,,,,,,,,,,1,,,,,,,,,,,,,,,,,16.470588235294116,,,,
10:52:15.099,,,,,,,,,,,,,,,,,,,,,,,,,,,,,,,,,18.112891649999998,4.243282,,,,,,
10:52:15.434,,,,,,,,-0.01,,,,,,,,,,,,,,,,,,,,,,100,,,,,,,,,,
10:52:15.676,4.880530413322244,4.88052713005052,8.076332535017185,4.88052713005052,4.963661005450357,,,,,,0,,,,,,0,0,,0.2428439948922708,0.242844,0.892631,0.242844,0.24527243484119352,0.24527244,0.9015573100000001,0.24527244,0,,,,,,,,,,,,
10:52:16.009,,,,,,49.48375224093079,,,,0,,4.998203593555553,4.998207,11.074863,4.998207,,,,,,,,,,,,,,,,,,,,,,,0,59,
10:52:16.317,,,,,,,,,,,,,,,,,,,1,,,,,,,,,,,,,,,,,16.470588235294116,,,,
10:52:16.495,,,,,,,,,,,,,,,,,,,,,,,,,,,,,,,,,18.112891649999998,4.220712,,,,,,
10:52:16.854,,,,,,,,-0.01,,,,,,,,,,,,,,,,,,,,,,100,,,,,,,,,,
10:52:17.095,4.858625511081268,4.858622301957483,8.05997329267188,4.858622301957483,4.928391777807044,,,,,,0,,,,,,0,0,,0.2428439948922708,0.242844,0.892631,0.242844,0.24527243484119352,0.24527244,0.9015573100000001,0.24527244,0,,,,,,,,,,,,
10:52:17.444,,,,,,49.521162510426706,,,,0,,5.021723689527776,5.021727,11.098383,5.021727,,,,,,,,,,,,,,,,,,,,,,,0,59,
10:52:17.732,,,,,,,,,,,,,,,,,,,1,,,,,,,,,,,,,,,,,16.470588235294116,,,,
10:52:17.889,,,,,,,,,,,,,,,,,,,,,,,,,,,,,,,,,18.112891649999998,4.19924,,,,,,
10:52:18.212,,,,,,,,-0.01,,,,,,,,,,,,,,,,,,,,,,100,,,,,,,,,,
10:52:18.437,4.83586931313433,4.835866226897639,8.042892374501763,4.835866226897639,4.916826469722955,,,,,,0,,,,,,0,0,,0.2428439948922708,0.242844,0.892631,0.242844,0.24527243484119352,0.24527244,0.9015573100000001,0.24527244,0,,,,,,,,,,,,
10:52:18.849,,,,,,49.55750931363739,,,,0,,5.044753674138887,5.044757,11.121413,5.044757,,,,,,,,,,,,,,,,,,,,,,,0,59,
10:52:19.139,,,,,,,,,,,,,,,,,,,1,,,,,,,,,,,,,,,,,16.470588235294116,,,,
10:52:19.299,,,,,,,,,,,,,,,,,,,,,,,,,,,,,,,,,18.112891649999998,4.1795979999999995,,,,,,
10:52:19.674,,,,,,,,-0.01,,,,,,,,,,,,,,,,,,,,,,100,,,,,,,,,,
10:52:19.917,4.813792913956755,4.813789841611797,8.026237313549995,4.813789841611797,4.893659998347197,,,,,,0,,,,,,0,0,,0.2428439948922708,0.242844,0.892631,0.242844,0.24527243484119352,0.24527244,0.9015573100000001,0.24527244,0,,,,,,,,,,,,
10:52:20.272,,,,,,49.59403757814486,,,,0,,5.068077957305554,5.068081,11.144737,5.068081,,,,,,,,,,,,,,,,,,,,,,,0,59,
10:52:20.580,,,,,,,,,,,,,,,,,,,1,,,,,,,,,,,,,,,,,16.470588235294116,,,,
10:52:20.737,,,,,,,,,,,,,,,,,,,,,,,,,,,,,,,,,18.112891649999998,4.158126,,,,,,
10:52:21.068,,,,,,,,-0.01,,,,,,,,,,,,,,,,,,,,,,100,,,,,,,,,,
10:52:21.317,4.791638900151783,4.791636124205592,8.009439792074053,4.791636124205592,4.8706199240361325,,,,,,0,,,,,,0,0,,0.2428439948922708,0.242844,0.892631,0.242844,0.24527243484119352,0.24527244,0.9015573100000001,0.24527244,0,,,,,,,,,,,,
10:52:21.694,,,,,,49.63020248620123,,,,0,,5.091349383027776,5.091352,11.168008,5.091352,,,,,,,,,,,,,,,,,,,,,,,0,59,
10:52:21.977,,,,,,,,,,,,,,,,,,,1,,,,,,,,,,,,,,,,,16.470588235294116,,,,
10:52:22.122,,,,,,,,,,,,,,,,,,,,,,,,,,,,,,,,,18.112891649999998,4.136654,,,,,,
10:52:22.484,,,,,,,,-0.01,,,,,,,,,,,,,,,,,,,,,,100,,,,,,,,,,
10:52:22.728,4.769737384391677,4.769735033052125,7.992750363359338,4.769735033052125,4.847878236849487,,,,,,0,,,,,,0,0,,0.2428439948922708,0.242844,0.892631,0.242844,0.24527243484119352,0.24527244,0.9015573100000001,0.24527244,0,,,,,,,,,,,,
10:52:23.057,,,,,,49.664669365081494,,,,0,,5.11369596572222,5.113699,11.190355,5.113699,,,,,,,,,,,,,,,,,,,,,,,0,59,
10:52:23.344,,,,,,,,,,,,,,,,,,,1,,,,,,,,,,,,,,,,,16.470588235294116,,,,
10:52:23.500,,,,,,,,,,,,,,,,,,,,,,,,,,,,,,,,,18.112891649999998,4.115182,,,,,,
10:52:23.858,,,,,,,,-0.01,,,,,,,,,,,,,,,,,,,,,,100,,,,,,,,,,
10:52:24.082,4.748893882625916,4.748891164693111,7.976788940118521,4.748891164693111,4.825533716248285,,,,,,0,,,,,,0,0,,0.2428439948922708,0.242844,0.892631,0.242844,0.24527243484119352,0.24527244,0.9015573100000001,0.24527244,0,,,,,,,,,,,,
10:52:24.469,,,,,,49.70017181288162,,,,0,,5.13688713997222,5.13689,11.213546000000001,5.13689,,,,,,,,,,,,,,,,,,,,,,,0,59,
10:52:24.775,,,,,,,,,,,,,,,,,,,1,,,,,,,,,,,,,,,,,16.470588235294116,,,,
10:52:24.943,,,,,,,,,,,,,,,,,,,,,,,,,,,,,,,,,18.055054499999997,4.096882,,,,,,
10:52:25.300,,,,,,,,-0.01,,,,,,,,,,,,,,,,,,,,,,100,,,,,,,,,,
10:52:25.544,4.727454356600563,4.727451823963527,7.9602919540348775,4.727451823963527,4.803317834408066,,,,,,0,,,,,,0,0,,0.2428439948922708,0.242844,0.892631,0.242844,0.24527243484119352,0.24527244,0.9015573100000001,0.24527244,0,,,,,,,,,,,,
10:52:25.862,,,,,,49.734792795543385,,,,0,,5.159673680749998,5.159677,11.236333,5.159677,,,,,,,,,,,,,,,,,,,,,,,0,59,
10:52:26.127,,,,,,,,,,,,,,,,,,,1,,,,,,,,,,,,,,,,,16.470588235294116,,,,
10:52:26.287,,,,,,,,,,,,,,,,,,,,,,,,,,,,,,,,,17.9949756,4.0809,,,,,,
10:52:26.626,,,,,,,,-0.01,,,,,,,,,,,,,,,,,,,,,,100,,,,,,,,,,
10:52:26.863,4.706576615460913,4.706573686686202,7.94414868267076,4.706573686686202,4.7815736096754,,,,,,0,,,,,,0,0,,0.2428439948922708,0.242844,0.892631,0.242844,0.24527243484119352,0.24527244,0.9015573100000001,0.24527244,0,,,,,,,,,,,,
10:52:27.213,,,,,,49.768205526778154,,,,0,,5.181827049916665,5.18183,11.258486,5.18183,,,,,,,,,,,,,,,,,,,,,,,0,59,
10:52:27.511,,,,,,,,,,,,,,,,,,,1,,,,,,,,,,,,,,,,,16.470588235294116,,,,
10:52:27.666,,,,,,,,,,,,,,,,,,,,,,,,,,,,,,,,,17.922342899999997,4.061868,,,,,,
10:52:27.996,,,,,,,,-0.01,,,,,,,,,,,,,,,,,,,,,,100,,,,,,,,,,
10:52:28.231,4.686455038984295,4.686452469494369,7.928517209152278,4.686452469494369,4.760052300663279,,,,,,0,,,,,,0,0,,0.2428439948922708,0.242844,0.892631,0.242844,0.24527243484119352,0.24527244,0.9015573100000001,0.24527244,0,,,,,,,,,,,,
10:52:28.588,,,,,,49.80193388727785,,,,0,,5.204352923777776,5.204356,11.281012,5.204356,,,,,,,,,,,,,,,,,,,,,,,0,59,
10:52:28.889,,,,,,,,,,,,,,,,,,,1,,,,,,,,,,,,,,,,,16.470588235294116,,,,
10:52:29.051,,,,,,,,,,,,,,,,,,,,,,,,,,,,,,,,,17.85284865,4.045886,,,,,,
10:52:29.405,,,,,,,,-0.01,,,,,,,,,,,,,,,,,,,,,,100,,,,,,,,,,
10:52:29.627,4.666170769909918,4.666168109944824,7.912685493110015,4.666168109944824,4.738839982760228,,,,,,0,,,,,,0,0,,0.2428439948922708,0.242844,0.892631,0.242844,0.24527243484119352,0.24527244,0.9015573100000001,0.24527244,0,,,,,,,,,,,,
10:52:29.938,,,,,,49.83838093321154,,,,0,,5.2268419787777765,5.226845,11.303501,5.226845,,,,,,,,,,,,,,,,,,,,,,,0.005179099814997636,60,
10:52:30.261,,,,,,,,,,,,,,,,,,,1,,,,,,,,,,,,,,,,,16.470588235294116,,,,
10:52:30.436,,,,,,,,,,,,,,,,,,,,,,,,,,,,,,,,,17.7878379,4.030026,,,,,,
10:52:30.776,,,,,,,,-0.01,,,,,,,,,,,,,,,,,,,,,,100,,,,,,,,,,
10:52:31.051,4.646094063648285,4.646091475832936,7.896942725974898,4.646091475832936,4.717877626471669,,,,,,0,,,,,,0,0,,0.2428439948922708,0.242844,0.892631,0.242844,0.24527243484119352,0.24527244,0.9015573100000001,0.24527244,0,,,,,,,,,,,,
10:52:31.388,,,,,,49.87732310289812,,,,0,,5.2510495637777765,5.251053,11.327708999999999,5.251053,,,,,,,,,,,,,,,,,,,,,,,0.0051255232651715036,60,
10:52:31.686,,,,,,,,,,,,,,,,,,,1,,,,,,,,,,,,,,,,,16.470588235294116,,,,
10:52:31.857,,,,,,,,,,,,,,,,,,,,,,,,,,,,,,,,,17.73000075,4.015264,,,,,,
10:52:32.197,,,,,,,,-0.01,,,,,,,,,,,,,,,,,,,,,,100,,,,,,,,,,
10:52:32.419,4.62467535190357,4.624672422845475,7.880066481227582,4.624672422845475,4.697007182940642,,,,,,0,,,,,,0,0,,0.2428439948922708,0.242844,0.892631,0.242844,0.24527243484119352,0.24527244,0.9015573100000001,0.24527244,0,,,,,,,,,,,,
10:52:32.765,,,,,,49.91390487890531,,,,0,,5.27396013711111,5.273964,11.35062,5.273964,,,,,,,,,,,,,,,,,,,,,,,0.005101856722201845,60,
10:52:33.047,,,,,,,,,,,,,,,,,,,1,,,,,,,,,,,,,,,,,16.470588235294116,,,,
10:52:33.200,,,,,,,,,,,,,,,,,,,,,,,,,,,,,,,,,17.6667834,4.000502,,,,,,
10:52:33.527,,,,,,,,-0.01,,,,,,,,,,,,,,,,,,,,,,100,,,,,,,,,,
10:52:33.759,4.604585332063056,4.604582056305277,7.864160724259996,4.604582056305277,4.6763631763995654,,,,,,0,,,,,,0,0,,0.2428439948922708,0.242844,0.892631,0.242844,0.24527243484119352,0.24527244,0.9015573100000001,0.24527244,0,,,,,,,,,,,,
10:52:34.085,,,,,,49.95221328780636,,,,0,,5.29630943911111,5.296313,11.372969,5.296313,,,,,,,,,,,,,,,,,,,,,,,0.010305652932956929,61,
10:52:34.392,,,,,,,,,,,,,,,,,,,1,,,,,,,,,,,,,,,,,16.470588235294116,,,,
10:52:34.546,,,,,,,,,,,,,,,,,,,,,,,,,,,,,,,,,17.59818585,3.987082,,,,,,
10:52:34.915,,,,,,,,-0.01,,,,,,,,,,,,,,,,,,,,,,100,,,,,,,,,,
10:52:35.161,4.585154959016665,4.58515197270252,7.848706876805871,4.58515197270252,4.655895810948408,,,,,,0,,,,,,0,0,,0.2428439948922708,0.242844,0.892631,0.242844,0.24527243484119352,0.24527244,0.9015573100000001,0.24527244,0,,,,,,,,,,,,
10:52:35.510,,,,,,49.99336273677487,,,,0,,5.320489523944444,5.320493,11.397148999999999,5.320493,,,,,,,,,,,,,,,,,,,,,,,0.00508347523355851,61,
10:52:35.791,,,,,,,,,,,,,,,,,,,1,,,,,,,,,,,,,,,,,16.470588235294116,,,,
10:52:35.996,,,,,,,,,,,,,,,,,,,,,,,,,,,,,,,,,17.531381699999997,3.974272,,,,,,
10:52:36.330,,,,,,,,-0.01,,,,,,,,,,,,,,,,,,,,,,100,,,,,,,,,,
10:52:36.571,4.564316756933183,4.564313870913843,7.832055192048468,4.564313870913843,4.635503610989986,,,,,,0,,,,,,0,0,,0.2428439948922708,0.242844,0.892631,0.242844,0.24527243484119352,0.24527244,0.9015573100000001,0.24527244,0,,,,,,,,,,,,
10:52:36.920,,,,,,50.03372549757649,,,,0,,5.344383632305555,5.344387,11.421043000000001,5.344387,,,,,,,,,,,,,,,,,,,,,,,0.005120273328136318,61,
10:52:37.239,,,,,,,,,,,,,,,,,,,1,,,,,,,,,,,,,,,,,16.470588235294116,,,,
10:52:37.410,,,,,,,,,,,,,,,,,,,,,,,,,,,,,,,,,17.460542399999998,3.95951,,,,,,
10:52:37.809,,,,,,,,-0.01,,,,,,,,,,,,,,,,,,,,,,100,,,,,,,,,,
10:52:38.054,4.543910235491618,4.543907467778812,7.815669724735296,4.543907467778812,4.615170313493824,,,,,,0,,,,,,0,0,,0.2428439948922708,0.242844,0.892631,0.242844,0.24527243484119352,0.24527244,0.9015573100000001,0.24527244,0,,,,,,,,,,,,
10:52:38.371,,,,,,50.07872498007255,,,,0,,5.369381978916667,5.369385,11.446041000000001,5.369385,,,,,,,,,,,,,,,,,,,,,,,0.010106534149720653,62,
10:52:38.638,,,,,,,,,,,,,,,,,,,1,,,,,,,,,,,,,,,,,16.470588235294116,,,,
10:52:38.801,,,,,,,,,,,,,,,,,,,,,,,,,,,,,,,,,17.392841549999996,3.94609,,,,,,
10:52:39.145,,,,,,,,-0.01,,,,,,,,,,,,,,,,,,,,,,100,,,,,,,,,,
10:52:39.383,4.52275505534563,4.52275260574535,7.7986004069005155,4.52275260574535,4.594707815538991,,,,,,0,,,,,,0,0,,0.2428439948922708,0.242844,0.892631,0.242844,0.24527243484119352,0.24527244,0.9015573100000001,0.24527244,0,,,,,,,,,,,,
10:52:39.710,,,,,,50.11985396432852,,,,0,,5.392395810583333,5.392399,11.469055,5.392399,,,,,,,,,,,,,,,,,,,,,,,0.00503556991105183,62,
10:52:40.020,,,,,,,,,,,,,,,,,,,1,,,,,,,,,,,,,,,,,16.470588235294116,,,,
10:52:40.179,,,,,,,,,,,,,,,,,,,,,,,,,,,,,,,,,17.331865949999997,3.9337679999999997,,,,,,
10:52:40.615,,,,,,,,-0.01,,,,,,,,,,,,,,,,,,,,,,100,,,,,,,,,,
10:52:40.861,4.5034527030759754,4.503450134161066,7.782951603248915,4.503450134161066,4.574368057184747,,,,,,0,,,,,,0,0,,0.2428439948922708,0.242844,0.892631,0.242844,0.24527243484119352,0.24527244,0.9015573100000001,0.24527244,0,,,,,,,,,,,,
10:52:41.236,,,,,,50.15868420854058,,,,0,,5.4178664689166665,5.41787,11.494526,5.41787,,,,,,,,,,,,,,,,,,,,,,,,60,
10:52:41.561,,,,,,,,,,,,,,,,,,,1,,,,,,,,,,,,,,,,,16.470588235294116,,,,
10:52:41.728,,,,,,,,,,,,,,,,,,,,,,,,,,,,,,,,,17.260129949999996,3.919006,,,,,,
10:52:42.067,,,,,,,,-0.01,,,,,,,,,,,,,,,,,,,,,,100,,,,,,,,,,
10:52:42.289,4.48228091787631,4.482278090836436,7.765705171313718,4.482278090836436,4.5538914139632505,,,,,,0,,,,,,0,0,,0.2428439948922708,0.242844,0.892631,0.242844,0.24527243484119352,0.24527244,0.9015573100000001,0.24527244,0,,,,,,,,,,,,
10:52:42.622,,,,,,50.19001209622823,,,,0,,5.440528037861111,5.440532,11.517188,5.440532,,,,,,,,,,,,,,,,,,,,,,,-0.00993554411155287,59,
10:52:43.034,,,,,,,,,,,,,,,,,,,1,,,,,,,,,,,,,,,,,16.470588235294116,,,,
10:52:43.196,,,,,,,,,,,,,,,,,,,,,,,,,,,,,,,,,17.2031895,3.907416,,,,,,
10:52:43.555,,,,,,,,-0.01,,,,,,,,,,,,,,,,,,,,,,100,,,,,,,,,,
10:52:43.775,4.4636107598802575,4.463607603079993,7.750424843286399,4.463607603079993,4.5236401982313765,,,,,,0,,,,,,0,0,,0.2428439948922708,0.242844,0.892631,0.242844,0.24527243484119352,0.24527244,0.9015573100000001,0.24527244,0,,,,,,,,,,,,
10:52:44.130,,,,,,50.22017464428503,,,,0,,5.464903335361111,5.464907,11.541563,5.464907,,,,,,,,,,,,,,,,,,,,,,,-0.019672466359357193,58,
10:52:44.426,,,,,,,,,,,,,,,,,,,1,,,,,,,,,,,,,,,,,16.470588235294116,,,,
10:52:44.571,,,,,,,,,,,,,,,,,,,,,,,,,,,,,,,,,17.146249049999998,3.893874,,,,,,
10:52:44.928,,,,,,,,-0.01,,,,,,,,,,,,,,,,,,,,,,100,,,,,,,,,,
10:52:45.175,4.443701562311789,4.443698675933552,7.734056470514435,4.443698675933552,4.50343257013068,,,,,,0,,,,,,0,0,,0.2428439948922708,0.242844,0.892631,0.242844,0.24527243484119352,0.24527244,0.9015573100000001,0.24527244,0,,,,,,,,,,,,
10:52:45.496,,,,,,50.24371228539624,,,,0,,5.4865122981944445,5.486516,11.563172,5.486516,,,,,,,,,,,,,,,,,,,,,,,-0.024477636412107564,57,
10:52:45.764,,,,,,,,,,,,,,,,,,,1,,,,,,,,,,,,,,,,,16.470588235294116,,,,
10:52:45.923,,,,,,,,,,,,,,,,,,,,,,,,,,,,,,,,,17.0991723,3.883504,,,,,,
10:52:46.307,,,,,,,,-0.01,,,,,,,,,,,,,,,,,,,,,,100,,,,,,,,,,
10:52:46.557,4.426199773072382,4.426196879768509,7.71960323689728,4.426196879768509,4.493778470498393,,,,,,0,,,,,,0,0,,0.2428439948922708,0.242844,0.892631,0.242844,0.24527243484119352,0.24527244,0.9015573100000001,0.24527244,0,,,,,,,,,,,,
10:52:46.899,,,,,,50.26770760092144,,,,0,,5.508696968944444,5.508701,11.585357,5.508701,,,,,,,,,,,,,,,,,,,,,,,-0.015006562709498088,57,
10:52:47.178,,,,,,,,,,,,,,,,,,,1,,,,,,,,,,,,,,,,,16.470588235294116,,,,
10:52:47.342,,,,,,,,,,,,,,,,,,,,,,,,,,,,,,,,,17.04312855,3.871182,,,,,,
10:52:47.704,,,,,,,,-0.01,,,,,,,,,,,,,,,,,,,,,,100,,,,,,,,,,
10:52:47.960,4.408374544131144,4.408371410973295,7.7048208354736065,4.408371410973295,4.474285693898138,,,,,,0,,,,,,0,0,,0.2428439948922708,0.242844,0.892631,0.242844,0.24527243484119352,0.24527244,0.9015573100000001,0.24527244,0,,,,,,,,,,,,
10:52:48.270,,,,,,50.294551259149195,,,,0,,5.530839719166666,5.530844,11.6075,5.530844,,,,,,,,,,,,,,,,,,,,,,,,58,
10:52:48.568,,,,,,,,,,,,,,,,,,,1,,,,,,,,,,,,,,,,,16.470588235294116,,,,
10:52:48.760,,,,,,,,,,,,,,,,,,,,,,,,,,,,,,,,,12.24847365,2.021052,,,,,,
10:52:49.157,,,,,,,,-0.02,,,,,,,,,,,,,,,,,,,,,,99,,,,,,,,,,
10:52:49.395,4.440389201813913,4.440389206421298,7.713788498815421,4.440389206421298,4.452572780308825,,,,,,6.89418468535181,,,,,,1919,1.9,,0.24559080965951158,0.245591,0.895378,0.245591,0.2480467177561067,0.24804691,0.90433178,0.24804691,26.971414861968682,,,,,,,,,,,,
10:52:49.725,,,,,,50.333644942613155,,,,11.301942107134115,,5.5554258691388885,5.55543,11.632086000000001,5.55543,,,,,,,,,,,,,,,,,,,,,,,,61,
10:52:50.008,,,,,,,,,,,,,,,,,,,2,,,,,,,,,,,,,,,,,34.90196078431372,,,,
10:52:50.168,,,,,,,,,,,,,,,,,,,,,,,,,,,,,,,,,14.416245899999998,3.23117,,,,,,
10:52:50.538,,,,,,,,-0.09,,,,,,,,,,,,,,,,,,,,,,92,,,,,,,,,,
10:52:50.761,4.467552381244946,4.467556966787449,7.719844918615628,4.467556966787449,4.45444523042584,,,,,,6.850266968978195,,,,,,2415,2.4,,0.24819156070501217,0.248192,0.897979,0.248192,0.25067347631206227,0.25067392,0.90695879,0.25067392,26.799600064111612,,,,,,,,,,,,
10:52:51.099,,,,,,50.377372836697226,,,,10.873439633298721,,5.5795142901388886,5.579518,11.656174,5.579518,,,,,,,,,,,,,,,,,,,,,,,0.03033068363845415,63,
10:52:51.382,,,,,,,,,,,,,,,,,,,1,,,,,,,,,,,,,,,,,27.84313725490196,,,,
10:52:51.542,,,,,,,,,,,,,,,,,,,,,,,,,,,,,,,,,14.649836249999998,3.283386,,,,,,
10:52:51.953,,,,,,,,-0.14,,,,,,,,,,,,,,,,,,,,,,87,,,,,,,,,,
10:52:52.191,4.489836051587177,4.489832275834579,7.7237865529461045,4.489832275834579,4.45274314898974,,,,,,5.841476211786728,,,,,,2213,2.2,,0.25051104410211417,0.250511,0.900298,0.250511,0.2530161545431353,0.25301610999999996,0.90930098,0.25301610999999996,22.853010980279695,,,,,,,,,,,,
10:52:52.531,,,,,,50.42964817582289,,,,8.98688647967189,,5.605342901388888,5.605347,11.682003,5.605347,,,,,,,,,,,,,,,,,,,,,,,0.04023246304122616,65,
10:52:52.817,,,,,,,,,,,,,,,,,,,1,,,,,,,,,,,,,,,,,29.80392156862745,,,,
10:52:52.981,,,,,,,,,,,,,,,,,,,,,,,,,,,,,,,,,14.910327599999999,3.383182,,,,,,
10:52:53.355,,,,,,,,-0.11,,,,,,,,,,,,,,,,,,,,,,90,,,,,,,,,,
10:52:53.600,4.508197721636667,4.5081954783530795,7.7254474254115495,4.5081954783530795,4.455982749459785,,,,,,5.593918045850236,,,,,,2085,2.1,,0.2526999409703365,0.2527,0.902487,0.2527,0.25522694038003985,0.255227,0.91151187,0.255227,21.88451444288233,,,,,,,,,,,,
10:52:53.945,,,,,,50.48455304377855,,,,8.475633402803387,,5.6313030242222215,5.631307,11.707963,5.631307,,,,,,,,,,,,,,,,,,,,,,,0.039933905834278034,66,
10:52:54.245,,,,,,,,,,,,,,,,,,,1,,,,,,,,,,,,,,,,,29.019607843137255,,,,
10:52:54.421,,,,,,,,,,,,,,,,,,,,,,,,,,,,,,,,,14.76192375,3.34585,,,,,,
10:52:54.818,,,,,,,,-0.1,,,,,,,,,,,,,,,,,,,,,,91,,,,,,,,,,
10:52:55.104,4.526267709979091,4.5262671703034485,7.72700597021019,4.5262671703034485,4.463814868222139,,,,,,5.2389112194321505,,,,,,1912,1.9,,0.25488785043644646,0.254888,0.904675,0.254888,0.25743672894081093,0.25743688,0.91372175,0.25743688,20.495657481377176,,,,,,,,,,,,
10:52:55.471,,,,,,50.547126984812564,,,,7.819270476764404,,5.6597264844722215,5.65973,11.736386,5.65973,,,,,,,,,,,,,,,,,,,,,,,0.029572802071971736,67,
10:52:55.768,,,,,,,,,,,,,,,,,,,1,,,,,,,,,,,,,,,,,27.84313725490196,,,,
10:52:55.927,,,,,,,,,,,,,,,,,,,,,,,,,,,,,,,,,14.7560952,3.355,,,,,,
10:52:56.265,,,,,,,,-0.09,,,,,,,,,,,,,,,,,,,,,,92,,,,,,,,,,
10:52:56.503,4.53889423625618,4.538891431216683,7.72534236689216,4.538891431216683,4.4757139524651866,,,,,,5.146156612272474,,,,,,1857,1.9,,0.2568889991915742,0.256889,0.906676,0.256889,0.25945788918348994,0.25945788999999997,0.91574276,0.25945788999999997,20.13278310184713,,,,,,,,,,,,
10:52:56.855,,,,,,50.60674679996968,,,,7.567877370988933,,5.685825113027777,5.685829,11.762485,5.685829,,,,,,,,,,,,,,,,,,,,,,,0.024604667573683237,68,
10:52:57.167,,,,,,,,,,,,,,,,,,,1,,,,,,,,,,,,,,,,,27.45098039215686,,,,
10:52:57.332,,,,,,,,,,,,,,,,,,,,,,,,,,,,,,,,,14.614864949999998,3.266672,,,,,,
10:52:57.684,,,,,,,,-0.11,,,,,,,,,,,,,,,,,,,,,,90,,,,,,,,,,
10:52:57.931,4.552043030331296,4.552036299368131,7.724626216313986,4.552036299368131,4.491444359622552,,,,,,4.86943269263856,,,,,,1779,1.8,,0.2588212057744074,0.258821,0.9086080000000001,0.258821,0.2614094178321515,0.26140921,0.91769408,0.26140921,19.050184364024734,,,,,,,,,,,,
10:52:58.282,,,,,,50.67143745617755,,,,7.057148829910956,,5.713187080277777,5.713191,11.789847,5.713191,,,,,,,,,,,,,,,,,,,,,,,0.019700687063489927,69,
10:52:58.579,,,,,,,,,,,,,,,,,,,1,,,,,,,,,,,,,,,,,25.88235294117647,,,,
10:52:58.735,,,,,,,,,,,,,,,,,,,,,,,,,,,,,,,,,14.4870852,3.204208,,,,,,
10:52:59.107,,,,,,,,-0.11,,,,,,,,,,,,,,,,,,,,,,90,,,,,,,,,,
10:52:59.351,4.562618897447919,4.56261658327194,7.722390290561022,4.56261658327194,4.510724903787149,,,,,,4.691476986777295,,,,,,1699,1.7,,0.26067095337130686,0.260671,0.910458,0.260671,0.2632776629050199,0.26327771,0.91956258,0.26327771,18.353986424907045,,,,,,,,,,,,
10:52:59.720,,,,,,50.73969628120123,,,,6.702109981110421,,5.74115814111111,5.741162,11.817817999999999,5.741162,,,,,,,,,,,,,,,,,,,,,,,0.019620314921999674,70,
10:53:00.048,,,,,,,,,,,,,,,,,,,1,,,,,,,,,,,,,,,,,26.274509803921568,,,,
10:53:00.221,,,,,,,,,,,,,,,,,,,,,,,,,,,,,,,,,14.600069399999999,3.290096,,,,,,
10:53:00.602,,,,,,,,-0.1,,,,,,,,,,,,,,,,,,,,,,91,,,,,,,,,,
10:53:00.831,4.574245386674409,4.574248209682987,7.7205622899252635,4.574248209682987,4.5360147191303914,,,,,,4.729058751716041,,,,,,1707,1.7,,0.26261466141145723,0.262615,0.9124019999999999,0.262615,0.2652408080255718,0.26524115,0.92152602,0.26524115,18.50101372685351,,,,,,,,,,,,
10:53:01.158,,,,,,50.81098130257127,,,,6.660646129177522,,5.7695238126111095,5.769528,11.846184000000001,5.769528,,,,,,,,,,,,,,,,,,,,,,,0.019926072709486355,71,
10:53:01.440,,,,,,,,,,,,,,,,,,,1,,,,,,,,,,,,,,,,,26.666666666666668,,,,
10:53:01.615,,,,,,,,,,,,,,,,,,,,,,,,,,,,,,,,,14.6547681,3.304126,,,,,,
10:53:02.026,,,,,,,,-0.07,,,,,,,,,,,,,,,,,,,,,,94,,,,,,,,,,
10:53:02.281,4.586051865345624,4.5860597262029055,7.718781001544463,4.5860597262029055,4.549759835381598,,,,,,4.9094943720116655,,,,,,1722,1.7,,0.26459335442981174,0.264594,0.914381,0.264594,0.26723928797410984,0.26723994,0.92352481,0.26723994,19.206913582018416,,,,,,,,,,,,
10:53:02.656,,,,,,50.88471734041822,,,,6.914780805650232,,5.799076324055554,5.799081,11.875737,5.799081,,,,,,,,,,,,,,,,,,,,,,,0.014649948024154529,71,
10:53:02.962,,,,,,,,,,,,,,,,,,,1,,,,,,,,,,,,,,,,,27.058823529411764,,,,
10:53:03.122,,,,,,,,,,,,,,,,,,,,,,,,,,,,,,,,,14.5695816,3.281434,,,,,,
10:53:03.470,,,,,,,,-0.06,,,,,,,,,,,,,,,,,,,,,,95,,,,,,,,,,
10:53:03.718,4.597336539127089,4.597349131698626,7.716497931875722,4.597349131698626,4.562493952165944,,,,,,5.040003330063747,,,,,,1739,1.7,,0.26660305477767404,0.266604,0.916391,0.266604,0.2692690853254508,0.26927004,0.92555491,0.26927004,19.717490453900737,,,,,,,,,,,,
10:53:04.062,,,,,,50.95676665003382,,,,7.000004625088537,,5.827170824055554,5.827175,11.903831,5.827175,,,,,,,,,,,,,,,,,,,,,,,0.014703330369729026,72,
10:53:04.349,,,,,,,,,,,,,,,,,,,1,,,,,,,,,,,,,,,,,27.058823529411764,,,,
10:53:04.527,,,,,,,,,,,,,,,,,,,,,,,,,,,,,,,,,14.6511813,3.293756,,,,,,
10:53:04.948,,,,,,,,-0.07,,,,,,,,,,,,,,,,,,,,,,94,,,,,,,,,,
10:53:05.208,4.610273829063308,4.6102785655141645,7.715465718557329,4.6102785655141645,4.574494826320832,,,,,,4.939213680176469,,,,,,1732,1.7,,0.2686485314762459,0.268649,0.918436,0.268649,0.27133501679100835,0.27133549,0.92762036,0.27133549,19.323181397069373,,,,,,,,,,,,
10:53:05.562,,,,,,51.03678314809047,,,,6.766046137228039,,5.857584039444443,5.857588,11.934244,5.857588,,,,,,,,,,,,,,,,,,,,,,,0.014545697890289236,73,
10:53:05.880,,,,,,,,,,,,,,,,,,,1,,,,,,,,,,,,,,,,,25.88235294117647,,,,
10:53:06.048,,,,,,,,,,,,,,,,,,,,,,,,,,,,,,,,,14.6135199,3.294976,,,,,,
10:53:06.396,,,,,,,,-0.09,,,,,,,,,,,,,,,,,,,,,,92,,,,,,,,,,
10:53:06.628,4.618272352014678,4.618283156821545,7.7114813472893635,4.618283156821545,4.585834557143474,,,,,,4.740248552651463,,,,,,1694,1.7,,0.2705191841896873,0.27052,0.920307,0.27052,0.27322437603158417,0.2732252,0.9295100700000001,0.2732252,18.544790442596756,,,,,,,,,,,,
10:53:06.981,,,,,,51.11198649028344,,,,6.4934911680157015,,5.886370541083332,5.886375,11.963031,5.886375,,,,,,,,,,,,,,,,,,,,,,,0.009727387929479846,73,
10:53:07.276,,,,,,,,,,,,,,,,,,,1,,,,,,,,,,,,,,,,,26.274509803921568,,,,
10:53:07.437,,,,,,,,,,,,,,,,,,,,,,,,,,,,,,,,,13.767483449999999,2.86395,,,,,,
10:53:07.807,,,,,,,,-0.06,,,,,,,,,,,,,,,,,,,,,,95,,,,,,,,,,
10:53:08.070,4.6308522464438315,4.630863646981377,7.710228285791452,4.630863646981377,4.597093016588123,,,,,,5.1680137880793575,,,,,,1685,1.7,,0.27258912243576544,0.27259,0.922377,0.27259,0.2753150136601231,0.2753159,0.93160077,0.2753159,20.218292699182257,,,,,,,,,,,,
10:53:08.457,,,,,,51.19322841700264,,,,6.9838024163234556,,5.916728527194444,5.916733,11.993389,5.916733,,,,,,,,,,,,,,,,,,,,,,,0.01464725288809484,74,
10:53:08.780,,,,,,,,,,,,,,,,,,,1,,,,,,,,,,,,,,,,,26.274509803921568,,,,
10:53:08.940,,,,,,,,,,,,,,,,,,,,,,,,,,,,,,,,,15.13046745,3.45626,,,,,,
10:53:09.335,,,,,,,,-0.1,,,,,,,,,,,,,,,,,,,,,,91,,,,,,,,,,
10:53:09.573,4.6390168668655205,4.639029680737663,7.706462285180611,4.639029680737663,4.6080070122192085,,,,,,4.52852916413378,,,,,,1694,1.7,,0.2744780343431941,0.274479,0.924266,0.274479,0.2772228146866261,0.27722378999999997,0.93350866,0.27722378999999997,17.716502295027162,,,,,,,,,,,,
10:53:09.899,,,,,,51.27195512451507,,,,6.119634005586189,,5.9463536974722215,5.946358,12.023014,5.946358,,,,,,,,,,,,,,,,,,,,,,,0.009704602875805159,74,
10:53:10.187,,,,,,,,,,,,,,,,,,,1,,,,,,,,,,,,,,,,,26.274509803921568,,,,
10:53:10.401,,,,,,,,,,,,,,,,,,,,,,,,,,,,,,,,,15.151988249999999,3.493592,,,,,,
10:53:10.749,,,,,,,,-0.08,,,,,,,,,,,,,,,,,,,,,,93,,,,,,,,,,
10:53:11.057,4.647904678530888,4.6479206263733195,7.703301351890633,4.6479206263733195,4.618529768198705,,,,,,4.610571321363695,,,,,,1690,1.7,,0.2763808517068058,0.276382,0.926169,0.276382,0.27914466022387385,0.27914582000000004,0.93543069,0.27914582000000004,18.03746745041681,,,,,,,,,,,,
10:53:11.409,,,,,,51.35361657729752,,,,6.230501785626615,,5.97730085925,5.977305,12.053961000000001,5.977305,,,,,,,,,,,,,,,,,,,,,,,0.004844406774580605,74,
10:53:11.708,,,,,,,,,,,,,,,,,,,1,,,,,,,,,,,,,,,,,25.88235294117647,,,,
10:53:11.853,,,,,,,,,,,,,,,,,,,,,,,,,,,,,,,,,14.756991899999997,3.3367,,,,,,
10:53:12.205,,,,,,,,-0.11,,,,,,,,,,,,,,,,,,,,,,90,,,,,,,,,,
10:53:12.447,4.6532126393085145,4.6532341916633,7.698091938409291,4.6532341916633,4.628124164479119,,,,,,4.548742403289945,,,,,,1678,1.7,,0.2781365190721174,0.278138,0.927925,0.278138,0.2809178842628386,0.28091938,0.93720425,0.28091938,17.795580486846347,,,,,,,,,,,,
10:53:12.796,,,,,,51.428502996477825,,,,6.146949193635061,,6.005877324138889,6.005881,12.082536999999999,6.005881,,,,,,,,,,,,,,,,,,,,,,,0.004871821425360317,74,
10:53:13.147,,,,,,,,,,,,,,,,,,,1,,,,,,,,,,,,,,,,,25.88235294117647,,,,
10:53:13.300,,,,,,,,,,,,,,,,,,,,,,,,,,,,,,,,,14.7049833,3.315228,,,,,,
10:53:13.650,,,,,,,,-0.1,,,,,,,,,,,,,,,,,,,,,,91,,,,,,,,,,
10:53:13.876,4.661073339510205,4.66109801376351,7.694799527615766,4.66109801376351,4.6372294216767065,,,,,,4.538533204690062,,,,,,1650,1.6,,0.27993834675912665,0.27994,0.929727,0.27994,0.28273773022671794,0.28273940000000003,0.93902427,0.28273940000000003,17.75564008150288,,,,,,,,,,,,
10:53:14.243,,,,,,51.50589691748902,,,,6.1331529793108945,,6.035610579638889,6.035614,12.112269999999999,6.035614,,,,,,,,,,,,,,,,,,,,,,,0,74,
10:53:14.546,,,,,,,,,,,,,,,,,,,1,,,,,,,,,,,,,,,,,25.49019607843137,,,,
10:53:14.706,,,,,,,,,,,,,,,,,,,,,,,,,,,,,,,,,14.75206005,3.33792,,,,,,
10:53:15.064,,,,,,,,-0.11,,,,,,,,,,,,,,,,,,,,,,90,,,,,,,,,,
10:53:15.288,4.666516333270362,4.666534340996625,7.6900614005467185,4.666534340996625,4.645264065134858,,,,,,4.374001438475744,,,,,,1613,1.6,,0.28165275351144275,0.281654,0.931441,0.281654,0.28446928104655717,0.28447054,0.94075541,0.28447054,17.111959250908424,,,,,,,,,,,,
10:53:15.612,,,,,,51.575522691380456,,,,5.991782792432526,,6.0634107154166665,6.063414,12.14007,6.063414,,,,,,,,,,,,,,,,,,,,,,,-0.004958606293427468,73,
10:53:15.877,,,,,,,,,,,,,,,,,,,1,,,,,,,,,,,,,,,,,25.098039215686274,,,,
10:53:16.023,,,,,,,,,,,,,,,,,,,,,,,,,,,,,,,,,14.705879999999999,3.324378,,,,,,
10:53:16.405,,,,,,,,-0.11,,,,,,,,,,,,,,,,,,,,,,90,,,,,,,,,,
10:53:16.619,4.671287078994904,4.671312234328713,7.6855240538151754,4.671312234328713,4.6485169418673635,,,,,,4.289808458592421,,,,,,1577,1.6,,0.28323932129565127,0.283241,0.933028,0.283241,0.2860717145086078,0.28607341000000003,0.9423582800000001,0.28607341000000003,16.782579651646554,,,,,,,,,,,,
10:53:16.967,,,,,,51.64377366219793,,,,5.876449943277288,,6.090837855666667,6.090841,12.167497000000001,6.090841,,,,,,,,,,,,,,,,,,,,,,,-0.0050963697602434115,73,
10:53:17.274,,,,,,,,,,,,,,,,,,,1,,,,,,,,,,,,,,,,,24.313725490196077,,,,
10:53:17.434,,,,,,,,,,,,,,,,,,,,,,,,,,,,,,,,,14.743541399999998,3.33121,,,,,,
10:53:17.770,,,,,,,,-0.12,,,,,,,,,,,,,,,,,,,,,,89,,,,,,,,,,
10:53:18.007,4.675715909623486,4.675741822845153,7.680947034546218,4.675741822845153,4.655697386568463,,,,,,4.024706066412847,,,,,,1500,1.5,,0.2847902746467763,0.284792,0.934579,0.284792,0.2876381773932441,0.28763992,0.9439247900000001,0.28763992,15.74544662914895,,,,,,,,,,,,
10:53:18.335,,,,,,51.709200697841325,,,,5.5898695366845095,,6.118218877666667,6.118222,12.194878,6.118222,,,,,,,,,,,,,,,,,,,,,,,-0.01022725644550557,72,
10:53:18.605,,,,,,,,,,,,,,,,,,,1,,,,,,,,,,,,,,,,,22.352941176470587,,,,
10:53:18.818,,,,,,,,,,,,,,,,,,,,,,,,,,,,,,,,,14.793308249999999,3.323158,,,,,,
10:53:19.170,,,,,,,,-0.14,,,,,,,,,,,,,,,,,,,,,,87,,,,,,,,,,
10:53:19.410,4.678902885109809,4.678924694134995,7.675796346630118,4.678924694134995,4.6617037164017106,,,,,,3.782484815046195,,,,,,1447,1.4,,0.28626551958447866,0.286267,0.9360539999999999,0.286267,0.28912817478032343,0.28912967,0.94541454,0.28912967,14.797829157734808,,,,,,,,,,,,
10:53:19.749,,,,,,51.776464094304856,,,,5.253451132008604,,6.146553105666667,6.146556,12.223212,6.146556,,,,,,,,,,,,,,,,,,,,,,,-0.010289478611619227,72,
10:53:20.054,,,,,,,,,,,,,,,,,,,1,,,,,,,,,,,,,,,,,21.96078431372549,,,,
10:53:20.232,,,,,,,,,,,,,,,,,,,,,,,,,,,,,,,,,14.839488300000001,3.3367,,,,,,
10:53:20.576,,,,,,,,-0.2,,,,,,,,,,,,,,,,,,,,,,81,,,,,,,,,,
10:53:20.784,,,,,,,101,,,,,,,,,,,,,,,,,,,,,,,,,,,,,,,,,
10:53:21.034,4.6827755053263465,4.682801230477685,7.670798804765884,4.682801230477685,4.667173546209314,,,,,,3.4669935860416,,,,,,1429,1.4,,0.2878292832540345,0.287831,0.9376180000000001,0.287831,0.2907075760865749,0.29070931,0.94699418,0.29070931,13.563565033526617,,,,,,,,,,,,
10:53:21.347,,,,,,51.848012097159184,,,,4.883089557805071,,6.1780408286111115,6.178044,12.2547,6.178044,,,,,,,,,,,,,,,,,,,,,,,-0.009877062208618618,71,
10:53:21.673,,,,,,,,,,,,,,,,,,,1,,,,,,,,,,,,,,,,,21.568627450980394,,,,
10:53:21.851,,,,,,,,,,,,,,,,,,,,,,,,,,,,,,,,,14.715743699999999,3.304126,,,,,,
10:53:22.193,,,,,,,,-0.19,,,,,,,,,,,,,,,,,,,,,,82,,,,,,,,,,
10:53:22.417,4.680698013979605,4.6807209531042515,7.662072510954981,4.6807209531042515,4.671272713140404,,,,,,3.5021582214577798,,,,,,1414,1.4,,0.2891754343676494,0.289177,0.938964,0.289177,0.2920671887113259,0.29206877000000003,0.9483536400000001,0.29206877000000003,13.701136046426058,,,,,,,,,,,,
10:53:22.758,,,,,,,,,,,,,,,,,,,,,,,,,,,,,49,,,,,,,,,,,
10:53:22.989,,,,,,51.91733203008129,,,,5.003083173511114,,6.210015959444445,6.210019,12.286674999999999,6.210019,,,,,,,,,,,,,,,,,,,,,,,-0.014109432442968665,70,
10:53:23.290,,,,,,,,,,,,,,,,,,,1,,,,,,,,,,,,,,,,,21.176470588235293,,,,
10:53:23.447,,,,,,,,,,,,,,,,,,,,,,,,,,,,,,,,,14.664631799999999,3.301686,,,,,,
10:53:23.818,,,,,,,,-0.21,,,,,,,,,,,,,,,,,,,,,,80,,,,,,,,,,
10:53:24.054,4.6813900730674085,4.681418849121074,7.654666539157258,4.681418849121074,4.676755114195989,,,,,,3.3874270107252373,,,,,,1397,1.4,,0.290715070661334,0.290717,0.940504,0.290717,0.29362222136794736,0.29362417,0.9499090400000001,0.29362417,13.25228484450537,,,,,,,,,,,,
10:53:24.413,,,,,,51.97354937674042,,,,4.909314508297445,,6.237266533861112,6.23727,12.313925999999999,6.23727,,,,,,,,,,,,,,,,,,,,,,,-0.013979542842655976,69,
10:53:24.712,,,,,,,,,,,,,,,,,,,1,,,,,,,,,,,,,,,,,21.176470588235293,,,,
10:53:24.880,,,,,,,,,,,,,,,,,,,,,,,,,,,,,,,,,14.681669099999999,3.317668,,,,,,
10:53:25.237,,,,,,,,-0.24,,,,,,,,,,,,,,,,,,,,,,77,,,,,,,,,,
10:53:25.456,4.6811772794735935,4.681198665441771,7.647975146188146,4.681198665441771,4.678849535082165,,,,,,3.2449592335413864,,,,,,1392,1.4,,0.2919775038433165,0.291979,0.941766,0.291979,0.29489727888174966,0.29489878999999997,0.95118366,0.29489878999999997,12.694922705505451,,,,,,,,,,,,
10:53:25.746,,,,,,52.025768654948656,,,,4.70283946890056,,6.262740804861112,6.262744,12.3394,6.262744,,,,,,,,,,,,,,,,,,,,,,,-0.014169741327667398,69,
10:53:26.078,,,,,,,,,,,,,,,,,,,1,,,,,,,,,,,,,,,,,21.176470588235293,,,,
10:53:26.246,,,,,,,,,,,,,,,,,,,,,,,,,,,,,,,,,14.75833695,3.34463,,,,,,
10:53:26.586,,,,,,,,-0.23,,,,,,,,,,,,,,,,,,,,,,78,,,,,,,,,,
10:53:26.813,4.681828778090317,4.681845529691138,7.642178712092971,4.681845529691138,4.680355492095795,,,,,,3.2700254496060746,,,,,,1392,1.4,,0.2932108012991927,0.293212,0.9429989999999999,0.293212,0.2961429093121846,0.29614411999999996,0.95242899,0.29614411999999996,12.792986703404564,,,,,,,,,,,,
10:53:27.195,,,,,,52.07911120055533,,,,4.808860955303051,,6.290166729194445,6.29017,12.366826,6.29017,,,,,,,,,,,,,,,,,,,,,,,-0.014531031613737106,68,
10:53:27.516,,,,,,,,,,,,,,,,,,,1,,,,,,,,,,,,,,,,,21.176470588235293,,,,
10:53:27.759,,,,,,,,,,,,,,,,,,,,,,,,,,,,,,,,,14.78075445,3.33121,,,,,,
10:53:28.109,,,,,,,,-0.21,,,,,,,,,,,,,,,,,,,,,,80,,,,,,,,,,
10:53:28.352,4.684166846565818,4.684181826564306,7.636801876245368,4.684181826564306,4.681562768801842,,,,,,3.3487855446645773,,,,,,1392,1.4,,0.29464190452263966,0.294643,0.94443,0.294643,0.2975883235678661,0.29758943,0.9538743000000001,0.29758943,13.101111782053014,,,,,,,,,,,,
10:53:28.709,,,,,,52.13439151537953,,,,4.924684624506732,,6.318783543194446,6.318787,12.395443,6.318787,,,,,,,,,,,,,,,,,,,,,,,-0.009903910297243182,68,
10:53:29.010,,,,,,,,,,,,,,,,,,,1,,,,,,,,,,,,,,,,,21.176470588235293,,,,
10:53:29.184,,,,,,,,,,,,,,,,,,,,,,,,,,,,,,,,,14.742196349999999,3.33121,,,,,,
10:53:29.528,,,,,,,,-0.2,,,,,,,,,,,,,,,,,,,,,,81,,,,,,,,,,
10:53:29.773,4.684207680706081,4.684221829284639,7.630005639975916,4.684221829284639,4.682320596744168,,,,,,3.3970713912863264,,,,,,1391,1.4,,0.2959849440575061,0.295986,0.945773,0.295986,0.2989447934980812,0.29894586,0.95523073,0.29894586,13.29001556990246,,,,,,,,,,,,
10:53:30.139,,,,,,52.182951784030564,,,,5.07025580789004,,6.345397126861112,6.345401,12.422056999999999,6.345401,,,,,,,,,,,,,,,,,,,,,,,-0.009895049640569305,67,
10:53:30.456,,,,,,,,,,,,,,,,,,,1,,,,,,,,,,,,,,,,,21.176470588235293,,,,
10:53:30.631,,,,,,,,,,,,,,,,,,,,,,,,,,,,,,,,,14.70722505,3.325598,,,,,,
10:53:30.962,,,,,,,,-0.2,,,,,,,,,,,,,,,,,,,,,,81,,,,,,,,,,
10:53:31.199,4.685668974501127,4.6856770754125705,7.624437723961498,4.6856770754125705,4.6827339494834215,,,,,,3.38556516291859,,,,,,1383,1.4,,0.29732430448221703,0.297325,0.947112,0.297325,0.3002975475270392,0.30029825,0.95658312,0.30029825,13.245000927422375,,,,,,,,,,,,
10:53:31.489,,,,,,52.228411915794226,,,,5.053082332714314,,6.370470252111112,6.370474,12.44713,6.370474,,,,,,,,,,,,,,,,,,,,,,,-0.009863202382207732,67,
10:53:31.766,,,,,,,,,,,,,,,,,,,1,,,,,,,,,,,,,,,,,21.176470588235293,,,,
10:53:31.942,,,,,,,,,,,,,,,,,,,,,,,,,,,,,,,,,14.760130349999999,3.34341,,,,,,
10:53:32.302,,,,,,,,-0.2,,,,,,,,,,,,,,,,,,,,,,81,,,,,,,,,,
10:53:32.555,4.687285247329971,4.687296424096544,7.619346789179515,4.687296424096544,4.683674982819189,,,,,,3.3905046359368574,,,,,,1390,1.4,,0.2986021123127485,0.298603,0.9483900000000001,0.298603,0.30158813343587604,0.30158903000000004,0.9578739000000001,0.30158903000000004,13.264325123401383,,,,,,,,,,,,
10:53:32.891,,,,,,52.2723207411026,,,,5.137128236267966,,6.396219426111112,6.396223,12.472878999999999,6.396223,,,,,,,,,,,,,,,,,,,,,,,-0.009945303582103762,66,
10:53:33.193,,,,,,,,,,,,,,,,,,,1,,,,,,,,,,,,,,,,,20.784313725490197,,,,
10:53:33.362,,,,,,,,,,,,,,,,,,,,,,,,,,,,,,,,,14.730539249999998,3.318888,,,,,,
10:53:33.720,,,,,,,,-0.24,,,,,,,,,,,,,,,,,,,,,,77,,,,,,,,,,
10:53:33.957,4.688074881594971,4.688079199239927,7.613695282380276,4.688079199239927,4.684224970166161,,,,,,3.2272234867872878,,,,,,1389,1.4,,0.299859556287213,0.29986,0.949647,0.29986,0.30285815185008513,0.30285860000000003,0.9591434700000001,0.30285860000000003,12.625536954263831,,,,,,,,,,,,
10:53:34.294,,,,,,52.31581144690273,,,,4.8897325557383144,,6.421886296277779,6.42189,12.498546000000001,6.42189,,,,,,,,,,,,,,,,,,,,,,,-0.010144525897792118,66,
10:53:34.643,,,,,,,,,,,,,,,,,,,1,,,,,,,,,,,,,,,,,20.784313725490197,,,,
10:53:34.817,,,,,,,,,,,,,,,,,,,,,,,,,,,,,,,,,14.7040866,3.296196,,,,,,
10:53:35.210,,,,,,,,-0.22,,,,,,,,,,,,,,,,,,,,,,79,,,,,,,,,,
10:53:35.533,4.691918006077597,4.691920914247986,7.60966115578564,4.691920914247986,4.68616434498084,,,,,,3.314615995587981,,,,,,1388,1.4,,0.3013096394648868,0.30131,0.9510970000000001,0.30131,0.3043227358595357,0.3043231,0.9606079700000001,0.3043231,12.967433743843593,,,,,,,,,,,,
10:53:35.871,,,,,,52.360998613136296,,,,5.099409223981509,,6.45041258988889,6.450416,12.527072,6.450416,,,,,,,,,,,,,,,,,,,,,,,-0.00988224885374644,65,
10:53:36.157,,,,,,,,,,,,,,,,,,,1,,,,,,,,,,,,,,,,,20.784313725490197,,,,
10:53:36.320,,,,,,,,,,,,,,,,,,,,,,,,,,,,,,,,,14.751163349999999,3.32877,,,,,,
10:53:36.650,,,,,,,,-0.24,,,,,,,,,,,,,,,,,,,,,,77,,,,,,,,,,
10:53:36.876,4.689863852011704,4.689868064323293,7.601959979155544,4.689868064323293,4.687312212683895,,,,,,3.229671896341942,,,,,,1392,1.4,,0.302515568358811,0.302516,0.952303,0.302516,0.3055407240423991,0.30554116000000003,0.9618260300000001,0.30554116000000003,12.635115616986765,,,,,,,,,,,,
10:53:37.230,,,,,,52.396565482906915,,,,5.046362338034284,,6.474579361444445,6.474583,12.551238999999999,6.474583,,,,,,,,,,,,,,,,,,,,,,,-0.01480225745364668,64,
10:53:37.542,,,,,,,,,,,,,,,,,,,1,,,,,,,,,,,,,,,,,20.784313725490197,,,,
10:53:37.717,,,,,,,,,,,,,,,,,,,,,,,,,,,,,,,,,14.764165499999999,3.34158,,,,,,
10:53:38.054,,,,,,,,-0.22,,,,,,,,,,,,,,,,,,,,,,79,,,,,,,,,,
10:53:38.299,4.692468261463993,4.692472086619324,7.597696131832086,4.692472086619324,4.6879567187814075,,,,,,3.293993032004734,,,,,,1385,1.4,,0.3038175815990787,0.303818,0.953605,0.303818,0.3068557574150695,0.30685618,0.9631410499999999,0.30685618,12.886752628980386,,,,,,,,,,,,
10:53:38.644,,,,,,52.433307763106335,,,,5.146864112507397,,6.499700865444446,6.499705,12.576360999999999,6.499705,,,,,,,,,,,,,,,,,,,,,,,-0.009848272900463919,64,
10:53:38.940,,,,,,,,,,,,,,,,,,,1,,,,,,,,,,,,,,,,,20.392156862745097,,,,
10:53:39.105,,,,,,,,,,,,,,,,,,,,,,,,,,,,,,,,,14.739506249999998,3.323158,,,,,,
10:53:39.486,,,,,,,,-0.27,,,,,,,,,,,,,,,,,,,,,,74,,,,,,,,,,
10:53:39.713,4.693157101233479,4.693166843725984,7.592251844551853,4.693166843725984,4.689080500614866,,,,,,3.1152214079957368,,,,,,1396,1.4,,0.3050411727255399,0.305042,0.9548289999999999,0.305042,0.3080915844527953,0.30809242,0.96437729,0.30809242,12.187362656596944,,,,,,,,,,,,
10:53:40.186,,,,,,52.469687658078456,,,,4.944795885707518,,6.526681170194446,6.526685,12.603341,6.526685,,,,,,,,,,,,,,,,,,,,,,,-0.014421994666432163,63,
10:53:40.488,,,,,,,,,,,,,,,,,,,1,,,,,,,,,,,,,,,,,22.745098039215687,,,,
10:53:40.643,,,,,,,,,,,,,,,,,,,,,,,,,,,,,,,,,14.61576165,3.285826,,,,,,
10:53:40.996,,,,,,,,-0.13,,,,,,,,,,,,,,,,,,,,,,88,,,,,,,,,,
10:53:41.222,4.699645580505781,4.699659934560961,7.589408237069837,4.699659934560961,4.691773275745356,,,,,,4.033008976867539,,,,,,1507,1.5,,0.30673088316874625,0.306732,0.956519,0.306732,0.30979819200043374,0.30979932,0.96608419,0.30979932,15.777929258010213,,,,,,,,,,,,
10:53:41.554,,,,,,52.50477037157062,,,,6.301576526355529,,6.550977429750001,6.550981,12.627637,6.550981,,,,,,,,,,,,,,,,,,,,,,,,64,
10:53:41.855,,,,,,,,,,,,,,,,,,,1,,,,,,,,,,,,,,,,,27.058823529411764,,,,
10:53:42.011,,,,,,,,,,,,,,,,,,,,,,,,,,,,,,,,,14.90360235,3.35622,,,,,,
10:53:42.377,,,,,,,,-0.05,,,,,,,,,,,,,,,,,,,,,,96,,,,,,,,,,
10:53:42.622,4.716654564903283,4.716667625810546,7.5926715346663824,4.716667625810546,4.6959688925415435,,,,,,5.8006162632882505,,,,,,2026,2,,0.3089869759860872,0.308988,0.9587749999999999,0.308988,0.3120768457459481,0.31207788,0.96836275,0.31207788,22.693158775488513,,,,,,,,,,,,
10:53:42.926,,,,,,52.54283640530249,,,,8.924025020443462,,6.575759589750001,6.575763,12.652419,6.575763,,,,,,,,,,,,,,,,,,,,,,,,65,
10:53:43.201,,,,,,,,,,,,,,,,,,,1,,,,,,,,,,,,,,,,,26.274509803921568,,,,
10:53:43.351,,,,,,,,,,,,,,,,,,,,,,,,,,,,,,,,,14.81393235,3.3606119999999997,,,,,,
10:53:43.681,,,,,,,,-0.06,,,,,,,,,,,,,,,,,,,,,,95,,,,,,,,,,
10:53:43.917,4.726162272808637,4.726173981635287,7.591979051594798,4.726173981635287,4.69974306507493,,,,,,4.985374339498832,,,,,,1749,1.7,,0.3107810688813606,0.310782,0.960569,0.310782,0.3138888795701742,0.31388982,0.97017469,0.31388982,19.50377103162482,,,,,,,,,,,,
10:53:44.261,,,,,,52.57967824057058,,,,7.669806676152049,,6.599889415166668,6.599893,12.676549,6.599893,,,,,,,,,,,,,,,,,,,,,,,,65,
10:53:44.577,,,,,,,,,,,,,,,,,,,1,,,,,,,,,,,,,,,,,26.666666666666668,,,,
10:53:44.739,,,,,,,,,,,,,,,,,,,,,,,,,,,,,,,,,14.75833695,3.34341,,,,,,
10:53:45.091,,,,,,,,-0.1,,,,,,,,,,,,,,,,,,,,,,91,,,,,,,,,,
10:53:45.316,4.736374070320827,4.736379817066731,7.5918374945736415,4.736379817066731,4.705780463665663,,,,,,4.670122553029366,,,,,,1704,1.7,,0.31259545092980295,0.312596,0.962383,0.312596,0.315721405439101,0.31572195999999997,0.97200683,0.31572195999999997,18.270443654000204,,,,,,,,,,,,
10:53:45.659,,,,,,52.620985528938576,,,,7.075943262165707,,6.625467335666668,6.625471,12.702127,6.625471,,,,,,,,,,,,,,,,,,,,,,,0.015526616844908973,66,
10:53:45.960,,,,,,,,,,,,,,,,,,,1,,,,,,,,,,,,,,,,,26.274509803921568,,,,
10:53:46.115,,,,,,,,,,,,,,,,,,,,,,,,,,,,,,,,,14.713053599999999,3.32877,,,,,,
10:53:46.502,,,,,,,,-0.08,,,,,,,,,,,,,,,,,,,,,,93,,,,,,,,,,
10:53:46.738,4.7462444844189005,4.746243701013859,7.591232554988625,4.746243701013859,4.712571273458326,,,,,,4.725642233057543,,,,,,1682,1.7,,0.3144608779860551,0.314461,0.964248,0.314461,0.31760548676591566,0.31760561,0.97389048,0.31760561,18.487647629725625,,,,,,,,,,,,
10:53:47.057,,,,,,52.66213195095131,,,,7.1600639894811255,,6.651103151000002,6.651107,12.727763,6.651107,,,,,,,,,,,,,,,,,,,,,,,0.010295549489364498,66,
10:53:47.352,,,,,,,,,,,,,,,,,,,1,,,,,,,,,,,,,,,,,25.098039215686274,,,,
10:53:47.523,,,,,,,,,,,,,,,,,,,,,,,,,,,,,,,,,14.633247299999999,3.300466,,,,,,
10:53:47.909,,,,,,,,-0.08,,,,,,,,,,,,,,,,,,,,,,93,,,,,,,,,,
10:53:48.163,4.754332798533375,4.754336383402041,7.589731204140114,4.754336383402041,4.720629891773535,,,,,,4.432205580542803,,,,,,1569,1.6,,0.3162155785722799,0.316216,0.966003,0.316216,0.3193777343580027,0.31937816,0.97566303,0.31937816,17.33966537339033,,,,,,,,,,,,
10:53:48.500,,,,,,52.704402047541,,,,6.715463000822429,,6.6776042905000015,6.677608,12.754264,6.677608,,,,,,,,,,,,,,,,,,,,,,,0.005081579239029598,66,
10:53:48.806,,,,,,,,,,,,,,,,,,,1,,,,,,,,,,,,,,,,,24.705882352941178,,,,
10:53:48.969,,,,,,,,,,,,,,,,,,,,,,,,,,,,,,,,,14.781651149999998,3.34707,,,,,,
10:53:49.338,,,,,,,,-0.08,,,,,,,,,,,,,,,,,,,,,,93,,,,,,,,,,
10:53:49.569,4.760647886664863,4.760656810043357,7.587148893891487,4.760656810043357,4.7291523449236434,,,,,,4.306608934239077,,,,,,1540,1.5,,0.3178972275355305,0.317898,0.967685,0.317898,0.3210761998108858,0.32107698,0.9773618500000001,0.32107698,16.848306437223844,,,,,,,,,,,,
10:53:49.911,,,,,,52.74541068916738,,,,6.525165051877389,,6.703476101666668,6.70348,12.780135999999999,6.70348,,,,,,,,,,,,,,,,,,,,,,,0.005013337453289846,66,
10:53:50.206,,,,,,,,,,,,,,,,,,,1,,,,,,,,,,,,,,,,,24.705882352941178,,,,
10:53:50.374,,,,,,,,,,,,,,,,,,,,,,,,,,,,,,,,,14.630557199999998,3.316448,,,,,,
10:53:50.723,,,,,,,,-0.07,,,,,,,,,,,,,,,,,,,,,,94,,,,,,,,,,
10:53:50.956,4.767424401066511,4.767434228191924,7.584981881256977,4.767434228191924,4.7384357574027725,,,,,,4.3693127720242115,,,,,,1530,1.5,,0.31958315539051885,0.319584,0.969371,0.319584,0.32277898694442403,0.32277984,0.9790647100000001,0.32277984,17.093616259853604,,,,,,,,,,,,
10:53:51.361,,,,,,52.78727723512823,,,,6.620170866703351,,6.730054826000002,6.730059,12.806715,6.730059,,,,,,,,,,,,,,,,,,,,,,,0,66,
10:53:51.659,,,,,,,,,,,,,,,,,,,1,,,,,,,,,,,,,,,,,24.313725490196077,,,,
10:53:51.835,,,,,,,,,,,,,,,,,,,,,,,,,,,,,,,,,14.69736135,3.310836,,,,,,
10:53:52.203,,,,,,,,-0.11,,,,,,,,,,,,,,,,,,,,,,90,,,,,,,,,,
10:53:52.452,4.774137727274862,4.7741483395613615,7.582662689065852,4.7741483395613615,4.747747275748908,,,,,,4.13987347189523,,,,,,1521,1.5,,0.32130208651434866,0.321303,0.97109,0.321303,0.32451510737949213,0.32451603,0.9808009,0.32451603,16.196004311254825,,,,,,,,,,,,
10:53:52.807,,,,,,52.82874396633696,,,,6.272535563477621,,6.756546285500002,6.75655,12.833206,6.75655,,,,,,,,,,,,,,,,,,,,,,,0,66,
10:53:53.087,,,,,,,,,,,,,,,,,,,1,,,,,,,,,,,,,,,,,24.313725490196077,,,,
10:53:53.244,,,,,,,,,,,,,,,,,,,,,,,,,,,,,,,,,14.6942229,3.309616,,,,,,
10:53:53.596,,,,,,,,-0.12,,,,,,,,,,,,,,,,,,,,,,89,,,,,,,,,,
10:53:53.828,4.7785759624595245,4.778592624934323,7.579205071593178,4.778592624934323,4.755487450443438,,,,,,4.09474926368313,,,,,,1521,1.5,,0.322866696691355,0.322868,0.972655,0.322868,0.3260953636582685,0.32609667999999997,0.9823815499999999,0.32609667999999997,16.01946947855846,,,,,,,,,,,,
10:53:54.170,,,,,,52.86768123232707,,,,6.204165551035045,,6.781574072166668,6.781578,12.858234,6.781578,,,,,,,,,,,,,,,,,,,,,,,0,66,
10:53:54.465,,,,,,,,,,,,,,,,,,,1,,,,,,,,,,,,,,,,,24.313725490196077,,,,
10:53:54.647,,,,,,,,,,,,,,,,,,,,,,,,,,,,,,,,,14.723813999999999,3.314008,,,,,,
10:53:54.996,,,,,,,,-0.12,,,,,,,,,,,,,,,,,,,,,,89,,,,,,,,,,
10:53:55.261,4.784937243495379,4.784948281948538,7.577105845172829,4.784948281948538,4.76283432177928,,,,,,4.089206597365292,,,,,,1522,1.5,,0.3244940634743291,0.324495,0.974282,0.324495,0.32773900410907236,0.32773995,0.98402482,0.32773995,15.99778547101838,,,,,,,,,,,,
10:53:55.623,,,,,,52.90871761645842,,,,6.195767571765594,,6.808112248666668,6.808116,12.884772,6.808116,,,,,,,,,,,,,,,,,,,,,,,0,66,
10:53:55.890,,,,,,,,,,,,,,,,,,,1,,,,,,,,,,,,,,,,,24.313725490196077,,,,
10:53:56.064,,,,,,,,,,,,,,,,,,,,,,,,,,,,,,,,,14.68749765,3.298026,,,,,,
10:53:56.406,,,,,,,,-0.12,,,,,,,,,,,,,,,,,,,,,,89,,,,,,,,,,
10:53:56.639,4.789151333807713,4.789166342054102,7.573583762289314,4.789166342054102,4.769431479715141,,,,,,4.066997075099143,,,,,,1510,1.5,,0.32605079856414604,0.326052,0.975839,0.326052,0.3293113065497875,0.32931252,0.98559739,0.32931252,15.91089742460454,,,,,,,,,,,,
10:53:56.952,,,,,,52.94629800346831,,,,6.162116780453246,,6.832561803833335,6.832566,12.909222,6.832566,,,,,,,,,,,,,,,,,,,,,,,0,66,
10:53:57.249,,,,,,,,,,,,,,,,,,,1,,,,,,,,,,,,,,,,,23.92156862745098,,,,
10:53:57.408,,,,,,,,,,,,,,,,,,,,,,,,,,,,,,,,,14.7247107,3.32877,,,,,,
10:53:57.746,,,,,,,,-0.1,,,,,,,,,,,,,,,,,,,,,,91,,,,,,,,,,
10:53:57.977,4.794425094678187,4.794435941050551,7.5710991723591095,4.794435941050551,4.775454055997552,,,,,,4.114917676497798,,,,,,1498,1.5,,0.327582057732382,0.327583,0.9773700000000001,0.327583,0.33085787830970587,0.33085883,0.9871437000000001,0.33085883,16.098372300858486,,,,,,,,,,,,
10:53:58.336,,,,,,52.98505904820237,,,,6.2347237522693915,,6.857927406000002,6.857932,12.934588,6.857932,,,,,,,,,,,,,,,,,,,,,,,0,66,
10:53:58.642,,,,,,,,,,,,,,,,,,,1,,,,,,,,,,,,,,,,,23.92156862745098,,,,
10:53:58.823,,,,,,,,,,,,,,,,,,,,,,,,,,,,,,,,,14.67942735,3.33792,,,,,,
10:53:59.156,,,,,,,,-0.11,,,,,,,,,,,,,,,,,,,,,,90,,,,,,,,,,
10:53:59.404,4.802570680743854,4.802584802532309,7.569974397329084,4.802584802532309,4.781483791273861,,,,,,4.482848005993827,,,,,,1645,1.6,,0.32935681090725366,0.329358,0.9791449999999999,0.329358,0.3326503790163262,0.33265158,0.98893645,0.33265158,17.53778856399154,,,,,,,,,,,,
10:53:59.738,,,,,,53.024130968929526,,,,6.792193948475496,,6.8836498188333355,6.883654,12.96031,6.883654,,,,,,,,,,,,,,,,,,,,,,,0,66,
10:54:00.059,,,,,,,,,,,,,,,,,,,1,,,,,,,,,,,,,,,,,25.88235294117647,,,,
10:54:00.227,,,,,,,,,,,,,,,,,,,,,,,,,,,,,,,,,14.710811849999999,3.33914,,,,,,
10:54:00.596,,,,,,,,-0.09,,,,,,,,,,,,,,,,,,,,,,92,,,,,,,,,,
10:54:00.832,4.811311650667839,4.811325496603984,7.569124503966341,4.811325496603984,4.787816761774233,,,,,,4.63384499743168,,,,,,1667,1.7,,0.33119384572470384,0.331195,0.980982,0.331195,0.33450578418195087,0.33450695,0.9907918200000001,0.33450695,18.128518677101592,,,,,,,,,,,,
10:54:01.186,,,,,,53.064183489665574,,,,7.020977268835879,,6.910179079833336,6.910183,12.986839,6.910183,,,,,,,,,,,,,,,,,,,,,,,0,66,
10:54:01.497,,,,,,,,,,,,,,,,,,,1,,,,,,,,,,,,,,,,,25.88235294117647,,,,
10:54:01.678,,,,,,,,,,,,,,,,,,,,,,,,,,,,,,,,,14.6951196,3.304126,,,,,,
10:54:02.029,,,,,,,,-0.09,,,,,,,,,,,,,,,,,,,,,,92,,,,,,,,,,
10:54:02.280,4.819959588933496,4.819973653375026,7.568092589736424,4.819973653375026,4.794383660257606,,,,,,4.658272305718807,,,,,,1674,1.7,,0.33306783917090327,0.333069,0.982856,0.333069,0.3363985175626123,0.33639969000000003,0.99268456,0.33639969000000003,18.224083141333768,,,,,,,,,,,,
10:54:02.616,,,,,,53.10654656935816,,,,6.95264523241613,,6.9367826507222246,6.936787,13.013442999999999,6.936787,,,,,,,,,,,,,,,,,,,,,,,0.005001252608113623,67,
10:54:02.928,,,,,,,,,,,,,,,,,,,1,,,,,,,,,,,,,,,,,25.88235294117647,,,,
10:54:03.108,,,,,,,,,,,,,,,,,,,,,,,,,,,,,,,,,14.6449044,3.309616,,,,,,
10:54:03.503,,,,,,,,-0.06,,,,,,,,,,,,,,,,,,,,,,95,,,,,,,,,,
10:54:03.745,4.829734425468171,4.829743222618772,7.567682126859126,4.829743222618772,4.801333247531771,,,,,,4.815132604215917,,,,,,1670,1.7,,0.3350281797018348,0.335029,0.984816,0.335029,0.33837846149885314,0.33837929,0.99466416,0.33837929,18.837751672019774,,,,,,,,,,,,
10:54:04.068,,,,,,53.14932054334838,,,,7.186765080919279,,6.96380937127778,6.963814,13.04047,6.963814,,,,,,,,,,,,,,,,,,,,,,,0.004941594485002715,67,
10:54:04.373,,,,,,,,,,,,,,,,,,,1,,,,,,,,,,,,,,,,,25.88235294117647,,,,
10:54:04.542,,,,,,,,,,,,,,,,,,,,,,,,,,,,,,,,,14.723813999999999,3.33121,,,,,,
10:54:04.894,,,,,,,,-0.07,,,,,,,,,,,,,,,,,,,,,,94,,,,,,,,,,
10:54:05.114,4.83688177191519,4.836889669942362,7.565823931192665,4.836889669942362,4.808621473713728,,,,,,4.738912811752746,,,,,,1670,1.7,,0.3368312261102568,0.336832,0.986619,0.336832,0.34019953837135936,0.34020032,0.99648519,0.34020032,18.539564759855192,,,,,,,,,,,,
10:54:05.447,,,,,,53.18978615187974,,,,7.07300419664589,,6.989531661388892,6.989536,13.066192000000001,6.989536,,,,,,,,,,,,,,,,,,,,,,,0.004961401933183337,67,
10:54:05.743,,,,,,,,,,,,,,,,,,,1,,,,,,,,,,,,,,,,,25.49019607843137,,,,
10:54:05.977,,,,,,,,,,,,,,,,,,,,,,,,,,,,,,,,,14.720675550000001,3.315228,,,,,,
10:54:06.354,,,,,,,,-0.11,,,,,,,,,,,,,,,,,,,,,,90,,,,,,,,,,
10:54:06.588,4.8450789782220935,4.845085567911804,7.5648360287373695,4.845085567911804,4.816139190554567,,,,,,4.440394306491338,,,,,,1634,1.6,,0.3386483292021306,0.338649,0.988436,0.338649,0.3420348124941519,0.34203549,0.99832036,0.34203549,17.371701289866163,,,,,,,,,,,,
10:54:06.929,,,,,,53.23599440230497,,,,6.529991627193144,,7.017498544611114,7.017503,13.094159,7.017503,,,,,,,,,,,,,,,,,,,,,,,0.00986289243150313,68,
10:54:07.225,,,,,,,,,,,,,,,,,,,1,,,,,,,,,,,,,,,,,24.705882352941178,,,,
10:54:07.427,,,,,,,,,,,,,,,,,,,,,,,,,,,,,,,,,14.66597685,3.277774,,,,,,
10:54:07.817,,,,,,,,-0.11,,,,,,,,,,,,,,,,,,,,,,90,,,,,,,,,,
10:54:08.043,4.850148486819435,4.850158240046353,7.561745660794252,4.850158240046353,4.827955083252868,,,,,,4.233289286561375,,,,,,1552,1.6,,0.34035909947403187,0.34036,0.990147,0.34036,0.34376269046877217,0.3437636,1.00004847,0.3437636,16.561465465404453,,,,,,,,,,,,
10:54:08.474,,,,,,53.28380874300573,,,,6.225425421413787,,7.046622383611115,7.046627,13.123283,7.046627,,,,,,,,,,,,,,,,,,,,,,,0.004835275554344732,68,
10:54:08.787,,,,,,,,,,,,,,,,,,,1,,,,,,,,,,,,,,,,,25.098039215686274,,,,
10:54:08.943,,,,,,,,,,,,,,,,,,,,,,,,,,,,,,,,,14.71798545,3.308396,,,,,,
10:54:09.340,,,,,,,,-0.07,,,,,,,,,,,,,,,,,,,,,,94,,,,,,,,,,
10:54:09.571,4.8576534817671995,4.857657429575881,7.559754674192426,4.857657429575881,4.835824054827632,,,,,,4.567622932185003,,,,,,1609,1.6,,0.3423004975644721,0.342301,0.9920880000000001,0.342301,0.34572350254011686,0.34572401,1.00200888,0.34572401,17.86944485237806,,,,,,,,,,,,
10:54:09.930,,,,,,53.32871626251329,,,,6.717092547330887,,7.0741485418333365,7.074153,13.150808999999999,7.074153,,,,,,,,,,,,,,,,,,,,,,,0.004831821981159829,68,
10:54:10.227,,,,,,,,,,,,,,,,,,,1,,,,,,,,,,,,,,,,,25.49019607843137,,,,
10:54:10.381,,,,,,,,,,,,,,,,,,,,,,,,,,,,,,,,,14.681669099999999,3.284606,,,,,,
10:54:10.740,,,,,,,,-0.07,,,,,,,,,,,,,,,,,,,,,,94,,,,,,,,,,
10:54:10.983,4.864230957599636,4.864228975539545,7.557633906780945,4.864228975539545,4.84338395581789,,,,,,4.601687878599638,,,,,,1617,1.6,,0.3441029233584404,0.344103,0.9938899999999999,0.344103,0.3475439525920248,0.34754403,1.0038289,0.34754403,18.00271366427281,,,,,,,,,,,,
10:54:11.337,,,,,,53.37178404585557,,,,6.767188056764174,,7.100705792611114,7.10071,13.177366,7.10071,,,,,,,,,,,,,,,,,,,,,,,0.0048097375116235045,68,
10:54:11.673,,,,,,,,,,,,,,,,,,,1,,,,,,,,,,,,,,,,,25.49019607843137,,,,
10:54:11.826,,,,,,,,,,,,,,,,,,,,,,,,,,,,,,,,,14.690187749999998,3.318888,,,,,,
10:54:12.182,,,,,,,,-0.11,,,,,,,,,,,,,,,,,,,,,,90,,,,,,,,,,
10:54:12.416,4.8713042501188815,4.871301602234142,7.556016885316838,4.871301602234142,4.850718907415802,,,,,,4.5040726243347455,,,,,,1654,1.7,,0.3458969830639028,0.345897,0.995684,0.345897,0.34935595289454185,0.34935597,1.00564084,0.34935597,17.62082347133543,,,,,,,,,,,,
10:54:12.793,,,,,,53.41610143936242,,,,6.623636212256979,,7.128197346388892,7.128202,13.204858,7.128202,,,,,,,,,,,,,,,,,,,,,,,0,68,
10:54:13.063,,,,,,,,,,,,,,,,,,,1,,,,,,,,,,,,,,,,,25.88235294117647,,,,
10:54:13.225,,,,,,,,,,,,,,,,,,,,,,,,,,,,,,,,,14.699154749999998,3.314008,,,,,,
10:54:13.564,,,,,,,,-0.11,,,,,,,,,,,,,,,,,,,,,,90,,,,,,,,,,
10:54:13.791,4.876825897424555,4.876825881196969,7.553409510348388,4.876825881196969,4.857446260552427,,,,,,4.536704198952919,,,,,,1667,1.7,,0.34762977420822344,0.34763,0.997417,0.34763,0.3511060719503057,0.3511063,1.00739117,0.3511063,17.7484846490953,,,,,,,,,,,,
10:54:14.124,,,,,,53.459229059268914,,,,6.574933621670898,,7.1537502083888915,7.153755,13.230411,7.153755,,,,,,,,,,,,,,,,,,,,,,,0.005013502853969313,69,
10:54:14.405,,,,,,,,,,,,,,,,,,,1,,,,,,,,,,,,,,,,,25.88235294117647,,,,
10:54:14.558,,,,,,,,,,,,,,,,,,,,,,,,,,,,,,,,,14.68032405,3.312056,,,,,,
10:54:14.882,,,,,,,,-0.1,,,,,,,,,,,,,,,,,,,,,,91,,,,,,,,,,
10:54:15.115,4.883016463064192,4.8830159825154755,7.551587021748606,4.8830159825154755,4.864036930716571,,,,,,4.598506482665307,,,,,,1669,1.7,,0.3493188004021185,0.349319,0.999106,0.349319,0.3528119884061397,0.35281218999999997,1.00909706,0.35281218999999997,17.990267413773125,,,,,,,,,,,,
10:54:15.426,,,,,,53.50109878031185,,,,6.664502148790301,,7.1786938195555585,7.178699,13.255355,7.178699,,,,,,,,,,,,,,,,,,,,,,,0.005154145318184034,69,
10:54:15.731,,,,,,,,,,,,,,,,,,,1,,,,,,,,,,,,,,,,,25.88235294117647,,,,
10:54:15.892,,,,,,,,,,,,,,,,,,,,,,,,,,,,,,,,,14.730539249999998,3.305346,,,,,,
10:54:16.273,,,,,,,,-0.11,,,,,,,,,,,,,,,,,,,,,,90,,,,,,,,,,
10:54:16.512,4.890602558407238,4.890607615669636,7.550676688779743,4.890607615669636,4.867357634177904,,,,,,4.537901135806759,,,,,,1671,1.7,,0.35108138359940644,0.351082,1.000869,0.351082,0.3545921974354005,0.35459282000000003,1.01087769,0.35459282000000003,17.75316730294371,,,,,,,,,,,,
10:54:16.892,,,,,,53.551052073189496,,,,6.48271590829537,,7.207217579000003,7.207223,13.283878999999999,7.207223,,,,,,,,,,,,,,,,,,,,,,,0.010198185803273844,70,
10:54:17.228,,,,,,,,,,,,,,,,,,,1,,,,,,,,,,,,,,,,,25.88235294117647,,,,
10:54:17.397,,,,,,,,,,,,,,,,,,,,,,,,,,,,,,,,,14.719778849999999,3.323158,,,,,,
10:54:17.749,,,,,,,,-0.11,,,,,,,,,,,,,,,,,,,,,,90,,,,,,,,,,
10:54:17.974,4.896816094221335,4.896823644835188,7.548337349354057,4.896823644835188,4.873824773677809,,,,,,4.541218416037619,,,,,,1671,1.7,,0.3529241903540214,0.352925,1.002712,0.352925,0.3564534322575616,0.35645425,1.01273912,0.35645425,17.76614515970319,,,,,,,,,,,,
10:54:18.305,,,,,,53.598867128883214,,,,6.4874548800537415,,7.234683140666669,7.234689,13.311345,7.234689,,,,,,,,,,,,,,,,,,,,,,,0.010276715479169687,70,
10:54:18.613,,,,,,,,,,,,,,,,,,,1,,,,,,,,,,,,,,,,,25.88235294117647,,,,
10:54:18.781,,,,,,,,,,,,,,,,,,,,,,,,,,,,,,,,,14.6852559,3.277774,,,,,,
10:54:19.112,,,,,,,,-0.07,,,,,,,,,,,,,,,,,,,,,,94,,,,,,,,,,
10:54:19.341,4.903177640343449,4.903182431200567,7.546322328810499,4.903182431200567,4.880453417868311,,,,,,4.751355460034199,,,,,,1670,1.7,,0.35472936610286526,0.35473,1.0045169999999999,0.35473,0.35827665976389395,0.35827729999999997,1.01456217,0.35827729999999997,18.588242862357106,,,,,,,,,,,,
10:54:19.688,,,,,,53.645467734912245,,,,6.787650657191714,,7.261605640388892,7.261611,13.338267,7.261611,,,,,,,,,,,,,,,,,,,,,,,0.0050907617363148494,70,
10:54:20.017,,,,,,,,,,,,,,,,,,,1,,,,,,,,,,,,,,,,,25.88235294117647,,,,
10:54:20.203,,,,,,,,,,,,,,,,,,,,,,,,,,,,,,,,,14.65790655,3.324378,,,,,,
10:54:20.570,,,,,,,,-0.07,,,,,,,,,,,,,,,,,,,,,,94,,,,,,,,,,
10:54:20.869,4.912815345853568,4.912821686537602,7.546235204318522,4.912821686537602,4.887348650879106,,,,,,4.760220742604233,,,,,,1670,1.7,,0.35674927625639374,0.35675,1.006537,0.35675,0.3603167690189577,0.3603175,1.01660237,0.3603175,18.622925602228143,,,,,,,,,,,,
10:54:21.272,,,,,,53.7014787402348,,,,6.704536257189059,,7.292724405916669,7.29273,13.369385999999999,7.29273,,,,,,,,,,,,,,,,,,,,,,,0.009689427689069928,71,
10:54:21.550,,,,,,,,,,,,,,,,,,,1,,,,,,,,,,,,,,,,,25.88235294117647,,,,
10:54:21.716,,,,,,,,,,,,,,,,,,,,,,,,,,,,,,,,,14.7444381,3.312056,,,,,,
10:54:22.078,,,,,,,,-0.11,,,,,,,,,,,,,,,,,,,,,,90,,,,,,,,,,
10:54:22.322,4.916859634550795,4.916869265693369,7.542313461515735,4.916869265693369,4.893927235498002,,,,,,4.517344761769192,,,,,,1665,1.7,,0.35857302257355095,0.358574,1.008361,0.358574,0.36215875279928644,0.36215974,1.01844461,0.36215974,17.6727466995614,,,,,,,,,,,,
10:54:22.666,,,,,,53.75086916409967,,,,6.362457410942524,,7.320332564611113,7.320338,13.396994,7.320338,,,,,,,,,,,,,,,,,,,,,,,0.004904886007932163,71,
10:54:22.966,,,,,,,,,,,,,,,,,,,1,,,,,,,,,,,,,,,,,25.88235294117647,,,,
10:54:23.121,,,,,,,,,,,,,,,,,,,,,,,,,,,,,,,,,14.729642550000001,3.320108,,,,,,
10:54:23.505,,,,,,,,-0.1,,,,,,,,,,,,,,,,,,,,,,91,,,,,,,,,,
10:54:23.746,4.923034740311263,4.9230377067288424,7.5402735867464,4.9230377067288424,4.90039354677205,,,,,,4.574871477463143,,,,,,1666,1.7,,0.36038251526212356,0.360383,1.01017,0.360383,0.3639863404147448,0.36398683000000004,1.0202717000000001,0.36398683000000004,17.897802596007683,,,,,,,,,,,,
10:54:24.119,,,,,,53.80177307182818,,,,6.44348095417344,,7.348952662638891,7.348958,13.425614,7.348958,,,,,,,,,,,,,,,,,,,,,,,0.004872264225937846,71,
10:54:24.450,,,,,,,,,,,,,,,,,,,1,,,,,,,,,,,,,,,,,25.88235294117647,,,,
10:54:24.605,,,,,,,,,,,,,,,,,,,,,,,,,,,,,,,,,14.6852559,3.290096,,,,,,
10:54:24.938,,,,,,,,-0.1,,,,,,,,,,,,,,,,,,,,,,91,,,,,,,,,,
10:54:25.190,4.928834428211984,4.928834808962033,7.537867541849483,4.928834808962033,4.910305777414233,,,,,,4.574927564910366,,,,,,1661,1.7,,0.362217708949147,0.362218,1.012005,0.362218,0.3658398860386385,0.36584018,1.02212505,0.36584018,17.898022021201037,,,,,,,,,,,,
10:54:25.539,,,,,,53.85127105867195,,,,6.44355995057798,,7.376945235055557,7.376951,13.453607,7.376951,,,,,,,,,,,,,,,,,,,,,,,0.004840866269798509,71,
10:54:25.848,,,,,,,,,,,,,,,,,,,1,,,,,,,,,,,,,,,,,25.88235294117647,,,,
10:54:26.002,,,,,,,,,,,,,,,,,,,,,,,,,,,,,,,,,14.661044999999998,3.305346,,,,,,
10:54:26.334,,,,,,,,-0.09,,,,,,,,,,,,,,,,,,,,,,92,,,,,,,,,,
10:54:26.575,4.93454603837639,4.934545451094904,7.535570200616088,4.934545451094904,4.916583417409826,,,,,,4.641207002317999,,,,,,1664,1.7,,0.3640187588496299,0.364019,1.013806,0.364019,0.36765894643812624,0.36765918999999997,1.02394406,0.36765918999999997,18.15732029717229,,,,,,,,,,,,
10:54:26.934,,,,,,53.89972781449891,,,,6.53691127087042,,7.404505936166668,7.404512,13.481168,7.404512,,,,,,,,,,,,,,,,,,,,,,,0,71,
10:54:27.211,,,,,,,,,,,,,,,,,,,1,,,,,,,,,,,,,,,,,25.88235294117647,,,,
10:54:27.381,,,,,,,,,,,,,,,,,,,,,,,,,,,,,,,,,14.708121749999998,3.33243,,,,,,
10:54:27.739,,,,,,,,-0.1,,,,,,,,,,,,,,,,,,,,,,91,,,,,,,,,,
10:54:27.970,4.939806204980479,4.939798868581751,7.533138078243665,4.939798868581751,4.9227248618039905,,,,,,4.556815037666702,,,,,,1657,1.7,,0.36576824368290894,0.365768,1.015555,0.365768,0.369425926119738,0.36942568,1.0257105499999999,0.36942568,17.827162230118628,,,,,,,,,,,,
10:54:28.326,,,,,,53.947620912181094,,,,6.41804934882634,,7.431899958861113,7.431906,13.508562,7.431906,,,,,,,,,,,,,,,,,,,,,,,0,71,
10:54:28.627,,,,,,,,,,,,,,,,,,,1,,,,,,,,,,,,,,,,,25.88235294117647,,,,
10:54:28.787,,,,,,,,,,,,,,,,,,,,,,,,,,,,,,,,,14.664631799999999,3.292536,,,,,,
10:54:29.134,,,,,,,,-0.07,,,,,,,,,,,,,,,,,,,,,,94,,,,,,,,,,
10:54:29.361,4.946014739826881,4.946012503387422,7.53129755780075,4.946012503387422,4.92884444744448,,,,,,4.695356953162741,,,,,,1648,1.6,,0.3675828674144585,0.367583,1.01737,0.367583,0.37125869608860307,0.37125883,1.0275437,0.37125883,18.36916562125998,,,,,,,,,,,,
10:54:29.743,,,,,,53.99339150458161,,,,6.707652790232487,,7.45947478663889,7.459481,13.536137,7.459481,,,,,,,,,,,,,,,,,,,,,,,-0.005036582407597476,70,
10:54:30.041,,,,,,,,,,,,,,,,,,,1,,,,,,,,,,,,,,,,,25.88235294117647,,,,
10:54:30.207,,,,,,,,,,,,,,,,,,,,,,,,,,,,,,,,,14.664631799999999,3.305346,,,,,,
10:54:30.570,,,,,,,,-0.1,,,,,,,,,,,,,,,,,,,,,,91,,,,,,,,,,
10:54:30.807,4.952197078373555,4.952194395293721,7.529437682257502,4.952194395293721,4.931763526310615,,,,,,4.539988745781051,,,,,,1646,1.6,,0.3694078924459431,0.369408,1.019195,0.369408,0.3731019713704025,0.37310208,1.0293869500000001,0.37310208,17.761334446305302,,,,,,,,,,,,
10:54:31.149,,,,,,54.03851153497134,,,,6.485698208258645,,7.486812468027779,7.486819,13.563475,7.486819,,,,,,,,,,,,,,,,,,,,,,,-0.00504919672978006,70,
10:54:31.442,,,,,,,,,,,,,,,,,,,1,,,,,,,,,,,,,,,,,25.49019607843137,,,,
10:54:31.596,,,,,,,,,,,,,,,,,,,,,,,,,,,,,,,,,14.681669099999999,3.314008,,,,,,
10:54:31.932,,,,,,,,-0.09,,,,,,,,,,,,,,,,,,,,,,92,,,,,,,,,,
10:54:32.178,4.9573628407726105,4.957365738372999,7.5270975911409135,4.957365738372999,4.937331963175494,,,,,,4.573411345496491,,,,,,1642,1.6,,0.3711484592483399,0.371149,1.020936,0.371149,0.3748599438408233,0.37486049,1.03114536,0.37486049,17.892090270791115,,,,,,,,,,,,
10:54:32.505,,,,,,54.081734957280354,,,,6.5334447792807016,,7.51314635913889,7.513153,13.589808999999999,7.513153,,,,,,,,,,,,,,,,,,,,,,,-0.005084163303079829,70,
10:54:32.819,,,,,,,,,,,,,,,,,,,1,,,,,,,,,,,,,,,,,25.49019607843137,,,,
10:54:32.977,,,,,,,,,,,,,,,,,,,,,,,,,,,,,,,,,14.659699949999998,3.307176,,,,,,
10:54:33.332,,,,,,,,-0.1,,,,,,,,,,,,,,,,,,,,,,91,,,,,,,,,,
10:54:33.566,4.963159508728003,4.963162602971083,7.525322835663107,4.963162602971083,4.943119447447645,,,,,,4.516683994206384,,,,,,1637,1.6,,0.3728894379282536,0.37289,1.022677,0.37289,0.3766183323075361,0.3766189,1.0329037699999999,0.3766189,17.670161646088484,,,,,,,,,,,,
10:54:33.905,,,,,,54.12622532035251,,,,6.45240570600912,,7.540401913027779,7.540409,13.617065,7.540409,,,,,,,,,,,,,,,,,,,,,,,-0.005077036073376086,70,
10:54:34.234,,,,,,,,,,,,,,,,,,,1,,,,,,,,,,,,,,,,,25.49019607843137,,,,
10:54:34.386,,,,,,,,,,,,,,,,,,,,,,,,,,,,,,,,,14.71798545,3.326818,,,,,,
10:54:34.742,,,,,,,,-0.11,,,,,,,,,,,,,,,,,,,,,,90,,,,,,,,,,
10:54:34.988,4.968474648070006,4.968483805056198,7.523140999914444,4.968483805056198,4.948799435917488,,,,,,4.4357699131172605,,,,,,1632,1.6,,0.374642957411371,0.374644,1.0244309999999999,0.374644,0.3783893869854847,0.37839044,1.03467531,0.37839044,17.353609747810122,,,,,,,,,,,,
10:54:35.332,,,,,,54.17120810160939,,,,6.336814161596086,,7.568114899416668,7.568122,13.644777999999999,7.568122,,,,,,,,,,,,,,,,,,,,,,,0,70,
10:54:35.632,,,,,,,,,,,,,,,,,,,1,,,,,,,,,,,,,,,,,25.49019607843137,,,,
10:54:35.792,,,,,,,,,,,,,,,,,,,,,,,,,,,,,,,,,14.682565799999999,3.304126,,,,,,
10:54:36.120,,,,,,,,-0.09,,,,,,,,,,,,,,,,,,,,,,92,,,,,,,,,,
10:54:36.385,4.973568757168632,4.973572043368223,7.52077461428834,4.973572043368223,4.954391227037069,,,,,,4.542495950639518,,,,,,1631,1.6,,0.37640539814401164,0.376406,1.0261930000000001,0.376406,0.3801694521254518,0.38017006000000003,1.03645493,0.38017006000000003,17.77114312789246,,,,,,,,,,,,
10:54:36.863,,,,,,54.219242042499886,,,,6.489279929485026,,7.597882072750001,7.597889,13.674545,7.597889,,,,,,,,,,,,,,,,,,,,,,,0,70,
10:54:37.151,,,,,,,,,,,,,,,,,,,1,,,,,,,,,,,,,,,,,25.49019607843137,,,,
10:54:37.312,,,,,,,,,,,,,,,,,,,,,,,,,,,,,,,,,14.65700985,3.308396,,,,,,
10:54:37.660,,,,,,,,-0.06,,,,,,,,,,,,,,,,,,,,,,95,,,,,,,,,,
10:54:37.922,4.980440748363132,4.980449174764201,7.519050908092371,4.980449174764201,4.960128065785413,,,,,,4.693037517966051,,,,,,1629,1.6,,0.3784080147638184,0.378409,1.0281959999999999,0.378409,0.3821920949114566,0.38219309,1.03847796,0.38219309,18.36009153174969,,,,,,,,,,,,
10:54:38.278,,,,,,54.263465250567194,,,,6.704339311380073,,7.625448360527779,7.625455,13.702110999999999,7.625455,,,,,,,,,,,,,,,,,,,,,,,0,70,
10:54:38.554,,,,,,,,,,,,,,,,,,,1,,,,,,,,,,,,,,,,,25.49019607843137,,,,
10:54:38.726,,,,,,,,,,,,,,,,,,,,,,,,,,,,,,,,,14.684359199999998,3.310836,,,,,,
10:54:39.064,,,,,,,,-0.11,,,,,,,,,,,,,,,,,,,,,,90,,,,,,,,,,
10:54:39.298,4.984636740407144,4.984646817796446,7.516279790756331,4.984646817796446,4.9657318827137455,,,,,,4.4268580023493564,,,,,,1625,1.6,,0.38010090059964186,0.380102,1.029889,0.380102,0.3839019096056383,0.38390302,1.04018789,0.38390302,17.3187445892012,,,,,,,,,,,,
10:54:39.618,,,,,,54.30506302381868,,,,6.324082860499081,,7.651519883861112,7.651527,13.728183,7.651527,,,,,,,,,,,,,,,,,,,,,,,0,70,
10:54:39.924,,,,,,,,,,,,,,,,,,,1,,,,,,,,,,,,,,,,,25.49019607843137,,,,
10:54:40.085,,,,,,,,,,,,,,,,,,,,,,,,,,,,,,,,,14.708121749999998,3.290096,,,,,,
10:54:40.436,,,,,,,,-0.07,,,,,,,,,,,,,,,,,,,,,,94,,,,,,,,,,
10:54:40.677,4.990817572949542,4.990820786491376,7.5149129349455785,4.990820786491376,4.971332236854078,,,,,,4.627500112461627,,,,,,1629,1.6,,0.3818733989614687,0.381874,1.031661,0.381874,0.3856921329510834,0.38569274,1.04197761,0.38569274,18.10369623143338,,,,,,,,,,,,
10:54:41.015,,,,,,54.348144354909756,,,,6.610714446373753,,7.678667313027779,7.678674,13.75533,7.678674,,,,,,,,,,,,,,,,,,,,,,,0,70,
10:54:41.279,,,,,,,,,,,,,,,,,,,1,,,,,,,,,,,,,,,,,25.49019607843137,,,,
10:54:41.438,,,,,,,,,,,,,,,,,,,,,,,,,,,,,,,,,14.68929105,3.317668,,,,,,
10:54:41.776,,,,,,,,-0.09,,,,,,,,,,,,,,,,,,,,,,92,,,,,,,,,,
10:54:42.018,4.995127128015496,4.995133274312726,7.512338853375382,4.995133274312726,4.97669849305932,,,,,,4.523713302251877,,,,,,1625,1.6,,0.3835591940231091,0.38356,1.033347,0.38356,0.3873947859633402,0.3873956,1.04368047,0.3873956,17.6976616902765,,,,,,,,,,,,
10:54:42.361,,,,,,54.39205815111912,,,,6.371427186270249,,7.705191656722223,7.705198,13.781854,7.705198,,,,,,,,,,,,,,,,,,,,,,,0.005151258618513874,71,
10:54:42.639,,,,,,,,,,,,,,,,,,,1,,,,,,,,,,,,,,,,,25.49019607843137,,,,
10:54:42.785,,,,,,,,,,,,,,,,,,,,,,,,,,,,,,,,,14.677633949999999,3.309616,,,,,,
10:54:43.135,,,,,,,,-0.07,,,,,,,,,,,,,,,,,,,,,,94,,,,,,,,,,
10:54:43.376,5.00056056097942,5.0005723409054506,7.510535229875459,5.0005723409054506,4.982098208085172,,,,,,4.625725770547404,,,,,,1625,1.6,,0.3853027751339283,0.385304,1.035091,0.385304,0.3891558028852676,0.38915704,1.04544191,0.38915704,18.09675465471914,,,,,,,,,,,,
10:54:43.709,,,,,,54.43590814514365,,,,6.51510671908085,,7.731817796666668,7.731824,13.80848,7.731824,,,,,,,,,,,,,,,,,,,,,,,0.005215153919345048,71,
10:54:44.041,,,,,,,,,,,,,,,,,,,1,,,,,,,,,,,,,,,,,25.49019607843137,,,,
10:54:44.193,,,,,,,,,,,,,,,,,,,,,,,,,,,,,,,,,14.714846999999999,3.317668,,,,,,
10:54:44.525,,,,,,,,-0.11,,,,,,,,,,,,,,,,,,,,,,90,,,,,,,,,,
10:54:44.752,5.005035794675015,5.005041501203339,7.508197861024529,5.005041501203339,4.987332743828549,,,,,,4.390500202842693,,,,,,1615,1.6,,0.38698024830221983,0.386981,1.036768,0.386981,0.39085005078524204,0.39085081000000005,1.04713568,0.39085081000000005,17.176505682250234,,,,,,,,,,,,
10:54:45.077,,,,,,54.48272912094335,,,,6.097916948392629,,7.759151762666668,7.759158,13.835814,7.759158,,,,,,,,,,,,,,,,,,,,,,,0.010379202717134236,72,
10:54:45.402,,,,,,,,,,,,,,,,,,,1,,,,,,,,,,,,,,,,,25.098039215686274,,,,
10:54:45.558,,,,,,,,,,,,,,,,,,,,,,,,,,,,,,,,,14.7040866,3.302906,,,,,,
10:54:45.905,,,,,,,,-0.11,,,,,,,,,,,,,,,,,,,,,,90,,,,,,,,,,
10:54:46.153,5.0090748860539325,5.009074438231571,7.505514312349097,5.009074438231571,4.992407773576539,,,,,,4.320257889408623,,,,,,1588,1.6,,0.3886617223145471,0.388662,1.038449,0.388662,0.3925483395376926,0.39254862,1.04883349,0.39254862,16.90170385100251,,,,,,,,,,,,
10:54:46.469,,,,,,54.53012732092201,,,,6.0003581797341985,,7.786971946666668,7.786978,13.863634000000001,7.786978,,,,,,,,,,,,,,,,,,,,,,,0.010387788922127536,72,
10:54:46.755,,,,,,,,,,,,,,,,,,,1,,,,,,,,,,,,,,,,,25.098039215686274,,,,
10:54:46.910,,,,,,,,,,,,,,,,,,,,,,,,,,,,,,,,,14.70005145,3.300466,,,,,,
10:54:47.256,,,,,,,,-0.1,,,,,,,,,,,,,,,,,,,,,,91,,,,,,,,,,
10:54:47.482,5.011912840361177,5.011918615925201,7.5021022626535006,5.011918615925201,4.997200783975607,,,,,,4.372211387243425,,,,,,1589,1.6,,0.39027624687030943,0.390277,1.040064,0.390277,0.3941790093390125,0.39417977,1.05046464,0.39417977,17.10495621623289,,,,,,,,,,,,
10:54:47.813,,,,,,54.57568894745111,,,,6.072515815615867,,7.813856832666668,7.813863,13.890519,7.813863,,,,,,,,,,,,,,,,,,,,,,,0.0051958778789998805,72,
10:54:48.137,,,,,,,,,,,,,,,,,,,1,,,,,,,,,,,,,,,,,24.313725490196077,,,,
10:54:48.293,,,,,,,,,,,,,,,,,,,,,,,,,,,,,,,,,14.57630685,3.278994,,,,,,
10:54:48.633,,,,,,,,-0.17,,,,,,,,,,,,,,,,,,,,,,84,,,,,,,,,,
10:54:48.869,5.0130021472307735,5.013013409628503,7.497898386662155,5.013013409628503,5.001270958834062,,,,,,3.7166692332998545,,,,,,1451,1.5,,0.3917088108031186,0.39171,1.0414970000000001,0.39171,0.3956258989111498,0.3956271,1.05191197,0.3956271,14.54034557690849,,,,,,,,,,,,
10:54:49.235,,,,,,54.626443128583745,,,,5.091327716849116,,7.8427282211388905,7.842734,13.91939,7.842734,,,,,,,,,,,,,,,,,,,,,,,0.010251540338843403,73,
10:54:49.516,,,,,,,,,,,,,,,,,,,1,,,,,,,,,,,,,,,,,13.72549019607843,,,,
10:54:49.668,,,,,,,,,,,,,,,,,,,,,,,,,,,,,,,,,18.112891649999998,4.763856,,,,,,
10:54:50.002,,,,,,,,-0.01,,,,,,,,,,,,,,,,,,,,,,100,,,,,,,,,,
10:54:50.221,4.994547812422297,4.994559295266166,7.4823465683481825,4.994559295266166,5.0025098428359565,,,,,,0,,,,,,0,0,,0.3917088108031186,0.39171,1.0414970000000001,0.39171,0.3956258989111498,0.3956271,1.05191197,0.3956271,0,,,,,,,,,,,,
10:54:50.590,,,,,,54.674593120138454,,,,0,,7.870266049666668,7.870272,13.946928,7.870272,,,,,,,,,,,,,,,,,,,,,,,0.005137448524173348,73,
10:54:50.894,,,,,,,,,,,,,,,,,,,1,,,,,,,,,,,,,,,,,16.470588235294116,,,,
10:54:51.055,,,,,,,,,,,,,,,,,,,,,,,,,,,,,,,,,18.112891649999998,4.834372,,,,,,
10:54:51.417,,,,,,,,-0.01,,,,,,,,,,,,,,,,,,,,,,100,,,,,,,,,,
10:54:51.661,4.9770720370972565,4.977083384157498,7.467572787355037,4.977083384157498,5.0007916508544215,,,,,,0,,,,,,0,0,,0.3917088108031186,0.39171,1.0414970000000001,0.39171,0.3956258989111498,0.3956271,1.05191197,0.3956271,0,,,,,,,,,,,,
10:54:52.009,,,,,,54.72447266874469,,,,0,,7.898946060527779,7.898952,13.975608000000001,7.898952,,,,,,,,,,,,,,,,,,,,,,,0.00511288001099816,73,
10:54:52.368,,,,,,,,,,,,,,,,,,,1,,,,,,,,,,,,,,,,,16.470588235294116,,,,
10:54:52.525,,,,,,,,,,,,,,,,,,,,,,,,,,,,,,,,,18.112891649999998,4.8956159999999995,,,,,,
10:54:52.860,,,,,,,,-0.01,,,,,,,,,,,,,,,,,,,,,,100,,,,,,,,,,
10:54:53.093,4.959000957868878,4.95901228416124,7.452248231347073,4.95901228416124,4.996275879586094,,,,,,0,,,,,,0,0,,0.3917088108031186,0.39171,1.0414970000000001,0.39171,0.3956258989111498,0.3956271,1.05191197,0.3956271,0,,,,,,,,,,,,
10:54:53.431,,,,,,54.771645959879734,,,,0,,7.927401968527779,7.927408,14.004064,7.927408,,,,,,,,,,,,,,,,,,,,,,,0,72,
10:54:53.731,,,,,,,,,,,,,,,,,,,1,,,,,,,,,,,,,,,,,16.470588235294116,,,,
10:54:53.890,,,,,,,,,,,,,,,,,,,,,,,,,,,,,,,,,18.112891649999998,4.93185,,,,,,
10:54:54.268,,,,,,,,-0.01,,,,,,,,,,,,,,,,,,,,,,100,,,,,,,,,,
10:54:54.510,4.941200312009206,4.941211553637709,7.437105400260954,4.941211553637709,4.9888558484648176,,,,,,0,,,,,,0,0,,0.3917088108031186,0.39171,1.0414970000000001,0.39171,0.3956258989111498,0.3956271,1.05191197,0.3956271,0,,,,,,,,,,,,
10:54:54.862,,,,,,54.82154034426674,,,,0,,7.956401603805556,7.956408,14.033064,7.956408,,,,,,,,,,,,,,,,,,,,,,,,73,
10:54:55.168,,,,,,,,,,,,,,,,,,,1,,,,,,,,,,,,,,,,,16.470588235294116,,,,
10:54:55.338,,,,,,,,,,,,,,,,,,,,,,,,,,,,,,,,,18.112891649999998,4.964912,,,,,,
10:54:55.686,,,,,,,,-0.01,,,,,,,,,,,,,,,,,,,,,,100,,,,,,,,,,
10:54:55.911,4.923190536482772,4.9232015251103265,7.421736265152073,4.9232015251103265,4.978625191190786,,,,,,0,,,,,,0,0,,0.3917088108031186,0.39171,1.0414970000000001,0.39171,0.3956258989111498,0.3956271,1.05191197,0.3956271,0,,,,,,,,,,,,
10:54:56.256,,,,,,54.867241985455784,,,,0,,7.984275807805556,7.984282,14.060938,7.984282,,,,,,,,,,,,,,,,,,,,,,,,72,
10:54:56.538,,,,,,,,,,,,,,,,,,,1,,,,,,,,,,,,,,,,,16.470588235294116,,,,
10:54:56.700,,,,,,,,,,,,,,,,,,,,,,,,,,,,,,,,,18.112891649999998,4.962472,,,,,,
10:54:57.069,,,,,,,,-0.01,,,,,,,,,,,,,,,,,,,,,,100,,,,,,,,,,
10:54:57.316,4.90600300180234,4.906014091185657,7.4070236281534,4.906014091185657,4.965741205659337,,,,,,0,,,,,,0,0,,0.3917088108031186,0.39171,1.0414970000000001,0.39171,0.3956258989111498,0.3956271,1.05191197,0.3956271,0,,,,,,,,,,,,
10:54:57.631,,,,,,54.91211015341027,,,,0,,8.011786707805555,8.011793,14.088449,8.011793,,,,,,,,,,,,,,,,,,,,,,,,72,
10:54:57.937,,,,,,,,,,,,,,,,,,,1,,,,,,,,,,,,,,,,,16.470588235294116,,,,
10:54:58.088,,,,,,,,,,,,,,,,,,,,,,,,,,,,,,,,,18.112891649999998,4.93978,,,,,,
10:54:58.436,,,,,,,,-0.01,,,,,,,,,,,,,,,,,,,,,,100,,,,,,,,,,
10:54:58.697,4.889156752282144,4.889167755582301,7.39255967778994,4.889167755582301,4.9503966946494575,,,,,,0,,,,,,0,0,,0.3917088108031186,0.39171,1.0414970000000001,0.39171,0.3956258989111498,0.3956271,1.05191197,0.3956271,0,,,,,,,,,,,,
10:54:59.066,,,,,,54.95861134308884,,,,0,,8.040451765805555,8.040458,14.117113999999999,8.040458,,,,,,,,,,,,,,,,,,,,,,,0,72,
10:54:59.362,,,,,,,,,,,,,,,,,,,1,,,,,,,,,,,,,,,,,16.470588235294116,,,,
10:54:59.527,,,,,,,,,,,,,,,,,,,,,,,,,,,,,,,,,18.112891649999998,4.9047659999999995,,,,,,
10:54:59.879,,,,,,,,-0.01,,,,,,,,,,,,,,,,,,,,,,100,,,,,,,,,,
10:55:00.121,4.8717263931484345,4.871737406003489,7.377548980620261,4.871737406003489,4.932737225389166,,,,,,0,,,,,,0,0,,0.3917088108031186,0.39171,1.0414970000000001,0.39171,0.3956258989111498,0.3956271,1.05191197,0.3956271,0,,,,,,,,,,,,
10:55:00.465,,,,,,55.0037295737489,,,,0,,8.068414241805556,8.06842,14.145076,8.06842,,,,,,,,,,,,,,,,,,,,,,,-0.005055348693489866,72,
10:55:00.759,,,,,,,,,,,,,,,,,,,1,,,,,,,,,,,,,,,,,16.470588235294116,,,,
10:55:00.948,,,,,,,,,,,,,,,,,,,,,,,,,,,,,,,,,18.112891649999998,4.861334,,,,,,
10:55:01.322,,,,,,,,-0.01,,,,,,,,,,,,,,,,,,,,,,100,,,,,,,,,,
10:55:01.561,4.854842588194402,4.854853862342318,7.362965034616995,4.854853862342318,4.915274072360679,,,,,,0,,,,,,0,0,,0.3917088108031186,0.39171,1.0414970000000001,0.39171,0.3956258989111498,0.3956271,1.05191197,0.3956271,0,,,,,,,,,,,,
10:55:01.914,,,,,,55.05032219636272,,,,0,,8.097446729805556,8.097452,14.174108,8.097452,,,,,,,,,,,,,,,,,,,,,,,0,72,
10:55:02.223,,,,,,,,,,,,,,,,,,,1,,,,,,,,,,,,,,,,,16.470588235294116,,,,
10:55:02.376,,,,,,,,,,,,,,,,,,,,,,,,,,,,,,,,,18.112891649999998,4.81412,,,,,,
10:55:02.719,,,,,,,,-0.01,,,,,,,,,,,,,,,,,,,,,,100,,,,,,,,,,
10:55:02.959,4.837436094038061,4.8374476316747534,7.347883902112218,4.8374476316747534,4.89781957947828,,,,,,0,,,,,,0,0,,0.3917088108031186,0.39171,1.0414970000000001,0.39171,0.3956258989111498,0.3956271,1.05191197,0.3956271,0,,,,,,,,,,,,
10:55:03.315,,,,,,55.09506080574104,,,,0,,8.125474567805556,8.12548,14.202136,8.12548,,,,,,,,,,,,,,,,,,,,,,,0,72,
10:55:03.634,,,,,,,,,,,,,,,,,,,1,,,,,,,,,,,,,,,,,16.470588235294116,,,,
10:55:03.794,,,,,,,,,,,,,,,,,,,,,,,,,,,,,,,,,18.112891649999998,4.766296,,,,,,
10:55:04.144,,,,,,,,-0.01,,,,,,,,,,,,,,,,,,,,,,100,,,,,,,,,,
10:55:04.372,4.820749945549423,4.820761358098229,7.333382809459085,4.820761358098229,4.880538202938348,,,,,,0,,,,,,0,0,,0.3917088108031186,0.39171,1.0414970000000001,0.39171,0.3956258989111498,0.3956271,1.05191197,0.3956271,0,,,,,,,,,,,,
10:55:04.846,,,,,,55.14363634848205,,,,0,,8.156074631805556,8.15608,14.232736,8.15608,,,,,,,,,,,,,,,,,,,,,,,0,72,
10:55:05.171,,,,,,,,,,,,,,,,,,,1,,,,,,,,,,,,,,,,,16.470588235294116,,,,
10:55:05.345,,,,,,,,,,,,,,,,,,,,,,,,,,,,,,,,,18.112891649999998,4.709322,,,,,,
10:55:05.694,,,,,,,,-0.01,,,,,,,,,,,,,,,,,,,,,,100,,,,,,,,,,
10:55:05.937,4.802663394908193,4.80267481437161,7.3176162334494235,4.80267481437161,4.854654024274714,,,,,,0,,,,,,0,0,,0.3917088108031186,0.39171,1.0414970000000001,0.39171,0.3956258989111498,0.3956271,1.05191197,0.3956271,0,,,,,,,,,,,,
10:55:06.284,,,,,,55.189031708628065,,,,0,,8.184831197805556,8.184837,14.261493,8.184837,,,,,,,,,,,,,,,,,,,,,,,0,72,
10:55:06.586,,,,,,,,,,,,,,,,,,,1,,,,,,,,,,,,,,,,,16.470588235294116,,,,
10:55:06.746,,,,,,,,,,,,,,,,,,,,,,,,,,,,,,,,,18.112891649999998,4.668818,,,,,,
10:55:07.099,,,,,,,,-0.01,,,,,,,,,,,,,,,,,,,,,,100,,,,,,,,,,
10:55:07.322,4.785789729031188,4.785800865673928,7.3028609276742635,4.785800865673928,4.837480699593121,,,,,,0,,,,,,0,0,,0.3917088108031186,0.39171,1.0414970000000001,0.39171,0.3956258989111498,0.3956271,1.05191197,0.3956271,0,,,,,,,,,,,,
10:55:07.651,,,,,,55.231911300276316,,,,0,,8.212137099805556,8.212143,14.288799,8.212143,,,,,,,,,,,,,,,,,,,,,,,0,72,
10:55:07.990,,,,,,,,,,,,,,,,,,,1,,,,,,,,,,,,,,,,,16.470588235294116,,,,
10:55:08.140,,,,,,,,,,,,,,,,,,,,,,,,,,,,,,,,,18.112891649999998,4.635756,,,,,,
10:55:08.478,,,,,,,,-0.01,,,,,,,,,,,,,,,,,,,,,,100,,,,,,,,,,
10:55:08.717,4.769876659906144,4.769887713840347,7.288905106720307,4.769887713840347,4.82044068639655,,,,,,0,,,,,,0,0,,0.3917088108031186,0.39171,1.0414970000000001,0.39171,0.3956258989111498,0.3956271,1.05191197,0.3956271,0,,,,,,,,,,,,
10:55:09.051,,,,,,55.27833182167285,,,,0,,8.240568247583333,8.240574,14.31723,8.240574,,,,,,,,,,,,,,,,,,,,,,,0.00493890473390424,73,
10:55:09.366,,,,,,,,,,,,,,,,,,,1,,,,,,,,,,,,,,,,,16.470588235294116,,,,
10:55:09.531,,,,,,,,,,,,,,,,,,,,,,,,,,,,,,,,,18.112891649999998,4.598302,,,,,,
10:55:09.871,,,,,,,,-0.01,,,,,,,,,,,,,,,,,,,,,,100,,,,,,,,,,
10:55:10.119,4.7534198981725915,4.753431010995108,7.274430878039957,4.753431010995108,4.8035397585428585,,,,,,0,,,,,,0,0,,0.3917088108031186,0.39171,1.0414970000000001,0.39171,0.3956258989111498,0.3956271,1.05191197,0.3956271,0,,,,,,,,,,,,
10:55:10.452,,,,,,55.32448186090763,,,,0,,8.268981765861112,8.268988,14.345644,8.268988,,,,,,,,,,,,,,,,,,,,,,,0.005052901451275117,73,
10:55:10.749,,,,,,,,,,,,,,,,,,,1,,,,,,,,,,,,,,,,,16.470588235294116,,,,
10:55:10.914,,,,,,,,,,,,,,,,,,,,,,,,,,,,,,,,,18.112891649999998,4.56219,,,,,,
10:55:11.284,,,,,,,,-0.01,,,,,,,,,,,,,,,,,,,,,,100,,,,,,,,,,
10:55:11.504,4.7370864018627685,4.73709721189582,7.260022624289297,4.73709721189582,4.795233088957847,,,,,,0,,,,,,0,0,,0.3917088108031186,0.39171,1.0414970000000001,0.39171,0.3956258989111498,0.3956271,1.05191197,0.3956271,0,,,,,,,,,,,,
10:55:11.855,,,,,,55.370437006417816,,,,0,,8.297423111333334,8.297429,14.374085,8.297429,,,,,,,,,,,,,,,,,,,,,,,0.005085093738554436,73,
10:55:12.136,,,,,,,,,,,,,,,,,,,1,,,,,,,,,,,,,,,,,16.470588235294116,,,,
10:55:12.306,,,,,,,,,,,,,,,,,,,,,,,,,,,,,,,,,18.112891649999998,4.996998,,,,,,
10:55:12.665,,,,,,,,-0.56,,,,,,,,,,,,,,,,,,,,,,45,,,,,,,,,,
10:55:12.892,4.72969072463157,4.729706033037463,7.250764135595415,4.729706033037463,4.779589106012493,,,,,,1.9026754662529433,,,,,,1723,1.7,,0.3924424512801689,0.392444,1.0422310000000001,0.392444,0.3963668757929706,0.39636844000000004,1.0526533100000002,0.39636844000000004,7.443642967243643,,,,,,,,,,,,
10:55:13.284,,,,,,55.41973362802316,,,,2.571183062503977,,8.326844436277778,8.32685,14.403506,8.32685,,,,,,,,,,,,,,,,,,,,,,,0.01005674161657359,74,
10:55:13.582,,,,,,,,,,,,,,,,,,,2,,,,,,,,,,,,,,,,,39.6078431372549,,,,
10:55:13.772,,,,,,,,,,,,,,,,,,,,,,,,,,,,,,,,,14.5301268,3.271064,,,,,,
10:55:14.165,,,,,,,,-0.09,,,,,,,,,,,,,,,,,,,,,,92,,,,,,,,,,
10:55:14.393,4.743486621696397,4.743498441787711,7.253588119448139,4.743498441787711,4.760287632886978,,,,,,6.090183744688144,,,,,,2164,2.2,,0.3949827518443072,0.394984,1.044771,0.394984,0.3989325793627503,0.39893384,1.0552187100000001,0.39893384,23.82600406870586,,,,,,,,,,,,
10:55:14.750,,,,,,55.472590474289376,,,,8.120244992917524,,8.357346827944445,8.357352,14.434008,8.357352,,,,,,,,,,,,,,,,,,,,,,,0.00993900176692045,75,
10:55:15.051,,,,,,,,,,,,,,,,,,,1,,,,,,,,,,,,,,,,,27.84313725490196,,,,
10:55:15.229,,,,,,,,,,,,,,,,,,,,,,,,,,,,,,,,,14.6547681,3.296196,,,,,,
10:55:15.558,,,,,,,,-0.16,,,,,,,,,,,,,,,,,,,,,,85,,,,,,,,,,
10:55:15.827,4.752356212835674,4.752366539066442,7.253418454527668,4.752366539066442,4.759296205380565,,,,,,5.49902313686198,,,,,,2133,2.1,,0.397170891206043,0.397172,1.046959,0.397172,0.40114260011810343,0.40114372000000004,1.05742859,0.40114372000000004,21.513266779028896,,,,,,,,,,,,
10:55:16.177,,,,,,55.526430045994864,,,,7.235556759028921,,8.387456885833334,8.387462,14.464118,8.387462,,,,,,,,,,,,,,,,,,,,,,,0.014843941617150063,76,
10:55:16.472,,,,,,,,,,,,,,,,,,,1,,,,,,,,,,,,,,,,,29.41176470588235,,,,
10:55:16.638,,,,,,,,,,,,,,,,,,,,,,,,,,,,,,,,,14.910327599999999,3.384402,,,,,,
10:55:16.984,,,,,,,,-0.1,,,,,,,,,,,,,,,,,,,,,,91,,,,,,,,,,
10:55:17.220,4.761664581791232,4.761678801048518,7.2536120073135475,4.761678801048518,4.754171353740945,,,,,,5.713040329416544,,,,,,2106,2.1,,0.3993825638457357,0.399384,1.049171,0.399384,0.4033763894841931,0.40337784000000004,1.05966271,0.40337784000000004,22.35054439073076,,,,,,,,,,,,
10:55:17.576,,,,,,55.58416473162236,,,,7.324410678739159,,8.4178032755,8.417808,14.494464,8.417808,,,,,,,,,,,,,,,,,,,,,,,0.024753183322803317,78,
10:55:17.863,,,,,,,,,,,,,,,,,,,1,,,,,,,,,,,,,,,,,29.41176470588235,,,,
10:55:18.018,,,,,,,,,,,,,,,,,,,,,,,,,,,,,,,,,14.636385749999999,3.309616,,,,,,
10:55:18.367,,,,,,,,-0.08,,,,,,,,,,,,,,,,,,,,,,93,,,,,,,,,,
10:55:18.601,4.769726377823396,4.7697452828574844,7.253079520567301,4.7697452828574844,4.7521634348399715,,,,,,5.538362926199236,,,,,,1961,2,,0.40150618326480536,0.401508,1.051295,0.401508,0.4055212450974534,0.40552308,1.06180795,0.40552308,21.667171820338854,,,,,,,,,,,,
10:55:18.945,,,,,,55.64021745037961,,,,7.100465289999021,,8.447415524833334,8.44742,14.524075999999999,8.44742,,,,,,,,,,,,,,,,,,,,,,,0.020016419110721568,78,
10:55:19.245,,,,,,,,,,,,,,,,,,,1,,,,,,,,,,,,,,,,,27.058823529411764,,,,
10:55:19.414,,,,,,,,,,,,,,,,,,,,,,,,,,,,,,,,,14.7049833,3.304126,,,,,,
10:55:19.746,,,,,,,,-0.07,,,,,,,,,,,,,,,,,,,,,,94,,,,,,,,,,
10:55:19.981,4.775989951517641,4.776014451749766,7.25166268752656,4.776014451749766,4.752927596291409,,,,,,5.0632075927487366,,,,,,1782,1.8,,0.40344771662898116,0.40345,1.053237,0.40345,0.40748219379527095,0.40748449999999997,1.06376937,0.40748449999999997,19.808270121694193,,,,,,,,,,,,
10:55:20.316,,,,,,55.69875640054837,,,,6.409123535124984,,8.47754752488889,8.477552,14.554208,8.477552,,,,,,,,,,,,,,,,,,,,,,,0.02035824432034535,79,
10:55:20.623,,,,,,,,,,,,,,,,,,,1,,,,,,,,,,,,,,,,,27.058823529411764,,,,
10:55:20.790,,,,,,,,,,,,,,,,,,,,,,,,,,,,,,,,,14.60858805,3.280214,,,,,,
10:55:21.154,,,,,,,,-0.11,,,,,,,,,,,,,,,,,,,,,,90,,,,,,,,,,
10:55:21.381,4.780564272266299,4.780589962762836,7.24920242997764,4.780589962762836,4.7563206430531215,,,,,,4.699008890444437,,,,,,1716,1.7,,0.4052746081392342,0.405277,1.055064,0.405277,0.40932735422062655,0.40932977,1.06561464,0.40932977,18.383452722631635,,,,,,,,,,,,
10:55:21.734,,,,,,55.758905160782035,,,,5.948112519549921,,8.508666259083334,8.508671,14.585327,8.508671,,,,,,,,,,,,,,,,,,,,,,,0.015290296913230805,79,
10:55:22.020,,,,,,,,,,,,,,,,,,,1,,,,,,,,,,,,,,,,,25.88235294117647,,,,
10:55:22.168,,,,,,,,,,,,,,,,,,,,,,,,,,,,,,,,,14.50457085,3.256302,,,,,,
10:55:22.494,,,,,,,,-0.11,,,,,,,,,,,,,,,,,,,,,,90,,,,,,,,,,
10:55:22.757,4.783561330138652,4.78359076288177,7.245686024043205,4.78359076288177,4.762130009087608,,,,,,4.558953846025254,,,,,,1653,1.7,,0.4070172688800654,0.40702,1.056807,0.40702,0.41108744156886606,0.4110902,1.06737507,0.4110902,17.835529671691713,,,,,,,,,,,,
10:55:23.093,,,,,,55.81621513302931,,,,5.770827653196524,,8.538466529361113,8.538471,14.615127,8.538471,,,,,,,,,,,,,,,,,,,,,,,0.0051344181741733745,79,
10:55:23.391,,,,,,,,,,,,,,,,,,,1,,,,,,,,,,,,,,,,,25.49019607843137,,,,
10:55:23.545,,,,,,,,,,,,,,,,,,,,,,,,,,,,,,,,,14.523401549999999,3.241662,,,,,,
10:55:23.943,,,,,,,,-0.45,,,,,,,,,,,,,,,,,,,,,,56,,,,,,,,,,
10:55:24.177,4.766866128484084,4.766895618665216,7.230912191183833,4.766895618665216,4.7667769345691715,,,,,,0,,,,,,0,0,,0.4070172688800654,0.40702,1.056807,0.40702,0.41108744156886606,0.4110902,1.06737507,0.4110902,0,,,,,,,,,,,,
10:55:24.538,,,,,,55.87695615906392,,,,0,,8.570212141722225,8.570217,14.646873,8.570217,,,,,,,,,,,,,,,,,,,,,,,0.005064277462370873,79,
10:55:24.832,,,,,,,,,,,,,,,,,,,1,,,,,,,,,,,,,,,,,16.470588235294116,,,,
10:55:24.995,,,,,,,,,,,,,,,,,,,,,,,,,,,,,,,,,18.112891649999998,4.92636,,,,,,
10:55:25.365,,,,,,,,-0.01,,,,,,,,,,,,,,,,,,,,,,100,,,,,,,,,,
10:55:25.607,4.74920879611124,4.7492379714539315,7.215239730692005,4.7492379714539315,4.767492206371028,,,,,,0,,,,,,0,0,,0.4070172688800654,0.40702,1.056807,0.40702,0.41108744156886606,0.4110902,1.06737507,0.4110902,0,,,,,,,,,,,,
10:55:25.976,,,,,,55.931729142925526,,,,0,,8.600915583722225,8.60092,14.677576,8.60092,,,,,,,,,,,,,,,,,,,,,,,-0.010007861782867021,77,
10:55:26.280,,,,,,,,,,,,,,,,,,,1,,,,,,,,,,,,,,,,,16.470588235294116,,,,
10:55:26.470,,,,,,,,,,,,,,,,,,,,,,,,,,,,,,,,,18.112891649999998,4.8767059999999995,,,,,,
10:55:26.836,,,,,,,,-0.01,,,,,,,,,,,,,,,,,,,,,,100,,,,,,,,,,
10:55:27.061,4.732255129330315,4.732284453291043,7.200146672720345,4.732284453291043,4.764979570932857,,,,,,0,,,,,,0,0,,0.4070172688800654,0.40702,1.056807,0.40702,0.41108744156886606,0.4110902,1.06737507,0.4110902,0,,,,,,,,,,,,
10:55:27.414,,,,,,55.983776385158755,,,,0,,8.631304527833336,8.631309,14.707965,8.631309,,,,,,,,,,,,,,,,,,,,,,,-0.014961388010468635,76,
10:55:27.699,,,,,,,,,,,,,,,,,,,1,,,,,,,,,,,,,,,,,16.470588235294116,,,,
10:55:27.864,,,,,,,,,,,,,,,,,,,,,,,,,,,,,,,,,18.112891649999998,4.971622,,,,,,
10:55:28.215,,,,,,,,-0.01,,,,,,,,,,,,,,,,,,,,,,100,,,,,,,,,,
10:55:28.454,4.715593889284735,4.715623087992794,7.185270022059476,4.715623087992794,4.759220734369545,,,,,,0,,,,,,0,0,,0.4070172688800654,0.40702,1.056807,0.40702,0.41108744156886606,0.4110902,1.06737507,0.4110902,0,,,,,,,,,,,,
10:55:28.784,,,,,,56.030581959818385,,,,0,,8.659835665333336,8.65984,14.736496,8.65984,,,,,,,,,,,,,,,,,,,,,,,-0.019908156409272303,75,
10:55:29.067,,,,,,,,,,,,,,,,,,,1,,,,,,,,,,,,,,,,,16.470588235294116,,,,
10:55:29.257,,,,,,,,,,,,,,,,,,,,,,,,,,,,,,,,,18.112891649999998,4.996998,,,,,,
10:55:29.668,,,,,,,,-0.01,,,,,,,,,,,,,,,,,,,,,,100,,,,,,,,,,
10:55:29.907,4.700057652472767,4.700086837632103,7.1713587816262425,4.700086837632103,4.750512143700717,,,,,,0,,,,,,0,0,,0.4070172688800654,0.40702,1.056807,0.40702,0.41108744156886606,0.4110902,1.06737507,0.4110902,0,,,,,,,,,,,,
10:55:30.268,,,,,,56.07843483386072,,,,0,,8.690374209388892,8.690379,14.767035,8.690379,,,,,,,,,,,,,,,,,,,,,,,-0.024716629211568565,74,
10:55:30.562,,,,,,,,,,,,,,,,,,,1,,,,,,,,,,,,,,,,,16.470588235294116,,,,
10:55:30.738,,,,,,,,,,,,,,,,,,,,,,,,,,,,,,,,,18.112891649999998,4.996998,,,,,,
10:55:31.101,,,,,,,,-0.01,,,,,,,,,,,,,,,,,,,,,,100,,,,,,,,,,
10:55:31.334,4.683541342101618,4.6835701872150795,7.156528036941743,4.6835701872150795,4.738956067523714,,,,,,0,,,,,,0,0,,0.4070172688800654,0.40702,1.056807,0.40702,0.41108744156886606,0.4110902,1.06737507,0.4110902,0,,,,,,,,,,,,
10:55:31.681,,,,,,56.12114121831129,,,,0,,8.71899721130556,8.719002,14.795658,8.719002,,,,,,,,,,,,,,,,,,,,,,,-0.019862293462734562,73,
10:55:31.962,,,,,,,,,,,,,,,,,,,1,,,,,,,,,,,,,,,,,16.470588235294116,,,,
10:55:32.118,,,,,,,,,,,,,,,,,,,,,,,,,,,,,,,,,18.112891649999998,4.964912,,,,,,
10:55:32.465,,,,,,,,-0.01,,,,,,,,,,,,,,,,,,,,,,100,,,,,,,,,,
10:55:32.693,4.668166063320942,4.668194823214859,7.142683346695362,4.668194823214859,4.724906291405544,,,,,,0,,,,,,0,0,,0.4070172688800654,0.40702,1.056807,0.40702,0.41108744156886606,0.4110902,1.06737507,0.4110902,0,,,,,,,,,,,,
10:55:33.181,,,,,,56.16634705163626,,,,0,,8.749453642694448,8.749458,14.826114,8.749458,,,,,,,,,,,,,,,,,,,,,,,-0.014733726068347905,73,
10:55:33.459,,,,,,,,,,,,,,,,,,,1,,,,,,,,,,,,,,,,,16.470588235294116,,,,
10:55:33.623,,,,,,,,,,,,,,,,,,,,,,,,,,,,,,,,,18.112891649999998,4.909158,,,,,,
10:55:33.963,,,,,,,,-0.01,,,,,,,,,,,,,,,,,,,,,,100,,,,,,,,,,
10:55:34.212,4.65191639960186,4.65194529764015,7.128010751839626,4.65194529764015,4.700105610317641,,,,,,0,,,,,,0,0,,0.4070172688800654,0.40702,1.056807,0.40702,0.41108744156886606,0.4110902,1.06737507,0.4110902,0,,,,,,,,,,,,
10:55:34.543,,,,,,56.204621921238804,,,,0,,8.776631858694447,8.776636,14.853292,8.776636,,,,,,,,,,,,,,,,,,,,,,,-0.01475684331654203,72,
10:55:34.848,,,,,,,,,,,,,,,,,,,1,,,,,,,,,,,,,,,,,16.470588235294116,,,,
10:55:35.006,,,,,,,,,,,,,,,,,,,,,,,,,,,,,,,,,18.112891649999998,4.858162,,,,,,
10:55:35.372,,,,,,,,-0.01,,,,,,,,,,,,,,,,,,,,,,100,,,,,,,,,,
10:55:35.612,4.637511011434978,4.637539941271348,7.114968183484173,4.637539941271348,4.684148783935316,,,,,,0,,,,,,0,0,,0.4070172688800654,0.40702,1.056807,0.40702,0.41108744156886606,0.4110902,1.06737507,0.4110902,0,,,,,,,,,,,,
10:55:35.971,,,,,,56.24209447168353,,,,0,,8.804783435611114,8.804788,14.881444,8.804788,,,,,,,,,,,,,,,,,,,,,,,-0.014900805539293011,71,
10:55:36.294,,,,,,,,,,,,,,,,,,,1,,,,,,,,,,,,,,,,,16.470588235294116,,,,
10:55:36.454,,,,,,,,,,,,,,,,,,,,,,,,,,,,,,,,,18.112891649999998,4.80619,,,,,,
10:55:36.800,,,,,,,,-0.01,,,,,,,,,,,,,,,,,,,,,,100,,,,,,,,,,
10:55:37.037,4.6226834749151955,4.622712097099896,7.101508428886337,4.622712097099896,4.676465620307802,,,,,,0,,,,,,0,0,,0.4070172688800654,0.40702,1.056807,0.40702,0.41108744156886606,0.4110902,1.06737507,0.4110902,0,,,,,,,,,,,,
10:55:37.388,,,,,,56.27913582185013,,,,0,,8.832751927194447,8.832756,14.909412,8.832756,,,,,,,,,,,,,,,,,,,,,,,-0.00992549909547921,71,
10:55:37.696,,,,,,,,,,,,,,,,,,,1,,,,,,,,,,,,,,,,,16.470588235294116,,,,
10:55:37.863,,,,,,,,,,,,,,,,,,,,,,,,,,,,,,,,,18.112891649999998,4.755926,,,,,,
10:55:38.211,,,,,,,,-0.01,,,,,,,,,,,,,,,,,,,,,,100,,,,,,,,,,
10:55:38.456,4.608045966138059,4.608074761716502,7.0881869788023835,4.608074761716502,4.653131701426489,,,,,,0,,,,,,0,0,,0.4070172688800654,0.40702,1.056807,0.40702,0.41108744156886606,0.4110902,1.06737507,0.4110902,0,,,,,,,,,,,,
10:55:38.807,,,,,,56.313505851992154,,,,0,,8.860340824972225,8.860345,14.937001,8.860345,,,,,,,,,,,,,,,,,,,,,,,-0.015105927726265782,70,
10:55:39.100,,,,,,,,,,,,,,,,,,,1,,,,,,,,,,,,,,,,,16.470588235294116,,,,
10:55:39.271,,,,,,,,,,,,,,,,,,,,,,,,,,,,,,,,,18.112891649999998,4.70066,,,,,,
10:55:39.638,,,,,,,,-0.01,,,,,,,,,,,,,,,,,,,,,,100,,,,,,,,,,
10:55:39.890,4.593697657012435,4.593726316526049,7.075094927020491,4.593726316526049,4.645702445874732,,,,,,0,,,,,,0,0,,0.4070172688800654,0.40702,1.056807,0.40702,0.41108744156886606,0.4110902,1.06737507,0.4110902,0,,,,,,,,,,,,
10:55:40.220,,,,,,56.34505809946965,,,,0,,8.887408882888892,8.887413,14.964069,8.887413,,,,,,,,,,,,,,,,,,,,,,,-0.014966738101622532,69,
10:55:40.524,,,,,,,,,,,,,,,,,,,1,,,,,,,,,,,,,,,,,16.470588235294116,,,,
10:55:40.691,,,,,,,,,,,,,,,,,,,,,,,,,,,,,,,,,18.112891649999998,4.657106,,,,,,
10:55:41.045,,,,,,,,-0.01,,,,,,,,,,,,,,,,,,,,,,100,,,,,,,,,,
10:55:41.302,4.579706799174099,4.579735407817775,7.0622970262967915,4.579735407817775,4.6306585892123975,,,,,,0,,,,,,0,0,,0.4070172688800654,0.40702,1.056807,0.40702,0.41108744156886606,0.4110902,1.06737507,0.4110902,0,,,,,,,,,,,,
10:55:41.650,,,,,,56.37686488262672,,,,0,,8.914832260138892,8.914836,14.991492,8.914836,,,,,,,,,,,,,,,,,,,,,,,-0.009975231659581698,69,
10:55:41.946,,,,,,,,,,,,,,,,,,,1,,,,,,,,,,,,,,,,,16.470588235294116,,,,
10:55:42.100,,,,,,,,,,,,,,,,,,,,,,,,,,,,,,,,,18.112891649999998,4.618554,,,,,,
10:55:42.488,,,,,,,,-0.43,,,,,,,,,,,,,,,,,,,,,,58,,,,,,,,,,
10:55:42.722,4.575786943042995,4.575810480417139,7.055421835264964,4.575810480417139,4.60990689304566,,,,,,2.3000447036945357,,,,,,1616,1.6,,0.40792373055362013,0.407926,1.0577130000000001,0.407926,0.41200296785915635,0.41200526000000004,1.06829013,0.41200526000000004,8.998230064278221,,,,,,,,,,,,
10:55:43.057,,,,,,56.40799219401215,,,,3.3333981212964288,,8.941803938472226,8.941808,15.018464,8.941808,,,,,,,,,,,,,,,,,,,,,,,-0.00999347703948206,69,
10:55:43.375,,,,,,,,,,,,,,,,,,,1,,,,,,,,,,,,,,,,,27.84313725490196,,,,
10:55:43.536,,,,,,,,,,,,,,,,,,,,,,,,,,,,,,,,,14.17727535,3.166876,,,,,,
10:55:43.886,,,,,,,,-0.07,,,,,,,,,,,,,,,,,,,,,,94,,,,,,,,,,
10:55:44.130,4.5847646883873345,4.5847886691371595,7.056314147705118,4.5847886691371595,4.606764117463369,,,,,,5.207464824993617,,,,,,1767,1.8,,0.4099606694759026,0.409963,1.05975,0.409963,0.4140602761706616,0.41406263000000004,1.0703475,0.41406263000000004,20.37263296302958,,,,,,,,,,,,
10:55:44.460,,,,,,56.441309315542476,,,,7.439235464276596,,8.969070618472227,8.969075,15.045731,8.969075,,,,,,,,,,,,,,,,,,,,,,,,70,
10:55:44.739,,,,,,,,,,,,,,,,,,,1,,,,,,,,,,,,,,,,,26.666666666666668,,,,
10:55:44.912,,,,,,,,,,,,,,,,,,,,,,,,,,,,,,,,,14.641317599999999,3.309616,,,,,,
10:55:45.253,,,,,,,,-0.16,,,,,,,,,,,,,,,,,,,,,,85,,,,,,,,,,
10:55:45.505,4.590335982300156,4.590361882356876,7.055157373211046,4.590361882356876,4.599066565300657,,,,,,4.580277995655986,,,,,,1775,1.8,,0.4117104758776418,0.411713,1.0615,0.411713,0.4158275806364182,0.41583013,1.0721150000000002,0.41583013,17.918953965138797,,,,,,,,,,,,
10:55:45.846,,,,,,56.47408902204213,,,,6.5432542795085515,,8.99602857319445,8.996033,15.072689,8.996033,,,,,,,,,,,,,,,,,,,,,,,0.005035314344209755,70,
10:55:46.112,,,,,,,,,,,,,,,,,,,1,,,,,,,,,,,,,,,,,27.45098039215686,,,,
10:55:46.269,,,,,,,,,,,,,,,,,,,,,,,,,,,,,,,,,14.8350048,3.367322,,,,,,
10:55:46.625,,,,,,,,-0.08,,,,,,,,,,,,,,,,,,,,,,93,,,,,,,,,,
10:55:46.862,4.597306224559181,4.59733751532481,7.054912365006669,4.59733751532481,4.594040966941182,,,,,,4.948720604880499,,,,,,1776,1.8,,0.41357498155859085,0.413578,1.0633650000000001,0.413578,0.41771073137417675,0.41771378,1.07399865,0.41771378,19.36037436795086,,,,,,,,,,,,
10:55:47.237,,,,,,56.50925967349231,,,,6.9700290209584495,,9.023479042861116,9.023483,15.100139,9.023483,,,,,,,,,,,,,,,,,,,,,,,0.010140344199336706,71,
10:55:47.565,,,,,,,,,,,,,,,,,,,1,,,,,,,,,,,,,,,,,27.84313725490196,,,,
10:55:47.717,,,,,,,,,,,,,,,,,,,,,,,,,,,,,,,,,14.67942735,3.277774,,,,,,
10:55:48.066,,,,,,,,-0.08,,,,,,,,,,,,,,,,,,,,,,93,,,,,,,,,,
10:55:48.292,4.604824375732683,4.604851585579537,7.054935057220333,4.604851585579537,4.591808579543368,,,,,,4.885713880493981,,,,,,1735,1.7,,0.4155153625047988,0.415518,1.065305,0.415518,0.4196705161298468,0.41967318,1.07595805,0.41967318,19.113879592994625,,,,,,,,,,,,
10:55:48.640,,,,,,56.54456594312484,,,,6.881287155625325,,9.051169711444448,9.051174,15.12783,9.051174,,,,,,,,,,,,,,,,,,,,,,,0.01014680695647505,71,
10:55:48.938,,,,,,,,,,,,,,,,,,,1,,,,,,,,,,,,,,,,,27.84313725490196,,,,
10:55:49.105,,,,,,,,,,,,,,,,,,,,,,,,,,,,,,,,,14.761027050000001,3.321938,,,,,,
10:55:49.465,,,,,,,,-0.08,,,,,,,,,,,,,,,,,,,,,,93,,,,,,,,,,
10:55:49.732,4.612178006990099,4.612208316843761,7.054851885564553,4.612208316843761,4.592325084649873,,,,,,4.850304188688828,,,,,,1732,1.7,,0.41745605880659004,0.417459,1.067246,0.417459,0.42163061939465596,0.42163359,1.07791846,0.42163359,18.975349871004376,,,,,,,,,,,,
10:55:50.098,,,,,,56.583551536733474,,,,6.736533595401149,,9.080314851444449,9.080319,15.156975,9.080319,,,,,,,,,,,,,,,,,,,,,,,0.010047516766182683,72,
10:55:50.395,,,,,,,,,,,,,,,,,,,1,,,,,,,,,,,,,,,,,26.666666666666668,,,,
10:55:50.553,,,,,,,,,,,,,,,,,,,,,,,,,,,,,,,,,14.666873549999998,3.284606,,,,,,
10:55:50.904,,,,,,,,-0.1,,,,,,,,,,,,,,,,,,,,,,91,,,,,,,,,,
10:55:51.142,4.617745542416216,4.617778296114928,7.053491874203132,4.617778296114928,4.595331070325345,,,,,,4.724065644132551,,,,,,1713,1.7,,0.4193058342899337,0.419309,1.069096,0.419309,0.423498892632833,0.42350209,1.07978696,0.42350209,18.48147970184097,,,,,,,,,,,,
10:55:51.487,,,,,,56.6205018675209,,,,6.561202283517432,,9.108074845444449,9.108079,15.184735,9.108079,,,,,,,,,,,,,,,,,,,,,,,0.01004139358590012,72,
10:55:51.787,,,,,,,,,,,,,,,,,,,1,,,,,,,,,,,,,,,,,26.274509803921568,,,,
10:55:51.953,,,,,,,,,,,,,,,,,,,,,,,,,,,,,,,,,14.6404209,3.287046,,,,,,
10:55:52.328,,,,,,,,-0.1,,,,,,,,,,,,,,,,,,,,,,91,,,,,,,,,,
10:55:52.574,4.624309691075268,4.624345045755532,7.052977875478235,4.624345045755532,4.600906431812992,,,,,,4.724312926554011,,,,,,1710,1.7,,0.42118558774827647,0.421189,1.070976,0.421189,0.42539744362575926,0.42540089,1.08168576,0.42540089,18.4824471196114,,,,,,,,,,,,
10:55:52.947,,,,,,56.661790204997985,,,,6.471661543224672,,9.137750387722226,9.137755,15.214411,9.137755,,,,,,,,,,,,,,,,,,,,,,,0.009920196956643338,73,
10:55:53.220,,,,,,,,,,,,,,,,,,,1,,,,,,,,,,,,,,,,,26.274509803921568,,,,
10:55:53.376,,,,,,,,,,,,,,,,,,,,,,,,,,,,,,,,,14.580341999999998,3.263012,,,,,,
10:55:53.716,,,,,,,,-0.1,,,,,,,,,,,,,,,,,,,,,,91,,,,,,,,,,
10:55:53.966,4.628812183619599,4.628850302946402,7.050946632110832,4.628850302946402,4.607534586885068,,,,,,4.613395065691364,,,,,,1663,1.7,,0.4229693032556335,0.422973,1.07276,0.422973,0.4271989962881898,0.42720273,1.0834876,0.42720273,18.048514497051276,,,,,,,,,,,,
10:55:54.328,,,,,,56.70289555858627,,,,6.234317656339681,,9.166110353277782,9.166115,15.242771,9.166115,,,,,,,,,,,,,,,,,,,,,,,0.014939859312011564,74,
10:55:54.624,,,,,,,,,,,,,,,,,,,1,,,,,,,,,,,,,,,,,25.49019607843137,,,,
10:55:54.789,,,,,,,,,,,,,,,,,,,,,,,,,,,,,,,,,14.666873549999998,3.304126,,,,,,
10:55:55.129,,,,,,,,-0.11,,,,,,,,,,,,,,,,,,,,,,90,,,,,,,,,,
10:55:55.387,4.633314225646793,4.633347934212041,7.049144804445334,4.633347934212041,4.6136032790425,,,,,,4.372131345169154,,,,,,1603,1.6,,0.424694694936903,0.424698,1.0744850000000001,0.424698,0.42894164188627204,0.42894498000000003,1.0852298500000002,0.42894498000000003,17.104643075797856,,,,,,,,,,,,
10:55:55.730,,,,,,56.744439358880214,,,,5.908285601579938,,9.194910102888892,9.194915,15.271571,9.194915,,,,,,,,,,,,,,,,,,,,,,,0.010058492394097791,74,
10:55:56.031,,,,,,,,,,,,,,,,,,,1,,,,,,,,,,,,,,,,,25.098039215686274,,,,
10:55:56.195,,,,,,,,,,,,,,,,,,,,,,,,,,,,,,,,,14.68839435,3.326818,,,,,,
10:55:56.577,,,,,,,,-0.08,,,,,,,,,,,,,,,,,,,,,,93,,,,,,,,,,
10:55:56.823,4.638245235625591,4.638281049906388,7.047559154195728,4.638281049906388,4.619591935708178,,,,,,4.480292872881828,,,,,,1592,1.6,,0.4264824797673002,0.426486,1.076273,0.426486,0.4307473045649732,0.43075085999999996,1.08703573,0.43075085999999996,17.527792377591467,,,,,,,,,,,,
10:55:57.138,,,,,,56.785943986000674,,,,6.054449828218686,,9.223821508222226,9.223826,15.300482,9.223826,,,,,,,,,,,,,,,,,,,,,,,0.010025721312809552,74,
10:55:57.450,,,,,,,,,,,,,,,,,,,1,,,,,,,,,,,,,,,,,25.098039215686274,,,,
10:55:57.603,,,,,,,,,,,,,,,,,,,,,,,,,,,,,,,,,14.716640399999998,3.300466,,,,,,
10:55:57.935,,,,,,,,-0.12,,,,,,,,,,,,,,,,,,,,,,89,,,,,,,,,,
10:55:58.187,4.64086652210916,4.640904978042734,7.044588529956114,4.640904978042734,4.625036972901926,,,,,,4.179905258707361,,,,,,1555,1.6,,0.42806524443418953,0.428069,1.077856,0.428069,0.4323458968785314,0.43234968999999995,1.08863456,0.43234968999999995,16.352616583634177,,,,,,,,,,,,
10:55:58.545,,,,,,56.82724640449831,,,,5.648520619874812,,9.252730790166671,9.252735,15.329391,9.252735,,,,,,,,,,,,,,,,,,,,,,,0.005059951362090992,74,
10:55:58.831,,,,,,,,,,,,,,,,,,,1,,,,,,,,,,,,,,,,,24.705882352941178,,,,
10:55:58.978,,,,,,,,,,,,,,,,,,,,,,,,,,,,,,,,,14.779857749999998,3.307176,,,,,,
10:55:59.356,,,,,,,,-0.11,,,,,,,,,,,,,,,,,,,,,,90,,,,,,,,,,
10:55:59.590,4.643971513011698,4.644010662793217,7.041930106681994,4.644010662793217,4.629930365061804,,,,,,4.176311629929475,,,,,,1543,1.5,,0.4296941820710024,0.429698,1.079485,0.429698,0.43399112389171246,0.43399498000000003,1.09027985,0.43399498000000003,16.338557596668796,,,,,,,,,,,,
10:55:59.935,,,,,,56.86794913833218,,,,5.643664364769561,,9.281356697333338,9.281361,15.358017,9.281361,,,,,,,,,,,,,,,,,,,,,,,0,74,
10:56:00.242,,,,,,,,,,,,,,,,,,,1,,,,,,,,,,,,,,,,,24.705882352941178,,,,
10:56:00.402,,,,,,,,,,,,,,,,,,,,,,,,,,,,,,,,,14.718882149999997,3.309616,,,,,,
10:56:00.776,,,,,,,,-0.12,,,,,,,,,,,,,,,,,,,,,,89,,,,,,,,,,
10:56:01.019,4.647336274698544,4.647378762662071,7.039496049522539,4.647378762662071,4.634325148525359,,,,,,4.133578887260675,,,,,,1538,1.5,,0.43133585657933493,0.43134,1.081127,0.43134,0.4356492151451283,0.4356534,1.09193827,0.4356534,16.171378650453615,,,,,,,,,,,,
10:56:01.358,,,,,,56.911647810374085,,,,5.511438516347566,,9.310928268166672,9.310933,15.387589,9.310933,,,,,,,,,,,,,,,,,,,,,,,0.0050327445427656835,75,
10:56:01.647,,,,,,,,,,,,,,,,,,,1,,,,,,,,,,,,,,,,,24.313725490196077,,,,
10:56:01.810,,,,,,,,,,,,,,,,,,,,,,,,,,,,,,,,,14.746231499999999,3.318888,,,,,,
10:56:02.153,,,,,,,,-0.11,,,,,,,,,,,,,,,,,,,,,,90,,,,,,,,,,
10:56:02.411,4.6496887783221235,4.649727368889884,7.036319984891722,4.649727368889884,4.638318053013597,,,,,,4.126153611498862,,,,,,1521,1.5,,0.43292918684256815,0.432933,1.0827200000000001,0.432933,0.4372584787109938,0.43726233000000003,1.0935472000000002,0.43726233000000003,16.142329502196546,,,,,,,,,,,,
10:56:02.747,,,,,,56.95425479392755,,,,5.501538148665149,,9.339898972333339,9.339904,15.41656,9.339904,,,,,,,,,,,,,,,,,,,,,,,0.005049894006593694,75,
10:56:03.040,,,,,,,,,,,,,,,,,,,1,,,,,,,,,,,,,,,,,24.313725490196077,,,,
10:56:03.205,,,,,,,,,,,,,,,,,,,,,,,,,,,,,,,,,14.72874585,3.325598,,,,,,
10:56:03.541,,,,,,,,-0.09,,,,,,,,,,,,,,,,,,,,,,92,,,,,,,,,,
10:56:03.768,4.652186149994836,4.652221264801008,7.033345960447726,4.652221264801008,4.641802610378543,,,,,,4.192313219768215,,,,,,1510,1.5,,0.4345094864144016,0.434513,1.0843,0.434513,0.43885458127854565,0.43885813,1.095143,0.43885813,16.401158982864427,,,,,,,,,,,,
10:56:04.107,,,,,,56.99581991016357,,,,5.589750959690953,,9.368293386916672,9.368298,15.444954,9.368298,,,,,,,,,,,,,,,,,,,,,,,0.005092901654494812,75,
10:56:04.421,,,,,,,,,,,,,,,,,,,1,,,,,,,,,,,,,,,,,23.529411764705884,,,,
10:56:04.581,,,,,,,,,,,,,,,,,,,,,,,,,,,,,,,,,14.80317195,3.33792,,,,,,
10:56:04.960,,,,,,,,-0.14,,,,,,,,,,,,,,,,,,,,,,87,,,,,,,,,,
10:56:05.197,4.654381373308692,4.65442068559305,7.030302582966581,4.65442068559305,4.64499875908968,,,,,,3.842659098862846,,,,,,1471,1.5,,0.43603610239755963,0.43604,1.085827,0.43604,0.4403964634215352,0.44040039999999997,1.09668527,0.44040039999999997,15.033242864636096,,,,,,,,,,,,
10:56:05.578,,,,,,57.04045289852535,,,,5.123545465150461,,9.398929899416672,9.398935,15.475591,9.398935,,,,,,,,,,,,,,,,,,,,,,,0.005019975616066249,75,
10:56:05.890,,,,,,,,,,,,,,,,,,,1,,,,,,,,,,,,,,,,,23.137254901960784,,,,
10:56:06.052,,,,,,,,,,,,,,,,,,,,,,,,,,,,,,,,,14.6628384,3.298026,,,,,,
10:56:06.414,,,,,,,,-0.15,,,,,,,,,,,,,,,,,,,,,,86,,,,,,,,,,
10:56:06.647,4.6556394570663535,4.6556764144022695,7.0263617072847175,4.6556764144022695,4.647789413017124,,,,,,3.834844797421981,,,,,,1471,1.5,,0.43758028893924955,0.437584,1.087371,0.437584,0.44195609182864204,0.44195984,1.09824471,0.44195984,15.002671770933622,,,,,,,,,,,,
10:56:06.985,,,,,,57.0829398736686,,,,5.113126396562641,,9.428235172333338,9.42824,15.504896,9.42824,,,,,,,,,,,,,,,,,,,,,,,0,75,
10:56:07.295,,,,,,,,,,,,,,,,,,,1,,,,,,,,,,,,,,,,,23.137254901960784,,,,
10:56:07.469,,,,,,,,,,,,,,,,,,,,,,,,,,,,,,,,,14.69825805,3.307176,,,,,,
10:56:07.816,,,,,,,,-0.13,,,,,,,,,,,,,,,,,,,,,,88,,,,,,,,,,
10:56:08.057,4.657343093411087,4.6573803806436835,7.022917148234983,4.6573803806436835,4.650176645240311,,,,,,3.895943027514904,,,,,,1464,1.5,,0.4391052596292216,0.439109,1.088896,0.439109,0.44349631222551383,0.44350009,1.09978496,0.44350009,15.24170013851849,,,,,,,,,,,,
10:56:08.401,,,,,,57.1230717971528,,,,5.264787875020141,,9.457298970388893,9.457304,15.53396,9.457304,,,,,,,,,,,,,,,,,,,,,,,-0.00500993602833444,74,
10:56:08.693,,,,,,,,,,,,,,,,,,,1,,,,,,,,,,,,,,,,,22.745098039215687,,,,
10:56:08.868,,,,,,,,,,,,,,,,,,,,,,,,,,,,,,,,,14.715743699999999,3.33365,,,,,,
10:56:09.206,,,,,,,,-0.12,,,,,,,,,,,,,,,,,,,,,,89,,,,,,,,,,
10:56:09.436,4.659301429924861,4.659340547792478,7.019684613582113,4.659340547792478,4.652481008717274,,,,,,4.013491202889618,,,,,,1493,1.5,,0.44064406615959884,0.440648,1.090435,0.440648,0.44505050682119485,0.44505448,1.10133935,0.44505448,15.701571863602263,,,,,,,,,,,,
10:56:09.803,,,,,,57.16277389990759,,,,5.423636760661646,,9.486187820111114,9.486193,15.562849,9.486193,,,,,,,,,,,,,,,,,,,,,,,-0.004972559257963409,74,
10:56:10.099,,,,,,,,,,,,,,,,,,,1,,,,,,,,,,,,,,,,,25.098039215686274,,,,
10:56:10.256,,,,,,,,,,,,,,,,,,,,,,,,,,,,,,,,,14.7265041,3.33121,,,,,,
10:56:10.623,,,,,,,,-0.1,,,,,,,,,,,,,,,,,,,,,,91,,,,,,,,,,
10:56:10.853,4.6637035318702456,4.663746563031134,7.017988801407762,4.663746563031134,4.654947511074593,,,,,,4.4852084396318626,,,,,,1633,1.6,,0.4424076764063671,0.442412,1.092199,0.442412,0.4468317531704308,0.44683612000000006,1.10312099,0.44683612000000006,17.54702304751805,,,,,,,,,,,,
10:56:11.219,,,,,,57.2048472862216,,,,5.98027791950915,,9.515614782611115,9.51562,15.592276,9.51562,,,,,,,,,,,,,,,,,,,,,,,,75,
10:56:11.508,,,,,,,,,,,,,,,,,,,1,,,,,,,,,,,,,,,,,25.49019607843137,,,,
10:56:11.686,,,,,,,,,,,,,,,,,,,,,,,,,,,,,,,,,14.677633949999999,3.323158,,,,,,
10:56:12.022,,,,,,,,-0.09,,,,,,,,,,,,,,,,,,,,,,92,,,,,,,,,,
10:56:12.242,4.6677455454003525,4.667788331185987,7.0160122871093344,4.667788331185987,4.657498669912319,,,,,,4.5495943493548925,,,,,,1633,1.6,,0.4441646851327878,0.444169,1.093956,0.444169,0.44860633198411565,0.44861069,1.10489556,0.44861069,17.79891346845424,,,,,,,,,,,,
10:56:12.587,,,,,,57.245445178828405,,,,6.066125799139856,,9.544141972194447,9.544147,15.620803,9.544147,,,,,,,,,,,,,,,,,,,,,,,,75,
10:56:12.890,,,,,,,,,,,,,,,,,,,1,,,,,,,,,,,,,,,,,25.49019607843137,,,,
10:56:13.058,,,,,,,,,,,,,,,,,,,,,,,,,,,,,,,,,14.6924295,3.32877,,,,,,
10:56:13.419,,,,,,,,-0.07,,,,,,,,,,,,,,,,,,,,,,94,,,,,,,,,,
10:56:13.658,4.672822410798188,4.672863902871572,7.014825038123839,4.672863902871572,4.660390373971827,,,,,,4.618223844695972,,,,,,1624,1.6,,0.44598080499509835,0.445985,1.095772,0.445985,0.45044061304504934,0.45044485,1.1067297200000001,0.45044485,18.067405636142283,,,,,,,,,,,,
10:56:14.037,,,,,,57.28824945355714,,,,6.157631792927963,,9.574361165944447,9.574366,15.651022,9.574366,,,,,,,,,,,,,,,,,,,,,,,0.005025771526700255,75,
10:56:14.391,,,,,,,,,,,,,,,,,,,1,,,,,,,,,,,,,,,,,25.49019607843137,,,,
10:56:14.544,,,,,,,,,,,,,,,,,,,,,,,,,,,,,,,,,14.729642550000001,3.34829,,,,,,
10:56:14.892,,,,,,,,-0.11,,,,,,,,,,,,,,,,,,,,,,90,,,,,,,,,,
10:56:15.137,4.67696568149236,4.677009422869358,7.012839161557628,4.677009422869358,4.663487815409018,,,,,,4.405100974104387,,,,,,1622,1.6,,0.44778958595335366,0.447794,1.097581,0.447794,0.45226748181288723,0.45227194000000004,1.10855681,0.45227194000000004,17.233626788947678,,,,,,,,,,,,
10:56:15.490,,,,,,57.33088303803967,,,,5.873467965472516,,9.604605395111113,9.60461,15.681265999999999,9.60461,,,,,,,,,,,,,,,,,,,,,,,0.004980990304042905,75,
10:56:15.781,,,,,,,,,,,,,,,,,,,1,,,,,,,,,,,,,,,,,25.49019607843137,,,,
10:56:15.947,,,,,,,,,,,,,,,,,,,,,,,,,,,,,,,,,14.7247107,3.34036,,,,,,
10:56:16.311,,,,,,,,-0.11,,,,,,,,,,,,,,,,,,,,,,90,,,,,,,,,,
10:56:16.548,4.680212646087768,4.6802525037455975,7.010320467747949,4.6802525037455975,4.6667167245064025,,,,,,4.403859650407604,,,,,,1621,1.6,,0.44951595630881835,0.44952,1.099307,0.44952,0.45401111587190657,0.45401519999999995,1.11030007,0.45401519999999995,17.228770484985432,,,,,,,,,,,,
10:56:16.883,,,,,,57.37387122483686,,,,5.794552171588953,,9.633990755000001,9.633995,15.710651,9.633995,,,,,,,,,,,,,,,,,,,,,,,0.005001681184525129,76,
10:56:17.172,,,,,,,,,,,,,,,,,,,1,,,,,,,,,,,,,,,,,25.49019607843137,,,,
10:56:17.337,,,,,,,,,,,,,,,,,,,,,,,,,,,,,,,,,14.723813999999999,3.326818,,,,,,
10:56:17.675,,,,,,,,-0.1,,,,,,,,,,,,,,,,,,,,,,91,,,,,,,,,,
10:56:17.926,4.6834820000347985,4.683519142370325,7.00796548787189,4.683519142370325,4.670197042377458,,,,,,4.411855980293138,,,,,,1606,1.6,,0.4512062228954416,0.45121,1.100997,0.45121,0.455718285124396,0.4557221,1.11200697,0.4557221,17.260053709987243,,,,,,,,,,,,
10:56:18.262,,,,,,57.4162507901931,,,,5.805073658280445,,9.663093156333334,9.663097,15.739753,9.663097,,,,,,,,,,,,,,,,,,,,,,,0.004991680082837841,76,
10:56:18.543,,,,,,,,,,,,,,,,,,,1,,,,,,,,,,,,,,,,,25.098039215686274,,,,
10:56:18.715,,,,,,,,,,,,,,,,,,,,,,,,,,,,,,,,,14.66597685,3.318888,,,,,,
10:56:19.067,,,,,,,,-0.11,,,,,,,,,,,,,,,,,,,,,,90,,,,,,,,,,
10:56:19.308,4.686586168933153,4.6866237604776195,7.005573721519009,4.6866237604776195,4.673852426817716,,,,,,4.334211775996151,,,,,,1589,1.6,,0.4528691873558441,0.452873,1.10266,0.452873,0.4573978792294025,0.45740173,1.1136866,0.45740173,16.956294216834845,,,,,,,,,,,,
10:56:19.650,,,,,,57.458777300504636,,,,5.702910231573883,,9.692430197111111,9.692434,15.76909,9.692434,,,,,,,,,,,,,,,,,,,,,,,0.00504642114491454,76,
10:56:19.960,,,,,,,,,,,,,,,,,,,1,,,,,,,,,,,,,,,,,25.098039215686274,,,,
10:56:20.127,,,,,,,,,,,,,,,,,,,,,,,,,,,,,,,,,14.69825805,3.316448,,,,,,
10:56:20.500,,,,,,,,-0.1,,,,,,,,,,,,,,,,,,,,,,91,,,,,,,,,,
10:56:20.749,4.69045895584979,4.690493636582926,7.003638130037943,4.690493636582926,4.677747117558332,,,,,,4.36999297550394,,,,,,1588,1.6,,0.45461946021988764,0.454623,1.1044100000000001,0.454623,0.45916565482208654,0.45916923,1.1154541,0.45916923,17.096277350479923,,,,,,,,,,,,
10:56:21.081,,,,,,57.50238083949232,,,,5.749990757242027,,9.722650290333334,9.722654,15.79931,9.722654,,,,,,,,,,,,,,,,,,,,,,,0.00506660088278156,76,
10:56:21.395,,,,,,,,,,,,,,,,,,,1,,,,,,,,,,,,,,,,,25.49019607843137,,,,
10:56:21.567,,,,,,,,,,,,,,,,,,,,,,,,,,,,,,,,,14.770890749999998,3.35256,,,,,,
10:56:21.929,,,,,,,,-0.07,,,,,,,,,,,,,,,,,,,,,,94,,,,,,,,,,
10:56:22.169,4.695272482875822,4.6953023320587155,7.002172879701709,4.6953023320587155,4.68169323643403,,,,,,4.780381846484347,,,,,,1690,1.7,,0.4565049236882673,0.456508,1.106295,0.456508,0.46106997292514995,0.46107308,1.1173579500000002,0.46107308,18.70179983052974,,,,,,,,,,,,
10:56:22.525,,,,,,57.54857188195575,,,,6.208288112317334,,9.75356718275,9.753571,15.830227,9.753571,,,,,,,,,,,,,,,,,,,,,,,0.005020462220890978,77,
10:56:22.829,,,,,,,,,,,,,,,,,,,1,,,,,,,,,,,,,,,,,29.80392156862745,,,,
10:56:22.986,,,,,,,,,,,,,,,,,,,,,,,,,,,,,,,,,14.77178745,3.33365,,,,,,
10:56:23.338,,,,,,,,-0.06,,,,,,,,,,,,,,,,,,,,,,95,,,,,,,,,,
10:56:23.600,4.709912988074274,4.709946746683856,7.006690428381097,4.709946746683856,4.686964166768269,,,,,,7.240698455747878,,,,,,2533,2.5,,0.4593845275408923,0.459388,1.109175,0.459388,0.4639783728163012,0.46398188,1.12026675,0.46398188,28.32704530752301,,,,,,,,,,,,
10:56:23.962,,,,,,57.598895467616664,,,,9.165441083225163,,9.785051291944445,9.785055,15.861711,9.785055,,,,,,,,,,,,,,,,,,,,,,,0.01490804728974852,79,
10:56:24.291,,,,,,,,,,,,,,,,,,,1,,,,,,,,,,,,,,,,,29.80392156862745,,,,
10:56:24.446,,,,,,,,,,,,,,,,,,,,,,,,,,,,,,,,,14.6538714,3.33365,,,,,,
10:56:24.833,,,,,,,,-0.13,,,,,,,,,,,,,,,,,,,,,,88,,,,,,,,,,
10:56:25.083,4.725969593162673,4.726003073053754,7.012036721637408,4.726003073053754,4.6936075645638295,,,,,,7.423111796770548,,,,,,2781,2.8,,0.46243854873266577,0.462442,1.1122290000000001,0.462442,0.46706293421999245,0.46706642000000004,1.12335129,0.46706642000000004,29.04068239756699,,,,,,,,,,,,
10:56:25.465,,,,,,57.65634275523369,,,,9.164335551568577,,9.818915006944446,9.818919,15.895575,9.818919,,,,,,,,,,,,,,,,,,,,,,,0.024356018083768277,81,
10:56:25.754,,,,,,,,,,,,,,,,,,,1,,,,,,,,,,,,,,,,,29.80392156862745,,,,
10:56:25.913,,,,,,,,,,,,,,,,,,,,,,,,,,,,,,,,,14.6547681,3.316448,,,,,,
10:56:26.269,,,,,,,,-0.13,,,,,,,,,,,,,,,,,,,,,,88,,,,,,,,,,
10:56:26.497,4.738761029691289,4.738790492110181,7.015065513515555,4.738790492110181,4.701331983088696,,,,,,7.275859255153178,,,,,,2726,2.7,,0.4652949178875931,0.465298,1.115085,0.465298,0.469947867066469,0.46995098,1.12623585,0.46995098,28.46460131318874,,,,,,,,,,,,
10:56:26.839,,,,,,57.710592096494054,,,,8.872999091650216,,9.850104463166668,9.850108,15.926764,9.850108,,,,,,,,,,,,,,,,,,,,,,,0.02951658527194408,82,
10:56:27.112,,,,,,,,,,,,,,,,,,,1,,,,,,,,,,,,,,,,,29.80392156862745,,,,
10:56:27.310,,,,,,,,,,,,,,,,,,,,,,,,,,,,,,,,,14.7049833,3.318888,,,,,,
10:56:27.678,,,,,,,,-0.09,,,,,,,,,,,,,,,,,,,,,,92,,,,,,,,,,
10:56:27.924,4.753997041699547,4.754029092878981,7.02003244350202,4.754029092878981,4.714422608612365,,,,,,7.505521831436428,,,,,,2699,2.7,,0.4682736747832585,0.468277,1.118064,0.468277,0.4729564115310911,0.47295977,1.12924464,0.47295977,29.363086762289807,,,,,,,,,,,,
10:56:28.264,,,,,,57.77151984908863,,,,8.935145037424318,,9.883409247500001,9.883413,15.960068999999999,9.883413,,,,,,,,,,,,,,,,,,,,,,,0.03454536505241475,84,
10:56:28.576,,,,,,,,,,,,,,,,,,,1,,,,,,,,,,,,,,,,,29.41176470588235,,,,
10:56:28.728,,,,,,,,,,,,,,,,,,,,,,,,,,,,,,,,,14.709915149999999,3.320108,,,,,,
10:56:29.133,,,,,,,,-0.1,,,,,,,,,,,,,,,,,,,,,,91,,,,,,,,,,
10:56:29.359,4.766998002163917,4.767027341668308,7.0233530945260965,4.767027341668308,4.725910013359616,,,,,,7.195975293699168,,,,,,2617,2.6,,0.4711419213740089,0.471145,1.120932,0.471145,0.475853340587749,0.47585645,1.1321413200000001,0.47585645,28.15207944678566,,,,,,,,,,,,
10:56:29.718,,,,,,57.83556655321035,,,,8.465853286704904,,9.917694554722223,9.917698,15.994354,9.917698,,,,,,,,,,,,,,,,,,,,,,,0.029527816144060377,85,
10:56:30.004,,,,,,,,,,,,,,,,,,,1,,,,,,,,,,,,,,,,,29.41176470588235,,,,
10:56:30.176,,,,,,,,,,,,,,,,,,,,,,,,,,,,,,,,,14.6924295,3.33365,,,,,,
10:56:30.581,,,,,,,,-0.11,,,,,,,,,,,,,,,,,,,,,,90,,,,,,,,,,
10:56:30.826,4.779549675930742,4.779576873584979,7.026298154961432,4.779576873584979,4.738637259085467,,,,,,7.073636800170398,,,,,,2598,2.6,,0.4740211379500268,0.474024,1.123811,0.474024,0.4787613493295271,0.47876424,1.13504911,0.47876424,27.67346704906973,,,,,,,,,,,,
10:56:31.172,,,,,,57.90169246954891,,,,8.22515906996558,,9.952400647833334,9.952404,16.02906,9.952404,,,,,,,,,,,,,,,,,,,,,,,0.024817286659800358,86,
10:56:31.454,,,,,,,,,,,,,,,,,,,1,,,,,,,,,,,,,,,,,29.41176470588235,,,,
10:56:31.628,,,,,,,,,,,,,,,,,,,,,,,,,,,,,,,,,14.7229173,3.290096,,,,,,
10:56:31.968,,,,,,,,-0.11,,,,,,,,,,,,,,,,,,,,,,90,,,,,,,,,,
10:56:32.201,4.78963143264145,4.789656850746814,7.027692204034422,4.789656850746814,4.7521171090519845,,,,,,6.966607996235388,,,,,,2564,2.6,,0.4766833097310367,0.476686,1.126473,0.476686,0.481450142828347,0.48145286,1.13773773,0.48145286,27.25474918686263,,,,,,,,,,,,
10:56:32.525,,,,,,57.96533006196762,,,,8.007595397971711,,9.985176401916668,9.98518,16.061836,9.98518,,,,,,,,,,,,,,,,,,,,,,,0.024904322201905197,87,
10:56:32.815,,,,,,,,,,,,,,,,,,,1,,,,,,,,,,,,,,,,,28.235294117647058,,,,
10:56:32.973,,,,,,,,,,,,,,,,,,,,,,,,,,,,,,,,,14.74040295,3.3606119999999997,,,,,,
10:56:33.310,,,,,,,,-0.12,,,,,,,,,,,,,,,,,,,,,,89,,,,,,,,,,
10:56:33.559,4.797289540364691,4.797319627688234,7.027888966118195,4.797319627688234,4.757763662966072,,,,,,6.191315872336922,,,,,,2307,2.3,,0.4790178231161117,0.479021,1.128808,0.479021,0.4838080013472728,0.48381121,1.14009608,0.48381121,24.221652966317258,,,,,,,,,,,,
10:56:33.882,,,,,,58.0287489976539,,,,7.116455025674623,,10.017982787250002,10.017986,16.094642,10.017986,,,,,,,,,,,,,,,,,,,,,,,0.01512630321670503,87,
10:56:34.168,,,,,,,,,,,,,,,,,,,1,,,,,,,,,,,,,,,,,29.019607843137255,,,,
10:56:34.322,,,,,,,,,,,,,,,,,,,,,,,,,,,,,,,,,14.686600949999999,3.323158,,,,,,
10:56:34.660,,,,,,,,-0.07,,,,,,,,,,,,,,,,,,,,,,94,,,,,,,,,,
10:56:34.910,4.805971891826082,4.806005917756323,7.028749070653451,4.806005917756323,4.769771025935049,,,,,,6.506200454475514,,,,,,2287,2.3,,0.4814614368832102,0.481465,1.131252,0.481465,0.4862760512520423,0.48627965,1.14256452,0.48627965,25.453543767929023,,,,,,,,,,,,
10:56:35.274,,,,,,58.093470772195815,,,,7.478391326983349,,10.051611542500002,10.051615,16.128270999999998,10.051615,,,,,,,,,,,,,,,,,,,,,,,0.010195774974202492,87,
10:56:35.602,,,,,,,,,,,,,,,,,,,1,,,,,,,,,,,,,,,,,29.019607843137255,,,,
10:56:35.748,,,,,,,,,,,,,,,,,,,,,,,,,,,,,,,,,14.718882149999997,3.32877,,,,,,
10:56:36.083,,,,,,,,-0.11,,,,,,,,,,,,,,,,,,,,,,90,,,,,,,,,,
10:56:36.327,4.814268003004418,4.81430098546353,7.029284168154169,4.81430098546353,4.780808327165266,,,,,,6.226550099825241,,,,,,2291,2.3,,0.48391151827687645,0.483915,1.133702,0.483915,0.4887506334596452,0.48875415,1.14503902,0.48875415,24.35949623717531,,,,,,,,,,,,
10:56:36.686,,,,,,58.16120349802904,,,,7.075625113437774,,10.086174292944445,10.086178,16.162834,10.086178,,,,,,,,,,,,,,,,,,,,,,,0.010272507189733332,88,
10:56:36.975,,,,,,,,,,,,,,,,,,,1,,,,,,,,,,,,,,,,,28.627450980392158,,,,
10:56:37.146,,,,,,,,,,,,,,,,,,,,,,,,,,,,,,,,,14.748473249999998,3.291316,,,,,,
10:56:37.501,,,,,,,,-0.11,,,,,,,,,,,,,,,,,,,,,,90,,,,,,,,,,
10:56:37.746,4.821607233955656,4.8216380872913405,7.029126203981307,4.8216380872913405,4.791164102698313,,,,,,6.100137387366998,,,,,,2249,2.2,,0.48631570933798507,0.486319,1.136106,0.486319,0.49117886643136494,0.49118219,1.14746706,0.49118219,23.864944688711244,,,,,,,,,,,,
10:56:38.066,,,,,,58.2269363020671,,,,6.931974303826135,,10.119866882277778,10.119871,16.196527,10.119871,,,,,,,,,,,,,,,,,,,,,,,0.005112760590601191,88,
10:56:38.357,,,,,,,,,,,,,,,,,,,1,,,,,,,,,,,,,,,,,28.627450980392158,,,,
10:56:38.510,,,,,,,,,,,,,,,,,,,,,,,,,,,,,,,,,14.6915328,3.326818,,,,,,
10:56:38.855,,,,,,,,-0.09,,,,,,,,,,,,,,,,,,,,,,92,,,,,,,,,,
10:56:39.076,4.827975886640482,4.828006206798486,7.028512964538632,4.828006206798486,4.80041145831593,,,,,,6.137394338234309,,,,,,2205,2.2,,0.48858473283648707,0.488588,1.138375,0.488588,0.49347058016485196,0.49347388000000003,1.1497587500000002,0.49347388000000003,24.010701253728897,,,,,,,,,,,,
10:56:39.452,,,,,,58.29275402959385,,,,6.974311747993533,,10.153752392055555,10.153757,16.230413,10.153757,,,,,,,,,,,,,,,,,,,,,,,0.0050854518927128025,88,
10:56:39.760,,,,,,,,,,,,,,,,,,,1,,,,,,,,,,,,,,,,,28.627450980392158,,,,
10:56:39.929,,,,,,,,,,,,,,,,,,,,,,,,,,,,,,,,,14.669563649999999,3.317668,,,,,,
10:56:40.277,,,,,,,,-0.11,,,,,,,,,,,,,,,,,,,,,,90,,,,,,,,,,
10:56:40.521,4.835502341658433,4.835530336209542,7.028625827327994,4.835530336209542,4.808974500752744,,,,,,5.985694597173918,,,,,,2195,2.2,,0.4909849346840456,0.490988,1.140775,0.490988,0.49589478403088605,0.49589787999999996,1.15218275,0.49589787999999996,23.417221845019935,,,,,,,,,,,,
10:56:40.830,,,,,,58.35790603285825,,,,6.801925678606725,,10.187443365611111,10.187448,16.264104,10.187448,,,,,,,,,,,,,,,,,,,,,,,0.005098082553985183,88,
10:56:41.132,,,,,,,,,,,,,,,,,,,1,,,,,,,,,,,,,,,,,28.627450980392158,,,,
10:56:41.300,,,,,,,,,,,,,,,,,,,,,,,,,,,,,,,,,14.7022932,3.324378,,,,,,
10:56:41.689,,,,,,,,-0.12,,,,,,,,,,,,,,,,,,,,,,89,,,,,,,,,,
10:56:41.908,4.838114543666075,4.838140032714768,7.025717494182281,4.838140032714768,4.816295109219661,,,,,,4.9131544484374645,,,,,,1826,1.8,,0.49288017909937587,0.492883,1.14267,0.492883,0.4978089808903696,0.49781183,1.1540967,0.49781183,19.22123252533255,,,,,,,,,,,,
10:56:42.287,,,,,,58.426469980352316,,,,5.583130055042574,,10.223059011611111,10.223064,16.29972,10.223064,,,,,,,,,,,,,,,,,,,,,,,0,88,
10:56:42.570,,,,,,,,,,,,,,,,,,,1,,,,,,,,,,,,,,,,,13.72549019607843,,,,
10:56:42.743,,,,,,,,,,,,,,,,,,,,,,,,,,,,,,,,,18.112891649999998,4.80497,,,,,,
10:56:43.094,,,,,,,,-0.05,,,,,,,,,,,,,,,,,,,,,,96,,,,,,,,,,
10:56:43.354,4.821259258501532,4.821284499441655,7.010365822234983,4.821284499441655,4.820248587452172,,,,,,0,,,,,,0,0,,0.49288017909937587,0.492883,1.14267,0.492883,0.4978089808903696,0.49781183,1.1540967,0.49781183,0,,,,,,,,,,,,
10:56:43.665,,,,,,58.48868434231487,,,,0,,10.256276276194445,10.256281,16.332937,10.256281,,,,,,,,,,,,,,,,,,,,,,,-0.005058388024159514,87,
10:56:43.961,,,,,,,,,,,,,,,,,,,1,,,,,,,,,,,,,,,,,16.470588235294116,,,,
10:56:44.129,,,,,,,,,,,,,,,,,,,,,,,,,,,,,,,,,18.112891649999998,4.986384,,,,,,
10:56:44.514,,,,,,,,-0.01,,,,,,,,,,,,,,,,,,,,,,100,,,,,,,,,,
10:56:44.777,4.805644522694715,4.805669813453824,6.99610853822555,4.805669813453824,4.821292960243424,,,,,,0,,,,,,0,0,,0.49288017909937587,0.492883,1.14267,0.492883,0.4978089808903696,0.49781183,1.1540967,0.49781183,0,,,,,,,,,,,,
10:56:45.147,,,,,,58.55094068501697,,,,0,,10.291360361472222,10.291365,16.368021,10.291365,,,,,,,,,,,,,,,,,,,,,,,-0.014919736968296552,85,
10:56:45.507,,,,,,,,,,,,,,,,,,,1,,,,,,,,,,,,,,,,,16.470588235294116,,,,
10:56:45.678,,,,,,,,,,,,,,,,,,,,,,,,,,,,,,,,,18.112891649999998,4.996998,,,,,,
10:56:46.023,,,,,,,,-0.01,,,,,,,,,,,,,,,,,,,,,,100,,,,,,,,,,
10:56:46.248,4.789261689295926,4.78928694104232,6.981112744173533,4.78928694104232,4.8192041849271545,,,,,,0,,,,,,0,0,,0.49288017909937587,0.492883,1.14267,0.492883,0.4978089808903696,0.49781183,1.1540967,0.49781183,0,,,,,,,,,,,,
10:56:46.564,,,,,,58.607705657760356,,,,0,,10.324366649472221,10.324371,16.401027,10.324371,,,,,,,,,,,,,,,,,,,,,,,-0.019758571782106084,84,
10:56:46.843,,,,,,,,,,,,,,,,,,,1,,,,,,,,,,,,,,,,,16.470588235294116,,,,
10:56:47.001,,,,,,,,,,,,,,,,,,,,,,,,,,,,,,,,,18.112891649999998,4.996998,,,,,,
10:56:47.347,,,,,,,,-0.01,,,,,,,,,,,,,,,,,,,,,,100,,,,,,,,,,
10:56:47.583,4.773950750040166,4.773976061108226,6.967063708876281,4.773976061108226,4.814164528306623,,,,,,0,,,,,,0,0,,0.49288017909937587,0.492883,1.14267,0.492883,0.4978089808903696,0.49781183,1.1540967,0.49781183,0,,,,,,,,,,,,
10:56:47.908,,,,,,58.657251583880154,,,,0,,10.355027098638889,10.355031,16.431687,10.355031,,,,,,,,,,,,,,,,,,,,,,,-0.03023088220831883,82,
10:56:48.208,,,,,,,,,,,,,,,,,,,1,,,,,,,,,,,,,,,,,16.470588235294116,,,,
10:56:48.377,,,,,,,,,,,,,,,,,,,,,,,,,,,,,,,,,18.112891649999998,4.996998,,,,,,
10:56:48.727,,,,,,,,-0.01,,,,,,,,,,,,,,,,,,,,,,100,,,,,,,,,,
10:56:48.991,4.759815444270178,4.759840892798872,6.954063815845568,4.759840892798872,4.806440554595937,,,,,,0,,,,,,0,0,,0.49288017909937587,0.492883,1.14267,0.492883,0.4978089808903696,0.49781183,1.1540967,0.49781183,0,,,,,,,,,,,,
10:56:49.334,,,,,,58.70501655420383,,,,0,,10.38670465863889,10.386709,16.463365,10.386709,,,,,,,,,,,,,,,,,,,,,,,-0.034976887048419635,80,
10:56:49.644,,,,,,,,,,,,,,,,,,,1,,,,,,,,,,,,,,,,,16.470588235294116,,,,
10:56:49.820,,,,,,,,,,,,,,,,,,,,,,,,,,,,,,,,,18.112891649999998,4.996998,,,,,,
10:56:50.166,,,,,,,,-0.01,,,,,,,,,,,,,,,,,,,,,,100,,,,,,,,,,
10:56:50.395,4.745298872914757,4.745324048262063,6.9406831470966,4.745324048262063,4.796105927880223,,,,,,0,,,,,,0,0,,0.49288017909937587,0.492883,1.14267,0.492883,0.4978089808903696,0.49781183,1.1540967,0.49781183,0,,,,,,,,,,,,
10:56:50.744,,,,,,58.747627071082604,,,,0,,10.417248925638889,10.417253,16.493909000000002,10.417253,,,,,,,,,,,,,,,,,,,,,,,-0.035431094005884366,78,
10:56:51.029,,,,,,,,,,,,,,,,,,,1,,,,,,,,,,,,,,,,,16.470588235294116,,,,
10:56:51.197,,,,,,,,,,,,,,,,,,,,,,,,,,,,,,,,,18.112891649999998,4.996998,,,,,,
10:56:51.539,,,,,,,,-0.01,,,,,,,,,,,,,,,,,,,,,,100,,,,,,,,,,
10:56:51.770,4.731385249768787,4.7314104783669935,6.927830146267934,4.7314104783669935,4.783091291394016,,,,,,0,,,,,,0,0,,0.49288017909937587,0.492883,1.14267,0.492883,0.4978089808903696,0.49781183,1.1540967,0.49781183,0,,,,,,,,,,,,
10:56:52.145,,,,,,58.78538045706038,,,,0,,10.44680418563889,10.446808,16.523464,10.446808,,,,,,,,,,,,,,,,,,,,,,,-0.04060524195017176,76,
10:56:52.439,,,,,,,,,,,,,,,,,,,1,,,,,,,,,,,,,,,,,16.470588235294116,,,,
10:56:52.592,,,,,,,,,,,,,,,,,,,,,,,,,,,,,,,,,18.112891649999998,4.996998,,,,,,
10:56:52.967,,,,,,,,-0.01,,,,,,,,,,,,,,,,,,,,,,100,,,,,,,,,,
10:56:53.200,4.717999594334629,4.718024874200808,6.915438554530697,4.718024874200808,4.768076922727586,,,,,,0,,,,,,0,0,,0.49288017909937587,0.492883,1.14267,0.492883,0.4978089808903696,0.49781183,1.1540967,0.49781183,0,,,,,,,,,,,,
10:56:53.557,,,,,,58.821058939327415,,,,0,,10.476196356472222,10.4762,16.552856,10.4762,,,,,,,,,,,,,,,,,,,,,,,-0.0351008973478051,75,
10:56:53.844,,,,,,,,,,,,,,,,,,,1,,,,,,,,,,,,,,,,,16.470588235294116,,,,
10:56:54.002,,,,,,,,,,,,,,,,,,,,,,,,,,,,,,,,,18.112891649999998,4.996998,,,,,,
10:56:54.364,,,,,,,,-0.01,,,,,,,,,,,,,,,,,,,,,,100,,,,,,,,,,
10:56:54.607,4.704762705167063,4.704787995647276,6.903159188964129,4.704787995647276,4.7535148535607785,,,,,,0,,,,,,0,0,,0.49288017909937587,0.492883,1.14267,0.492883,0.4978089808903696,0.49781183,1.1540967,0.49781183,0,,,,,,,,,,,,
10:56:54.949,,,,,,58.85185021557552,,,,0,,10.504492137916667,10.504496,16.581152,10.504496,,,,,,,,,,,,,,,,,,,,,,,-0.03531371653480555,73,
10:56:55.261,,,,,,,,,,,,,,,,,,,1,,,,,,,,,,,,,,,,,16.470588235294116,,,,
10:56:55.419,,,,,,,,,,,,,,,,,,,,,,,,,,,,,,,,,18.112891649999998,4.996998,,,,,,
10:56:55.775,,,,,,,,-0.01,,,,,,,,,,,,,,,,,,,,,,100,,,,,,,,,,
10:56:56.034,4.692089561572348,4.692114690700058,6.891378837851557,4.692114690700058,4.739320483420482,,,,,,0,,,,,,0,0,,0.49288017909937587,0.492883,1.14267,0.492883,0.4978089808903696,0.49781183,1.1540967,0.49781183,0,,,,,,,,,,,,
10:56:56.371,,,,,,58.880846505793954,,,,0,,10.532896435916667,10.5329,16.609555999999998,10.5329,,,,,,,,,,,,,,,,,,,,,,,-0.030198568943398466,72,
10:56:56.677,,,,,,,,,,,,,,,,,,,1,,,,,,,,,,,,,,,,,16.470588235294116,,,,
10:56:56.846,,,,,,,,,,,,,,,,,,,,,,,,,,,,,,,,,18.112891649999998,4.996998,,,,,,
10:56:57.190,,,,,,,,-0.01,,,,,,,,,,,,,,,,,,,,,,100,,,,,,,,,,
10:56:57.422,4.679436298439984,4.6794614968337305,6.879593891612758,4.6794614968337305,4.725592309563488,,,,,,0,,,,,,0,0,,0.49288017909937587,0.492883,1.14267,0.492883,0.4978089808903696,0.49781183,1.1540967,0.49781183,0,,,,,,,,,,,,
10:56:57.860,,,,,,58.90880793964216,,,,0,,10.562267686333334,10.562271,16.638927000000002,10.562271,,,,,,,,,,,,,,,,,,,,,,,-0.024782070297980307,71,
10:56:58.133,,,,,,,,,,,,,,,,,,,1,,,,,,,,,,,,,,,,,16.470588235294116,,,,
10:56:58.272,,,,,,,,,,,,,,,,,,,,,,,,,,,,,,,,,18.112891649999998,4.996998,,,,,,
10:56:58.615,,,,,,,,-0.01,,,,,,,,,,,,,,,,,,,,,,100,,,,,,,,,,
10:56:58.873,4.666423856470902,4.666449099819537,6.867450046508408,4.666449099819537,4.71215144786733,,,,,,0,,,,,,0,0,,0.49288017909937587,0.492883,1.14267,0.492883,0.4978089808903696,0.49781183,1.1540967,0.49781183,0,,,,,,,,,,,,
10:56:59.211,,,,,,58.93199759854086,,,,0,,10.588564316055555,10.588568,16.665224000000002,10.588568,,,,,,,,,,,,,,,,,,,,,,,-0.025048248270096003,70,
10:56:59.501,,,,,,,,,,,,,,,,,,,1,,,,,,,,,,,,,,,,,16.470588235294116,,,,
10:56:59.662,,,,,,,,,,,,,,,,,,,,,,,,,,,,,,,,,18.112891649999998,4.966742,,,,,,
10:57:00.025,,,,,,,,-0.01,,,,,,,,,,,,,,,,,,,,,,100,,,,,,,,,,
10:57:00.272,4.654834823565422,4.6548598450706455,6.856613508465292,4.6548598450706455,4.699028870279236,,,,,,0,,,,,,0,0,,0.49288017909937587,0.492883,1.14267,0.492883,0.4978089808903696,0.49781183,1.1540967,0.49781183,0,,,,,,,,,,,,
10:57:00.576,,,,,,58.95314968369739,,,,0,,10.614665383055556,10.614669,16.691325,10.614669,,,,,,,,,,,,,,,,,,,,,,,-0.020136731286416854,69,
10:57:00.880,,,,,,,,,,,,,,,,,,,1,,,,,,,,,,,,,,,,,16.470588235294116,,,,
10:57:01.141,,,,,,,,,,,,,,,,,,,,,,,,,,,,,,,,,18.112891649999998,4.92392,,,,,,
10:57:01.511,,,,,,,,-0.01,,,,,,,,,,,,,,,,,,,,,,100,,,,,,,,,,
10:57:01.746,4.64338875803068,4.643413751290785,6.8458915035205425,4.643413751290785,4.686290105918728,,,,,,0,,,,,,0,0,,0.49288017909937587,0.492883,1.14267,0.492883,0.4978089808903696,0.49781183,1.1540967,0.49781183,0,,,,,,,,,,,,
10:57:02.102,,,,,,58.9744448359218,,,,0,,10.6435532205,10.643557,16.720213,10.643557,,,,,,,,,,,,,,,,,,,,,,,-0.019769883858227102,68,
10:57:02.405,,,,,,,,,,,,,,,,,,,1,,,,,,,,,,,,,,,,,16.470588235294116,,,,
10:57:02.572,,,,,,,,,,,,,,,,,,,,,,,,,,,,,,,,,18.112891649999998,4.8852459999999995,,,,,,
10:57:02.927,,,,,,,,-0.01,,,,,,,,,,,,,,,,,,,,,,100,,,,,,,,,,
10:57:03.171,4.63078606259106,4.630810921574432,6.834063656964179,4.630810921574432,4.673715207521511,,,,,,0,,,,,,0,0,,0.49288017909937587,0.492883,1.14267,0.492883,0.4978089808903696,0.49781183,1.1540967,0.49781183,0,,,,,,,,,,,,
10:57:03.526,,,,,,58.994156962495374,,,,0,,10.670415371944443,10.670419,16.747075000000002,10.670419,,,,,,,,,,,,,,,,,,,,,,,-0.014996690117927617,68,
10:57:03.840,,,,,,,,,,,,,,,,,,,1,,,,,,,,,,,,,,,,,16.470588235294116,,,,
10:57:03.989,,,,,,,,,,,,,,,,,,,,,,,,,,,,,,,,,18.112891649999998,4.849012,,,,,,
10:57:04.412,,,,,,,,-0.01,,,,,,,,,,,,,,,,,,,,,,100,,,,,,,,,,
10:57:04.666,4.619128327424797,4.619153193515643,6.8231019446679495,4.619153193515643,4.655155384013599,,,,,,0,,,,,,0,0,,0.49288017909937587,0.492883,1.14267,0.492883,0.4978089808903696,0.49781183,1.1540967,0.49781183,0,,,,,,,,,,,,
10:57:04.997,,,,,,59.01219441074806,,,,0,,10.69778032711111,10.697784,16.77444,10.697784,,,,,,,,,,,,,,,,,,,,,,,-0.014687914577016393,67,
10:57:05.294,,,,,,,,,,,,,,,,,,,1,,,,,,,,,,,,,,,,,16.470588235294116,,,,
10:57:05.476,,,,,,,,,,,,,,,,,,,,,,,,,,,,,,,,,18.112891649999998,4.81412,,,,,,
10:57:05.837,,,,,,,,-0.01,,,,,,,,,,,,,,,,,,,,,,100,,,,,,,,,,
10:57:06.115,4.607312582875555,4.6073373700572,6.811971070271199,4.6073373700572,4.643044387056913,,,,,,0,,,,,,0,0,,0.49288017909937587,0.492883,1.14267,0.492883,0.4978089808903696,0.49781183,1.1540967,0.49781183,0,,,,,,,,,,,,
10:57:06.482,,,,,,59.03032237799288,,,,0,,10.725407412333333,10.725411,16.802067,10.725411,,,,,,,,,,,,,,,,,,,,,,,-0.00959162014906377,67,
10:57:06.760,,,,,,,,,,,,,,,,,,,1,,,,,,,,,,,,,,,,,16.470588235294116,,,,
10:57:06.936,,,,,,,,,,,,,,,,,,,,,,,,,,,,,,,,,18.112891649999998,4.782156,,,,,,
10:57:07.297,,,,,,,,-0.01,,,,,,,,,,,,,,,,,,,,,,100,,,,,,,,,,
10:57:07.541,4.595444817626269,4.595469581538647,6.800770405212645,4.595469581538647,4.631045604083527,,,,,,0,,,,,,0,0,,0.49288017909937587,0.492883,1.14267,0.492883,0.4978089808903696,0.49781183,1.1540967,0.49781183,0,,,,,,,,,,,,
10:57:07.908,,,,,,59.04769865598668,,,,0,,10.752007151194444,10.752011,16.828667,10.752011,,,,,,,,,,,,,,,,,,,,,,,-0.004879178956446602,67,
10:57:08.208,,,,,,,,,,,,,,,,,,,1,,,,,,,,,,,,,,,,,16.470588235294116,,,,
10:57:08.371,,,,,,,,,,,,,,,,,,,,,,,,,,,,,,,,,18.112891649999998,4.7490939999999995,,,,,,
10:57:08.751,,,,,,,,-0.01,,,,,,,,,,,,,,,,,,,,,,100,,,,,,,,,,
10:57:08.986,4.584075997797505,4.58410059290304,6.790020861426518,4.58410059290304,4.619281624273041,,,,,,0,,,,,,0,0,,0.49288017909937587,0.492883,1.14267,0.492883,0.4978089808903696,0.49781183,1.1540967,0.49781183,0,,,,,,,,,,,,
10:57:09.323,,,,,,59.064832277862735,,,,0,,10.778349496527778,10.778353,16.855009,10.778353,,,,,,,,,,,,,,,,,,,,,,,-0.004886467279975928,67,
10:57:09.613,,,,,,,,,,,,,,,,,,,1,,,,,,,,,,,,,,,,,16.470588235294116,,,,
10:57:09.772,,,,,,,,,,,,,,,,,,,,,,,,,,,,,,,,,18.112891649999998,4.717252,,,,,,
10:57:10.127,,,,,,,,-0.01,,,,,,,,,,,,,,,,,,,,,,100,,,,,,,,,,
10:57:10.355,4.572872490896275,4.572897176405338,6.779409017224495,4.572897176405338,4.60757271960602,,,,,,0,,,,,,0,0,,0.49288017909937587,0.492883,1.14267,0.492883,0.4978089808903696,0.49781183,1.1540967,0.49781183,0,,,,,,,,,,,,
10:57:10.746,,,,,,59.081957545454934,,,,0,,10.804792916944445,10.804796,16.881452,10.804796,,,,,,,,,,,,,,,,,,,,,,,0,67,
10:57:11.011,,,,,,,,,,,,,,,,,,,1,,,,,,,,,,,,,,,,,16.470588235294116,,,,
10:57:11.165,,,,,,,,,,,,,,,,,,,,,,,,,,,,,,,,,18.112891649999998,4.68907,,,,,,
10:57:11.530,,,,,,,,-0.01,,,,,,,,,,,,,,,,,,,,,,100,,,,,,,,,,
10:57:11.780,4.561680940006027,4.5617057462260275,6.768789793674147,4.5617057462260275,4.595900174173927,,,,,,0,,,,,,0,0,,0.49288017909937587,0.492883,1.14267,0.492883,0.4978089808903696,0.49781183,1.1540967,0.49781183,0,,,,,,,,,,,,
10:57:12.153,,,,,,59.098862177661445,,,,0,,10.831008073944444,10.831011,16.907667,10.831011,,,,,,,,,,,,,,,,,,,,,,,0,67,
10:57:12.459,,,,,,,,,,,,,,,,,,,1,,,,,,,,,,,,,,,,,16.470588235294116,,,,
10:57:12.628,,,,,,,,,,,,,,,,,,,,,,,,,,,,,,,,,18.112891649999998,4.658326,,,,,,
10:57:12.972,,,,,,,,-0.01,,,,,,,,,,,,,,,,,,,,,,100,,,,,,,,,,
10:57:13.218,4.550639937985739,4.550664753271878,6.7582949202867555,4.550664753271878,4.5844507278017375,,,,,,0,,,,,,0,0,,0.49288017909937587,0.492883,1.14267,0.492883,0.4978089808903696,0.49781183,1.1540967,0.49781183,0,,,,,,,,,,,,
10:57:13.575,,,,,,59.11585390159006,,,,0,,10.857471577611111,10.857475,16.934131,10.857475,,,,,,,,,,,,,,,,,,,,,,,0,67,
10:57:13.876,,,,,,,,,,,,,,,,,,,1,,,,,,,,,,,,,,,,,16.470588235294116,,,,
10:57:14.034,,,,,,,,,,,,,,,,,,,,,,,,,,,,,,,,,18.112891649999998,4.635756,,,,,,
10:57:14.377,,,,,,,,-0.01,,,,,,,,,,,,,,,,,,,,,,100,,,,,,,,,,
10:57:14.625,4.539548416739403,4.539572967011206,6.747733320357567,4.539572967011206,4.578837938918945,,,,,,0,,,,,,0,0,,0.49288017909937587,0.492883,1.14267,0.492883,0.4978089808903696,0.49781183,1.1540967,0.49781183,0,,,,,,,,,,,,
10:57:14.962,,,,,,59.13233478601198,,,,0,,10.883248684888889,10.883252,16.959908,10.883252,,,,,,,,,,,,,,,,,,,,,,,0,67,
10:57:15.267,,,,,,,,,,,,,,,,,,,1,,,,,,,,,,,,,,,,,16.470588235294116,,,,
10:57:15.430,,,,,,,,,,,,,,,,,,,,,,,,,,,,,,,,,18.112891649999998,4.607452,,,,,,
10:57:15.856,,,,,,,,-0.01,,,,,,,,,,,,,,,,,,,,,,100,,,,,,,,,,
10:57:16.118,4.528796440935209,4.528820981081758,6.7374775853736955,4.528820981081758,4.561865577426633,,,,,,0,,,,,,0,0,,0.49288017909937587,0.492883,1.14267,0.492883,0.4978089808903696,0.49781183,1.1540967,0.49781183,0,,,,,,,,,,,,
10:57:16.469,,,,,,59.15245313739631,,,,0,,10.911707181666667,10.91171,16.988366,10.91171,,,,,,,,,,,,,,,,,,,,,,,0.0049495859460655925,68,
10:57:16.760,,,,,,,,,,,,,,,,,,,1,,,,,,,,,,,,,,,,,16.470588235294116,,,,
10:57:16.936,,,,,,,,,,,,,,,,,,,,,,,,,,,,,,,,,18.112891649999998,4.57927,,,,,,
10:57:17.271,,,,,,,,-0.01,,,,,,,,,,,,,,,,,,,,,,100,,,,,,,,,,
10:57:17.494,4.51698502254065,4.517009707919291,6.7261913241096885,4.517009707919291,4.556255508065885,,,,,,0,,,,,,0,0,,0.49288017909937587,0.492883,1.14267,0.492883,0.4978089808903696,0.49781183,1.1540967,0.49781183,0,,,,,,,,,,,,
10:57:17.821,,,,,,59.16842431717366,,,,0,,10.936911943305557,10.936915,17.013571,10.936915,,,,,,,,,,,,,,,,,,,,,,,,67,
10:57:18.135,,,,,,,,,,,,,,,,,,,1,,,,,,,,,,,,,,,,,16.470588235294116,,,,
10:57:18.292,,,,,,,,,,,,,,,,,,,,,,,,,,,,,,,,,18.112891649999998,4.55853,,,,,,
10:57:18.627,,,,,,,,-0.01,,,,,,,,,,,,,,,,,,,,,,100,,,,,,,,,,
10:57:18.858,4.506575362902743,4.506599895857287,6.716226711017929,4.506599895857287,4.545146826225444,,,,,,0,,,,,,0,0,,0.49288017909937587,0.492883,1.14267,0.492883,0.4978089808903696,0.49781183,1.1540967,0.49781183,0,,,,,,,,,,,,
10:57:19.201,,,,,,59.184621838382206,,,,0,,10.962579118472224,10.962582,17.039237999999997,10.962582,,,,,,,,,,,,,,,,,,,,,,,,67,
10:57:19.524,,,,,,,,,,,,,,,,,,,1,,,,,,,,,,,,,,,,,16.470588235294116,,,,
10:57:19.710,,,,,,,,,,,,,,,,,,,,,,,,,,,,,,,,,18.112891649999998,4.533886,,,,,,
10:57:20.061,,,,,,,,-0.01,,,,,,,,,,,,,,,,,,,,,,100,,,,,,,,,,
10:57:20.284,4.496023917116916,4.4960484674139725,6.70610974504846,4.4960484674139725,4.534140316140371,,,,,,0,,,,,,0,0,,0.49288017909937587,0.492883,1.14267,0.492883,0.4978089808903696,0.49781183,1.1540967,0.49781183,0,,,,,,,,,,,,
10:57:20.651,,,,,,59.201568694525406,,,,0,,10.98954785238889,10.989551,17.066207,10.989551,,,,,,,,,,,,,,,,,,,,,,,0,67,
10:57:20.940,,,,,,,,,,,,,,,,,,,1,,,,,,,,,,,,,,,,,16.470588235294116,,,,
10:57:21.094,,,,,,,,,,,,,,,,,,,,,,,,,,,,,,,,,18.112891649999998,4.511926,,,,,,
10:57:21.475,,,,,,,,-0.01,,,,,,,,,,,,,,,,,,,,,,100,,,,,,,,,,
10:57:21.716,4.484990517532843,4.485014901882706,6.695512365460001,4.485014901882706,4.523155069469942,,,,,,0,,,,,,0,0,,0.49288017909937587,0.492883,1.14267,0.492883,0.4978089808903696,0.49781183,1.1540967,0.49781183,0,,,,,,,,,,,,
10:57:22.073,,,,,,59.215999456023,,,,0,,11.015609023055557,11.015612,17.092268,11.015612,,,,,,,,,,,,,,,,,,,,,,,-0.010108218259565573,66,
10:57:22.371,,,,,,,,,,,,,,,,,,,1,,,,,,,,,,,,,,,,,16.470588235294116,,,,
10:57:22.523,,,,,,,,,,,,,,,,,,,,,,,,,,,,,,,,,18.112891649999998,4.4903319999999995,,,,,,
10:57:22.850,,,,,,,,-0.01,,,,,,,,,,,,,,,,,,,,,,100,,,,,,,,,,
10:57:23.072,4.47437974666478,4.474404145679785,6.685303553630215,4.474404145679785,4.512242420302286,,,,,,0,,,,,,0,0,,0.49288017909937587,0.492883,1.14267,0.492883,0.4978089808903696,0.49781183,1.1540967,0.49781183,0,,,,,,,,,,,,
10:57:23.430,,,,,,59.22974860472791,,,,0,,11.040542589222223,11.040546,17.117202,11.040546,,,,,,,,,,,,,,,,,,,,,,,-0.005049803167863291,66,
10:57:23.739,,,,,,,,,,,,,,,,,,,1,,,,,,,,,,,,,,,,,16.470588235294116,,,,
10:57:23.894,,,,,,,,,,,,,,,,,,,,,,,,,,,,,,,,,18.112891649999998,4.467762,,,,,,
10:57:24.229,,,,,,,,-0.01,,,,,,,,,,,,,,,,,,,,,,100,,,,,,,,,,
10:57:24.449,4.464274967613688,4.464299138828822,6.67556531727557,4.464299138828822,4.501446799005779,,,,,,0,,,,,,0,0,,0.49288017909937587,0.492883,1.14267,0.492883,0.4978089808903696,0.49781183,1.1540967,0.49781183,0,,,,,,,,,,,,
10:57:24.740,,,,,,59.240968721626025,,,,0,,11.0641480145,11.064151,17.140807000000002,11.064151,,,,,,,,,,,,,,,,,,,,,,,-0.010227824041651156,65,
10:57:25.038,,,,,,,,,,,,,,,,,,,1,,,,,,,,,,,,,,,,,16.470588235294116,,,,
10:57:25.204,,,,,,,,,,,,,,,,,,,,,,,,,,,,,,,,,18.112891649999998,4.44629,,,,,,
10:57:25.566,,,,,,,,-0.01,,,,,,,,,,,,,,,,,,,,,,100,,,,,,,,,,
10:57:25.815,4.454750410546181,4.454774704358246,6.666372242567109,4.454774704358246,4.490847048231626,,,,,,0,,,,,,0,0,,0.49288017909937587,0.492883,1.14267,0.492883,0.4978089808903696,0.49781183,1.1540967,0.49781183,0,,,,,,,,,,,,
10:57:26.142,,,,,,59.25293686964992,,,,0,,11.089428776861112,11.089432,17.166088000000002,11.089432,,,,,,,,,,,,,,,,,,,,,,,-0.010316994912954817,65,
10:57:26.450,,,,,,,,,,,,,,,,,,,1,,,,,,,,,,,,,,,,,16.470588235294116,,,,
10:57:26.600,,,,,,,,,,,,,,,,,,,,,,,,,,,,,,,,,18.112891649999998,4.424818,,,,,,
10:57:26.942,,,,,,,,-0.01,,,,,,,,,,,,,,,,,,,,,,100,,,,,,,,,,
10:57:27.172,4.444594839075982,4.444618984994001,6.656554481137461,4.444618984994001,4.480321847999223,,,,,,0,,,,,,0,0,,0.49288017909937587,0.492883,1.14267,0.492883,0.4978089808903696,0.49781183,1.1540967,0.49781183,0,,,,,,,,,,,,
10:57:27.535,,,,,,59.26480482001898,,,,0,,11.114602077972224,11.114605,17.191260999999997,11.114605,,,,,,,,,,,,,,,,,,,,,,,-0.005186262286691327,65,
10:57:27.817,,,,,,,,,,,,,,,,,,,1,,,,,,,,,,,,,,,,,16.470588235294116,,,,
10:57:27.969,,,,,,,,,,,,,,,,,,,,,,,,,,,,,,,,,18.112891649999998,4.403346,,,,,,
10:57:28.309,,,,,,,,-0.01,,,,,,,,,,,,,,,,,,,,,,100,,,,,,,,,,
10:57:28.543,4.434528340661011,4.4345525549490965,6.646807351712014,4.4345525549490965,4.470014762764269,,,,,,0,,,,,,0,0,,0.49288017909937587,0.492883,1.14267,0.492883,0.4978089808903696,0.49781183,1.1540967,0.49781183,0,,,,,,,,,,,,
10:57:28.898,,,,,,59.27840056664045,,,,0,,11.139638451972225,11.139641,17.216296999999997,11.139641,,,,,,,,,,,,,,,,,,,,,,,,66,
10:57:29.186,,,,,,,,,,,,,,,,,,,1,,,,,,,,,,,,,,,,,16.470588235294116,,,,
10:57:29.362,,,,,,,,,,,,,,,,,,,,,,,,,,,,,,,,,18.112891649999998,4.383704,,,,,,
10:57:29.690,,,,,,,,-0.01,,,,,,,,,,,,,,,,,,,,,,100,,,,,,,,,,
10:57:29.928,4.424561723653729,4.424586034684601,6.637141540948093,4.424586034684601,4.459763057858142,,,,,,0,,,,,,0,0,,0.49288017909937587,0.492883,1.14267,0.492883,0.4978089808903696,0.49781183,1.1540967,0.49781183,0,,,,,,,,,,,,
10:57:30.269,,,,,,59.29198834378463,,,,0,,11.164761548138891,11.164764,17.241419999999998,11.164764,,,,,,,,,,,,,,,,,,,,,,,0.005123129935466773,66,
10:57:30.568,,,,,,,,,,,,,,,,,,,1,,,,,,,,,,,,,,,,,16.470588235294116,,,,
10:57:30.766,,,,,,,,,,,,,,,,,,,,,,,,,,,,,,,,,18.112891649999998,4.367112,,,,,,
10:57:31.131,,,,,,,,-0.01,,,,,,,,,,,,,,,,,,,,,,100,,,,,,,,,,
10:57:31.387,4.414605515525197,4.4146298121482905,6.627470359169954,4.4146298121482905,4.449585757659176,,,,,,0,,,,,,0,0,,0.49288017909937587,0.492883,1.14267,0.492883,0.4978089808903696,0.49781183,1.1540967,0.49781183,0,,,,,,,,,,,,
10:57:31.726,,,,,,59.306353962535916,,,,0,,11.191433755972225,11.191436,17.268092,11.191436,,,,,,,,,,,,,,,,,,,,,,,0.005072536360284433,66,
10:57:32.036,,,,,,,,,,,,,,,,,,,1,,,,,,,,,,,,,,,,,16.470588235294116,,,,
10:57:32.218,,,,,,,,,,,,,,,,,,,,,,,,,,,,,,,,,18.112891649999998,4.345152,,,,,,
10:57:32.570,,,,,,,,-0.01,,,,,,,,,,,,,,,,,,,,,,100,,,,,,,,,,
10:57:32.801,4.4040843188331795,4.404108641643486,6.617233681636629,4.404108641643486,4.439472482821718,,,,,,0,,,,,,0,0,,0.49288017909937587,0.492883,1.14267,0.492883,0.4978089808903696,0.49781183,1.1540967,0.49781183,0,,,,,,,,,,,,
10:57:33.137,,,,,,59.32024068594362,,,,0,,11.217325863972226,11.217328,17.293984000000002,11.217328,,,,,,,,,,,,,,,,,,,,,,,0.0050560184298710795,66,
10:57:33.428,,,,,,,,,,,,,,,,,,,1,,,,,,,,,,,,,,,,,16.470588235294116,,,,
10:57:33.598,,,,,,,,,,,,,,,,,,,,,,,,,,,,,,,,,18.112891649999998,4.3248999999999995,,,,,,
10:57:33.959,,,,,,,,-0.01,,,,,,,,,,,,,,,,,,,,,,100,,,,,,,,,,
10:57:34.210,4.393918702873802,4.393943013879954,6.6073265709046565,4.393943013879954,4.429414852347846,,,,,,0,,,,,,0,0,,0.49288017909937587,0.492883,1.14267,0.492883,0.4978089808903696,0.49781183,1.1540967,0.49781183,0,,,,,,,,,,,,
10:57:34.570,,,,,,59.33425453939364,,,,0,,11.243564376638894,11.243567,17.320223,11.243567,,,,,,,,,,,,,,,,,,,,,,,0,66,
10:57:34.852,,,,,,,,,,,,,,,,,,,1,,,,,,,,,,,,,,,,,16.470588235294116,,,,
10:57:35.018,,,,,,,,,,,,,,,,,,,,,,,,,,,,,,,,,18.112891649999998,4.306478,,,,,,
10:57:35.377,,,,,,,,-0.01,,,,,,,,,,,,,,,,,,,,,,100,,,,,,,,,,
10:57:35.634,4.383664846740669,4.38368891295796,6.597316905215367,4.38368891295796,4.419338587238719,,,,,,0,,,,,,0,0,,0.49288017909937587,0.492883,1.14267,0.492883,0.4978089808903696,0.49781183,1.1540967,0.49781183,0,,,,,,,,,,,,
10:57:35.983,,,,,,59.34804678741893,,,,0,,11.26949591780556,11.269499,17.346155,11.269499,,,,,,,,,,,,,,,,,,,,,,,0,66,
10:57:36.264,,,,,,,,,,,,,,,,,,,1,,,,,,,,,,,,,,,,,16.470588235294116,,,,
10:57:36.427,,,,,,,,,,,,,,,,,,,,,,,,,,,,,,,,,18.112891649999998,4.287446,,,,,,
10:57:36.768,,,,,,,,-0.01,,,,,,,,,,,,,,,,,,,,,,100,,,,,,,,,,
10:57:37.023,4.373577866252525,4.373601701371108,6.587454107264694,4.373601701371108,4.4091920192020115,,,,,,0,,,,,,0,0,,0.49288017909937587,0.492883,1.14267,0.492883,0.4978089808903696,0.49781183,1.1540967,0.49781183,0,,,,,,,,,,,,
10:57:37.399,,,,,,59.363904082040534,,,,0,,11.295915782138893,11.295919,17.372574999999998,11.295919,,,,,,,,,,,,,,,,,,,,,,,0.0049934263861391125,67,
10:57:37.683,,,,,,,,,,,,,,,,,,,1,,,,,,,,,,,,,,,,,16.470588235294116,,,,
10:57:37.843,,,,,,,,,,,,,,,,,,,,,,,,,,,,,,,,,18.112891649999998,4.271586,,,,,,
10:57:38.178,,,,,,,,-0.01,,,,,,,,,,,,,,,,,,,,,,100,,,,,,,,,,
10:57:38.407,4.363348564254686,4.363372294011669,6.577435987468756,4.363372294011669,4.3990362348493495,,,,,,0,,,,,,0,0,,0.49288017909937587,0.492883,1.14267,0.492883,0.4978089808903696,0.49781183,1.1540967,0.49781183,0,,,,,,,,,,,,
10:57:38.688,,,,,,59.378168647222026,,,,0,,11.319775922638893,11.319779,17.396435,11.319779,,,,,,,,,,,,,,,,,,,,,,,0.0051023638349801635,67,
10:57:38.936,,,,,,,,,,,,,,,,,,,1,,,,,,,,,,,,,,,,,16.470588235294116,,,,
10:57:39.249,,,,,,,,,,,,,,,,,,,,,,,,,,,,,,,,,18.112891649999998,4.258044,,,,,,
10:57:39.557,,,,,,,,-0.01,,,,,,,,,,,,,,,,,,,,,,100,,,,,,,,,,
10:57:39.779,4.35415137603249,4.354175112429314,6.5684147355478295,4.354175112429314,4.388989114270784,,,,,,0,,,,,,0,0,,0.49288017909937587,0.492883,1.14267,0.492883,0.4978089808903696,0.49781183,1.1540967,0.49781183,0,,,,,,,,,,,,
10:57:40.048,,,,,,59.39324140847353,,,,0,,11.345085157750004,11.345088,17.421744,11.345088,,,,,,,,,,,,,,,,,,,,,,,0.005170407318942107,67,
10:57:40.302,,,,,,,,,,,,,,,,,,,1,,,,,,,,,,,,,,,,,16.470588235294116,,,,
10:57:40.447,,,,,,,,,,,,,,,,,,,,,,,,,,,,,,,,,18.112891649999998,4.240842,,,,,,
10:57:40.776,,,,,,,,-0.01,,,,,,,,,,,,,,,,,,,,,,100,,,,,,,,,,
10:57:41.052,4.344437897521481,4.344461673633559,6.558872636401959,4.344461673633559,4.378973636004254,,,,,,0,,,,,,0,0,,0.49288017909937587,0.492883,1.14267,0.492883,0.4978089808903696,0.49781183,1.1540967,0.49781183,0,,,,,,,,,,,,
10:57:41.390,,,,,,59.408063250584135,,,,0,,11.370071065750004,11.370074,17.446730000000002,11.370074,,,,,,,,,,,,,,,,,,,,,,,0.005238348920216935,67,
10:57:41.704,,,,,,,,,,,,,,,,,,,1,,,,,,,,,,,,,,,,,16.470588235294116,,,,
10:57:41.846,,,,,,,,,,,,,,,,,,,,,,,,,,,,,,,,,18.112891649999998,4.226202,,,,,,
10:57:42.174,,,,,,,,-0.01,,,,,,,,,,,,,,,,,,,,,,100,,,,,,,,,,
10:57:42.406,4.334890927674813,4.334914618849446,6.549479472657627,4.334914618849446,4.369009312522955,,,,,,0,,,,,,0,0,,0.49288017909937587,0.492883,1.14267,0.492883,0.4978089808903696,0.49781183,1.1540967,0.49781183,0,,,,,,,,,,,,
10:57:42.751,,,,,,59.42302220257363,,,,0,,11.395387220472227,11.39539,17.472046,11.39539,,,,,,,,,,,,,,,,,,,,,,,0,67,
10:57:43.004,,,,,,,,,,,,,,,,,,,1,,,,,,,,,,,,,,,,,16.470588235294116,,,,
10:57:43.139,,,,,,,,,,,,,,,,,,,,,,,,,,,,,,,,,18.112891649999998,4.21022,,,,,,
10:57:43.463,,,,,,,,-0.01,,,,,,,,,,,,,,,,,,,,,,100,,,,,,,,,,
10:57:43.687,4.325260472183857,4.325284171932685,6.539989649752526,4.325284171932685,4.35915633169179,,,,,,0,,,,,,0,0,,0.49288017909937587,0.492883,1.14267,0.492883,0.4978089808903696,0.49781183,1.1540967,0.49781183,0,,,,,,,,,,,,
10:57:44.029,,,,,,59.43704658279359,,,,0,,11.419212686611116,11.419215,17.495871,11.419215,,,,,,,,,,,,,,,,,,,,,,,0,67,
10:57:44.368,,,,,,,,,,,,,,,,,,,1,,,,,,,,,,,,,,,,,16.470588235294116,,,,
10:57:44.507,,,,,,,,,,,,,,,,,,,,,,,,,,,,,,,,,18.112891649999998,4.1968,,,,,,
10:57:44.811,,,,,,,,-0.01,,,,,,,,,,,,,,,,,,,,,,100,,,,,,,,,,
10:57:45.035,4.316236089352041,4.316259918041652,6.531083819719521,4.316259918041652,4.34944600500157,,,,,,0,,,,,,0,0,,0.49288017909937587,0.492883,1.14267,0.492883,0.4978089808903696,0.49781183,1.1540967,0.49781183,0,,,,,,,,,,,,
10:57:45.315,,,,,,59.451067254509084,,,,0,,11.443120343138894,11.443123,17.519779,11.443123,,,,,,,,,,,,,,,,,,,,,,,0,67,
10:57:45.566,,,,,,,,,,,,,,,,,,,1,,,,,,,,,,,,,,,,,16.470588235294116,,,,
10:57:45.714,,,,,,,,,,,,,,,,,,,,,,,,,,,,,,,,,18.112891649999998,4.1820379999999995,,,,,,
10:57:46.041,,,,,,,,-0.01,,,,,,,,,,,,,,,,,,,,,,100,,,,,,,,,,
10:57:46.259,4.30721834883873,4.307242000282615,6.522171312777405,4.307242000282615,4.339890192763828,,,,,,0,,,,,,0,0,,0.49288017909937587,0.492883,1.14267,0.492883,0.4978089808903696,0.49781183,1.1540967,0.49781183,0,,,,,,,,,,,,
10:57:46.617,,,,,,59.46524040299416,,,,0,,11.467378430138893,11.467381,17.544037,11.467381,,,,,,,,,,,,,,,,,,,,,,,0,67,
10:57:46.873,,,,,,,,,,,,,,,,,,,1,,,,,,,,,,,,,,,,,16.470588235294116,,,,
10:57:47.082,,,,,,,,,,,,,,,,,,,,,,,,,,,,,,,,,18.112891649999998,4.168496,,,,,,
10:57:47.384,,,,,,,,-0.01,,,,,,,,,,,,,,,,,,,,,,100,,,,,,,,,,
10:57:47.603,4.298106861145997,4.298130497277452,6.513153158534721,4.298130497277452,4.330456317125512,,,,,,0,,,,,,0,0,,0.49288017909937587,0.492883,1.14267,0.492883,0.4978089808903696,0.49781183,1.1540967,0.49781183,0,,,,,,,,,,,,
10:57:48.090,,,,,,59.481175490287455,,,,0,,11.494761382250005,11.494764,17.57142,11.494764,,,,,,,,,,,,,,,,,,,,,,,0,67,
10:57:48.402,,,,,,,,,,,,,,,,,,,1,,,,,,,,,,,,,,,,,16.470588235294116,,,,
10:57:48.548,,,,,,,,,,,,,,,,,,,,,,,,,,,,,,,,,18.112891649999998,4.152636,,,,,,
10:57:48.857,,,,,,,,-0.01,,,,,,,,,,,,,,,,,,,,,,100,,,,,,,,,,
10:57:49.077,4.287867861793741,4.287891426044067,6.50300317219667,4.287891426044067,4.321021229317894,,,,,,0,,,,,,0,0,,0.49288017909937587,0.492883,1.14267,0.492883,0.4978089808903696,0.49781183,1.1540967,0.49781183,0,,,,,,,,,,,,
10:57:49.424,,,,,,59.4955629059327,,,,0,,11.519584703583337,11.519587,17.596243,11.519587,,,,,,,,,,,,,,,,,,,,,,,0,67,
10:57:49.747,,,,,,,,,,,,,,,,,,,1,,,,,,,,,,,,,,,,,16.470588235294116,,,,
10:57:49.987,,,,,,,,,,,,,,,,,,,,,,,,,,,,,,,,,18.112891649999998,4.141046,,,,,,
10:57:50.326,,,,,,,,-0.01,,,,,,,,,,,,,,,,,,,,,,100,,,,,,,,,,
10:57:50.563,4.278628021599236,4.278651656522062,6.493829393013042,4.278651656522062,4.311580810013737,,,,,,0,,,,,,0,0,,0.49288017909937587,0.492883,1.14267,0.492883,0.4978089808903696,0.49781183,1.1540967,0.49781183,0,,,,,,,,,,,,
10:57:50.850,,,,,,59.51088834844517,,,,0,,11.546131356111115,11.546134,17.622790000000002,11.546134,,,,,,,,,,,,,,,,,,,,,,,0,67,
10:57:51.170,,,,,,,,,,,,,,,,,,,1,,,,,,,,,,,,,,,,,16.470588235294116,,,,
10:57:51.316,,,,,,,,,,,,,,,,,,,,,,,,,,,,,,,,,18.112891649999998,4.126284,,,,,,
10:57:51.643,,,,,,,,-0.01,,,,,,,,,,,,,,,,,,,,,,100,,,,,,,,,,
10:57:51.871,4.2687906788666945,4.26881413293835,6.484047077676123,4.26881413293835,4.302124907681889,,,,,,0,,,,,,0,0,,0.49288017909937587,0.492883,1.14267,0.492883,0.4978089808903696,0.49781183,1.1540967,0.49781183,0,,,,,,,,,,,,
10:57:52.186,,,,,,59.5252020060597,,,,0,,11.571023713500004,11.571026,17.647682,11.571026,,,,,,,,,,,,,,,,,,,,,,,0,67,
10:57:52.472,,,,,,,,,,,,,,,,,,,1,,,,,,,,,,,,,,,,,16.470588235294116,,,,
10:57:52.638,,,,,,,,,,,,,,,,,,,,,,,,,,,,,,,,,18.112891649999998,4.111522,,,,,,
10:57:52.983,,,,,,,,-0.01,,,,,,,,,,,,,,,,,,,,,,100,,,,,,,,,,
10:57:53.206,4.259607371855342,4.259630909134592,6.47490134965034,4.259630909134592,4.2927144632044545,,,,,,0,,,,,,0,0,,0.49288017909937587,0.492883,1.14267,0.492883,0.4978089808903696,0.49781183,1.1540967,0.49781183,0,,,,,,,,,,,,
10:57:53.588,,,,,,59.54013717074724,,,,0,,11.597098747444448,11.597101,17.673757000000002,11.597101,,,,,,,,,,,,,,,,,,,,,,,0,67,
10:57:53.837,,,,,,,,,,,,,,,,,,,1,,,,,,,,,,,,,,,,,16.470588235294116,,,,
10:57:53.995,,,,,,,,,,,,,,,,,,,,,,,,,,,,,,,,,18.06895335,4.099322,,,,,,
10:57:54.362,,,,,,,,-0.01,,,,,,,,,,,,,,,,,,,,,,100,,,,,,,,,,
10:57:54.595,4.250030027622103,4.250053526307997,6.465348595660787,4.250053526307997,4.283310657634235,,,,,,0,,,,,,0,0,,0.49288017909937587,0.492883,1.14267,0.492883,0.4978089808903696,0.49781183,1.1540967,0.49781183,0,,,,,,,,,,,,
10:57:54.961,,,,,,59.55670352082984,,,,0,,11.623086171444449,11.623088,17.699744,11.623088,,,,,,,,,,,,,,,,,,,,,,,0.005115405757194794,68,
10:57:55.279,,,,,,,,,,,,,,,,,,,1,,,,,,,,,,,,,,,,,16.470588235294116,,,,
10:57:55.431,,,,,,,,,,,,,,,,,,,,,,,,,,,,,,,,,18.0129096,4.08578,,,,,,
10:57:55.767,,,,,,,,-0.01,,,,,,,,,,,,,,,,,,,,,,100,,,,,,,,,,
10:57:56.007,4.240527617443652,4.240551220123258,6.455856084698175,4.240551220123258,4.273847098645686,,,,,,0,,,,,,0,0,,0.49288017909937587,0.492883,1.14267,0.492883,0.4978089808903696,0.49781183,1.1540967,0.49781183,0,,,,,,,,,,,,
10:57:56.351,,,,,,59.573385234353296,,,,0,,11.64935781466667,11.64936,17.726016,11.64936,,,,,,,,,,,,,,,,,,,,,,,0.005149028392517802,68,
10:57:56.651,,,,,,,,,,,,,,,,,,,1,,,,,,,,,,,,,,,,,16.470588235294116,,,,
10:57:56.813,,,,,,,,,,,,,,,,,,,,,,,,,,,,,,,,,17.9537274,4.07114,,,,,,
10:57:57.194,,,,,,,,-0.01,,,,,,,,,,,,,,,,,,,,,,100,,,,,,,,,,
10:57:57.437,4.230964375382429,4.2309877967544995,6.446287761446227,4.2309877967544995,4.264315351963649,,,,,,0,,,,,,0,0,,0.49288017909937587,0.492883,1.14267,0.492883,0.4978089808903696,0.49781183,1.1540967,0.49781183,0,,,,,,,,,,,,
10:57:57.802,,,,,,59.590698012100866,,,,0,,11.67673352666667,11.676736,17.753391999999998,11.676736,,,,,,,,,,,,,,,,,,,,,,,0.005043583051241065,68,
10:57:58.106,,,,,,,,,,,,,,,,,,,1,,,,,,,,,,,,,,,,,16.470588235294116,,,,
10:57:58.265,,,,,,,,,,,,,,,,,,,,,,,,,,,,,,,,,17.899925399999997,4.058208,,,,,,
10:57:58.590,,,,,,,,-0.01,,,,,,,,,,,,,,,,,,,,,,100,,,,,,,,,,
10:57:58.825,4.221045020628104,4.221068284835762,6.436347487849084,4.221068284835762,4.254682621898913,,,,,,0,,,,,,0,0,,0.49288017909937587,0.492883,1.14267,0.492883,0.4978089808903696,0.49781183,1.1540967,0.49781183,0,,,,,,,,,,,,
10:57:59.131,,,,,,59.60653925593,,,,0,,11.701881328222225,11.701884,17.77854,11.701884,,,,,,,,,,,,,,,,,,,,,,,0.005110147290504613,68,
10:57:59.437,,,,,,,,,,,,,,,,,,,1,,,,,,,,,,,,,,,,,16.470588235294116,,,,
10:57:59.600,,,,,,,,,,,,,,,,,,,,,,,,,,,,,,,,,17.847916799999997,4.042226,,,,,,
10:57:59.959,,,,,,,,-0.01,,,,,,,,,,,,,,,,,,,,,,100,,,,,,,,,,
10:58:00.183,4.21197382946162,4.211996974162451,6.427243181948574,4.211996974162451,4.245195867857397,,,,,,0,,,,,,0,0,,0.49288017909937587,0.492883,1.14267,0.492883,0.4978089808903696,0.49781183,1.1540967,0.49781183,0,,,,,,,,,,,,
10:58:00.516,,,,,,59.62294964559956,,,,0,,11.728032940111113,11.728036,17.804692,11.728036,,,,,,,,,,,,,,,,,,,,,,,0,68,
10:58:00.812,,,,,,,,,,,,,,,,,,,1,,,,,,,,,,,,,,,,,16.470588235294116,,,,
10:58:00.966,,,,,,,,,,,,,,,,,,,,,,,,,,,,,,,,,17.80173675,4.031246,,,,,,
10:58:01.295,,,,,,,,-0.01,,,,,,,,,,,,,,,,,,,,,,100,,,,,,,,,,
10:58:01.542,4.202581810745718,4.202604766902148,6.417802678080587,4.202604766902148,4.235690091500707,,,,,,0,,,,,,0,0,,0.49288017909937587,0.492883,1.14267,0.492883,0.4978089808903696,0.49781183,1.1540967,0.49781183,0,,,,,,,,,,,,
10:58:01.880,,,,,,59.63906703194374,,,,0,,11.753817546555558,11.753821,17.830477000000002,11.753821,,,,,,,,,,,,,,,,,,,,,,,0,68,
10:58:02.182,,,,,,,,,,,,,,,,,,,1,,,,,,,,,,,,,,,,,16.470588235294116,,,,
10:58:02.344,,,,,,,,,,,,,,,,,,,,,,,,,,,,,,,,,17.7465897,4.019046,,,,,,
10:58:02.676,,,,,,,,-0.01,,,,,,,,,,,,,,,,,,,,,,100,,,,,,,,,,
10:58:02.919,4.193362515175453,4.193385282964578,6.408521768654871,4.193385282964578,4.226261571039302,,,,,,0,,,,,,0,0,,0.49288017909937587,0.492883,1.14267,0.492883,0.4978089808903696,0.49781183,1.1540967,0.49781183,0,,,,,,,,,,,,
10:58:03.261,,,,,,59.655296169537614,,,,0,,11.779881574444447,11.779885,17.856541,11.779885,,,,,,,,,,,,,,,,,,,,,,,0,68,
10:58:03.562,,,,,,,,,,,,,,,,,,,1,,,,,,,,,,,,,,,,,16.470588235294116,,,,
10:58:03.707,,,,,,,,,,,,,,,,,,,,,,,,,,,,,,,,,17.69054595,4.007334,,,,,,
10:58:04.056,,,,,,,,-0.01,,,,,,,,,,,,,,,,,,,,,,100,,,,,,,,,,
10:58:04.292,4.1840843304285995,4.184107060467908,6.399167677547404,4.184107060467908,4.216821190860959,,,,,,0,,,,,,0,0,,0.49288017909937587,0.492883,1.14267,0.492883,0.4978089808903696,0.49781183,1.1540967,0.49781183,0,,,,,,,,,,,,
10:58:04.657,,,,,,59.669670893816225,,,,0,,11.805825923027781,11.805829,17.882485,11.805829,,,,,,,,,,,,,,,,,,,,,,,-0.005125987505655781,67,
10:58:04.964,,,,,,,,,,,,,,,,,,,1,,,,,,,,,,,,,,,,,16.470588235294116,,,,
10:58:05.120,,,,,,,,,,,,,,,,,,,,,,,,,,,,,,,,,17.6362956,3.995622,,,,,,
10:58:05.491,,,,,,,,-0.01,,,,,,,,,,,,,,,,,,,,,,100,,,,,,,,,,
10:58:05.734,4.17488943435962,4.174912240385661,6.3898837326020415,4.174912240385661,4.207428616703149,,,,,,0,,,,,,0,0,,0.49288017909937587,0.492883,1.14267,0.492883,0.4978089808903696,0.49781183,1.1540967,0.49781183,0,,,,,,,,,,,,
10:58:06.092,,,,,,59.68441825475329,,,,0,,11.83254878555556,11.832552,17.909208,11.832552,,,,,,,,,,,,,,,,,,,,,,,-0.0050795456504283045,67,
10:58:06.407,,,,,,,,,,,,,,,,,,,1,,,,,,,,,,,,,,,,,16.470588235294116,,,,
10:58:06.570,,,,,,,,,,,,,,,,,,,,,,,,,,,,,,,,,17.5627662,3.980372,,,,,,
10:58:06.921,,,,,,,,-0.01,,,,,,,,,,,,,,,,,,,,,,100,,,,,,,,,,
10:58:07.144,4.165460781374959,4.165483489952125,6.380349147768009,4.165483489952125,4.1980452621945625,,,,,,0,,,,,,0,0,,0.49288017909937587,0.492883,1.14267,0.492883,0.4978089808903696,0.49781183,1.1540967,0.49781183,0,,,,,,,,,,,,
10:58:07.486,,,,,,59.698690847052895,,,,0,,11.858514140500004,11.858517,17.935173,11.858517,,,,,,,,,,,,,,,,,,,,,,,-0.005052735964502728,67,
10:58:07.771,,,,,,,,,,,,,,,,,,,1,,,,,,,,,,,,,,,,,16.470588235294116,,,,
10:58:07.922,,,,,,,,,,,,,,,,,,,,,,,,,,,,,,,,,17.50761915,3.96866,,,,,,
10:58:08.252,,,,,,,,-0.01,,,,,,,,,,,,,,,,,,,,,,100,,,,,,,,,,
10:58:08.486,4.156340105174374,4.156362890907859,6.371112227353481,4.156362890907859,4.188717228418556,,,,,,0,,,,,,0,0,,0.49288017909937587,0.492883,1.14267,0.492883,0.4978089808903696,0.49781183,1.1540967,0.49781183,0,,,,,,,,,,,,
10:58:08.825,,,,,,59.71044636787164,,,,0,,11.883017828500003,11.883021,17.959677,11.883021,,,,,,,,,,,,,,,,,,,,,,,-0.010182484790727387,66,
10:58:09.122,,,,,,,,,,,,,,,,,,,1,,,,,,,,,,,,,,,,,16.470588235294116,,,,
10:58:09.270,,,,,,,,,,,,,,,,,,,,,,,,,,,,,,,,,17.4479886,3.95646,,,,,,
10:58:09.618,,,,,,,,-0.01,,,,,,,,,,,,,,,,,,,,,,100,,,,,,,,,,
10:58:09.857,4.147769415251245,4.147792047157032,6.3624195468548805,4.147792047157032,4.1795577777464485,,,,,,0,,,,,,0,0,,0.49288017909937587,0.492883,1.14267,0.492883,0.4978089808903696,0.49781183,1.1540967,0.49781183,0,,,,,,,,,,,,
10:58:10.192,,,,,,59.7224332408303,,,,0,,11.90809825566667,11.908101,17.984757000000002,11.908101,,,,,,,,,,,,,,,,,,,,,,,-0.005116680380265642,66,
10:58:10.476,,,,,,,,,,,,,,,,,,,1,,,,,,,,,,,,,,,,,16.470588235294116,,,,
10:58:10.619,,,,,,,,,,,,,,,,,,,,,,,,,,,,,,,,,17.387013,3.94487,,,,,,
10:58:10.958,,,,,,,,-0.01,,,,,,,,,,,,,,,,,,,,,,100,,,,,,,,,,
10:58:11.208,4.139033525901841,4.139056260943705,6.353547062103758,4.139056260943705,4.170440239801476,,,,,,0,,,,,,0,0,,0.49288017909937587,0.492883,1.14267,0.492883,0.4978089808903696,0.49781183,1.1540967,0.49781183,0,,,,,,,,,,,,
10:58:11.551,,,,,,59.73429583804982,,,,0,,11.933013132833338,11.933016,18.009672000000002,11.933016,,,,,,,,,,,,,,,,,,,,,,,-0.00518858961474973,66,
10:58:11.856,,,,,,,,,,,,,,,,,,,1,,,,,,,,,,,,,,,,,16.470588235294116,,,,
10:58:12.032,,,,,,,,,,,,,,,,,,,,,,,,,,,,,,,,,17.331865949999997,3.9325479999999997,,,,,,
10:58:12.422,,,,,,,,-0.01,,,,,,,,,,,,,,,,,,,,,,100,,,,,,,,,,
10:58:12.790,4.130391658945136,4.130414305989365,6.34475741701459,4.130414305989365,4.161416470826403,,,,,,0,,,,,,0,0,,0.49288017909937587,0.492883,1.14267,0.492883,0.4978089808903696,0.49781183,1.1540967,0.49781183,0,,,,,,,,,,,,
10:58:13.040,,,,,,59.74722329599929,,,,0,,11.960272170500005,11.960275,18.036931,11.960275,,,,,,,,,,,,,,,,,,,,,,,-0.005100057919261669,66,
10:58:13.282,,,,,,,,,,,,,,,,,,,1,,,,,,,,,,,,,,,,,16.470588235294116,,,,
10:58:13.432,,,,,,,,,,,,,,,,,,,,,,,,,,,,,,,,,17.2767189,3.922056,,,,,,
10:58:13.776,,,,,,,,-0.01,,,,,,,,,,,,,,,,,,,,,,100,,,,,,,,,,
10:58:14.007,4.12097795161438,4.1210005622780415,6.335168660344713,4.1210005622780415,4.1523684003812695,,,,,,0,,,,,,0,0,,0.49288017909937587,0.492883,1.14267,0.492883,0.4978089808903696,0.49781183,1.1540967,0.49781183,0,,,,,,,,,,,,
10:58:14.255,,,,,,59.75626134809161,,,,0,,11.982699134944449,11.982702,18.059358,11.982702,,,,,,,,,,,,,,,,,,,,,,,-0.005215732210225525,65,
10:58:14.646,,,,,,,,,,,,,,,,,,,1,,,,,,,,,,,,,,,,,16.470588235294116,,,,
10:58:14.793,,,,,,,,,,,,,,,,,,,,,,,,,,,,,,,,,17.2265037,3.912296,,,,,,
10:58:15.166,,,,,,,,-0.01,,,,,,,,,,,,,,,,,,,,,,100,,,,,,,,,,
10:58:15.409,4.113265079501312,4.113287637462736,6.3273013359611125,4.113287637462736,4.143515994015358,,,,,,0,,,,,,0,0,,0.49288017909937587,0.492883,1.14267,0.492883,0.4978089808903696,0.49781183,1.1540967,0.49781183,0,,,,,,,,,,,,
10:58:15.679,,,,,,59.76664872177642,,,,0,,12.008569970916671,12.008573,18.085228999999998,12.008573,,,,,,,,,,,,,,,,,,,,,,,-0.005162429758673142,65,
10:58:15.990,,,,,,,,,,,,,,,,,,,1,,,,,,,,,,,,,,,,,16.470588235294116,,,,
10:58:16.167,,,,,,,,,,,,,,,,,,,,,,,,,,,,,,,,,17.1744951,3.900706,,,,,,
10:58:16.500,,,,,,,,-0.01,,,,,,,,,,,,,,,,,,,,,,100,,,,,,,,,,
10:58:16.729,4.1044036075325625,4.104426062946863,6.3182501034407705,4.104426062946863,4.134705265661975,,,,,,0,,,,,,0,0,,0.49288017909937587,0.492883,1.14267,0.492883,0.4978089808903696,0.49781183,1.1540967,0.49781183,0,,,,,,,,,,,,
10:58:16.976,,,,,,59.7757503725222,,,,0,,12.031323145083338,12.031326,18.107982,12.031326,,,,,,,,,,,,,,,,,,,,,,,-0.005221986934805274,65,
10:58:17.202,,,,,,,,,,,,,,,,,,,1,,,,,,,,,,,,,,,,,16.470588235294116,,,,
10:58:17.337,,,,,,,,,,,,,,,,,,,,,,,,,,,,,,,,,17.132350199999998,3.891434,,,,,,
10:58:17.689,,,,,,,,-0.01,,,,,,,,,,,,,,,,,,,,,,100,,,,,,,,,,
10:58:17.920,4.0966415177768205,4.096663991982264,6.310311110315882,4.096663991982264,4.126102857712208,,,,,,0,,,,,,0,0,,0.49288017909937587,0.492883,1.14267,0.492883,0.4978089808903696,0.49781183,1.1540967,0.49781183,0,,,,,,,,,,,,
10:58:18.188,,,,,,59.78506206211068,,,,0,,12.054683587166672,12.054686,18.131342,12.054686,,,,,,,,,,,,,,,,,,,,,,,-0.005502367458767966,65,
10:58:18.620,,,,,,,,,,,,,,,,,,,1,,,,,,,,,,,,,,,,,16.470588235294116,,,,
10:58:18.767,,,,,,,,,,,,,,,,,,,,,,,,,,,,,,,,,17.0812383,3.879112,,,,,,
10:58:19.161,,,,,,,,-0.01,,,,,,,,,,,,,,,,,,,,,,100,,,,,,,,,,
10:58:19.403,4.088702748067917,4.088725330547805,6.302181052014793,4.088725330547805,4.117648188073902,,,,,,0,,,,,,0,0,,0.49288017909937587,0.492883,1.14267,0.492883,0.4978089808903696,0.49781183,1.1540967,0.49781183,0,,,,,,,,,,,,
10:58:19.717,,,,,,59.793446615398956,,,,0,,12.080405107166671,12.080408,18.157064,12.080408,,,,,,,,,,,,,,,,,,,,,,,-0.005186548696211746,64,
10:58:20.016,,,,,,,,,,,,,,,,,,,1,,,,,,,,,,,,,,,,,16.470588235294116,,,,
10:58:20.157,,,,,,,,,,,,,,,,,,,,,,,,,,,,,,,,,17.035954949999997,3.868742,,,,,,
10:58:20.464,,,,,,,,-0.01,,,,,,,,,,,,,,,,,,,,,,100,,,,,,,,,,
10:58:20.685,4.079997108763976,4.080019482785681,6.293253138282711,4.080019482785681,4.109176649762993,,,,,,0,,,,,,0,0,,0.49288017909937587,0.492883,1.14267,0.492883,0.4978089808903696,0.49781183,1.1540967,0.49781183,0,,,,,,,,,,,,
10:58:20.973,,,,,,59.8007024767809,,,,0,,12.102747012944448,12.10275,18.179406,12.10275,,,,,,,,,,,,,,,,,,,,,,,-0.00535035521269841,64,
10:58:21.276,,,,,,,,,,,,,,,,,,,1,,,,,,,,,,,,,,,,,16.470588235294116,,,,
10:58:21.420,,,,,,,,,,,,,,,,,,,,,,,,,,,,,,,,,17.00188035,3.858982,,,,,,
10:58:21.756,,,,,,,,-0.01,,,,,,,,,,,,,,,,,,,,,,100,,,,,,,,,,
10:58:21.984,4.072465354949729,4.072487657763731,6.285518899792436,4.072487657763731,4.10085562839398,,,,,,0,,,,,,0,0,,0.49288017909937587,0.492883,1.14267,0.492883,0.4978089808903696,0.49781183,1.1540967,0.49781183,0,,,,,,,,,,,,
10:58:22.295,,,,,,59.80832411855738,,,,0,,12.126298508055559,12.126301,18.202956999999998,12.126301,,,,,,,,,,,,,,,,,,,,,,,-0.005325189709663242,64,
10:58:22.550,,,,,,,,,,,,,,,,,,,1,,,,,,,,,,,,,,,,,16.470588235294116,,,,
10:58:22.698,,,,,,,,,,,,,,,,,,,,,,,,,,,,,,,,,16.9592871,3.851662,,,,,,
10:58:23.028,,,,,,,,-0.01,,,,,,,,,,,,,,,,,,,,,,100,,,,,,,,,,
10:58:23.259,4.0645558805265525,4.064578307927537,6.277386690525063,4.064578307927537,4.092626156091656,,,,,,0,,,,,,0,0,,0.49288017909937587,0.492883,1.14267,0.492883,0.4978089808903696,0.49781183,1.1540967,0.49781183,0,,,,,,,,,,,,
10:58:23.607,,,,,,59.81583603556646,,,,0,,12.149594900944448,12.149597,18.226253,12.149597,,,,,,,,,,,,,,,,,,,,,,,-0.005226874940281345,64,
10:58:23.901,,,,,,,,,,,,,,,,,,,1,,,,,,,,,,,,,,,,,16.470588235294116,,,,
10:58:24.059,,,,,,,,,,,,,,,,,,,,,,,,,,,,,,,,,16.913107049999997,3.84056,,,,,,
10:58:24.399,,,,,,,,-0.01,,,,,,,,,,,,,,,,,,,,,,100,,,,,,,,,,
10:58:24.675,4.056762246954109,4.056784764136621,6.269363209212558,4.056784764136621,4.084599193009122,,,,,,0,,,,,,0,0,,0.49288017909937587,0.492883,1.14267,0.492883,0.4978089808903696,0.49781183,1.1540967,0.49781183,0,,,,,,,,,,,,
10:58:24.978,,,,,,59.82367024129309,,,,0,,12.173980070722227,12.173982,18.250638000000002,12.173982,,,,,,,,,,,,,,,,,,,,,,,0,64,
10:58:25.265,,,,,,,,,,,,,,,,,,,1,,,,,,,,,,,,,,,,,16.470588235294116,,,,
10:58:25.421,,,,,,,,,,,,,,,,,,,,,,,,,,,,,,,,,16.86916875,3.83141,,,,,,
10:58:25.771,,,,,,,,-0.01,,,,,,,,,,,,,,,,,,,,,,100,,,,,,,,,,
10:58:26.001,4.048636323010964,4.048658852953783,6.260986602221796,4.048658852953783,4.0765205984478285,,,,,,0,,,,,,0,0,,0.49288017909937587,0.492883,1.14267,0.492883,0.4978089808903696,0.49781183,1.1540967,0.49781183,0,,,,,,,,,,,,
10:58:26.351,,,,,,59.829617692182,,,,0,,12.198030304972226,12.198032,18.274687999999998,12.198032,,,,,,,,,,,,,,,,,,,,,,,-0.005267122125651734,63,
10:58:26.668,,,,,,,,,,,,,,,,,,,1,,,,,,,,,,,,,,,,,16.470588235294116,,,,
10:58:26.826,,,,,,,,,,,,,,,,,,,,,,,,,,,,,,,,,16.8265755,3.82043,,,,,,
10:58:27.193,,,,,,,,-0.01,,,,,,,,,,,,,,,,,,,,,,100,,,,,,,,,,
10:58:27.435,4.040653833254254,4.04067639763529,6.252746968922262,4.04067639763529,4.06855187666304,,,,,,0,,,,,,0,0,,0.49288017909937587,0.492883,1.14267,0.492883,0.4978089808903696,0.49781183,1.1540967,0.49781183,0,,,,,,,,,,,,
10:58:27.795,,,,,,59.835841619088754,,,,0,,12.223295362972227,12.223297,18.299953000000002,12.223297,,,,,,,,,,,,,,,,,,,,,,,-0.005149570765421304,63,
10:58:28.107,,,,,,,,,,,,,,,,,,,1,,,,,,,,,,,,,,,,,16.470588235294116,,,,
10:58:28.268,,,,,,,,,,,,,,,,,,,,,,,,,,,,,,,,,16.7835339,3.809938,,,,,,
10:58:28.623,,,,,,,,-0.01,,,,,,,,,,,,,,,,,,,,,,100,,,,,,,,,,
10:58:28.856,4.032301964922222,4.032324502955299,6.244114397452277,4.032324502955299,4.060509432556215,,,,,,0,,,,,,0,0,,0.49288017909937587,0.492883,1.14267,0.492883,0.4978089808903696,0.49781183,1.1540967,0.49781183,0,,,,,,,,,,,,
10:58:29.178,,,,,,59.84178443251105,,,,0,,12.247512219972227,12.247514,18.324170000000002,12.247514,,,,,,,,,,,,,,,,,,,,,,,-0.005084603378341307,63,
10:58:29.479,,,,,,,,,,,,,,,,,,,1,,,,,,,,,,,,,,,,,16.470588235294116,,,,
10:58:29.662,,,,,,,,,,,,,,,,,,,,,,,,,,,,,,,,,11.954356049999998,1.655662,,,,,,
10:58:30.001,,,,,,,,-0.31,,,,,,,,,,,,,,,,,,,,,,70,,,,,,,,,,
10:58:30.257,4.038437775397701,4.03846037653029,6.245292419793093,4.03846037653029,4.054226310972439,,,,,,4.442834039417376,,,,,,1707,1.7,,0.494608160037808,0.494611,1.144398,0.494611,0.49955424163818607,0.49955711,1.15584198,0.49955711,17.38124600790083,,,,,,,,,,,,
10:58:30.654,,,,,,59.8481029659026,,,,7.052117522884724,,12.273360292222227,12.273362,18.350018,12.273362,,,,,,,,,,,,,,,,,,,,,,,-0.004990472332987845,63,
10:58:30.961,,,,,,,,,,,,,,,,,,,2,,,,,,,,,,,,,,,,,29.80392156862745,,,,
10:58:31.114,,,,,,,,,,,,,,,,,,,,,,,,,,,,,,,,,14.413107449999998,3.244712,,,,,,
10:58:31.446,,,,,,,,-0.09,,,,,,,,,,,,,,,,,,,,,,92,,,,,,,,,,
10:58:31.707,4.046505128921555,4.046527756616321,6.247579702646613,4.046527756616321,4.050039813492136,,,,,,5.047320319621462,,,,,,1779,1.8,,0.49664215371579395,0.496645,1.146432,0.496645,0.5016085752529519,0.50161145,1.1578963199999999,0.50161145,19.74611596509732,,,,,,,,,,,,
10:58:32.205,,,,,,59.85471304528802,,,,8.0116195549547,,12.300512180972227,12.300514,18.37717,12.300514,,,,,,,,,,,,,,,,,,,,,,,0,63,
10:58:32.503,,,,,,,,,,,,,,,,,,,1,,,,,,,,,,,,,,,,,26.666666666666668,,,,
10:58:32.692,,,,,,,,,,,,,,,,,,,,,,,,,,,,,,,,,14.7444381,3.34463,,,,,,
10:58:33.051,,,,,,,,-0.08,,,,,,,,,,,,,,,,,,,,,,93,,,,,,,,,,
10:58:33.289,4.055513742296137,4.055537841751979,6.250358461068815,4.055537841751979,4.045544430679563,,,,,,5.026778256124466,,,,,,1793,1.8,,0.49884896187213884,0.498852,1.148639,0.498852,0.5038374514908602,0.50384052,1.1601253900000001,0.50384052,19.665751347381814,,,,,,,,,,,,
10:58:33.623,,,,,,59.860729247668175,,,,7.979013104959469,,12.325324025722226,12.325326,18.401982,12.325326,,,,,,,,,,,,,,,,,,,,,,,0,63,
10:58:33.888,,,,,,,,,,,,,,,,,,,1,,,,,,,,,,,,,,,,,28.235294117647058,,,,
10:58:34.042,,,,,,,,,,,,,,,,,,,,,,,,,,,,,,,,,14.887013399999997,3.397944,,,,,,
10:58:34.382,,,,,,,,-0.08,,,,,,,,,,,,,,,,,,,,,,93,,,,,,,,,,
10:58:34.614,4.06214360253662,4.062164359790564,6.251837437945544,4.062164359790564,4.047619327161695,,,,,,4.9536456348559135,,,,,,1784,1.8,,0.5006723614027845,0.500675,1.150462,0.500675,0.5056790850168124,0.50568175,1.16196662,0.50568175,19.379642059887914,,,,,,,,,,,,
10:58:34.984,,,,,,59.86647560954332,,,,7.86292957913637,,12.349111962972227,12.349114,18.42577,12.349114,,,,,,,,,,,,,,,,,,,,,,,0,63,
10:58:35.287,,,,,,,,,,,,,,,,,,,1,,,,,,,,,,,,,,,,,28.627450980392158,,,,
10:58:35.452,,,,,,,,,,,,,,,,,,,,,,,,,,,,,,,,,14.6538714,3.293756,,,,,,
10:58:35.801,,,,,,,,-0.09,,,,,,,,,,,,,,,,,,,,,,92,,,,,,,,,,
10:58:36.046,4.070333864764711,4.0703567883493506,6.254501168743558,4.0703567883493506,4.049412844584744,,,,,,4.972764213370563,,,,,,1782,1.8,,0.5026500862265687,0.502653,1.15244,0.502653,0.5076765870888343,0.50767953,1.1639644,0.50767953,19.45443772264197,,,,,,,,,,,,
10:58:36.390,,,,,,59.8705138231223,,,,8.020587440920261,,12.373364556361116,12.373367,18.450023,12.373367,,,,,,,,,,,,,,,,,,,,,,,-0.004938008599912641,62,
10:58:36.693,,,,,,,,,,,,,,,,,,,1,,,,,,,,,,,,,,,,,27.45098039215686,,,,
10:58:36.853,,,,,,,,,,,,,,,,,,,,,,,,,,,,,,,,,14.712156899999998,3.314008,,,,,,
10:58:37.194,,,,,,,,-0.1,,,,,,,,,,,,,,,,,,,,,,91,,,,,,,,,,
10:58:37.429,4.077535868905088,4.077556254494027,6.256458325282304,4.077556254494027,4.054681706820577,,,,,,4.8827301391354805,,,,,,1776,1.8,,0.5045283779760134,0.504531,1.154318,0.504531,0.5095736617557735,0.5095763099999999,1.1658611799999998,0.5095763099999999,19.10220660631182,,,,,,,,,,,,
10:58:37.797,,,,,,59.87452415071339,,,,7.875371192154001,,12.397540875972227,12.397543,18.474199,12.397543,,,,,,,,,,,,,,,,,,,,,,,-0.005066133926007865,62,
10:58:38.094,,,,,,,,,,,,,,,,,,,1,,,,,,,,,,,,,,,,,27.45098039215686,,,,
10:58:38.256,,,,,,,,,,,,,,,,,,,,,,,,,,,,,,,,,14.64624945,3.304126,,,,,,
10:58:38.597,,,,,,,,-0.1,,,,,,,,,,,,,,,,,,,,,,91,,,,,,,,,,
10:58:38.824,4.084828057609435,4.084849715786426,6.258501383469995,4.084849715786426,4.058450000669184,,,,,,4.879847290756762,,,,,,1767,1.8,,0.5064182281553121,0.506421,1.156208,0.506421,0.5114824104368653,0.51148521,1.16777008,0.51148521,19.090928332932837,,,,,,,,,,,,
10:58:39.162,,,,,,59.87841070133882,,,,7.870721436704454,,12.42105821480556,12.42106,18.497716,12.42106,,,,,,,,,,,,,,,,,,,,,,,-0.0051140711978786045,62,
10:58:39.449,,,,,,,,,,,,,,,,,,,1,,,,,,,,,,,,,,,,,26.666666666666668,,,,
10:58:39.626,,,,,,,,,,,,,,,,,,,,,,,,,,,,,,,,,14.5686849,3.284606,,,,,,
10:58:39.994,,,,,,,,-0.1,,,,,,,,,,,,,,,,,,,,,,91,,,,,,,,,,
10:58:40.235,4.092256738345609,4.092275538480612,6.260724296988882,4.092275538480612,4.0659443473471075,,,,,,4.805878934369089,,,,,,1731,1.7,,0.5083015917692114,0.508304,1.158091,0.508304,0.5133846076869035,0.51338704,1.16967191,0.51338704,18.801549484259294,,,,,,,,,,,,
10:58:40.586,,,,,,59.882449684992736,,,,7.751417636079175,,12.445589391416672,12.445591,18.522247,12.445591,,,,,,,,,,,,,,,,,,,,,,,-0.005056372138877101,62,
10:58:40.903,,,,,,,,,,,,,,,,,,,1,,,,,,,,,,,,,,,,,26.274509803921568,,,,
10:58:41.064,,,,,,,,,,,,,,,,,,,,,,,,,,,,,,,,,14.5695816,3.277774,,,,,,
10:58:41.389,,,,,,,,-0.07,,,,,,,,,,,,,,,,,,,,,,94,,,,,,,,,,
10:58:41.624,4.099536069105733,4.099556220351447,6.262744471553586,4.099556220351447,4.073581634060611,,,,,,4.95253812291328,,,,,,1727,1.7,,0.5102114261139231,0.510214,1.1600009999999998,0.510214,0.5153135403750624,0.5153161399999999,1.1716010099999998,0.5153161399999999,19.375309253989517,,,,,,,,,,,,
10:58:41.972,,,,,,59.886371528383144,,,,7.9879647143762575,,12.469498819972227,12.4695,18.546156,12.4695,,,,,,,,,,,,,,,,,,,,,,,0,62,
10:58:42.257,,,,,,,,,,,,,,,,,,,1,,,,,,,,,,,,,,,,,28.627450980392158,,,,
10:58:42.405,,,,,,,,,,,,,,,,,,,,,,,,,,,,,,,,,14.562408,3.253862,,,,,,
10:58:42.757,,,,,,,,-0.1,,,,,,,,,,,,,,,,,,,,,,91,,,,,,,,,,
10:58:42.983,4.108649721418689,4.10867316251654,6.266085543548755,4.10867316251654,4.081349708122753,,,,,,5.605109171363318,,,,,,2018,2,,0.5123280285290956,0.512331,1.162118,0.512331,0.5174513088143866,0.51745431,1.17373918,0.51745431,21.928296340635523,,,,,,,,,,,,
10:58:43.304,,,,,,59.89011941385599,,,,9.040498663489222,,12.49243077719445,12.492432,18.569088,12.492432,,,,,,,,,,,,,,,,,,,,,,,0,62,
10:58:43.616,,,,,,,,,,,,,,,,,,,1,,,,,,,,,,,,,,,,,28.235294117647058,,,,
10:58:43.769,,,,,,,,,,,,,,,,,,,,,,,,,,,,,,,,,14.6117265,3.23117,,,,,,
10:58:44.115,,,,,,,,-0.1,,,,,,,,,,,,,,,,,,,,,,91,,,,,,,,,,
10:58:44.357,4.117860485852035,4.1178851323745445,6.2696186263967295,4.1178851323745445,4.08914305106724,,,,,,5.483767704649097,,,,,,1981,2,,0.5144208706965085,0.514424,1.1642109999999999,0.514424,0.5195650794034736,0.51956824,1.17585311,0.51956824,21.453584509131694,,,,,,,,,,,,
10:58:44.697,,,,,,59.89586758515164,,,,8.704393181982693,,12.51676524119445,12.516766,18.593422,12.516766,,,,,,,,,,,,,,,,,,,,,,,0.005117649015710256,63,
10:58:45.001,,,,,,,,,,,,,,,,,,,1,,,,,,,,,,,,,,,,,28.235294117647058,,,,
10:58:45.176,,,,,,,,,,,,,,,,,,,,,,,,,,,,,,,,,14.617555049999998,3.285826,,,,,,
10:58:45.542,,,,,,,,-0.06,,,,,,,,,,,,,,,,,,,,,,95,,,,,,,,,,
10:58:45.779,4.127828189041816,4.127855390122336,6.273514364381123,4.127855390122336,4.09735362438039,,,,,,5.693642672353877,,,,,,1971,2,,0.5166705639822123,0.516674,1.166461,0.516674,0.5218372696220345,0.52184074,1.17812561,0.52184074,22.274656917466668,,,,,,,,,,,,
10:58:46.126,,,,,,59.90175832390015,,,,9.03752805135536,,12.54179693669445,12.541798,18.618454,12.541798,,,,,,,,,,,,,,,,,,,,,,,0.005112951905874735,63,
10:58:46.431,,,,,,,,,,,,,,,,,,,1,,,,,,,,,,,,,,,,,28.235294117647058,,,,
10:58:46.624,,,,,,,,,,,,,,,,,,,,,,,,,,,,,,,,,14.6852559,3.292536,,,,,,
10:58:46.967,,,,,,,,-0.08,,,,,,,,,,,,,,,,,,,,,,93,,,,,,,,,,
10:58:47.205,4.1370768458616105,4.137102192205615,6.276858433036384,4.137102192205615,4.105696497017503,,,,,,5.534006431403575,,,,,,1966,2,,0.5188637771229668,0.518867,1.168654,0.518867,0.5240524148941965,0.52405567,1.18034054,0.52405567,21.650128350539237,,,,,,,,,,,,
10:58:47.569,,,,,,59.90960425707961,,,,8.646885049068086,,12.567499678027783,12.567501,18.644157,12.567501,,,,,,,,,,,,,,,,,,,,,,,0.010121705764743463,64,
10:58:47.863,,,,,,,,,,,,,,,,,,,1,,,,,,,,,,,,,,,,,28.235294117647058,,,,
10:58:48.021,,,,,,,,,,,,,,,,,,,,,,,,,,,,,,,,,14.666873549999998,3.320108,,,,,,
10:58:48.357,,,,,,,,-0.07,,,,,,,,,,,,,,,,,,,,,,94,,,,,,,,,,
10:58:48.587,4.145617221775448,4.14564518435288,6.279667136465328,4.14564518435288,4.1142066661262975,,,,,,5.566338094928185,,,,,,1954,2,,0.5210004309988938,0.521004,1.170791,0.521004,0.5262104353088828,0.52621404,1.18249891,0.52621404,21.77661621674808,,,,,,,,,,,,
10:58:48.947,,,,,,59.91703977811443,,,,8.697403273325289,,12.591949103805561,12.59195,18.668606,12.59195,,,,,,,,,,,,,,,,,,,,,,,0.010039495032770058,64,
10:58:49.235,,,,,,,,,,,,,,,,,,,1,,,,,,,,,,,,,,,,,28.235294117647058,,,,
10:58:49.383,,,,,,,,,,,,,,,,,,,,,,,,,,,,,,,,,14.699154749999998,3.300466,,,,,,
10:58:49.714,,,,,,,,-0.1,,,,,,,,,,,,,,,,,,,,,,91,,,,,,,,,,
10:58:49.949,4.1536795219772795,4.153709314284126,6.282311598412864,4.153709314284126,4.122813099172278,,,,,,5.360344464040431,,,,,,1948,1.9,,0.5230292113425732,0.523033,1.17282,0.523033,0.5282595034559989,0.5282633299999999,1.1845482,0.5282633299999999,20.97072836616559,,,,,,,,,,,,
10:58:50.301,,,,,,59.926122265976026,,,,8.246683790831433,,12.616401464638894,12.616402,18.693058,12.616402,,,,,,,,,,,,,,,,,,,,,,,0.010108599015774645,65,
10:58:50.627,,,,,,,,,,,,,,,,,,,1,,,,,,,,,,,,,,,,,28.235294117647058,,,,
10:58:50.782,,,,,,,,,,,,,,,,,,,,,,,,,,,,,,,,,14.738609550000001,3.34463,,,,,,
10:58:51.134,,,,,,,,-0.07,,,,,,,,,,,,,,,,,,,,,,94,,,,,,,,,,
10:58:51.376,4.162775792566123,4.162803309533098,6.2856649778757445,4.162803309533098,4.131627980949842,,,,,,5.462705283571801,,,,,,1927,1.9,,0.5251925060629457,0.525196,1.174983,0.525196,0.5304444311235751,0.53044796,1.18673283,0.53044796,21.371184149582255,,,,,,,,,,,,
10:58:51.720,,,,,,59.93559205889293,,,,8.404161974725849,,12.641989944222228,12.64199,18.718646,12.64199,,,,,,,,,,,,,,,,,,,,,,,0.010127066424275688,65,
10:58:51.996,,,,,,,,,,,,,,,,,,,1,,,,,,,,,,,,,,,,,27.84313725490196,,,,
10:58:52.143,,,,,,,,,,,,,,,,,,,,,,,,,,,,,,,,,14.75833695,3.3367,,,,,,
10:58:52.471,,,,,,,,-0.1,,,,,,,,,,,,,,,,,,,,,,91,,,,,,,,,,
10:58:52.713,4.1695136786824145,4.169541345943163,6.287313729849905,4.169541345943163,4.140375182146927,,,,,,5.163445357926834,,,,,,1884,1.9,,0.5271094999820011,0.527113,1.1769,0.527113,0.5323805949818211,0.5323841300000001,1.188669,0.5323841300000001,20.20042009632417,,,,,,,,,,,,
10:58:53.027,,,,,,59.946031004484546,,,,7.8234020574649,,12.665994353222228,12.665994,18.742649999999998,12.665994,,,,,,,,,,,,,,,,,,,,,,,0.010379714275102363,66,
10:58:53.315,,,,,,,,,,,,,,,,,,,1,,,,,,,,,,,,,,,,,27.84313725490196,,,,
10:58:53.463,,,,,,,,,,,,,,,,,,,,,,,,,,,,,,,,,14.791514849999999,3.325598,,,,,,
10:58:53.806,,,,,,,,-0.07,,,,,,,,,,,,,,,,,,,,,,94,,,,,,,,,,
10:58:54.030,4.176841193638936,4.176869182158148,6.28955350497395,4.176869182158148,4.148899116174458,,,,,,5.273685587083025,,,,,,1867,1.9,,0.5290384697293674,0.529042,1.178829,0.529042,0.5343288544266611,0.53433242,1.19061729,0.53433242,20.631701689543974,,,,,,,,,,,,
10:58:54.377,,,,,,59.95678280467437,,,,7.990432707701554,,12.690804867888895,12.690805,18.767460999999997,12.690805,,,,,,,,,,,,,,,,,,,,,,,0.01043360675228645,66,
10:58:54.680,,,,,,,,,,,,,,,,,,,1,,,,,,,,,,,,,,,,,27.84313725490196,,,,
10:58:54.845,,,,,,,,,,,,,,,,,,,,,,,,,,,,,,,,,14.705879999999999,3.323158,,,,,,
10:58:55.179,,,,,,,,-0.09,,,,,,,,,,,,,,,,,,,,,,92,,,,,,,,,,
10:58:55.431,4.184236758487163,4.184265694729373,6.291762108896884,4.184265694729373,4.157196150253849,,,,,,5.071966306062686,,,,,,1824,1.8,,0.5310133222300853,0.531017,1.180804,0.531017,0.5363234554523862,0.53632717,1.19261204,0.53632717,19.84253594154516,,,,,,,,,,,,
10:58:55.761,,,,,,59.96951061777832,,,,7.570098964272666,,12.716478888222229,12.716479,18.793135,12.716479,,,,,,,,,,,,,,,,,,,,,,,0.010374859549434984,67,
10:58:56.061,,,,,,,,,,,,,,,,,,,1,,,,,,,,,,,,,,,,,27.058823529411764,,,,
10:58:56.220,,,,,,,,,,,,,,,,,,,,,,,,,,,,,,,,,14.637282449999999,3.288266,,,,,,
10:58:56.555,,,,,,,,-0.1,,,,,,,,,,,,,,,,,,,,,,91,,,,,,,,,,
10:58:56.784,4.190231587087515,4.190263672829563,6.292941544877957,4.190263672829563,4.164996575009561,,,,,,4.8883634490875165,,,,,,1769,1.8,,0.5328499151396031,0.532854,1.182641,0.532854,0.5381784142909991,0.5381825400000001,1.1944674100000001,0.5381825400000001,19.124245229687435,,,,,,,,,,,,
10:58:57.098,,,,,,59.98179880855751,,,,7.296064849384353,,12.741354473277784,12.741355,18.818011,12.741355,,,,,,,,,,,,,,,,,,,,,,,0.010533062417172404,67,
10:58:57.402,,,,,,,,,,,,,,,,,,,1,,,,,,,,,,,,,,,,,26.666666666666668,,,,
10:58:57.578,,,,,,,,,,,,,,,,,,,,,,,,,,,,,,,,,14.68749765,3.283386,,,,,,
10:58:57.922,,,,,,,,-0.1,,,,,,,,,,,,,,,,,,,,,,91,,,,,,,,,,
10:58:58.174,4.19660914838281,4.19664156598729,6.294480325258605,4.19664156598729,4.172438112824711,,,,,,4.797295262585507,,,,,,1742,1.7,,0.5347048474534578,0.534709,1.184496,0.534709,0.5400518959279924,0.54005609,1.1963409600000001,0.54005609,18.76796846151619,,,,,,,,,,,,
10:58:58.515,,,,,,59.99662884237501,,,,7.054845974390452,,12.768119902277784,12.76812,18.844776,12.76812,,,,,,,,,,,,,,,,,,,,,,,0.010321770799439689,68,
10:58:58.810,,,,,,,,,,,,,,,,,,,1,,,,,,,,,,,,,,,,,26.666666666666668,,,,
10:58:58.978,,,,,,,,,,,,,,,,,,,,,,,,,,,,,,,,,14.672702099999999,3.320108,,,,,,
10:58:59.330,,,,,,,,-0.11,,,,,,,,,,,,,,,,,,,,,,90,,,,,,,,,,
10:58:59.568,4.201960537641407,4.201996848400547,6.295129217773669,4.201996848400547,4.179481027307956,,,,,,4.667570495113718,,,,,,1712,1.7,,0.536511359692451,0.536516,1.186303,0.536516,0.5418764732893755,0.54188116,1.1981660299999999,0.54188116,18.260459498376843,,,,,,,,,,,,
10:59:00.038,,,,,,60.01447680123148,,,,6.764594920454663,,12.79728707819445,12.797287,18.873943,12.797287,,,,,,,,,,,,,,,,,,,,,,,0.015011000575521889,69,
10:59:00.331,,,,,,,,,,,,,,,,,,,1,,,,,,,,,,,,,,,,,26.274509803921568,,,,
10:59:00.490,,,,,,,,,,,,,,,,,,,,,,,,,,,,,,,,,14.6942229,3.300466,,,,,,
10:59:00.817,,,,,,,,-0.07,,,,,,,,,,,,,,,,,,,,,,94,,,,,,,,,,
10:59:01.056,4.207637710663422,4.207673079458169,6.295743290101066,4.207673079458169,4.186225800893723,,,,,,4.7228655123100705,,,,,,1661,1.7,,0.538463477043967,0.538468,1.1882549999999998,0.538468,0.5438481118144067,0.54385268,1.20013755,0.54385268,18.476784548642947,,,,,,,,,,,,
10:59:01.397,,,,,,60.030361842265805,,,,6.844732626536334,,12.82334407719445,12.823344,18.9,12.823344,,,,,,,,,,,,,,,,,,,,,,,0.010051690011056508,69,
10:59:01.697,,,,,,,,,,,,,,,,,,,1,,,,,,,,,,,,,,,,,23.92156862745098,,,,
10:59:01.855,,,,,,,,,,,,,,,,,,,,,,,,,,,,,,,,,14.779857749999998,3.34341,,,,,,
10:59:02.210,,,,,,,,-0.13,,,,,,,,,,,,,,,,,,,,,,88,,,,,,,,,,
10:59:02.432,4.210966727712022,4.210999876475278,6.295121693121693,4.210999876475278,4.192249667786961,,,,,,3.988231749944029,,,,,,1507,1.5,,0.5399867524706885,0.539991,1.189778,0.539991,0.5453866199953954,0.54539091,1.20167578,0.54539091,15.602751884783101,,,,,,,,,,,,
10:59:02.785,,,,,,60.04653539963056,,,,5.780046014411636,,12.84996933719445,12.849969,18.926625,12.849969,,,,,,,,,,,,,,,,,,,,,,,0.009961709787141785,69,
10:59:03.087,,,,,,,,,,,,,,,,,,,1,,,,,,,,,,,,,,,,,23.92156862745098,,,,
10:59:03.244,,,,,,,,,,,,,,,,,,,,,,,,,,,,,,,,,14.7229173,3.278994,,,,,,
10:59:03.581,,,,,,,,-0.09,,,,,,,,,,,,,,,,,,,,,,92,,,,,,,,,,
10:59:03.819,4.214691856334901,4.214726121129164,6.29471974004874,4.214726121129164,4.197896939993522,,,,,,4.1495334367592385,,,,,,1494,1.5,,0.5415866111962664,0.541591,1.191378,0.541591,0.547002477308229,0.54700691,1.20329178,0.54700691,16.2337960055291,,,,,,,,,,,,
10:59:04.176,,,,,,60.062684523527146,,,,6.013816575013389,,12.87665052169445,12.87665,18.953305999999998,12.87665,,,,,,,,,,,,,,,,,,,,,,,0.00500371715255412,69,
10:59:04.478,,,,,,,,,,,,,,,,,,,1,,,,,,,,,,,,,,,,,23.92156862745098,,,,
10:59:04.621,,,,,,,,,,,,,,,,,,,,,,,,,,,,,,,,,14.743541399999998,3.32999,,,,,,
10:59:04.955,,,,,,,,-0.12,,,,,,,,,,,,,,,,,,,,,,89,,,,,,,,,,
10:59:05.176,4.2178139367750855,4.2178516927927685,6.293915161819264,4.2178516927927685,4.203018532885541,,,,,,4.048854302811323,,,,,,1509,1.5,,0.5431131602938503,0.543118,1.192905,0.543118,0.5485442918967888,0.54854918,1.20483405,0.54854918,15.839919308923841,,,,,,,,,,,,
10:59:05.512,,,,,,60.07809897562249,,,,5.867904786683077,,12.902207997111116,12.902207,18.978863,12.902207,,,,,,,,,,,,,,,,,,,,,,,0,69,
10:59:05.816,,,,,,,,,,,,,,,,,,,1,,,,,,,,,,,,,,,,,23.92156862745098,,,,
10:59:05.973,,,,,,,,,,,,,,,,,,,,,,,,,,,,,,,,,14.720675550000001,3.316448,,,,,,
10:59:06.305,,,,,,,,-0.11,,,,,,,,,,,,,,,,,,,,,,90,,,,,,,,,,
10:59:06.531,4.2213083338860935,4.221347557049736,6.293496085619038,4.221347557049736,4.207652479810407,,,,,,4.065379365061837,,,,,,1496,1.5,,0.5446419814373696,0.544647,1.194434,0.544647,0.5500884012517433,0.55009347,1.20637834,0.55009347,15.904568622790563,,,,,,,,,,,,
10:59:06.842,,,,,,60.095155216808486,,,,5.807684807231196,,12.928094986833338,12.928094,19.00475,12.928094,,,,,,,,,,,,,,,,,,,,,,,0.005202519592156501,70,
10:59:07.150,,,,,,,,,,,,,,,,,,,1,,,,,,,,,,,,,,,,,23.92156862745098,,,,
10:59:07.312,,,,,,,,,,,,,,,,,,,,,,,,,,,,,,,,,14.709915149999999,3.320108,,,,,,
10:59:07.647,,,,,,,,-0.1,,,,,,,,,,,,,,,,,,,,,,91,,,,,,,,,,
10:59:07.887,4.22488121132038,4.224922869527402,6.293105670950683,4.224922869527402,4.211983682839516,,,,,,4.1273056613842,,,,,,1501,1.5,,0.5461966560803736,0.546202,1.195989,0.546202,0.5516586226411774,0.5516640199999999,1.20794889,0.5516640199999999,16.146836549340954,,,,,,,,,,,,
10:59:08.251,,,,,,60.11315710166816,,,,5.896150944834571,,12.955514103500006,12.955513,19.032169,12.955513,,,,,,,,,,,,,,,,,,,,,,,0.0051815424193095766,70,
10:59:08.553,,,,,,,,,,,,,,,,,,,1,,,,,,,,,,,,,,,,,23.92156862745098,,,,
10:59:08.718,,,,,,,,,,,,,,,,,,,,,,,,,,,,,,,,,14.72874585,3.300466,,,,,,
10:59:09.063,,,,,,,,-0.13,,,,,,,,,,,,,,,,,,,,,,88,,,,,,,,,,
10:59:09.296,4.2278939034995,4.227937558319767,6.292178258820631,4.227937558319767,4.2158942772291015,,,,,,3.9569256361647596,,,,,,1490,1.5,,0.5477453909488946,0.547751,1.197538,0.547751,0.5532228448583836,0.55322851,1.20951338,0.55322851,15.480276172136364,,,,,,,,,,,,
10:59:09.663,,,,,,60.13108961493355,,,,5.6527509088068,,12.982927011555562,12.982926,19.059582,12.982926,,,,,,,,,,,,,,,,,,,,,,,0.005162463065829171,70,
10:59:09.971,,,,,,,,,,,,,,,,,,,1,,,,,,,,,,,,,,,,,23.92156862745098,,,,
10:59:10.135,,,,,,,,,,,,,,,,,,,,,,,,,,,,,,,,,14.712156899999998,3.314008,,,,,,
10:59:10.476,,,,,,,,-0.1,,,,,,,,,,,,,,,,,,,,,,91,,,,,,,,,,
10:59:10.709,4.231422464082446,4.231465233646097,6.291612271454851,4.231465233646097,4.219577018034231,,,,,,4.115679627413184,,,,,,1497,1.5,,0.5493624900623898,0.549368,1.199155,0.549368,0.5548561149630137,0.55486168,1.21114655,0.55486168,16.101353203631078,,,,,,,,,,,,
10:59:11.045,,,,,,60.14861736149647,,,,5.879542324875977,,13.009817610722228,13.009817,19.086472999999998,13.009817,,,,,,,,,,,,,,,,,,,,,,,0.005119104692041277,70,
10:59:11.340,,,,,,,,,,,,,,,,,,,1,,,,,,,,,,,,,,,,,23.92156862745098,,,,
10:59:11.499,,,,,,,,,,,,,,,,,,,,,,,,,,,,,,,,,14.774925899999998,3.33243,,,,,,
10:59:11.853,,,,,,,,-0.12,,,,,,,,,,,,,,,,,,,,,,89,,,,,,,,,,
10:59:12.096,4.234531627850289,4.234571477830934,6.290827016599661,4.234571477830934,4.22293875768259,,,,,,4.008124580304188,,,,,,1497,1.5,,0.5509048414516695,0.55091,1.200697,0.55091,0.5564138898661862,0.5564191,1.2127039700000002,0.5564191,15.680576573982771,,,,,,,,,,,,
10:59:12.436,,,,,,60.166180785093566,,,,5.725892257577412,,13.03685909683334,13.036858,19.113514000000002,13.036858,,,,,,,,,,,,,,,,,,,,,,,0,70,
10:59:12.724,,,,,,,,,,,,,,,,,,,1,,,,,,,,,,,,,,,,,23.92156862745098,,,,
10:59:12.876,,,,,,,,,,,,,,,,,,,,,,,,,,,,,,,,,14.70901845,3.312056,,,,,,
10:59:13.203,,,,,,,,-0.1,,,,,,,,,,,,,,,,,,,,,,91,,,,,,,,,,
10:59:13.439,4.237562293055045,4.237600808415647,6.289984144202891,4.237600808415647,4.226263203350467,,,,,,4.124807401065311,,,,,,1500,1.5,,0.552445025286126,0.55245,1.202237,0.55245,0.5579694755389873,0.5579745,1.2142593700000002,0.5579745,16.137062860562775,,,,,,,,,,,,
10:59:13.789,,,,,,60.18324618144744,,,,5.892582001521873,,13.063226481000006,13.063225,19.139881,13.063225,,,,,,,,,,,,,,,,,,,,,,,0,70,
10:59:14.093,,,,,,,,,,,,,,,,,,,1,,,,,,,,,,,,,,,,,23.92156862745098,,,,
10:59:14.247,,,,,,,,,,,,,,,,,,,,,,,,,,,,,,,,,14.7677523,3.321938,,,,,,
10:59:14.596,,,,,,,,-0.13,,,,,,,,,,,,,,,,,,,,,,88,,,,,,,,,,
10:59:14.827,4.24074826197081,4.240790463304429,6.289333773809775,4.240790463304429,4.229520254054956,,,,,,3.98090642950277,,,,,,1503,1.5,,0.5539785499503184,0.553984,1.2037710000000001,0.553984,0.5595183354498215,0.55952384,1.2158087100000001,0.55952384,15.574093781521402,,,,,,,,,,,,
10:59:15.155,,,,,,60.200337376636625,,,,5.687009185003957,,13.089725768500006,13.089724,19.16638,13.089724,,,,,,,,,,,,,,,,,,,,,,,0,70,
10:59:15.453,,,,,,,,,,,,,,,,,,,1,,,,,,,,,,,,,,,,,23.92156862745098,,,,
10:59:15.610,,,,,,,,,,,,,,,,,,,,,,,,,,,,,,,,,14.725607399999998,3.33243,,,,,,
10:59:15.961,,,,,,,,-0.15,,,,,,,,,,,,,,,,,,,,,,86,,,,,,,,,,
10:59:16.193,4.243355465618601,4.243397339775842,6.28828187691155,4.243397339775842,4.2327129451603955,,,,,,3.8600321195162506,,,,,,1487,1.5,,0.5554435938321314,0.555449,1.205236,0.555449,0.5609980297704527,0.5610034899999999,1.21728836,0.5610034899999999,15.101209559587584,,,,,,,,,,,,
10:59:16.548,,,,,,60.21773706595063,,,,5.51433159930893,,13.116798484333339,13.116797,19.193452999999998,13.116797,,,,,,,,,,,,,,,,,,,,,,,0,70,
10:59:16.834,,,,,,,,,,,,,,,,,,,1,,,,,,,,,,,,,,,,,23.137254901960784,,,,
10:59:16.983,,,,,,,,,,,,,,,,,,,,,,,,,,,,,,,,,14.677633949999999,3.32999,,,,,,
10:59:17.336,,,,,,,,-0.1,,,,,,,,,,,,,,,,,,,,,,91,,,,,,,,,,
10:59:17.565,4.246333970304943,4.246372037319782,6.28743040660792,4.246372037319782,4.235841149712752,,,,,,4.039931732541061,,,,,,1466,1.5,,0.5569830698566905,0.556988,1.206775,0.556988,0.5625529005552574,0.5625578800000001,1.21884275,0.5625578800000001,15.805012448232159,,,,,,,,,,,,
10:59:17.888,,,,,,60.234434275452934,,,,5.77133104648723,,13.142868899333338,13.142867,19.219523000000002,13.142867,,,,,,,,,,,,,,,,,,,,,,,0,70,
10:59:18.178,,,,,,,,,,,,,,,,,,,1,,,,,,,,,,,,,,,,,23.137254901960784,,,,
10:59:18.336,,,,,,,,,,,,,,,,,,,,,,,,,,,,,,,,,14.719778849999999,3.315228,,,,,,
10:59:18.710,,,,,,,,-0.14,,,,,,,,,,,,,,,,,,,,,,87,,,,,,,,,,
10:59:18.943,4.249153946772493,4.249194639190977,6.286592024162097,4.249194639190977,4.238875241644266,,,,,,3.8618021359601764,,,,,,1470,1.5,,0.558460732555157,0.558466,1.208253,0.558466,0.5640453398807086,0.56405066,1.22033553,0.56405066,15.108134214205997,,,,,,,,,,,,
10:59:19.289,,,,,,60.25003380958242,,,,5.596814689797357,,13.169709960666673,13.169708,19.246364,13.169708,,,,,,,,,,,,,,,,,,,,,,,-0.005150434922629789,69,
10:59:19.588,,,,,,,,,,,,,,,,,,,1,,,,,,,,,,,,,,,,,22.745098039215687,,,,
10:59:19.757,,,,,,,,,,,,,,,,,,,,,,,,,,,,,,,,,14.7847896,3.33243,,,,,,
10:59:20.128,,,,,,,,-0.15,,,,,,,,,,,,,,,,,,,,,,86,,,,,,,,,,
10:59:20.371,4.2518709503548635,4.251909002082658,6.285608024455944,4.251909002082658,4.241872372501186,,,,,,3.7773587633680243,,,,,,1461,1.5,,0.5599590720635772,0.559964,1.209751,0.559964,0.565558662784213,0.56556364,1.22184851,0.56556364,14.777775029113979,,,,,,,,,,,,
10:59:20.702,,,,,,60.2657361856579,,,,5.474432990388441,,13.196824802500005,13.196823,19.273479000000002,13.196823,,,,,,,,,,,,,,,,,,,,,,,-0.005106246613368096,69,
10:59:21.004,,,,,,,,,,,,,,,,,,,1,,,,,,,,,,,,,,,,,22.745098039215687,,,,
10:59:21.147,,,,,,,,,,,,,,,,,,,,,,,,,,,,,,,,,14.718882149999997,3.316448,,,,,,
10:59:21.494,,,,,,,,-0.11,,,,,,,,,,,,,,,,,,,,,,90,,,,,,,,,,
10:59:21.732,4.254533337345936,4.2545694520567565,6.2845685514275855,4.2545694520567565,4.244761231659123,,,,,,3.978904123153274,,,,,,1464,1.5,,0.5614633106934998,0.561468,1.211255,0.561468,0.5670779438004347,0.56708268,1.2233675499999999,0.56708268,15.566260362821756,,,,,,,,,,,,
10:59:22.069,,,,,,60.27910576268001,,,,5.851329592872462,,13.222609257833339,13.222607,19.299263,13.222607,,,,,,,,,,,,,,,,,,,,,,,-0.010260963156935001,68,
10:59:22.342,,,,,,,,,,,,,,,,,,,1,,,,,,,,,,,,,,,,,23.137254901960784,,,,
10:59:22.508,,,,,,,,,,,,,,,,,,,,,,,,,,,,,,,,,14.80227525,3.35256,,,,,,
10:59:22.831,,,,,,,,-0.12,,,,,,,,,,,,,,,,,,,,,,89,,,,,,,,,,
10:59:23.091,4.25792537777236,4.257965165265821,6.284182976313655,4.257965165265821,4.2476854503993815,,,,,,4.094256173034347,,,,,,1532,1.5,,0.5630088351929632,0.563014,1.212801,0.563014,0.5686389235448929,0.56864414,1.2249290099999999,0.56864414,16.017540410356805,,,,,,,,,,,,
10:59:23.472,,,,,,60.29281799405249,,,,6.020964960344629,,13.249147478055562,13.249145,19.325801,13.249145,,,,,,,,,,,,,,,,,,,,,,,-0.010145283108622201,68,
10:59:23.755,,,,,,,,,,,,,,,,,,,1,,,,,,,,,,,,,,,,,24.705882352941178,,,,
10:59:23.910,,,,,,,,,,,,,,,,,,,,,,,,,,,,,,,,,14.750266649999999,3.325598,,,,,,
10:59:24.258,,,,,,,,-0.11,,,,,,,,,,,,,,,,,,,,,,90,,,,,,,,,,
10:59:24.485,4.261679641638935,4.261716510763525,6.283972395245091,4.261716510763525,4.250700118972368,,,,,,4.203674230997275,,,,,,1550,1.6,,0.5646362207630122,0.564641,1.2144279999999998,0.564641,0.5702825829706424,0.5702874099999999,1.22657228,0.5702874099999999,16.445605507159247,,,,,,,,,,,,
10:59:24.802,,,,,,60.305732976108786,,,,6.18187386911364,,13.274229227055562,13.274227,19.350883,13.274227,,,,,,,,,,,,,,,,,,,,,,,-0.00513757198934326,68,
10:59:25.073,,,,,,,,,,,,,,,,,,,1,,,,,,,,,,,,,,,,,24.705882352941178,,,,
10:59:25.231,,,,,,,,,,,,,,,,,,,,,,,,,,,,,,,,,14.755198499999999,3.33121,,,,,,
10:59:25.616,,,,,,,,-0.09,,,,,,,,,,,,,,,,,,,,,,92,,,,,,,,,,
10:59:25.829,4.265745917325278,4.265785118786955,6.284142175837661,4.265785118786955,4.253824825891677,,,,,,4.3067384896671665,,,,,,1554,1.6,,0.5662448913095215,0.56625,1.216037,0.56625,0.5719073402226167,0.5719125,1.2281973700000002,0.5719125,16.848813283697808,,,,,,,,,,,,
10:59:26.187,,,,,,60.31742853514204,,,,6.427967895025622,,13.300040111638895,13.300038,19.376694,13.300038,,,,,,,,,,,,,,,,,,,,,,,-0.010327710588241003,67,
10:59:26.477,,,,,,,,,,,,,,,,,,,1,,,,,,,,,,,,,,,,,24.705882352941178,,,,
10:59:26.633,,,,,,,,,,,,,,,,,,,,,,,,,,,,,,,,,14.7022932,3.310836,,,,,,
10:59:26.982,,,,,,,,-0.1,,,,,,,,,,,,,,,,,,,,,,91,,,,,,,,,,
10:59:27.235,4.270007321857764,4.270047950238939,6.284379574761308,4.270047950238939,4.257156307921571,,,,,,4.269752938588183,,,,,,1552,1.6,,0.5679126865770003,0.567918,1.217705,0.567918,0.5735918134427703,0.57359718,1.22988205,0.57359718,16.704118488362646,,,,,,,,,,,,
10:59:27.549,,,,,,60.32884171702095,,,,6.372765579982363,,13.325315068805562,13.325313,19.401969,13.325313,,,,,,,,,,,,,,,,,,,,,,,-0.005168525815084639,67,
10:59:27.830,,,,,,,,,,,,,,,,,,,1,,,,,,,,,,,,,,,,,24.705882352941178,,,,
10:59:27.983,,,,,,,,,,,,,,,,,,,,,,,,,,,,,,,,,14.6834625,3.310836,,,,,,
10:59:28.306,,,,,,,,-0.11,,,,,,,,,,,,,,,,,,,,,,90,,,,,,,,,,
10:59:28.534,4.2733469424652535,4.273385548241906,6.2840477685537985,4.273385548241906,4.260532929441611,,,,,,4.228248117639974,,,,,,1552,1.6,,0.5694369440666641,0.569442,1.219229,0.569442,0.5751313135073307,0.57513642,1.2314212900000001,0.57513642,16.541743414926568,,,,,,,,,,,,
10:59:28.838,,,,,,60.33965792281573,,,,6.310818086029812,,13.349347942750006,13.349346,19.426002,13.349346,,,,,,,,,,,,,,,,,,,,,,,-0.005278469128620691,67,
10:59:29.106,,,,,,,,,,,,,,,,,,,1,,,,,,,,,,,,,,,,,24.705882352941178,,,,
10:59:29.265,,,,,,,,,,,,,,,,,,,,,,,,,,,,,,,,,14.74936995,3.290096,,,,,,
10:59:29.609,,,,,,,,-0.08,,,,,,,,,,,,,,,,,,,,,,93,,,,,,,,,,
10:59:29.850,4.277547400754967,4.277587830894487,6.284448030016676,4.277587830894487,4.26408211118942,,,,,,4.335652930440896,,,,,,1547,1.5,,0.5710246859428395,0.57103,1.220817,0.57103,0.576734932802268,0.5767403000000001,1.2330251700000001,0.5767403000000001,16.961932298230025,,,,,,,,,,,,
10:59:30.166,,,,,,60.35075664119495,,,,6.471123776777458,,13.374089818138895,13.374088,19.450744,13.374088,,,,,,,,,,,,,,,,,,,,,,,-0.005280931656098448,67,
10:59:30.439,,,,,,,,,,,,,,,,,,,1,,,,,,,,,,,,,,,,,24.705882352941178,,,,
10:59:30.599,,,,,,,,,,,,,,,,,,,,,,,,,,,,,,,,,14.68839435,3.288266,,,,,,
10:59:30.969,,,,,,,,-0.07,,,,,,,,,,,,,,,,,,,,,,94,,,,,,,,,,
10:59:31.217,4.282164215222132,4.282206009112547,6.28507063791493,4.282206009112547,4.267868769297828,,,,,,4.41468746041352,,,,,,1552,1.6,,0.5727004883040105,0.572706,1.222493,0.572706,0.5784274931870507,0.57843306,1.23471793,0.57843306,17.271131020573726,,,,,,,,,,,,
10:59:31.550,,,,,,60.36227571635833,,,,6.589085761811224,,13.399856276138895,13.399854,19.476509999999998,13.399854,,,,,,,,,,,,,,,,,,,,,,,0,67,
10:59:31.848,,,,,,,,,,,,,,,,,,,1,,,,,,,,,,,,,,,,,24.705882352941178,,,,
10:59:32.005,,,,,,,,,,,,,,,,,,,,,,,,,,,,,,,,,14.669563649999999,3.308396,,,,,,
10:59:32.357,,,,,,,,-0.12,,,,,,,,,,,,,,,,,,,,,,89,,,,,,,,,,
10:59:32.592,4.285789665427365,4.2858302784493025,6.284914494434579,4.2858302784493025,4.271775810308006,,,,,,4.160959159433573,,,,,,1543,1.5,,0.5742896554648809,0.574295,1.2240820000000001,0.574295,0.5800325520195296,0.58003795,1.23632282,0.58003795,16.278495693804356,,,,,,,,,,,,
10:59:32.953,,,,,,60.373919901587904,,,,6.210386805124736,,13.42599363869445,13.425991,19.502647,13.425991,,,,,,,,,,,,,,,,,,,,,,,0,67,
10:59:33.241,,,,,,,,,,,,,,,,,,,1,,,,,,,,,,,,,,,,,24.313725490196077,,,,
10:59:33.406,,,,,,,,,,,,,,,,,,,,,,,,,,,,,,,,,14.718882149999997,3.317668,,,,,,
10:59:33.760,,,,,,,,-0.09,,,,,,,,,,,,,,,,,,,,,,92,,,,,,,,,,
10:59:34.003,4.289647956984225,4.289687070399496,6.284890456151926,4.289687070399496,4.27574113270949,,,,,,4.184009745530757,,,,,,1506,1.5,,0.5759278618270885,0.575933,1.22572,0.575933,0.5816871404453594,0.58169233,1.2379772,0.58169233,16.36867414837341,,,,,,,,,,,,
10:59:34.345,,,,,,60.38541294421546,,,,6.244790664971279,,13.451881975277784,13.451879,19.528534999999998,13.451879,,,,,,,,,,,,,,,,,,,,,,,0,67,
10:59:34.660,,,,,,,,,,,,,,,,,,,1,,,,,,,,,,,,,,,,,22.745098039215687,,,,
10:59:34.819,,,,,,,,,,,,,,,,,,,,,,,,,,,,,,,,,14.820209249999998,3.34463,,,,,,
10:59:35.155,,,,,,,,-0.16,,,,,,,,,,,,,,,,,,,,,,85,,,,,,,,,,
10:59:35.391,4.291966964252639,4.292002626547562,6.283840544106355,4.292002626547562,4.279527048036202,,,,,,3.6888231735537196,,,,,,1447,1.4,,0.5773503304491778,0.577355,1.227142,0.577355,0.5831238337536696,0.58312855,1.23941342,0.58312855,14.431406280390958,,,,,,,,,,,,
10:59:35.747,,,,,,60.396949461501265,,,,5.505706229184656,,13.477958872194451,13.477956,19.554612,13.477956,,,,,,,,,,,,,,,,,,,,,,,0,67,
10:59:36.060,,,,,,,,,,,,,,,,,,,1,,,,,,,,,,,,,,,,,21.176470588235293,,,,
10:59:36.225,,,,,,,,,,,,,,,,,,,,,,,,,,,,,,,,,14.68032405,3.293756,,,,,,
10:59:36.559,,,,,,,,-0.25,,,,,,,,,,,,,,,,,,,,,,76,,,,,,,,,,
10:59:36.787,4.292860129724076,4.292898715502558,6.281801960580961,4.292898715502558,4.282916324586053,,,,,,3.1939060162589814,,,,,,1388,1.4,,0.5785899227250444,0.578595,1.2283819999999999,0.578595,0.5843758219522949,0.58438095,1.24066582,0.58438095,12.49519241596336,,,,,,,,,,,,
10:59:37.112,,,,,,60.40646324921206,,,,4.839251539786336,,13.503009581027785,13.503007,19.579663,13.503007,,,,,,,,,,,,,,,,,,,,,,,-0.005092443661973119,66,
10:59:37.413,,,,,,,,,,,,,,,,,,,1,,,,,,,,,,,,,,,,,20.784313725490197,,,,
10:59:37.565,,,,,,,,,,,,,,,,,,,,,,,,,,,,,,,,,14.719778849999999,3.33121,,,,,,
10:59:37.908,,,,,,,,-0.2,,,,,,,,,,,,,,,,,,,,,,81,,,,,,,,,,
10:59:38.148,4.294439779209277,4.294480481273541,6.280348134694657,4.294480481273541,4.285970381754992,,,,,,3.4095826599406314,,,,,,1394,1.4,,0.5798786148380971,0.579884,1.229671,0.579884,0.5856774009864781,0.5856828399999999,1.24196771,0.5856828399999999,13.338962128883072,,,,,,,,,,,,
10:59:38.514,,,,,,60.41619963304638,,,,5.166034333243381,,13.528734789694452,13.528732,19.605387999999998,13.528732,,,,,,,,,,,,,,,,,,,,,,,-0.0050933948073082075,66,
10:59:38.836,,,,,,,,,,,,,,,,,,,1,,,,,,,,,,,,,,,,,21.176470588235293,,,,
10:59:38.997,,,,,,,,,,,,,,,,,,,,,,,,,,,,,,,,,14.678530649999999,3.298026,,,,,,
10:59:39.363,,,,,,,,-0.18,,,,,,,,,,,,,,,,,,,,,,83,,,,,,,,,,
10:59:39.597,4.296940312243632,4.296980677863972,6.279467664705234,4.296980677863972,4.28891955297729,,,,,,3.5840144347764773,,,,,,1426,1.4,,0.5813216589149097,0.581327,1.231114,0.581327,0.5871348755040589,0.58714027,1.24342514,0.58714027,14.021373752436357,,,,,,,,,,,,
10:59:39.960,,,,,,60.426163782490875,,,,5.430324901176481,,13.555154846361118,13.555152,19.631808,13.555152,,,,,,,,,,,,,,,,,,,,,,,-0.005044041368868559,66,
10:59:40.215,,,,,,,,,,,,,,,,,,,1,,,,,,,,,,,,,,,,,22.352941176470587,,,,
10:59:40.368,,,,,,,,,,,,,,,,,,,,,,,,,,,,,,,,,14.620693499999998,3.301686,,,,,,
10:59:40.704,,,,,,,,-0.13,,,,,,,,,,,,,,,,,,,,,,88,,,,,,,,,,
10:59:40.939,4.299093113282336,4.299132905333706,6.278285728955784,4.299132905333706,4.29161276704321,,,,,,3.828327202085066,,,,,,1431,1.4,,0.5827487284946676,0.582754,1.2325409999999999,0.582754,0.5885762157796143,0.58858154,1.24486641,0.58858154,14.977173648130517,,,,,,,,,,,,
10:59:41.322,,,,,,60.43388071065501,,,,5.889734157053947,,13.579797644555562,13.579795,19.656451,13.579795,,,,,,,,,,,,,,,,,,,,,,,-0.01016141755511966,65,
10:59:41.609,,,,,,,,,,,,,,,,,,,1,,,,,,,,,,,,,,,,,21.96078431372549,,,,
10:59:41.762,,,,,,,,,,,,,,,,,,,,,,,,,,,,,,,,,14.686600949999999,3.320108,,,,,,
10:59:42.135,,,,,,,,-0.17,,,,,,,,,,,,,,,,,,,,,,84,,,,,,,,,,
10:59:42.365,4.301902657298486,4.30194270237511,6.277745662225597,4.30194270237511,4.294080072302754,,,,,,3.6379132721942473,,,,,,1431,1.4,,0.584189675726893,0.584195,1.2339820000000001,0.584195,0.5900315724841619,0.59003695,1.24632182,0.59003695,14.232236671101886,,,,,,,,,,,,
10:59:42.728,,,,,,60.44179950927405,,,,5.596789649529612,,13.605171826361117,13.605169,19.681825,13.605169,,,,,,,,,,,,,,,,,,,,,,,-0.0050436264275302255,65,
10:59:43.049,,,,,,,,,,,,,,,,,,,1,,,,,,,,,,,,,,,,,21.96078431372549,,,,
10:59:43.207,,,,,,,,,,,,,,,,,,,,,,,,,,,,,,,,,14.738609550000001,3.3367,,,,,,
10:59:43.561,,,,,,,,-0.17,,,,,,,,,,,,,,,,,,,,,,84,,,,,,,,,,
10:59:43.804,4.30452326914378,4.304562479157738,6.277009372860495,4.304562479157738,4.296421772767306,,,,,,3.625076051996074,,,,,,1431,1.4,,0.5856377870727081,0.585643,1.23543,0.585643,0.5914941649434352,0.59149943,1.2477843000000002,0.59149943,14.182014925175201,,,,,,,,,,,,
10:59:44.139,,,,,,60.449732079494055,,,,5.57704007999396,,13.630678684000006,13.630676,19.707332,13.630676,,,,,,,,,,,,,,,,,,,,,,,-0.005035627473117868,65,
10:59:44.446,,,,,,,,,,,,,,,,,,,1,,,,,,,,,,,,,,,,,21.96078431372549,,,,
10:59:44.620,,,,,,,,,,,,,,,,,,,,,,,,,,,,,,,,,14.7022932,3.307176,,,,,,
10:59:44.977,,,,,,,,-0.15,,,,,,,,,,,,,,,,,,,,,,86,,,,,,,,,,
10:59:45.220,4.307135598223353,4.307174493766854,6.276263067978962,4.307174493766854,4.298607727922198,,,,,,3.6945552538596584,,,,,,1421,1.4,,0.5870918138780068,0.587097,1.2368839999999999,0.587097,0.5929627320167868,0.59296797,1.24925284,0.59296797,14.453831312937895,,,,,,,,,,,,
10:59:45.561,,,,,,60.457679239385925,,,,5.68393115978409,,13.656321788861117,13.656319,19.732975,13.656319,,,,,,,,,,,,,,,,,,,,,,,-0.005057633402757899,65,
10:59:45.844,,,,,,,,,,,,,,,,,,,1,,,,,,,,,,,,,,,,,21.568627450980394,,,,
10:59:45.993,,,,,,,,,,,,,,,,,,,,,,,,,,,,,,,,,14.684359199999998,3.314008,,,,,,
10:59:46.339,,,,,,,,-0.17,,,,,,,,,,,,,,,,,,,,,,84,,,,,,,,,,
10:59:46.561,4.308849542357633,4.30889172990174,6.274892660635308,4.30889172990174,4.3007180501853215,,,,,,3.5952443493131434,,,,,,1414,1.4,,0.588430358902228,0.588436,1.238223,0.588436,0.5943146624912502,0.59432036,1.2506052300000001,0.59432036,14.065307400526235,,,,,,,,,,,,
10:59:46.925,,,,,,60.465278220968976,,,,5.531145152789452,,13.680925485944451,13.680923,19.757579,13.680923,,,,,,,,,,,,,,,,,,,,,,,0,65,
10:59:47.222,,,,,,,,,,,,,,,,,,,1,,,,,,,,,,,,,,,,,21.568627450980394,,,,
10:59:47.375,,,,,,,,,,,,,,,,,,,,,,,,,,,,,,,,,14.70005145,3.315228,,,,,,
10:59:47.702,,,,,,,,-0.21,,,,,,,,,,,,,,,,,,,,,,80,,,,,,,,,,
10:59:47.940,4.3106059310635985,4.3106448300308395,6.273658326255459,4.3106448300308395,4.302936275352762,,,,,,3.3937786990518752,,,,,,1403,1.4,,0.5897307854215129,0.589736,1.2395230000000002,0.589736,0.5956280932757281,0.59563336,1.25191823,0.59563336,13.277133906250938,,,,,,,,,,,,
10:59:48.255,,,,,,60.4726933251049,,,,5.221197998541347,,13.705013451361118,13.705011,19.781667,13.705011,,,,,,,,,,,,,,,,,,,,,,,0,65,
10:59:48.538,,,,,,,,,,,,,,,,,,,1,,,,,,,,,,,,,,,,,21.176470588235293,,,,
10:59:48.697,,,,,,,,,,,,,,,,,,,,,,,,,,,,,,,,,14.6117265,3.292536,,,,,,
10:59:49.026,,,,,,,,-0.19,,,,,,,,,,,,,,,,,,,,,,82,,,,,,,,,,
10:59:49.252,4.312305620778484,4.312342397973996,6.272444076629133,4.312342397973996,4.305169505548912,,,,,,3.489673122920132,,,,,,1399,1.4,,0.5910020653914928,0.591007,1.240794,0.591007,0.5969120860454077,0.5969170699999999,1.2532019399999998,0.5969170699999999,13.652291870120926,,,,,,,,,,,,
10:59:49.596,,,,,,60.47848069921543,,,,5.4526142545627065,,13.728850452250008,13.728848,19.805504,13.728848,,,,,,,,,,,,,,,,,,,,,,,-0.0051907086163015,64,
10:59:49.880,,,,,,,,,,,,,,,,,,,1,,,,,,,,,,,,,,,,,21.176470588235293,,,,
10:59:50.035,,,,,,,,,,,,,,,,,,,,,,,,,,,,,,,,,14.7040866,3.305346,,,,,,
10:59:50.391,,,,,,,,-0.2,,,,,,,,,,,,,,,,,,,,,,81,,,,,,,,,,
10:59:50.645,4.314481663627431,4.314520781350336,6.271595007125293,4.314520781350336,4.307362174471888,,,,,,3.4254639222634724,,,,,,1399,1.4,,0.5923287353891582,0.592334,1.242121,0.592334,0.5982520227430498,0.5982573400000001,1.25454221,0.5982573400000001,13.401092770023455,,,,,,,,,,,,
10:59:50.972,,,,,,60.48438285589824,,,,5.352287378536675,,13.753241049583341,13.753239,19.829895,13.753239,,,,,,,,,,,,,,,,,,,,,,,-0.005234978288076027,64,
10:59:51.253,,,,,,,,,,,,,,,,,,,1,,,,,,,,,,,,,,,,,21.176470588235293,,,,
10:59:51.408,,,,,,,,,,,,,,,,,,,,,,,,,,,,,,,,,14.6547681,3.288266,,,,,,
10:59:51.754,,,,,,,,-0.24,,,,,,,,,,,,,,,,,,,,,,77,,,,,,,,,,
10:59:51.987,4.315618701758688,4.3156597511320784,6.269977728071681,4.3156597511320784,4.3094278730314315,,,,,,3.2415741252324044,,,,,,1388,1.4,,0.5935374428337715,0.593543,1.24333,0.593543,0.5994728172621092,0.59947843,1.2557633,0.59947843,12.681679491881043,,,,,,,,,,,,
10:59:52.329,,,,,,60.49020426867569,,,,5.064959570675632,,13.77737832958334,13.777376,19.854032,13.777376,,,,,,,,,,,,,,,,,,,,,,,-0.005242452272371762,64,
10:59:52.616,,,,,,,,,,,,,,,,,,,1,,,,,,,,,,,,,,,,,20.784313725490197,,,,
10:59:52.776,,,,,,,,,,,,,,,,,,,,,,,,,,,,,,,,,14.743541399999998,3.32999,,,,,,
10:59:53.126,,,,,,,,-0.25,,,,,,,,,,,,,,,,,,,,,,76,,,,,,,,,,
10:59:53.368,4.316929251311186,4.316968630311026,6.268510094070565,4.316968630311026,4.311306197283019,,,,,,3.189376061258036,,,,,,1392,1.4,,0.5947596751735917,0.594765,1.244552,0.594765,0.6007072719253277,0.60071265,1.25699752,0.60071265,12.477470335512551,,,,,,,,,,,,
10:59:53.692,,,,,,60.49436857636083,,,,5.062501684536565,,13.801226095833341,13.801224,19.877879999999998,13.801224,,,,,,,,,,,,,,,,,,,,,,,-0.010419861643910195,63,
10:59:54.006,,,,,,,,,,,,,,,,,,,1,,,,,,,,,,,,,,,,,20.392156862745097,,,,
10:59:54.175,,,,,,,,,,,,,,,,,,,,,,,,,,,,,,,,,14.748473249999998,3.321938,,,,,,
10:59:54.535,,,,,,,,-0.26,,,,,,,,,,,,,,,,,,,,,,75,,,,,,,,,,
10:59:54.771,4.3183356686467045,4.318377848225635,6.267147200808135,4.318377848225635,4.313032747220885,,,,,,3.139577156904091,,,,,,1389,1.4,,0.5959832692069482,0.595989,1.245776,0.595989,0.6019431018990177,0.60194889,1.25823376,0.60194889,12.282647166377616,,,,,,,,,,,,
10:59:55.097,,,,,,60.49865505830503,,,,4.983455804609668,,13.825856451583341,13.825854,19.90251,13.825854,,,,,,,,,,,,,,,,,,,,,,,-0.005149478271246644,63,
10:59:55.507,,,,,,,,,,,,,,,,,,,1,,,,,,,,,,,,,,,,,20.392156862745097,,,,
10:59:55.675,,,,,,,,,,,,,,,,,,,,,,,,,,,,,,,,,14.628315449999999,3.291316,,,,,,
10:59:56.018,,,,,,,,-0.29,,,,,,,,,,,,,,,,,,,,,,72,,,,,,,,,,
10:59:56.251,4.319679795731955,4.319718695134493,6.265666993761089,4.319718695134493,4.31460077190946,,,,,,3.0387511862355003,,,,,,1389,1.4,,0.5972327277259486,0.597238,1.247025,0.597238,0.6032050550032081,0.60321038,1.25949525,0.60321038,11.888196015461796,,,,,,,,,,,,
10:59:56.598,,,,,,60.50138639627174,,,,4.901211590702419,,13.851680467694452,13.851678,19.928334,13.851678,,,,,,,,,,,,,,,,,,,,,,,-0.01006856248273616,62,
10:59:56.911,,,,,,,,,,,,,,,,,,,1,,,,,,,,,,,,,,,,,20,,,,
10:59:57.066,,,,,,,,,,,,,,,,,,,,,,,,,,,,,,,,,14.661941699999998,3.305346,,,,,,
10:59:57.428,,,,,,,,-0.3,,,,,,,,,,,,,,,,,,,,,,71,,,,,,,,,,
10:59:57.662,4.3201062262172485,4.320148071591038,6.263443798161954,4.320148071591038,4.316007857391912,,,,,,2.996131095429161,,,,,,1392,1.4,,0.5984073103205865,0.598413,1.2482,0.598413,0.6043913834237924,0.60439713,1.260682,0.60439713,11.721457785626589,,,,,,,,,,,,
10:59:58.036,,,,,,60.502254470536585,,,,4.911690320375674,,13.876037057722229,13.876035,19.952691,13.876035,,,,,,,,,,,,,,,,,,,,,,,-0.014889576222062844,61,
10:59:58.344,,,,,,,,,,,,,,,,,,,1,,,,,,,,,,,,,,,,,20,,,,
10:59:58.505,,,,,,,,,,,,,,,,,,,,,,,,,,,,,,,,,14.730539249999998,3.316448,,,,,,
10:59:58.849,,,,,,,,-0.33,,,,,,,,,,,,,,,,,,,,,,68,,,,,,,,,,
10:59:59.091,4.320672584441959,4.320715535814085,6.261466185187752,4.320715535814085,4.317266189064207,,,,,,2.8500155467731894,,,,,,1389,1.4,,0.599538128960011,0.599544,1.249331,0.599544,0.6055335102496111,0.6055394399999999,1.26182431,0.6055394399999999,11.149824842726503,,,,,,,,,,,,
10:59:59.424,,,,,,60.50309072073199,,,,4.672156634054409,,13.899581198916673,13.899579,19.976235,13.899579,,,,,,,,,,,,,,,,,,,,,,,-0.009883269835598394,61,
10:59:59.699,,,,,,,,,,,,,,,,,,,1,,,,,,,,,,,,,,,,,20.392156862745097,,,,
10:59:59.859,,,,,,,,,,,,,,,,,,,,,,,,,,,,,,,,,14.71798545,3.315228,,,,,,
11:00:00.222,,,,,,,,-0.23,,,,,,,,,,,,,,,,,,,,,,78,,,,,,,,,,
11:00:00.453,4.322697743704093,4.322742437019135,6.2605891450516085,4.322742437019135,4.318565204429908,,,,,,3.4321044903739395,,,,,,1457,1.5,,0.6008368828698892,0.600843,1.2506300000000001,0.600843,0.6068452516985882,0.60685143,1.2631363,0.60685143,13.427071986653251,,,,,,,,,,,,
11:00:00.801,,,,,,60.50225446125127,,,,5.720174150623233,,13.92253172558334,13.92253,19.999186,13.92253,,,,,,,,,,,,,,,,,,,,,,,-0.014897120966817686,60,
11:00:01.127,,,,,,,,,,,,,,,,,,,1,,,,,,,,,,,,,,,,,22.745098039215687,,,,
11:00:01.283,,,,,,,,,,,,,,,,,,,,,,,,,,,,,,,,,14.751163349999999,3.314008,,,,,,
11:00:01.622,,,,,,,,-0.13,,,,,,,,,,,,,,,,,,,,,,88,,,,,,,,,,
11:00:01.875,4.3265276155378025,4.326569955317029,6.261029823913834,4.326569955317029,4.320070948418705,,,,,,3.8607572094202522,,,,,,1456,1.5,,0.6023621798893749,0.602368,1.2521550000000001,0.602368,0.6083858016882686,0.60839168,1.26467655,0.60839168,15.104046254788772,,,,,,,,,,,,
11:00:02.238,,,,,,60.49964906259601,,,,6.543656287152969,,13.946119296250007,13.946118,20.022774,13.946118,,,,,,,,,,,,,,,,,,,,,,,-0.015067595836231008,59,
11:00:02.549,,,,,,,,,,,,,,,,,,,1,,,,,,,,,,,,,,,,,22.745098039215687,,,,
11:00:02.709,,,,,,,,,,,,,,,,,,,,,,,,,,,,,,,,,14.6951196,3.317668,,,,,,
11:00:03.062,,,,,,,,-0.11,,,,,,,,,,,,,,,,,,,,,,90,,,,,,,,,,
11:00:03.292,4.330361862237983,4.330402195076795,6.261420120908321,4.330402195076795,4.321913843478616,,,,,,3.9526714515566312,,,,,,1452,1.5,,0.6039174312670225,0.603923,1.2537099999999999,0.603923,0.6099566055796927,0.6099622299999999,1.2662471,0.6099622299999999,15.463632960037765,,,,,,,,,,,,
11:00:03.602,,,,,,60.49555580744655,,,,6.814950778545915,,13.968048862638897,13.968048,20.044704,13.968048,,,,,,,,,,,,,,,,,,,,,,,-0.015266015651858027,58,
11:00:03.898,,,,,,,,,,,,,,,,,,,1,,,,,,,,,,,,,,,,,22.745098039215687,,,,
11:00:04.057,,,,,,,,,,,,,,,,,,,,,,,,,,,,,,,,,14.727849149999997,3.324378,,,,,,
11:00:04.416,,,,,,,,-0.14,,,,,,,,,,,,,,,,,,,,,,87,,,,,,,,,,
11:00:04.668,4.3339790132145986,4.334020043459186,6.261828560800897,4.334020043459186,4.324045063716543,,,,,,3.807173280671782,,,,,,1450,1.4,,0.6053723062623302,0.605378,1.2551649999999999,0.605378,0.6114260293249535,0.61143178,1.2677166500000001,0.61143178,14.894415321158595,,,,,,,,,,,,
11:00:05.020,,,,,,60.4913108590225,,,,6.56409186322721,,13.99086724036112,13.990866,20.067522,13.990866,,,,,,,,,,,,,,,,,,,,,,,-0.01518646395140059,58,
11:00:05.318,,,,,,,,,,,,,,,,,,,1,,,,,,,,,,,,,,,,,22.352941176470587,,,,
11:00:05.484,,,,,,,,,,,,,,,,,,,,,,,,,,,,,,,,,14.672702099999999,3.291316,,,,,,
11:00:05.828,,,,,,,,-0.16,,,,,,,,,,,,,,,,,,,,,,85,,,,,,,,,,
11:00:06.065,4.3372948699327045,4.337336945404237,6.261949033866762,4.337336945404237,4.326414963877292,,,,,,3.7413570482802427,,,,,,1453,1.5,,0.6068251670752782,0.606831,1.256618,0.606831,0.612893418746031,0.61289931,1.2691841799999999,0.61289931,14.636929194879496,,,,,,,,,,,,
11:00:06.418,,,,,,60.485446966236864,,,,6.563784295228496,,14.013046857111119,14.013046,20.089702,14.013046,,,,,,,,,,,,,,,,,,,,,,,-0.01512732727163253,57,
11:00:06.737,,,,,,,,,,,,,,,,,,,1,,,,,,,,,,,,,,,,,22.352941176470587,,,,
11:00:06.917,,,,,,,,,,,,,,,,,,,,,,,,,,,,,,,,,14.6511813,3.310836,,,,,,
11:00:07.265,,,,,,,,-0.17,,,,,,,,,,,,,,,,,,,,,,84,,,,,,,,,,
11:00:07.501,4.340946510673108,4.340990531252092,6.262372632505948,4.340990531252092,4.329073303244937,,,,,,3.695126936302232,,,,,,1450,1.4,,0.6082988685827527,0.608305,1.258092,0.608305,0.6143818572685803,0.61438805,1.27067292,0.61438805,14.456067847790335,,,,,,,,,,,,
11:00:07.801,,,,,,60.47969053920055,,,,6.48267883561795,,14.034892705611119,14.034892,20.111548,14.034892,,,,,,,,,,,,,,,,,,,,,,,-0.010183685000315126,57,
11:00:08.058,,,,,,,,,,,,,,,,,,,1,,,,,,,,,,,,,,,,,22.352941176470587,,,,
11:00:08.235,,,,,,,,,,,,,,,,,,,,,,,,,,,,,,,,,14.63907585,3.277774,,,,,,
11:00:08.558,,,,,,,,-0.16,,,,,,,,,,,,,,,,,,,,,,85,,,,,,,,,,
11:00:08.802,4.3437865298255804,4.343831074724337,6.262267827419351,4.343831074724337,4.332033341195978,,,,,,3.7318851860111875,,,,,,1446,1.4,,0.6096457788218088,0.609652,1.259439,0.609652,0.6157422366100269,0.61574852,1.27203339,0.61574852,14.599873395182557,,,,,,,,,,,,
11:00:09.166,,,,,,60.472381856634385,,,,6.664080689305692,,14.056129442500009,14.056129,20.132785,14.056129,,,,,,,,,,,,,,,,,,,,,,,-0.010181288889523183,56,
11:00:09.609,,,,,,,,,,,,,,,,,,,1,,,,,,,,,,,,,,,,,22.352941176470587,,,,
11:00:09.769,,,,,,,,,,,,,,,,,,,,,,,,,,,,,,,,,14.672702099999999,3.314008,,,,,,
11:00:10.116,,,,,,,,-0.14,,,,,,,,,,,,,,,,,,,,,,87,,,,,,,,,,
11:00:10.351,4.34889442866502,4.348935613781006,6.263808012652,4.348935613781006,4.335561071723861,,,,,,3.8109404427978713,,,,,,1446,1.4,,0.6112862302108265,0.611292,1.261079,0.611292,0.6173990925129348,0.6174049199999999,1.27368979,0.6174049199999999,14.909153204924744,,,,,,,,,,,,
11:00:10.687,,,,,,60.46427617513586,,,,6.805250790710485,,14.079763330944452,14.079763,20.156419,14.079763,,,,,,,,,,,,,,,,,,,,,,,-0.009996727287809253,56,
11:00:11.016,,,,,,,,,,,,,,,,,,,1,,,,,,,,,,,,,,,,,22.352941176470587,,,,
11:00:11.196,,,,,,,,,,,,,,,,,,,,,,,,,,,,,,,,,14.797343399999997,3.34036,,,,,,
11:00:11.551,,,,,,,,-0.16,,,,,,,,,,,,,,,,,,,,,,85,,,,,,,,,,
11:00:11.774,4.351920478709211,4.3519624584589955,6.263677094626779,4.3519624584589955,4.339213913599501,,,,,,3.6792040128959256,,,,,,1441,1.4,,0.6127401037531617,0.612746,1.262533,0.612746,0.6188675047906933,0.61887346,1.27515833,0.61887346,14.393774220246625,,,,,,,,,,,,
11:00:12.083,,,,,,60.45680996675425,,,,6.570007165885582,,14.10160875672223,14.101608,20.178264,14.101608,,,,,,,,,,,,,,,,,,,,,,,-0.0049998718253587825,56,
11:00:12.342,,,,,,,,,,,,,,,,,,,1,,,,,,,,,,,,,,,,,22.352941176470587,,,,
11:00:12.480,,,,,,,,,,,,,,,,,,,,,,,,,,,,,,,,,14.658803249999998,3.301686,,,,,,
11:00:12.873,,,,,,,,-0.17,,,,,,,,,,,,,,,,,,,,,,84,,,,,,,,,,
11:00:13.105,4.354804326756703,4.354843788027577,6.2636210924785205,4.354843788027577,4.342748502501863,,,,,,3.667735244875732,,,,,,1440,1.4,,0.6140974682800419,0.614103,1.26389,0.614103,0.6202384429628423,0.62024403,1.2765289,0.62024403,14.34890613005961,,,,,,,,,,,,
11:00:13.417,,,,,,60.44978176215157,,,,6.5495272229923795,,14.122239607833341,14.122239,20.198895,14.122239,,,,,,,,,,,,,,,,,,,,,,,-0.0050431846170052854,56,
11:00:13.703,,,,,,,,,,,,,,,,,,,1,,,,,,,,,,,,,,,,,22.352941176470587,,,,
11:00:13.845,,,,,,,,,,,,,,,,,,,,,,,,,,,,,,,,,14.7040866,3.308396,,,,,,
11:00:14.174,,,,,,,,-0.15,,,,,,,,,,,,,,,,,,,,,,86,,,,,,,,,,
11:00:14.390,4.357863229728367,4.357899622007531,6.263807995437374,4.357899622007531,4.346186173438162,,,,,,3.7304997630276935,,,,,,1435,1.4,,0.6154278870839047,0.615433,1.26522,0.615433,0.6215821659547438,0.62158733,1.2778722,0.62158733,14.594453346293161,,,,,,,,,,,,
11:00:14.700,,,,,,60.44300775336841,,,,6.66160671969231,,14.142186054944453,14.142185,20.218840999999998,14.142185,,,,,,,,,,,,,,,,,,,,,,,0,56,
11:00:14.965,,,,,,,,,,,,,,,,,,,1,,,,,,,,,,,,,,,,,21.96078431372549,,,,
11:00:15.116,,,,,,,,,,,,,,,,,,,,,,,,,,,,,,,,,14.7336777,3.314008,,,,,,
11:00:15.437,,,,,,,,-0.12,,,,,,,,,,,,,,,,,,,,,,89,,,,,,,,,,
11:00:15.665,4.361726228517815,4.3617658798834835,6.264632082521447,4.3617658798834835,4.349654575351064,,,,,,3.997866201178929,,,,,,1489,1.5,,0.6168434384443011,0.616849,1.266636,0.616849,0.6230118728287442,0.62301749,1.27930236,0.62301749,15.640443764691108,,,,,,,,,,,,
11:00:15.992,,,,,,60.43619250035816,,,,7.139046787819517,,14.162315421388898,14.162314,20.238970000000002,14.162314,,,,,,,,,,,,,,,,,,,,,,,0,56,
11:00:16.295,,,,,,,,,,,,,,,,,,,1,,,,,,,,,,,,,,,,,23.529411764705884,,,,
11:00:16.447,,,,,,,,,,,,,,,,,,,,,,,,,,,,,,,,,14.7632688,3.34341,,,,,,
11:00:16.771,,,,,,,,-0.12,,,,,,,,,,,,,,,,,,,,,,89,,,,,,,,,,
11:00:17.005,4.36605836415505,4.366101471835747,6.265773406452996,4.366101471835747,4.353250012128857,,,,,,4.005930297627965,,,,,,1495,1.5,,0.6183349570135704,0.618341,1.268128,0.618341,0.6245183065837061,0.62452441,1.2808092800000002,0.62452441,15.671992105900477,,,,,,,,,,,,
11:00:17.398,,,,,,60.428815532778046,,,,7.153446960049938,,14.184173675833343,14.184172,20.260828,14.184172,,,,,,,,,,,,,,,,,,,,,,,0,56,
11:00:17.782,,,,,,,,,,,,,,,,,,,1,,,,,,,,,,,,,,,,,23.92156862745098,,,,
11:00:17.924,,,,,,,,,,,,,,,,,,,,,,,,,,,,,,,,,14.699154749999998,3.299246,,,,,,
11:00:18.258,,,,,,,,-0.13,,,,,,,,,,,,,,,,,,,,,,88,,,,,,,,,,
11:00:18.510,4.371033088747927,4.371076436467352,6.267206848604608,4.371076436467352,4.35701083438821,,,,,,3.970213387360679,,,,,,1492,1.5,,0.6199949247361485,0.620001,1.2697880000000001,0.620001,0.6261948739835099,0.6262010100000001,1.28248588,0.6262010100000001,15.532260484487212,,,,,,,,,,,,
11:00:18.816,,,,,,60.42138828744438,,,,7.08966676314407,,14.20625459250001,14.206253,20.282909,14.206253,,,,,,,,,,,,,,,,,,,,,,,0,56,
11:00:19.112,,,,,,,,,,,,,,,,,,,1,,,,,,,,,,,,,,,,,23.529411764705884,,,,
11:00:19.288,,,,,,,,,,,,,,,,,,,,,,,,,,,,,,,,,14.68839435,3.304126,,,,,,
11:00:19.620,,,,,,,,-0.09,,,,,,,,,,,,,,,,,,,,,,92,,,,,,,,,,
11:00:19.845,4.375099057522704,4.37514381871138,6.267991440478286,4.37514381871138,4.36092490035035,,,,,,4.159286315933576,,,,,,1494,1.5,,0.6215377107857437,0.621544,1.271331,0.621544,0.6277530878936012,0.62775944,1.28404431,0.62775944,16.27195119897331,,,,,,,,,,,,
11:00:20.148,,,,,,60.416008935070245,,,,7.296993536725571,,14.227359076833343,14.227357,20.304012999999998,14.227357,,,,,,,,,,,,,,,,,,,,,,,0.0051985567238307965,57,
11:00:20.553,,,,,,,,,,,,,,,,,,,1,,,,,,,,,,,,,,,,,23.529411764705884,,,,
