time,"Average speed (km/h)","Calculated instant fuel consumption (L/100km)","Distance travelled (km)","Distance travelled (Today) (km)","Distance travelled (total) (km)","Distance travelled (Week) (km)","Engine coolant temperature (℃)","Engine RPM (rpm)","Engine RPM x1000 (rpm)","Intake air temperature (℃)","Vehicle acceleration (g)","Vehicle speed (km/h)",
18:48:08.950,,,,,,,,0,0,,,,
18:48:09.219,,,,,,,55,,,,,,
18:48:09.459,,,,,,,,,,,,0,
18:48:09.702,,,,,,,,0,0,,,,
18:48:09.893,,,,,,,,,,,,,
18:48:09.903,,,,,,,,,,31,,,
18:48:10.154,0,,0,0,0,0,,,,,,0,
18:48:10.388,,,,,,,,0,0,,,,
18:48:10.628,,,,,,,55,,,,,,
18:48:10.872,0,,0,0,0,0,,,,,,0,
18:48:11.111,,,,,,,,0,0,,,,
18:48:11.382,0,,0,0,0,0,,,,,,0,
18:48:11.622,,,,,,,,0,0,,,,
18:48:11.892,,,,,,,54,,,,,,
18:48:12.127,0,,0,0,0,0,,,,,0,0,
18:48:12.373,,,,,,,,0,0,,,,
18:48:16.902,,,,,,,,0,0,,,,
18:48:17.171,,,,,,,54,,,,,,
18:48:17.410,0,,0,0,0,0,,,,,0,0,
18:48:17.650,,,,,,,,0,0,,,,
18:48:17.918,0,,0,0,0,0,,,,,0,0,
18:48:18.163,,,,,,,,0,0,,,,
18:48:18.434,,,,,,,54,,,,,,
18:48:18.673,0,,0,0,0,0,,,,,0,0,
18:48:18.911,,,,,,,,0,0,,,,
18:48:19.181,0,,0,0,0,0,,,,,0,0,
18:48:19.422,,,,,,,,0,0,,,,
18:48:19.693,,,,,,,54,,,,,,
18:48:19.932,0,,0,0,0,0,,,,,0,0,
18:48:20.172,,,,,,,,0,0,,,,
18:48:20.440,0,,0,0,0,0,,,,,0,0,
18:48:20.680,,,,,,,,0,0,,,,
18:48:20.951,,,,,,,54,,,,,,
18:48:21.224,0,,0,0,0,0,,,,,0,0,
18:48:21.463,,,,,,,,0,0,,,,
18:48:21.733,0,,0,0,0,0,,,,,0,0,
18:48:21.971,,,,,,,,0,0,,,,
18:48:22.238,,,,,,,54,,,,,,
18:48:22.480,0,,0,0,0,0,,,,,0,0,
18:48:22.723,,,,,,,,0,0,,,,
18:48:22.992,0,,0,0,0,0,,,,,0,0,
18:48:23.232,,,,,,,,0,0,,,,
18:48:23.503,,,,,,,54,,,,,,
18:48:23.740,0,,0,0,0,0,,,,,0,0,
18:48:23.982,,,,,,,,0,0,,,,
18:48:24.252,0,,0,0,0,0,,,,,0,0,
18:48:24.490,,,,,,,,0,0,,,,
18:48:24.762,,,,,,,54,,,,,,
18:48:25.004,0,,0,0,0,0,,,,,0,0,
18:48:25.237,,,,,,,,0,0,,,,
18:48:25.513,0,,0,0,0,0,,,,,0,0,
18:48:25.749,,,,,,,,0,0,,,,
18:48:26.021,,,,,,,54,,,,,,
18:48:26.260,0,,0,0,0,0,,,,,0,0,
18:48:26.500,,,,,,,,0,0,,,,
18:48:26.774,0,,0,0,0,0,,,,,0,0,
18:48:27.010,,,,,,,,0,0,,,,
18:48:27.280,,,,,,,54,,,,,,
18:48:27.519,0,,0,0,0,0,,,,,0,0,
18:48:27.758,,,,,,,,0,0,,,,
18:48:28.030,0,,0,0,0,0,,,,,0,0,
18:48:28.273,,,,,,,,0,0,,,,
18:48:28.541,,,,,,,54,,,,,,
18:48:28.782,0,,0,0,0,0,,,,,0,0,
18:48:29.022,,,,,,,,0,0,,,,
18:48:29.287,0,,0,0,0,0,,,,,0,0,
18:48:29.532,,,,,,,,0,0,,,,
18:48:29.800,,,,,,,54,,,,,,
18:48:30.039,0,,0,0,0,0,,,,,0,0,
18:48:30.280,,,,,,,,0,0,,,,
18:48:30.551,0,,0,0,0,0,,,,,0,0,
18:48:30.792,,,,,,,,0,0,,,,
18:48:31.059,,,,,,,54,,,,,,
18:48:31.299,0,,0,0,0,0,,,,,0,0,
18:48:31.544,,,,,,,,0,0,,,,
18:48:31.811,0,,0,0,0,0,,,,,0,0,
18:48:32.048,,,,,,,,0,0,,,,
18:48:32.320,,,,,,,54,,,,,,
18:48:32.558,0,,0,0,0,0,,,,,0,0,
18:48:32.803,,,,,,,,0,0,,,,
18:48:33.071,0,,0,0,0,0,,,,,0,0,
18:48:33.312,,,,,,,,0,0,,,,
18:48:33.579,,,,,,,54,,,,,,
18:48:33.821,0,,0,0,0,0,,,,,0,0,
18:48:34.059,,,,,,,,0,0,,,,
18:48:34.332,0,,0,0,0,0,,,,,0,0,
18:48:34.570,,,,,,,,0,0,,,,
18:48:34.840,,,,,,,54,,,,,,
18:48:35.079,0,,0,0,0,0,,,,,0,0,
18:48:35.320,,,,,,,,0,0,,,,
18:48:35.590,0,,0,0,0,0,,,,,0,0,
18:48:35.832,,,,,,,,0,0,,,,
18:48:36.100,,,,,,,54,,,,,,
18:48:36.341,0,,0,0,0,0,,,,,0,0,
18:48:36.580,,,,,,,,0,0,,,,
18:48:36.853,0,,0,0,0,0,,,,,0,0,
18:48:37.090,,,,,,,,0,0,,,,
18:48:37.361,,,,,,,54,,,,,,
18:48:37.601,0,,0,0,0,0,,,,,0,0,
18:48:37.839,,,,,,,,0,0,,,,
18:48:38.113,0,,0,0,0,0,,,,,0,0,
18:48:38.345,,,,,,,,0,0,,,,
18:48:38.621,,,,,,,53,,,,,,
18:48:38.857,0,,0,0,0,0,,,,,0,0,
18:48:39.097,,,,,,,,0,0,,,,
18:48:39.351,0,,0,0,0,0,,,,,0,0,
18:48:39.577,,,,,,,,0,0,,,,
18:48:39.821,,,,,,,53,,,,,,
18:48:40.061,0,,0,0,0,0,,,,,0,0,
18:48:40.302,,,,,,,,0,0,,,,
18:48:40.571,0,,0,0,0,0,,,,,0,0,
18:48:40.808,,,,,,,,0,0,,,,
18:48:41.082,,,,,,,53,,,,,,
18:48:41.320,0,,0,0,0,0,,,,,0,0,
18:48:41.561,,,,,,,,0,0,,,,
18:48:41.832,0,,0,0,0,0,,,,,0,0,
18:48:42.070,,,,,,,,0,0,,,,
18:48:42.339,,,,,,,53,,,,,,
18:48:42.578,0,,0,0,0,0,,,,,0,0,
18:48:42.819,,,,,,,,0,0,,,,
18:48:43.092,0,,0,0,0,0,,,,,0,0,
18:48:43.332,,,,,,,,0,0,,,,
18:48:43.602,,,,,,,53,,,,,,
18:48:43.842,0,,0,0,0,0,,,,,0,0,
18:48:44.083,,,,,,,,0,0,,,,
18:48:44.352,0,,0,0,0,0,,,,,0,0,
18:48:44.591,,,,,,,,0,0,,,,
18:48:44.861,,,,,,,53,,,,,,
18:48:45.103,0,,0,0,0,0,,,,,0,0,
18:48:45.369,,,,,,,,0,0,,,,
18:48:45.639,0,,0,0,0,0,,,,,0,0,
18:48:45.881,,,,,,,,0,0,,,,
18:48:46.151,,,,,,,53,,,,,,
18:48:46.393,0.040838823641489504,0,0.0004189887222222222,0.000419,0.000419,0.000419,,,,,0.022203410546799588,2,
18:48:46.628,,,,,,,,1421,1.4,,,,
18:48:46.903,0.06749406951948417,0,0.0007020112222222222,0.000702,0.000702,0.000702,,,,,0.02220244724729344,2,
18:48:47.146,,,,,,,,1452,1.5,,,,
18:48:47.380,,,,,,,53,,,,,,
18:48:47.626,0.12301563086468167,0,0.0013041878055555555,0.001304,0.001304,0.001304,,,,,0.03367592111898819,3,
18:48:47.860,,,,,,,,1378,1.4,,,,
18:48:48.109,0.15898055558636653,0,0.0017068177222222221,0.001707,0.001707,0.001707,,,,,0.03440371389888915,3,
18:48:48.338,,,,,,,,1384,1.4,,,,
18:48:48.577,,,,,,,54,,,,,,
18:48:48.820,0.22830487993425086,0,0.0024961360555555553,0.002496,0.002496,0.002496,,,,,0.0233471743901914,4,
18:48:49.058,,,,,,,,1382,1.4,,,,
18:48:49.294,0.28513747896872554,0,0.0031550846666666666,0.003155,0.003155,0.003155,,,,,0.035546049789820046,5,
18:48:49.539,,,,,,,,1383,1.4,,,,
18:48:49.777,,,,,,,54,,,,,,
18:48:50.050,0.37316429562699155,0,0.004207670777777778,0.004208,0.004208,0.004208,,,,,0.02336684950581488,5,
18:48:50.287,,,,,,,,1383,1.4,,,,
18:48:50.525,0.4265169237135736,0,0.004865359527777778,0.004866,0.004866,0.004866,,,,,0.023446030195356345,5,
18:48:50.771,,,,,,,,1385,1.4,,,,
18:48:51.040,,,,,,,53,,,,,,
18:48:51.275,0.5084971456708683,0,0.0059063963333333335,0.005907,0.005907,0.005907,,,,,0.011536035624054787,5,
18:48:51.519,,,,,,,,1384,1.4,,,,
18:48:51.757,0.5710812822067541,0,0.0067098045,0.00671,0.00671,0.00671,,,,,0.01150032748940495,6,
18:48:51.994,,,,,,,,1385,1.4,,,,
18:48:52.240,,,,,,,53,,,,,,
18:48:52.478,0.6453427513205898,0,0.007711628666666667,0.007712,0.007712,0.007712,,,,,,5,
18:48:52.720,,,,,,,,1388,1.4,,,,
18:48:52.958,0.7044114247864821,0,0.008511370666666667,0.008512,0.008512,0.008512,,,,,,6,
18:48:53.196,,,,,,,,1384,1.4,,,,
18:48:53.449,,,,,,,53,,,,,,
18:48:53.676,0.7903325228114843,0,0.0097070485,0.009708,0.009708,0.009708,,,,,,6,
18:48:53.916,,,,,,,,1388,1.4,,,,
18:48:54.166,0.8474485088241033,0,0.010523939166666668,0.010525,0.010525,0.010525,,,,,,6,
18:48:54.398,,,,,,,,1387,1.4,,,,
18:48:54.650,,,,,,,53,,,,,,
18:48:54.878,0.9282630418922488,0,0.011711207833333334,0.011712,0.011712,0.011712,,,,,0.011803506909076776,6,
18:48:55.117,,,,,,,,1386,1.4,,,,
18:48:55.359,0.9814365572589966,0,0.012513251166666668,0.012514,0.012514,0.012514,,,,,0,6,
18:48:55.597,,,,,,,,1382,1.4,,,,
18:48:55.842,,,,,,,53,,,,,,
18:48:56.087,1.0603363841440248,0,0.013735157333333334,0.013736,0.013736,0.013736,,,,,0,6,
18:48:56.316,,,,,,,,1385,1.4,,,,
18:48:56.561,1.1095118507185668,0,0.014516672666666668,0.014518,0.014518,0.014518,,,,,0,6,
18:48:56.798,,,,,,,,1382,1.4,,,,
18:48:57.045,,,,,,,54,,,,,,
18:48:57.281,1.1982079425571217,0,0.015916825694444445,0.015918,0.015918,0.015918,,,,,0.011785820433594798,7,
18:48:57.526,,,,,,,,1383,1.4,,,,
18:48:57.763,1.2560769373430731,0,0.016853653194444446,0.016855,0.016855,0.016855,,,,,0.011783013611628233,7,
18:48:58.000,,,,,,,,1385,1.4,,,,
18:48:58.236,,,,,,,54,,,,,,
18:48:58.479,1.3399171588529832,0,0.01824490416666667,0.018246,0.018246,0.018246,,,,,0.011843370935001816,7,
18:48:58.717,,,,,,,,1382,1.4,,,,
18:48:58.957,1.3953206714821318,0,0.019187115250000004,0.019188,0.019188,0.019188,,,,,0.011823986226912655,7,
18:48:59.198,,,,,,,,1385,1.4,,,,
18:48:59.438,,,,,,,55,,,,,,
18:48:59.680,1.4755005751924986,0,0.02058414705555556,0.020585,0.020585,0.020585,,,,,0,7,
18:48:59.918,,,,,,,,1385,1.4,,,,
18:49:00.157,1.5272350752219293,0,0.02150728158333334,0.021508,0.021508,0.021508,,,,,0,7,
18:49:00.401,,,,,,,,1385,1.4,,,,
18:49:00.640,,,,,,,55,,,,,,
18:49:00.877,1.589964651970086,0,0.022709161750000005,0.02271,0.02271,0.02271,,,,,-0.011810053809000968,6,
18:49:01.120,,,,,,,,1382,1.4,,,,
18:49:01.386,1.6332383006709723,0,0.023558398750000004,0.023559,0.023559,0.023559,,,,,-0.011659868043470264,6,
18:49:01.634,,,,,,,,1387,1.4,,,,
18:49:01.868,,,,,,,55,,,,,,
18:49:02.107,1.706607081041238,0,0.024957893972222228,0.024958,0.024958,0.024958,,,,,,7,
18:49:02.353,,,,,,,,1388,1.4,,,,
18:49:02.590,1.7546990563881462,0,0.02589648119444445,0.025897,0.025897,0.025897,,,,,,7,
18:49:02.828,,,,,,,,1388,1.4,,,,
18:49:03.069,,,,,,,55,,,,,,
18:49:03.310,1.8114646430728927,0,0.027096567027777782,0.027097,0.027097,0.027097,,,,,,6,
18:49:03.550,,,,,,,,1557,1.6,,,,
18:49:03.823,1.8604317179622938,0,0.028094175138888892,0.028095,0.028095,0.028095,,,,,,7,
18:49:04.058,,,,,,,,1496,1.5,,,,
18:49:04.304,,,,,,,55,,,,,,
18:49:04.546,1.9147707434952583,0,0.029299347638888893,0.0293,0.0293,0.0293,,,,,,6,
18:49:04.777,,,,,,,,1396,1.4,,,,
18:49:05.022,1.9412084198118844,0,0.029960626388888894,0.029961,0.029961,0.029961,,,,,,5,
18:49:05.257,,,,,,,,1383,1.4,,,,
18:49:05.497,,,,,,,56,,,,,,
18:49:05.747,1.9548500253329126,0,0.030564974055555562,0.030565,0.030565,0.030565,,,,,-0.03486054673082766,3,
18:49:05.980,,,,,,,,1386,1.4,,,,
18:49:06.223,1.9468380726892065,0,0.030697278138888895,0.030697,0.030697,0.030697,,,,,-0.07079214933294115,1,
18:49:06.468,,,,,,,,1517,1.5,,,,
18:49:06.695,,,,,,,56,,,,,,
18:49:06.950,1.934878081798246,0,0.030898996722222228,0.030899,0.030899,0.030899,,,,,-0.058916852286636415,1,
18:49:07.178,,,,,,,,1458,1.5,,,,
18:49:07.419,1.9354107156030913,0,0.031162380500000007,0.031162,0.031162,0.031162,,,,,,2,
18:49:07.659,,,,,,,,1403,1.4,,,,
18:49:07.896,,,,,,,56,,,,,,
18:49:08.142,1.9362011963530963,0,0.031561374388888896,0.031561,0.031561,0.031561,,,,,,2,
18:49:08.377,,,,,,,,1383,1.4,,,,
18:49:08.617,1.9286850165671654,0,0.03169330152777779,0.031693,0.031693,0.031693,,,,,,1,
18:49:08.861,,,,,,,,1384,1.4,,,,
18:49:09.098,,,,,,,56,,,,,,
18:49:09.342,1.92954928414132,0,0.03209648152777779,0.032096,0.032096,0.032096,,,,,,2,
18:49:09.580,,,,,,,,1583,1.6,,,,
18:49:09.817,1.9301031163017734,0,0.03236008547222224,0.03236,0.03236,0.03236,,,,,,2,
18:49:10.061,,,,,,,,1496,1.5,,,,
18:49:10.296,,,,,,,57,,,,,,
18:49:10.545,1.9428589328905614,0,0.03296699747222224,0.032967,0.032967,0.032967,,,,,,3,
18:49:10.782,,,,,,,,1397,1.4,,,,
18:49:11.015,1.9585612465242916,0,0.03348906347222224,0.033489,0.033489,0.033489,,,,,0.03543066960148751,4,
18:49:11.262,,,,,,,,1383,1.4,,,,
18:49:11.499,,,,,,,57,,,,,,
18:49:11.746,1.9942539651142115,0,0.034504290555555574,0.034504,0.034504,0.034504,,,,,0.035348679102115824,5,
18:49:11.976,,,,,,,,1385,1.4,,,,
18:49:12.215,2.0242053424832958,0,0.03528634455555557,0.035286,0.035286,0.035286,,,,,0.04724182645671673,6,
18:49:12.454,,,,,,,,1383,1.4,,,,
18:49:12.699,,,,,,,58,,,,,,
18:49:12.940,2.0695876873058627,0,0.03649402538888891,0.036494,0.036494,0.036494,,,,,0.03548531237581655,6,
18:49:13.184,,,,,,,,1385,1.4,,,,
18:49:13.420,2.0990545195415455,0,0.03729322038888891,0.037293,0.037293,0.037293,,,,,0.02356263189914373,6,
18:49:13.657,,,,,,,,1390,1.4,,,,
18:49:13.898,,,,,,,58,,,,,,
18:49:14.146,2.142979019824829,0,0.03850720238888891,0.038507,0.038507,0.038507,,,,,0.011801059408108272,6,
18:49:14.381,,,,,,,,1602,1.6,,,,
18:49:14.617,2.170719575053534,0,0.03928824238888891,0.039288,0.039288,0.039288,,,,,0,6,
18:49:14.854,,,,,,,,1507,1.5,,,,
18:49:15.110,,,,,,,58,,,,,,
18:49:15.337,2.2235498542025276,0,0.0406895535277778,0.040689,0.040689,0.040689,,,,,0.01181616088065605,7,
18:49:15.579,,,,,,,,1394,1.4,,,,
18:49:15.820,2.272869566148273,0,0.041897003777777796,0.041896,0.041896,0.041896,,,,,0.03539651403989165,9,
18:49:16.058,,,,,,,,1379,1.4,,,,
18:49:16.299,,,,,,,58,,,,,,
18:49:16.537,2.366067037497006,0,0.04408575597222224,0.044085,0.044085,0.044085,,,,,0.05925605030845083,11,
18:49:16.777,,,,,,,,1380,1.4,,,,
18:49:17.019,2.434799594103602,0,0.045692404638888906,0.045692,0.045692,0.045692,,,,,0.07075597157707163,12,
18:49:17.257,,,,,,,,1386,1.4,,,,
18:49:17.501,,,,,,,59,,,,,,
18:49:17.739,2.5462362858469225,0,0.048293041277777796,0.048293,0.048293,0.048293,,,,,0.07076896184020362,13,
18:49:17.980,,,,,,,,1386,1.4,,,,
18:49:18.221,2.612612339231896,0,0.049902329277777796,0.049902,0.049902,0.049902,,,,,,12,
18:49:18.458,,,,,,,,1582,1.6,,,,
18:49:18.703,,,,,,,59,,,,,,
18:49:18.939,2.6992604922067485,0,0.05209554350000002,0.052095,0.052095,0.052095,,,,,,11,
18:49:19.178,,,,,,,,1427,1.4,,,,
18:49:19.424,2.742915410605971,0,0.05330742300000002,0.053307,0.053307,0.053307,,,,,-0.03532599002926804,9,
18:49:19.659,,,,,,,,1391,1.4,,,,
18:49:19.898,,,,,,,60,,,,,,
18:49:20.144,2.7760730728934524,0,0.05450671583333335,0.054506,0.054506,0.054506,,,,,-0.08244968519024941,6,
18:49:20.381,,,,,,,,1383,1.4,,,,
18:49:20.625,2.784344566261507,0,0.05504109872222224,0.05504,0.05504,0.05504,,,,,-0.09429905244857541,4,
18:49:20.859,,,,,,,,1382,1.4,,,,
18:49:21.097,,,,,,,60,,,,,,
18:49:21.347,2.7865121913318207,0,0.05564323730555557,0.055642,0.055642,0.055642,,,,,-0.09411065737407952,3,
18:49:21.578,,,,,,,,1384,1.4,,,,
18:49:21.822,2.7879154881581356,0,0.05603961872222224,0.056038,0.056038,0.056038,,,,,-0.07086203057329578,3,
18:49:22.058,,,,,,,,1385,1.4,,,,
18:49:22.299,,,,,,,60,,,,,,
18:49:22.543,2.799862602849256,0,0.05684001972222224,0.056838,0.056838,0.056838,,,,,,4,
18:49:22.776,,,,,,,,1463,1.5,,,,
18:49:23.016,2.801149966938049,0,0.05723430855555557,0.057232,0.057232,0.057232,,,,,,3,
18:49:23.260,,,,,,,,1530,1.5,,,,
18:49:23.496,,,,,,,60,,,,,,
18:49:23.743,2.783539401464615,0,0.05743605722222224,0.057434,0.057434,0.057434,,,,,,1,
18:49:23.978,,,,,,,,0,0,,,,
18:49:24.226,2.7720035125504143,0,0.05757038744444446,0.057568,0.057568,0.057568,,,,,-0.023567948798580412,1,
18:49:24.459,,,,,,,,0,0,,,,
18:49:24.698,,,,,,,61,,,,,,
18:49:24.940,2.7456060368609774,,0.05757038744444446,0.057568,0.057568,0.057568,,,,,-0.04726822041692329,0,
18:49:25.180,,,,,,,,0,0,,,,
18:49:25.417,2.728531660913841,,0.05757038744444446,0.057568,0.057568,0.057568,,,,,-0.035390679224730937,0,
18:49:25.661,,,,,,,,0,0,,,,
18:49:25.898,,,,,,,61,,,,,,
18:49:26.140,2.7216557174611435,0,0.057972458111111125,0.05797,0.05797,0.05797,,,,,,2,
18:49:26.380,,,,,,,,0,0,,,,
18:49:26.651,2.7301065439755816,0,0.05853945466666668,0.058537,0.058537,0.058537,,,,,,4,
18:49:26.891,,,,,,,,0,0,,,,
18:49:27.163,,,,,,,61,,,,,,
18:49:27.403,2.7616800436181186,0,0.059793817833333346,0.059791,0.059791,0.059791,,,,,0.06899242145340265,6,
18:49:27.640,,,,,,,,0,0,,,,
18:49:27.912,2.7891435482724427,0,0.0607822946388889,0.060779,0.060779,0.060779,,,,,0.07949115904124385,7,
18:49:28.148,,,,,,,,0,0,,,,
18:49:28.423,,,,,,,61,,,,,,
18:49:28.661,2.847912007875542,0,0.0626558671388889,0.062653,0.062653,0.062653,,,,,0.07866039969102301,9,
18:49:28.901,,,,,,,,0,0,,,,
18:49:29.172,2.88735714635351,0,0.0639336061388889,0.063931,0.063931,0.063931,,,,,0.05616969048900149,9,
18:49:29.408,,,,,,,,0,0,,,,
18:49:29.682,,,,,,,61,,,,,,
18:49:29.920,2.9627096984019046,0,0.06621715175000001,0.066215,0.066215,0.066215,,,,,0.05628890452444314,11,
18:49:30.161,,,,,,,,0,0,,,,
18:49:30.433,3.0199902771693625,0,0.06792792808333334,0.067926,0.067926,0.067926,,,,,0.05617629417612316,12,
18:49:30.674,,,,,,,,0,0,,,,
18:49:30.945,,,,,,,61,,,,,,
18:49:31.178,3.111034204759538,0,0.07061999769444445,0.070618,0.070618,0.070618,,,,,0.04501084431929749,13,
18:49:31.422,,,,,,,,0,0,,,,
18:49:31.692,3.1727430743253597,0,0.07247302383333334,0.072471,0.072471,0.072471,,,,,0.04497378381370116,13,
18:49:31.930,,,,,,,,0,0,,,,
18:49:32.201,,,,,,,61,,,,,,
18:49:32.443,3.216465551328357,0,0.07414329627777778,0.074141,0.074141,0.074141,,,,,,8,
18:49:32.681,,,,,,,,0,0,,,,
18:49:32.952,3.221238374409579,0,0.07470839427777778,0.074706,0.074706,0.074706,,,,,-0.08996276921962233,4,
18:49:33.194,,,,,,,,0,0,,,,
18:49:33.463,,,,,,,60,,,,,,
18:49:33.700,3.2192630718880455,0,0.07533520427777779,0.075333,0.075333,0.075333,,,,,-0.11232545956144717,3,
18:49:33.948,,,,,,,,0,0,,,,
18:49:34.186,3.2180050970894385,0,0.07574030969444445,0.075738,0.075738,0.075738,,,,,-0.11355820678826338,3,
18:49:34.420,,,,,,,,0,0,,,,
18:49:34.658,,,,,,,60,,,,,,
18:49:34.902,3.2328540503137426,0,0.07672916733333335,0.076727,0.076727,0.076727,,,,,,5,
18:49:35.142,,,,,,,,0,0,,,,
18:49:35.413,3.255230769155953,0,0.07772192619444446,0.07772,0.07772,0.07772,,,,,,7,
18:49:35.652,,,,,,,,0,0,,,,
18:49:35.918,,,,,,,60,,,,,,
18:49:36.162,3.3049019467777923,0,0.07959608994444446,0.079594,0.079594,0.079594,,,,,0.06902539085254406,9,
18:49:36.401,,,,,,,,0,0,,,,
18:49:36.673,3.3441173878894612,0,0.08101509716666669,0.081013,0.081013,0.081013,,,,,0.07971843407199791,10,
18:49:36.911,,,,,,,,0,0,,,,
18:49:37.180,,,,,,,60,,,,,,
18:49:37.424,3.4094695472390635,0,0.0833094750277778,0.083307,0.083307,0.083307,,,,,0.06739642763885656,11,
18:49:37.660,,,,,,,,0,0,,,,
18:49:37.932,3.458809826848875,0,0.08500331369444447,0.085001,0.085001,0.085001,,,,,0.056211205429882394,12,
18:49:38.170,,,,,,,,0,0,,,,
18:49:38.443,,,,,,,60,,,,,,
18:49:38.682,3.5221974762167827,0,0.08729488044444447,0.087293,0.087293,0.087293,,,,,,11,
18:49:38.921,,,,,,,,0,0,,,,
18:49:39.191,3.558918801760211,0,0.08870785600000003,0.088706,0.088706,0.088706,,,,,,10,
18:49:39.432,,,,,,,,0,0,,,,
18:49:39.703,,,,,,,60,,,,,,
18:49:39.942,3.5957728095884733,0,0.09037644355555559,0.090375,0.090375,0.090375,,,,,-0.033746744501232245,8,
18:49:40.178,,,,,,,,0,0,,,,
18:49:40.449,3.6147500359850295,0,0.09136272994444447,0.091361,0.091361,0.091361,,,,,-0.056273935135269286,7,
18:49:40.691,,,,,,,,0,0,,,,
18:49:40.963,,,,,,,60,,,,,,
18:49:41.203,3.6179197398019682,0,0.09220144583333335,0.0922,0.0922,0.0922,,,,,-0.07864183965057364,4,
18:49:41.443,,,,,,,,0,0,,,,
18:49:41.708,3.620010093413835,0,0.09276221805555558,0.092761,0.092761,0.092761,,,,,-0.06750677287840968,4,
18:49:41.952,,,,,,,,0,0,,,,
18:49:42.220,,,,,,,59,,,,,,
18:49:42.458,3.6230959796633453,0,0.09360142772222224,0.0936,0.0936,0.0936,,,,,-0.0450206525252378,4,
18:49:42.699,,,,,,,,0,0,,,,
18:49:42.938,3.6300733754046566,0,0.09425934105555557,0.094258,0.094258,0.094258,,,,,,5,
18:49:43.182,,,,,,,,0,0,,,,
18:49:43.422,,,,,,,59,,,,,,
18:49:43.660,3.640583026761022,0,0.0952630657777778,0.095262,0.095262,0.095262,,,,,0.011529963511552192,5,
18:49:43.903,,,,,,,,0,0,,,,
18:49:44.172,3.653338203702104,0,0.09611644261111113,0.096115,0.096115,0.096115,,,,,0.0229935245017967,6,
18:49:44.410,,,,,,,,0,0,,,,
18:49:44.681,,,,,,,58,,,,,,
18:49:44.922,3.671760017813393,0,0.0973654462777778,0.097364,0.097364,0.097364,,,,,0.02299455487085161,6,
18:49:45.157,,,,,,,,0,0,,,,
18:49:45.395,3.6881588677039505,0,0.09828456688888891,0.098283,0.098283,0.098283,,,,,0.023058796929958672,7,
18:49:45.638,,,,,,,,0,0,,,,
18:49:45.878,,,,,,,58,,,,,,
18:49:46.124,3.705609798515904,0,0.09950069205555558,0.099499,0.099499,0.099499,,,,,,6,
18:49:46.362,,,,,,,,1530,1.5,,,,
18:49:46.629,3.7175240418924242,0,0.10034165705555557,0.10034,0.10034,0.10034,,,,,,6,
18:49:46.873,,,,,,,,1533,1.5,,,,
18:49:47.107,,,,,,,58,,,,,,
18:49:47.351,3.741791405435584,0,0.10174890050000002,0.101747,0.101747,0.101747,,,,,,7,
18:49:47.589,,,,,,,,1535,1.5,,,,
18:49:47.827,3.7623292019436083,0,0.10280320672222223,0.102801,0.102801,0.102801,,,,,,8,
18:49:48.072,,,,,,,,1536,1.5,,,,
18:49:48.309,,,,,,,58,,,,,,
18:49:48.579,3.802082876679281,0,0.10468399672222223,0.104682,0.104682,0.104682,,,,,0.03460536988673076,9,
18:49:48.818,,,,,,,,842,0.8,,,,
18:49:49.059,3.8271050694258353,0,0.10588264822222222,0.105881,0.105881,0.105881,,,,,0.034970168145703556,9,
18:49:49.297,,,,,,,,0,0,,,,
18:49:49.549,,,,,,,57,,,,,,
18:49:49.775,3.8640148321030456,0,0.10767207697222222,0.10767,0.10767,0.10767,,,,,0.023377075232709005,9,
18:49:50.023,,,,,,,,0,0,,,,
18:49:50.259,3.888696112465535,0,0.10888307322222222,0.108881,0.108881,0.108881,,,,,0.01164723560105812,9,
18:49:50.499,,,,,,,,0,0,,,,
18:49:50.750,,,,,,,56,,,,,,
18:49:50.979,3.924930195750011,0,0.11068225122222222,0.11068,0.11068,0.11068,,,,,0,9,
18:49:51.219,,,,,,,,0,0,,,,
18:49:51.459,3.9441515054524743,0,0.1117513978888889,0.111749,0.111749,0.111749,,,,,-0.011803349514602735,8,
18:49:51.701,,,,,,,,0,0,,,,
18:49:51.942,,,,,,,56,,,,,,
18:49:52.181,3.965626281927418,0,0.11315504197222223,0.113153,0.113153,0.113153,,,,,-0.02354049612396042,7,
18:49:52.423,,,,,,,,0,0,,,,
18:49:52.689,3.98055785113051,0,0.11414277347222224,0.114141,0.114141,0.114141,,,,,-0.0233121800319378,7,
18:49:52.932,,,,,,,,0,0,,,,
18:49:53.201,,,,,,,57,,,,,,
18:49:53.438,4.0096620023913205,0,0.1158159421388889,0.115814,0.115814,0.115814,,,,,,8,
18:49:53.678,,,,,,,,0,0,,,,
18:49:53.921,4.0324972892992506,0,0.11701095188888891,0.117009,0.117009,0.117009,,,,,,9,
18:49:54.164,,,,,,,,0,0,,,,
18:49:54.402,,,,,,,57,,,,,,
18:49:54.645,4.066707036718922,0,0.11882190788888891,0.11882,0.11882,0.11882,,,,,0.022998107738878653,9,
18:49:54.880,,,,,,,,0,0,,,,
18:49:55.149,4.0950273384197065,0,0.12022321594444446,0.120221,0.120221,0.120221,,,,,0.03454795791436268,10,
18:49:55.394,,,,,,,,0,0,,,,
18:49:55.661,,,,,,,57,,,,,,
18:49:55.898,4.143645358072729,0,0.12251317761111113,0.122511,0.122511,0.122511,,,,,0.034531824011430866,11,
18:49:56.141,,,,,,,,0,0,,,,
18:49:56.413,4.176604188932688,0,0.12408413405555557,0.124082,0.124082,0.124082,,,,,0.02273285445193144,11,
18:49:56.652,,,,,,,,0,0,,,,
18:49:56.922,,,,,,,58,,,,,,
18:49:57.159,4.23110723174429,0,0.1265852613888889,0.126583,0.126583,0.126583,,,,,0.033793837319588224,12,
18:49:57.402,,,,,,,,0,0,,,,
18:49:57.639,4.269656318019174,0,0.1283025971388889,0.1283,0.1283,0.1283,,,,,0.03412618108202069,13,
18:49:57.880,,,,,,,,0,0,,,,
18:49:58.122,,,,,,,58,,,,,,
18:49:58.361,4.327592715677872,0,0.13091233991666668,0.13091,0.13091,0.13091,,,,,0.023003233606729498,13,
18:49:58.601,,,,,,,,0,0,,,,
18:49:58.874,4.372932955088303,0,0.1329069226388889,0.132905,0.132905,0.132905,,,,,0.03452394925821676,14,
18:49:59.112,,,,,,,,0,0,,,,
18:49:59.380,,,,,,,58,,,,,,
18:49:59.622,4.431488134364487,0,0.13560701144444445,0.135605,0.135605,0.135605,,,,,,13,
18:49:59.853,,,,,,,,0,0,,,,
18:50:00.133,4.471082634200609,0,0.13745379866666668,0.137452,0.137452,0.137452,,,,,,13,
18:50:00.372,,,,,,,,0,0,,,,
18:50:00.641,,,,,,,58,,,,,,
18:50:00.880,4.521545939715157,0,0.139943167,0.139941,0.139941,0.139941,,,,,-0.01124520195227815,12,
18:50:01.122,,,,,,,,0,0,,,,
18:50:01.388,4.555514375549876,0,0.14163784366666668,0.141636,0.141636,0.141636,,,,,-0.022533698369861417,12,
18:50:01.627,,,,,,,,0,0,,,,
18:50:01.901,,,,,,,58,,,,,,
18:50:02.139,4.605122118182682,0,0.1441407326666667,0.144139,0.144139,0.144139,,,,,-0.011250947372498907,12,
18:50:02.381,,,,,,,,0,0,,,,
18:50:02.651,4.634036909132969,0,0.14570457944444445,0.145703,0.145703,0.145703,,,,,-0.022498970671974202,11,
18:50:02.892,,,,,,,,0,0,,,,
18:50:03.162,,,,,,,58,,,,,,
18:50:03.401,4.662776561637438,0,0.14757968594444446,0.147578,0.147578,0.147578,,,,,-0.033707078731579666,9,
18:50:03.674,,,,,,,,0,0,,,,
18:50:03.940,4.67377697406236,0,0.14862738761111113,0.148626,0.148626,0.148626,,,,,-0.05550144797301159,7,
18:50:04.181,,,,,,,,0,0,,,,
18:50:04.452,,,,,,,58,,,,,,
18:50:04.693,4.6889775128296804,0,0.15009153133333336,0.15009,0.15009,0.15009,,,,,-0.05546124156037826,7,
18:50:04.933,,,,,,,,0,0,,,,
18:50:05.199,4.694711565091974,0,0.15093522433333337,0.150934,0.150934,0.150934,,,,,-0.05558165202506298,6,
18:50:05.443,,,,,,,,0,0,,,,
18:50:05.712,,,,,,,58,,,,,,
18:50:05.950,4.709573814252567,0,0.15239554411111114,0.152394,0.152394,0.152394,,,,,,7,
18:50:06.189,,,,,,,,0,0,,,,
18:50:06.458,4.723864137092959,0,0.1535247178888889,0.153523,0.153523,0.153523,,,,,,8,
18:50:06.702,,,,,,,,0,0,,,,
18:50:06.972,,,,,,,58,,,,,,
18:50:07.211,4.751207811180284,0,0.15540713038888893,0.155405,0.155405,0.155405,,,,,,9,
18:50:07.452,,,,,,,,0,0,,,,
18:50:07.721,4.769523661979074,0,0.15668165213888893,0.15668,0.15668,0.15668,,,,,0.03369629895868256,9,
18:50:07.962,,,,,,,,0,0,,,,
18:50:08.232,,,,,,,58,,,,,,
18:50:08.470,4.8087362094767725,0,0.15897031366666672,0.158969,0.158969,0.158969,,,,,0.04496390858097432,11,
18:50:08.713,,,,,,,,0,0,,,,
18:50:08.982,4.835275482489257,0,0.16053581380555562,0.160535,0.160535,0.160535,,,,,0.033677542697865354,11,
18:50:09.226,,,,,,,,0,0,,,,
18:50:09.484,,,,,,,58,,,,,,
18:50:09.731,4.886182558529428,0,0.1632438033611112,0.163243,0.163243,0.163243,,,,,0.04495900737883117,13,
18:50:09.972,,,,,,,,0,0,,,,
18:50:10.241,4.92458265110476,0,0.1652228713611112,0.165222,0.165222,0.165222,,,,,0.05619530292208551,14,
18:50:10.483,,,,,,,,0,0,,,,
18:50:10.749,,,,,,,59,,,,,,
18:50:10.990,4.986602199629823,0,0.16833988802777786,0.168339,0.168339,0.168339,,,,,0.04496401029178958,15,
18:50:11.232,,,,,,,,0,0,,,,
18:50:11.469,5.029855957654436,0,0.17046956536111119,0.170469,0.170469,0.170469,,,,,0.05693762264610747,16,
18:50:11.715,,,,,,,,0,0,,,,
18:50:11.951,,,,,,,59,,,,,,
18:50:12.191,5.100297078127733,0,0.17388016202777784,0.17388,0.17388,0.17388,,,,,0.046068907272242395,17,
18:50:12.433,,,,,,,,0,0,,,,
18:50:12.700,5.149465045050645,0,0.17628478936111117,0.176285,0.176285,0.176285,,,,,0.03456151462621021,17,
18:50:12.943,,,,,,,,0,0,,,,
18:50:13.212,,,,,,,59,,,,,,
18:50:13.450,5.227244316558702,0,0.18003714936111118,0.180037,0.180037,0.180037,,,,,0.034534995690862685,18,
18:50:13.689,,,,,,,,0,0,,,,
18:50:13.958,5.283424898610876,0,0.18271744980555563,0.182717,0.182717,0.182717,,,,,0.03413747220948389,19,
18:50:14.205,,,,,,,,0,0,,,,
18:50:14.473,,,,,,,59,,,,,,
18:50:14.712,5.365998054645117,0,0.18669699663888895,0.186697,0.186697,0.186697,,,,,0.0224668942671608,19,
18:50:14.949,,,,,,,,0,0,,,,
18:50:15.220,5.42502733001724,0,0.1895152271944445,0.189515,0.189515,0.189515,,,,,0.03372554131718699,20,
18:50:15.462,,,,,,,,0,0,,,,
18:50:15.731,,,,,,,59,,,,,,
18:50:15.973,5.517748286043894,0,0.19390867277777782,0.193908,0.193908,0.193908,,,,,0.033693103109245684,21,
18:50:16.213,,,,,,,,0,0,,,,
18:50:16.481,5.5836989805059085,0,0.19701467738888892,0.197014,0.197014,0.197014,,,,,0.03368337766962299,22,
18:50:16.721,,,,,,,,0,0,,,,
18:50:16.990,,,,,,,58,,,,,,
18:50:17.228,5.67964884622855,0,0.2015783463888889,0.201578,0.201578,0.201578,,,,,0.033774311884026166,22,
18:50:17.470,,,,,,,,0,0,,,,
18:50:17.708,5.7406918297113485,0,0.20450977122222225,0.204509,0.204509,0.204509,,,,,0.02276641810245707,22,
18:50:17.947,,,,,,,,0,0,,,,
18:50:18.190,,,,,,,58,,,,,,
18:50:18.430,5.837411346358393,0,0.2091272933888889,0.209127,0.209127,0.209127,,,,,0.023048160336889185,23,
18:50:18.674,,,,,,,,0,0,,,,
18:50:18.940,5.904988712853084,0,0.2123845361388889,0.212384,0.212384,0.212384,,,,,0.011519058608972876,23,
18:50:19.178,,,,,,,,0,0,,,,
18:50:19.450,,,,,,,59,,,,,,
18:50:19.696,6.004117549929932,0,0.21720943205555557,0.217209,0.217209,0.217209,,,,,0.011479952192483217,23,
18:50:19.928,,,,,,,,0,0,,,,
18:50:20.173,6.066344852481667,0,0.22026708080555557,0.220267,0.220267,0.220267,,,,,0.011491129034259494,23,
18:50:20.409,,,,,,,,0,0,,,,
18:50:20.652,,,,,,,59,,,,,,
18:50:20.890,6.158606903826145,0,0.22484212644444446,0.224842,0.224842,0.224842,,,,,0,23,
18:50:21.132,,,,,,,,0,0,,,,
18:50:21.401,6.219960418555412,0,0.2279649628888889,0.227965,0.227965,0.227965,,,,,-0.01151011360656981,22,
18:50:21.640,,,,,,,,672,0.7,,,,
18:50:21.912,,,,,,,58,,,,,,
18:50:22.147,6.291809864299054,0,0.23190203891666666,0.231902,0.231902,0.231902,,,,,-0.046211536672305924,19,
18:50:22.393,,,,,,,,1528,1.5,,,,
18:50:22.637,6.331783587486971,0,0.23424983666666666,0.23425,0.23425,0.23425,,,,,-0.06896000398090625,17,
18:50:22.870,,,,,,,,1406,1.4,,,,
18:50:23.115,,,,,,,59,,,,,,
18:50:23.346,6.37717570025348,0,0.23717113125,0.237171,0.237171,0.237171,,,,,-0.09226853400822556,15,
18:50:23.588,,,,,,,,1384,1.4,,,,
18:50:23.839,6.405517026185315,0,0.23911417880555555,0.239114,0.239114,0.239114,,,,,-0.09293717525678677,14,
18:50:24.068,,,,,,,,1384,1.4,,,,
18:50:24.312,,,,,,,60,,,,,,
18:50:24.548,6.4502177447567295,0,0.2420417121388889,0.242042,0.242042,0.242042,,,,,,15,
18:50:24.787,,,,,,,,1386,1.4,,,,
18:50:25.031,6.484215875591445,0,0.24418680591666667,0.244187,0.244187,0.244187,,,,,,16,
18:50:25.267,,,,,,,,1378,1.4,,,,
18:50:25.512,,,,,,,60,,,,,,
18:50:25.750,6.539751115233078,0,0.24758572075,0.247586,0.247586,0.247586,,,,,,17,
18:50:25.995,,,,,,,,1385,1.4,,,,
18:50:26.230,6.579946721142463,0,0.24998426275,0.249985,0.249985,0.249985,,,,,0.047397560332826834,18,
18:50:26.468,,,,,,,,1386,1.4,,,,
18:50:26.716,,,,,,,60,,,,,,
18:50:26.957,6.6456187208050626,0,0.2538213628888889,0.253822,0.253822,0.253822,,,,,0.04703006204340919,19,
18:50:27.192,,,,,,,,1386,1.4,,,,
18:50:27.433,6.691651606330768,0,0.25646356955555555,0.256464,0.256464,0.256464,,,,,0.04716847777086236,20,
18:50:27.671,,,,,,,,1385,1.4,,,,
18:50:27.946,,,,,,,60,,,,,,
18:50:28.181,6.769015843558307,0,0.2608389615555555,0.260839,0.260839,0.260839,,,,,0.0466183670656192,21,
18:50:28.418,,,,,,,,1385,1.4,,,,
18:50:28.656,6.817440278731146,0,0.2636019315555555,0.263602,0.263602,0.263602,,,,,0.03501500092609301,21,
18:50:28.902,,,,,,,,1385,1.4,,,,
18:50:29.172,,,,,,,60,,,,,,
18:50:29.406,6.898849333833904,0,0.2681877050555555,0.268188,0.268188,0.268188,,,,,0.03469584024884331,22,
18:50:29.653,,,,,,,,1383,1.4,,,,
18:50:29.921,6.954131703527528,0,0.2713300530555555,0.27133,0.27133,0.27133,,,,,0.022766446464978055,22,
18:50:30.156,,,,,,,,1384,1.4,,,,
18:50:30.402,,,,,,,60,,,,,,
18:50:30.637,7.030416635098808,0,0.2757043344444444,0.275704,0.275704,0.275704,,,,,0.011532999942508148,22,
18:50:30.885,,,,,,,,1386,1.4,,,,
18:50:31.123,7.081797429100174,0,0.2786757919444444,0.278675,0.278675,0.278675,,,,,0.01148346837008411,22,
18:50:31.359,,,,,,,,1387,1.4,,,,
18:50:31.630,,,,,,,60,,,,,,
18:50:31.871,7.154925268161711,0,0.2830405731111111,0.28304,0.28304,0.28304,,,,,-0.011493016418866298,21,
18:50:32.107,,,,,,,,1385,1.4,,,,
18:50:32.355,7.201750666453811,0,0.2858597373611111,0.285859,0.285859,0.285859,,,,,-0.011639710304441084,21,
18:50:32.588,,,,,,,,1388,1.4,,,,
18:50:32.827,,,,,,,60,,,,,,
18:50:33.071,7.270624884796333,0,0.29004131452777776,0.290041,0.290041,0.290041,,,,,-0.011634797765373095,21,
18:50:33.309,,,,,,,,1386,1.4,,,,
18:50:33.547,7.312633707058111,0,0.29268303674999996,0.292683,0.292683,0.292683,,,,,-0.023371582794133303,20,
18:50:33.791,,,,,,,,1385,1.4,,,,
18:50:34.026,,,,,,,61,,,,,,
18:50:34.265,7.370598439502377,0,0.29647342591666664,0.296473,0.296473,0.296473,,,,,-0.02366090520088333,19,
18:50:34.508,,,,,,,,1386,1.4,,,,
18:50:34.750,7.4093845591751055,0,0.2990308718333333,0.29903,0.29903,0.29903,,,,,-0.023652247564909783,19,
18:50:34.992,,,,,,,,1385,1.4,,,,
18:50:35.228,,,,,,,61,,,,,,
18:50:35.465,7.461285107803401,0,0.3026084628333333,0.302608,0.302608,0.302608,,,,,-0.03549767813222147,18,
18:50:35.709,,,,,,,,1384,1.4,,,,
18:50:35.947,7.492639767404426,0,0.3048822954722222,0.304882,0.304882,0.304882,,,,,-0.03541021675770834,17,
18:50:36.187,,,,,,,,1382,1.4,,,,
18:50:36.429,,,,,,,61,,,,,,
18:50:36.668,7.52940044575406,0,0.30788571963888883,0.307885,0.307885,0.307885,,,,,-0.047162071209512664,15,
18:50:36.921,,,,,,,,1386,1.4,,,,
18:50:37.147,7.550399760907933,0,0.3097496493055555,0.309749,0.309749,0.309749,,,,,-0.05908269234515326,14,
18:50:37.388,,,,,,,,1385,1.4,,,,
18:50:37.632,,,,,,,61,,,,,,
18:50:37.868,7.576882943257679,0,0.31235403572222215,0.312353,0.312353,0.312353,,,,,-0.05894144790459568,13,
18:50:38.121,,,,,,,,1386,1.4,,,,
18:50:38.347,7.591096511341398,0,0.3139488507222222,0.313948,0.313948,0.313948,,,,,-0.059017104167268464,12,
18:50:38.589,,,,,,,,1385,1.4,,,,
18:50:38.838,,,,,,,61,,,,,,
18:50:39.066,7.602672952487799,0,0.3159459615555555,0.315945,0.315945,0.315945,,,,,-0.059063182860664414,10,
18:50:39.312,,,,,,,,1385,1.4,,,,
18:50:39.547,7.6039481069323624,0,0.3170163642222222,0.317015,0.317015,0.317015,,,,,-0.0708041263476267,8,
18:50:39.787,,,,,,,,1549,1.5,,,,
18:50:40.063,,,,,,,62,,,,,,
18:50:40.308,7.600875364765286,0,0.31850875411111107,0.318507,0.318507,0.318507,,,,,-0.06964438375350337,7,
18:50:40.538,,,,,,,,1412,1.4,,,,
18:50:40.784,7.599013039550227,0,0.31942071255555554,0.319419,0.319419,0.319419,,,,,-0.05811136483997258,7,
18:50:41.028,,,,,,,,1389,1.4,,,,
18:50:41.257,,,,,,,62,,,,,,
18:50:41.509,7.596133321205719,0,0.32084209366666666,0.32084,0.32084,0.32084,,,,,-0.03477614893862672,7,
18:50:41.740,,,,,,,,1383,1.4,,,,
18:50:41.982,7.594305343035907,0,0.32175150041666667,0.321749,0.321749,0.321749,,,,,-0.011632980579534588,7,
18:50:42.222,,,,,,,,1383,1.4,,,,
18:50:42.459,,,,,,,63,,,,,,
18:50:42.705,7.596217112880174,0,0.32335626086111113,0.323354,0.323354,0.323354,,,,,0.01182122237320882,8,
18:50:42.939,,,,,,,,1385,1.4,,,,
18:50:43.179,7.594354090029099,0,0.3242902780555556,0.324288,0.324288,0.324288,,,,,,7,
18:50:43.420,,,,,,,,1382,1.4,,,,
18:50:43.659,,,,,,,63,,,,,,
18:50:43.903,7.586944677530969,0,0.3254865125555556,0.325484,0.325484,0.325484,,,,,,6,
18:50:44.138,,,,,,,,1387,1.4,,,,
18:50:44.379,7.578881992175309,0,0.32615714463888895,0.326155,0.326155,0.326155,,,,,-0.023631544945773044,5,
18:50:44.620,,,,,,,,1484,1.5,,,,
18:50:44.854,,,,,,,63,,,,,,
18:50:45.098,7.57160392093288,0,0.32735291063888894,0.327351,0.327351,0.327351,,,,,,6,
18:50:45.347,,,,,,,,1399,1.4,,,,
18:50:45.576,7.563815605392324,0,0.3280095925833334,0.328008,0.328008,0.328008,,,,,,5,
18:50:45.820,,,,,,,,1383,1.4,,,,
18:50:46.059,,,,,,,63,,,,,,
18:50:46.297,7.547421138444503,0,0.32881125247222226,0.32881,0.32881,0.32881,,,,,,4,
18:50:46.538,,,,,,,,1382,1.4,,,,
18:50:46.777,7.536598578514755,0,0.3293445288055556,0.329343,0.329343,0.329343,,,,,-0.011812866140062963,4,
18:50:47.023,,,,,,,,1383,1.4,,,,
18:50:47.257,,,,,,,64,,,,,,
18:50:47.497,7.515946069514228,0,0.3299440718888889,0.329943,0.329943,0.329943,,,,,-0.03543172588288391,3,
18:50:47.750,,,,,,,,1369,1.4,,,,
18:50:47.977,7.499250573468051,0,0.33021062422222225,0.33021,0.33021,0.33021,,,,,-0.035396261914883376,2,
18:50:48.224,,,,,,,,1388,1.4,,,,
18:50:48.461,,,,,,,65,,,,,,
18:50:48.704,7.478565138941468,0,0.3308207511388889,0.33082,0.33082,0.33082,,,,,,3,
18:50:48.945,,,,,,,,1389,1.4,,,,
18:50:49.176,7.465447463778987,0,0.33121059222222227,0.33121,0.33121,0.33121,,,,,,3,
18:50:49.418,,,,,,,,1386,1.4,,,,
18:50:49.661,,,,,,,65,,,,,,
18:50:49.896,7.449903343148924,0,0.3320101826666667,0.33201,0.33201,0.33201,,,,,,4,
18:50:50.142,,,,,,,,1385,1.4,,,,
18:50:50.378,7.439574630823689,0,0.33254548877777784,0.332545,0.332545,0.332545,,,,,0.023591095042907215,4,
18:50:50.617,,,,,,,,1385,1.4,,,,
18:50:50.859,,,,,,,65,,,,,,
18:50:51.095,7.428745379418796,0,0.3335420165555556,0.333542,0.333542,0.333542,,,,,0.02368947564670551,5,
18:50:51.337,,,,,,,,1386,1.4,,,,
18:50:51.616,7.420946939222034,0,0.3342651651666667,0.334265,0.334265,0.334265,,,,,0.02322166889574584,5,
18:50:51.847,,,,,,,,1385,1.4,,,,
18:50:52.089,,,,,,,65,,,,,,
18:50:52.329,7.414725881924282,0,0.33545359883333337,0.335453,0.335453,0.335453,,,,,0.023285053568333956,6,
18:50:52.566,,,,,,,,1386,1.4,,,,
18:50:52.812,7.410538748006264,0,0.3362593861666667,0.336259,0.336259,0.336259,,,,,0.023277572574021823,6,
18:50:53.051,,,,,,,,1386,1.4,,,,
18:50:53.287,,,,,,,66,,,,,,
18:50:53.532,7.404357823494843,0,0.3374576475,0.337457,0.337457,0.337457,,,,,0.011626810782029234,6,
18:50:53.769,,,,,,,,1384,1.4,,,,
18:50:54.007,7.4031889456254945,0,0.33838253825000003,0.338382,0.338382,0.338382,,,,,0.023691762202473324,7,
18:50:54.251,,,,,,,,1385,1.4,,,,
18:50:54.496,,,,,,,66,,,,,,
18:50:54.731,7.401422030349532,0,0.3397908593055556,0.33979,0.33979,0.33979,,,,,0.01179079117448358,7,
18:50:54.976,,,,,,,,1385,1.4,,,,
18:50:55.207,7.403137857269532,0,0.34084666975000005,0.340846,0.340846,0.340846,,,,,0.02365400051098343,8,
18:50:55.452,,,,,,,,1388,1.4,,,,
18:50:55.727,,,,,,,66,,,,,,
18:50:55.956,7.4103236927779665,0,0.3427197410000001,0.342719,0.342719,0.342719,,,,,0.035052469002000826,9,
18:50:56.201,,,,,,,,1598,1.6,,,,
18:50:56.440,7.412032018776785,0,0.3437947423333334,0.343794,0.343794,0.343794,,,,,,8,
18:50:56.684,,,,,,,,1442,1.4,,,,
18:50:56.920,,,,,,,66,,,,,,
18:50:57.157,7.405992437395288,0,0.3449902078333334,0.344989,0.344989,0.344989,,,,,,6,
18:50:57.400,,,,,,,,1388,1.4,,,,
18:50:57.636,7.3991328517360975,0,0.34565615088888896,0.345655,0.345655,0.345655,,,,,-0.034973177607041335,5,
18:50:57.877,,,,,,,,1383,1.4,,,,
18:50:58.118,,,,,,,66,,,,,,
18:50:58.357,7.384635552744192,0,0.3464565353333334,0.346455,0.346455,0.346455,,,,,-0.05899006442028716,4,
18:50:58.602,,,,,,,,1386,1.4,,,,
18:50:58.838,7.375026549276955,0,0.3469908300000001,0.346989,0.346989,0.346989,,,,,-0.04724930096416735,4,
18:50:59.081,,,,,,,,1385,1.4,,,,
18:50:59.320,,,,,,,67,,,,,,
18:50:59.558,7.369205357484195,0,0.3481910171666667,0.348189,0.348189,0.348189,,,,,,6,
18:50:59.798,,,,,,,,1556,1.6,,,,
18:51:00.050,7.365209372571038,0,0.3490208158333334,0.349019,0.349019,0.349019,,,,,,6,
18:51:00.276,,,,,,,,1536,1.5,,,,
18:51:00.524,,,,,,,67,,,,,,
18:51:00.755,7.36780140120012,0,0.3505751431666667,0.350573,0.350573,0.350573,,,,,0.04724251982757132,8,
18:51:00.999,,,,,,,,0,0,,,,
18:51:01.249,7.369619411294867,0,0.35167295183333336,0.351671,0.351671,0.351671,,,,,0.04698462857499631,8,
18:51:01.476,,,,,,,,0,0,,,,
18:51:01.723,,,,,,,67,,,,,,
18:51:01.968,7.3764106094255055,0,0.35346936658333333,0.353467,0.353467,0.353467,,,,,0.03526200804533401,9,
18:51:02.200,,,,,,,,0,0,,,,
18:51:02.443,7.3808754218079935,0,0.35465861383333336,0.354656,0.354656,0.354656,,,,,0.03550429294559572,9,
18:51:02.679,,,,,,,,0,0,,,,
18:51:02.921,,,,,,,68,,,,,,
18:51:03.159,7.383427272820266,0,0.3562495898333334,0.356247,0.356247,0.356247,,,,,,8,
18:51:03.400,,,,,,,,0,0,,,,
18:51:03.639,7.385141961644643,0,0.3573260471666667,0.357323,0.357323,0.357323,,,,,0,8,
18:51:03.879,,,,,,,,0,0,,,,
18:51:04.119,,,,,,,68,,,,,,
18:51:04.362,7.387670086422472,0,0.3589241651666667,0.358921,0.358921,0.358921,,,,,-0.011828644918828185,8,
18:51:04.602,,,,,,,,0,0,,,,
18:51:04.870,7.392339913037004,0,0.36019428366666667,0.360191,0.360191,0.360191,,,,,,9,
18:51:05.114,,,,,,,,0,0,,,,
18:51:05.382,,,,,,,68,,,,,,
18:51:05.622,7.407743771000392,0,0.3624925998333333,0.362489,0.362489,0.362489,,,,,0.034497219027001064,11,
18:51:05.861,,,,,,,,0,0,,,,
18:51:06.133,7.421011370711343,0,0.3641940421666667,0.36419,0.36419,0.36419,,,,,0.04542938585057596,12,
18:51:06.374,,,,,,,,0,0,,,,
18:51:06.641,,,,,,,67,,,,,,
18:51:06.883,7.448803994620476,0,0.36710882855555554,0.367105,0.367105,0.367105,,,,,0.06742269955204509,14,
18:51:07.118,,,,,,,,0,0,,,,
18:51:07.362,7.469243499990613,0,0.36911529230555556,0.369111,0.369111,0.369111,,,,,0.06819596088225835,15,
18:51:07.600,,,,,,,,0,0,,,,
18:51:07.840,,,,,,,67,,,,,,
18:51:08.080,7.503424238949772,0,0.3722961403055556,0.372292,0.372292,0.372292,,,,,0.05763740877663887,16,
18:51:08.322,,,,,,,,0,0,,,,
18:51:08.592,7.527735454309548,0,0.3745741531944445,0.37457,0.37457,0.37457,,,,,0.04607123949669375,16,
18:51:08.832,,,,,,,,0,0,,,,
18:51:09.104,,,,,,,67,,,,,,
18:51:09.342,7.567201299761792,0,0.3781133378611111,0.378109,0.378109,0.378109,,,,,0.03456079774264702,17,
18:51:09.583,,,,,,,,0,0,,,,
18:51:09.854,7.593997182522837,0,0.3805332444166667,0.380529,0.380529,0.380529,,,,,0.022735945484442528,17,
18:51:10.092,,,,,,,,0,0,,,,
18:51:10.363,,,,,,,67,,,,,,
18:51:10.596,7.63661741836009,0,0.3842426899166667,0.384238,0.384238,0.384238,,,,,0.022512678021087196,18,
18:51:10.843,,,,,,,,0,0,,,,
18:51:11.111,7.665985509572888,0,0.38681654291666673,0.386812,0.386812,0.386812,,,,,0.022492864920481553,18,
18:51:11.351,,,,,,,,0,0,,,,
18:51:11.622,,,,,,,67,,,,,,
18:51:11.861,7.7044039158234305,0,0.39036180272222226,0.390357,0.390357,0.390357,,,,,,17,
18:51:12.102,,,,,,,,0,0,,,,
18:51:12.370,7.730225165977549,0,0.3927611066944445,0.392756,0.392756,0.392756,,,,,0,17,
18:51:12.612,,,,,,,,0,0,,,,
18:51:12.881,,,,,,,66,,,,,,
18:51:13.119,7.768012869750323,0,0.3962965230277778,0.396291,0.396291,0.396291,,,,,-0.011228067606161726,17,
18:51:13.358,,,,,,,,0,0,,,,
18:51:13.602,7.792318454688009,0,0.398585888,0.39858,0.39858,0.39858,,,,,-0.011371724236919458,17,
18:51:13.839,,,,,,,,0,0,,,,
18:51:14.082,,,,,,,66,,,,,,
18:51:14.321,7.82807753353625,0,0.40197612527777776,0.40197,0.40197,0.40197,,,,,0,17,
18:51:14.565,,,,,,,,0,0,,,,
18:51:14.830,7.853268634074055,0,0.4043803512222222,0.404374,0.404374,0.404374,,,,,0,17,
18:51:15.071,,,,,,,,0,0,,,,
18:51:15.342,,,,,,,66,,,,,,
18:51:15.581,7.890151457432255,0,0.40792441488888886,0.407918,0.407918,0.407918,,,,,0,17,
18:51:15.822,,,,,,,,0,0,,,,
18:51:16.093,7.915142951292016,0,0.4103421983333333,0.410336,0.410336,0.410336,,,,,0,17,
18:51:16.332,,,,,,,,0,0,,,,
18:51:16.601,,,,,,,66,,,,,,
18:51:16.842,7.947491361912599,0,0.41367438366666665,0.413668,0.413668,0.413668,,,,,-0.011234235726767747,16,
18:51:17.082,,,,,,,,0,0,,,,
18:51:17.351,7.971988332095245,0,0.4160754145555555,0.416069,0.416069,0.416069,,,,,,17,
18:51:17.591,,,,,,,,0,0,,,,
18:51:17.862,,,,,,,66,,,,,,
18:51:18.101,8.00411376537299,0,0.41943053233333333,0.419424,0.419424,0.419424,,,,,,16,
18:51:18.343,,,,,,,,0,0,,,,
18:51:18.610,8.025437025371462,0,0.4216724181111111,0.421666,0.421666,0.421666,,,,,,16,
18:51:18.853,,,,,,,,0,0,,,,
18:51:19.079,,,,,,,,,,,,,
18:51:19.089,,,,,,,,,,33,,,
18:51:19.329,,,,,,,65,,,,,,
18:51:19.569,8.065616568438054,0,0.4259295616666667,0.425923,0.425923,0.425923,,,,,0,16,
18:51:19.810,,,,,,,,0,0,,,,
18:51:20.045,8.085473120598943,0,0.4280493821111111,0.428043,0.428043,0.428043,,,,,-0.010511498008264415,16,
18:51:20.287,,,,,,,,0,0,,,,
18:51:20.532,,,,,,,65,,,,,,
18:51:20.768,8.115403645748222,0,0.43126484344444443,0.431258,0.431258,0.431258,,,,,0,16,
18:51:21.008,,,,,,,,0,0,,,,
18:51:21.281,8.136477174372967,0,0.43354347455555553,0.433537,0.433537,0.433537,,,,,0,16,
18:51:21.517,,,,,,,,0,0,,,,
18:51:21.789,,,,,,,65,,,,,,
18:51:22.028,8.166993665467597,0,0.4368648834444444,0.436858,0.436858,0.436858,,,,,0,16,
18:51:22.272,,,,,,,,0,0,,,,
18:51:22.539,8.187702801823532,0,0.4391336412222222,0.439127,0.439127,0.439127,,,,,0,16,
18:51:22.784,,,,,,,,0,0,,,,
18:51:23.049,,,,,,,64,,,,,,
18:51:23.285,8.217753910384003,0,0.4424473181111111,0.442441,0.442441,0.442441,,,,,0,16,
18:51:23.534,,,,,,,,0,0,,,,
18:51:23.776,8.234903929132457,0,0.44449465977777775,0.444488,0.444488,0.444488,,,,,-0.011352028257784136,15,
18:51:24.008,,,,,,,,0,0,,,,
18:51:24.250,,,,,,,64,,,,,,
18:51:24.492,8.25973564030968,0,0.44747749311111107,0.447471,0.447471,0.447471,,,,,-0.011499163105838647,15,
18:51:24.730,,,,,,,,0,0,,,,
18:51:24.999,8.274635407371214,0,0.44945132161111107,0.449445,0.449445,0.449445,,,,,-0.023025085002871086,14,
18:51:25.240,,,,,,,,0,0,,,,
18:51:25.511,,,,,,,64,,,,,,
18:51:25.749,8.300335248644027,0,0.4525766986944444,0.45257,0.45257,0.45257,,,,,,15,
18:51:25.989,,,,,,,,0,0,,,,
18:51:26.264,8.317846468908517,0,0.45472002244444437,0.454713,0.454713,0.454713,,,,,,15,
18:51:26.499,,,,,,,,0,0,,,,
18:51:26.772,,,,,,,63,,,,,,
18:51:27.010,8.346841863452813,0,0.4580339384444444,0.458027,0.458027,0.458027,,,,,,16,
18:51:27.253,,,,,,,,0,0,,,,
18:51:27.498,8.363428124027031,0,0.4600911142777777,0.460084,0.460084,0.460084,,,,,,15,
18:51:27.730,,,,,,,,0,0,,,,
18:51:27.969,,,,,,,63,,,,,,
18:51:28.212,8.390673602364593,0,0.4632426898333333,0.463236,0.463236,0.463236,,,,,,16,
18:51:28.453,,,,,,,,0,0,,,,
18:51:28.721,8.410106398118621,0,0.46550437072222217,0.465498,0.465498,0.465498,,,,,,16,
18:51:28.962,,,,,,,,0,0,,,,
18:51:29.233,,,,,,,63,,,,,,
18:51:29.469,8.434760893718643,0,0.46862224863888885,0.468616,0.468616,0.468616,,,,,,15,
18:51:29.711,,,,,,,,0,0,,,,
18:51:29.981,8.451510882412434,0,0.47075389322222216,0.470748,0.470748,0.470748,,,,,0,15,
18:51:30.219,,,,,,,,0,0,,,,
18:51:30.492,,,,,,,63,,,,,,
18:51:30.731,8.475903907530995,0,0.4738777861388888,0.473872,0.473872,0.473872,,,,,-0.011247052281025958,15,
18:51:31.003,,,,,,,,0,0,,,,
18:51:31.271,8.490688180103993,0,0.4759782294722221,0.475972,0.475972,0.475972,,,,,-0.022217959827192914,14,
18:51:31.512,,,,,,,,0,0,,,,
18:51:31.778,,,,,,,63,,,,,,
18:51:32.019,8.499954868906267,0,0.47826389991666657,0.478258,0.478258,0.478258,,,,,-0.04444022811476804,11,
18:51:32.259,,,,,,,,0,0,,,,
18:51:32.529,8.501211410940613,0,0.47953961591666655,0.479534,0.479534,0.479534,,,,,-0.06669276341574067,9,
18:51:32.776,,,,,,,,0,0,,,,
18:51:33.040,,,,,,,63,,,,,,
18:51:33.281,8.49198464853803,0,0.48079275391666654,0.480787,0.480787,0.480787,,,,,-0.09995666682016523,6,
18:51:33.522,,,,,,,,0,0,,,,
18:51:33.791,8.480776007478367,0,0.48135926502777765,0.481354,0.481354,0.481354,,,,,-0.11239827665527097,4,
18:51:34.028,,,,,,,,0,0,,,,
18:51:34.304,,,,,,,63,,,,,,
18:51:34.538,8.457155184284929,0,0.4817745225833332,0.481769,0.481769,0.481769,,,,,-0.10118201305701795,2,
18:51:34.780,,,,,,,,0,0,,,,
18:51:35.049,8.438622140736335,0,0.4819164524444443,0.481911,0.481911,0.481911,,,,,-0.08991761870979874,1,
18:51:35.290,,,,,,,,0,0,,,,
18:51:35.561,,,,,,,64,,,,,,
18:51:35.800,8.407931903322325,,0.4819164524444443,0.481911,0.481911,0.481911,,,,,-0.06746457477926814,0,
18:51:36.039,,,,,,,,0,0,,,,
18:51:36.280,8.388427699654049,,0.4819164524444443,0.481911,0.481911,0.481911,,,,,-0.04552674000172221,0,
18:51:36.518,,,,,,,,0,0,,,,
18:51:36.760,,,,,,,64,,,,,,
18:51:37.001,8.362754055973317,0,0.4821167789444443,0.482111,0.482111,0.482111,,,,,,1,
18:51:37.240,,,,,,,,0,0,,,,
18:51:37.512,8.34713430238594,0,0.4824005247222221,0.482395,0.482395,0.482395,,,,,,2,
18:51:37.751,,,,,,,,0,0,,,,
18:51:38.019,,,,,,,64,,,,,,
18:51:38.261,8.335126869149848,0,0.48344087166666655,0.483435,0.483435,0.483435,,,,,0.05756384020104856,5,
18:51:38.499,,,,,,,,0,0,,,,
18:51:38.745,8.33203533139099,0,0.48438316908333323,0.484377,0.484377,0.484377,,,,,0.08042073256859353,7,
18:51:38.983,,,,,,,,0,0,,,,
18:51:39.250,,,,,,,64,,,,,,
18:51:39.490,8.334404755009581,0,0.48624574058333325,0.48624,0.48624,0.48624,,,,,0.09102225642915165,9,
18:51:39.731,,,,,,,,0,0,,,,
18:51:39.999,8.338432494145934,0,0.4876599853055555,0.487654,0.487654,0.487654,,,,,0.09108187667645028,10,
18:51:40.243,,,,,,,,0,0,,,,
18:51:40.504,,,,,,,65,,,,,,
18:51:40.753,8.351483578830937,0,0.49017039297222215,0.490164,0.490164,0.490164,,,,,0.0795557038650903,12,
18:51:41.019,,,,,,,,0,0,,,,
18:51:41.259,8.362585966895388,0,0.4919970933888888,0.491991,0.491991,0.491991,,,,,0.06761302799504364,13,
18:51:41.503,,,,,,,,0,0,,,,
18:51:41.741,,,,,,,65,,,,,,
18:51:41.982,8.385464463338865,0,0.49504949255555547,0.495043,0.495043,0.495043,,,,,0.06821474638605587,15,
18:51:42.250,,,,,,,,0,0,,,,
18:51:42.491,8.400990085775696,0,0.4971329421388888,0.497126,0.497126,0.497126,,,,,0.05684514969271999,15,
18:51:42.731,,,,,,,,0,0,,,,
18:51:42.969,,,,,,,65,,,,,,
18:51:43.215,8.430121191224744,0,0.5005525261388888,0.500546,0.500546,0.500546,,,,,0.05751645200324435,17,
18:51:43.453,,,,,,,,0,0,,,,
18:51:43.751,8.451571843453895,0,0.5030854316944443,0.503079,0.503079,0.503079,,,,,0.045456433486356335,17,
18:51:43.992,,,,,,,,0,0,,,,
18:51:44.262,,,,,,,65,,,,,,
18:51:44.503,8.484933056637924,0,0.5068421336944443,0.506836,0.506836,0.506836,,,,,0.033706419584125534,18,
18:51:44.741,,,,,,,,0,0,,,,
18:51:45.005,8.507104216255726,0,0.5093533636944443,0.509347,0.509347,0.509347,,,,,0.03380092535358607,18,
18:51:45.251,,,,,,,,0,0,,,,
18:51:45.521,,,,,,,65,,,,,,
18:51:45.760,8.543705819114795,0,0.513335474472222,0.513329,0.513329,0.513329,,,,,0.022266625779396556,19,
18:51:46.002,,,,,,,,0,0,,,,
18:51:46.271,8.570755288049122,0,0.5161794522499998,0.516173,0.516173,0.516173,,,,,0.033722164608887654,20,
18:51:46.510,,,,,,,,0,0,,,,
18:51:46.778,,,,,,,65,,,,,,
18:51:47.022,8.60674865894403,0,0.5201422901666665,0.520136,0.520136,0.520136,,,,,,19,
18:51:47.263,,,,,,,,0,0,,,,
18:51:47.532,8.633354450790241,0,0.5229714462777776,0.522965,0.522965,0.522965,,,,,,20,
18:51:47.773,,,,,,,,0,0,,,,
18:51:48.041,,,,,,,65,,,,,,
18:51:48.279,8.672198831067583,0,0.5271258718333331,0.527119,0.527119,0.527119,,,,,,20,
18:51:48.521,,,,,,,,0,0,,,,
18:51:48.793,8.698735771520584,0,0.5299804301666665,0.529974,0.529974,0.529974,,,,,,20,
18:51:49.030,,,,,,,,0,0,,,,
18:51:49.299,,,,,,,65,,,,,,
18:51:49.545,8.737357596016606,0,0.5341589857222221,0.534153,0.534153,0.534153,,,,,0.011226685373349034,20,
18:51:49.784,,,,,,,,0,0,,,,
18:51:50.050,8.763109414044004,0,0.5369610762777777,0.536955,0.536955,0.536955,,,,,0,20,
18:51:50.292,,,,,,,,0,0,,,,
18:51:50.560,,,,,,,65,,,,,,
18:51:50.803,8.801366478853165,0,0.5411476734999999,0.541142,0.541142,0.541142,,,,,0,20,
18:51:51.040,,,,,,,,0,0,,,,
18:51:51.310,8.826934718525177,0,0.5439616740555555,0.543956,0.543956,0.543956,,,,,0,20,
18:51:51.551,,,,,,,,0,0,,,,
18:51:51.822,,,,,,,65,,,,,,
18:51:52.063,8.864725810234315,0,0.5481445684999999,0.548139,0.548139,0.548139,,,,,0,20,
18:51:52.300,,,,,,,,0,0,,,,
18:51:52.572,8.887880764809454,0,0.5508347721666665,0.550829,0.550829,0.550829,,,,,-0.011228101877042412,19,
18:51:52.812,,,,,,,,0,0,,,,
18:51:53.082,,,,,,,65,,,,,,
18:51:53.323,8.921772762515213,0,0.554794722611111,0.554789,0.554789,0.554789,,,,,-0.011242669007472082,19,
18:51:53.562,,,,,,,,0,0,,,,
18:51:53.833,8.944704960957973,0,0.5574892688333332,0.557484,0.557484,0.557484,,,,,-0.011224353793812081,19,
18:51:54.071,,,,,,,,0,0,,,,
18:51:54.343,,,,,,,65,,,,,,
18:51:54.580,8.978051570401158,0,0.5614295173333331,0.561424,0.561424,0.561424,,,,,-0.011252765170819428,19,
18:51:54.820,,,,,,,,0,0,,,,
18:51:55.093,8.99855204623635,0,0.5639930403333331,0.563988,0.563988,0.563988,,,,,-0.011239623397654178,18,
18:51:55.333,,,,,,,,0,0,,,,
18:51:55.601,,,,,,,65,,,,,,
18:51:55.834,9.02805427294942,0,0.5677027658333331,0.567698,0.567698,0.567698,,,,,-0.011277121288536638,18,
18:51:56.081,,,,,,,,0,0,,,,
18:51:56.353,9.048560593801477,0,0.5702957163333331,0.570291,0.570291,0.570291,,,,,-0.011240940565239877,18,
18:51:56.592,,,,,,,,0,0,,,,
18:51:56.860,,,,,,,65,,,,,,
18:51:57.102,9.078026931352163,0,0.574042497833333,0.574038,0.574038,0.574038,,,,,-0.01122940922254159,18,
18:51:57.341,,,,,,,,0,0,,,,
18:51:57.615,9.09807384788165,0,0.5766057343333331,0.576601,0.576601,0.576601,,,,,0,18,
18:51:57.852,,,,,,,,0,0,,,,
18:51:58.122,,,,,,,65,,,,,,
18:51:58.363,9.127158371321043,0,0.5803451283333331,0.58034,0.58034,0.58034,,,,,0,18,
18:51:58.602,,,,,,,,0,0,,,,
18:51:58.872,9.14683790846316,0,0.582889260833333,0.582884,0.582884,0.582884,,,,,0,18,
18:51:59.111,,,,,,,,0,0,,,,
18:51:59.383,,,,,,,65,,,,,,
18:51:59.621,9.172405912571008,0,0.5864278693888886,0.586423,0.586423,0.586423,,,,,-0.01124522070255608,17,
18:51:59.859,,,,,,,,0,0,,,,
18:52:00.132,9.18975025616105,0,0.588841513333333,0.588837,0.588837,0.588837,,,,,-0.011252758465295937,17,
18:52:00.371,,,,,,,,0,0,,,,
18:52:00.638,,,,,,,65,,,,,,
18:52:00.879,9.211711927035722,0,0.592158317333333,0.592154,0.592154,0.592154,,,,,-0.02252017400681987,16,
18:52:01.121,,,,,,,,0,0,,,,
18:52:01.391,9.222295336995437,0,0.5941518889444442,0.594148,0.594148,0.594148,,,,,-0.04497186125690584,14,
18:52:01.631,,,,,,,,1596,1.6,,,,
18:52:01.898,,,,,,,65,,,,,,
18:52:02.138,9.228041633964034,0,0.5964500776944441,0.596446,0.596446,0.596446,,,,,-0.06751964888393643,11,
18:52:02.386,,,,,,,,1392,1.4,,,,
18:52:02.617,9.229607522523184,0,0.5977638296388886,0.59776,0.59776,0.59776,,,,,-0.07980586905568873,10,
18:52:02.862,,,,,,,,1385,1.4,,,,
18:52:03.099,,,,,,,65,,,,,,
18:52:03.336,9.231975400794974,0,0.599760611583333,0.599757,0.599757,0.599757,,,,,-0.06916816989751758,10,
18:52:03.588,,,,,,,,1385,1.4,,,,
18:52:03.818,9.233554574228307,0,0.6010991532499997,0.601096,0.601096,0.601096,,,,,-0.046696304036817717,10,
18:52:04.065,,,,,,,,1373,1.4,,,,
18:52:04.300,,,,,,,65,,,,,,
18:52:04.536,9.238950215340015,0,0.6032931768888886,0.60329,0.60329,0.60329,,,,,,11,
18:52:04.785,,,,,,,,1388,1.4,,,,
18:52:05.016,9.2425412316974,0,0.6047608546388886,0.604758,0.604758,0.604758,,,,,0.011806521823335647,11,
18:52:05.264,,,,,,,,1386,1.4,,,,
18:52:05.500,,,,,,,65,,,,,,
18:52:05.739,9.25098196080859,0,0.6071717363055553,0.607169,0.607169,0.607169,,,,,0.02356964612392661,12,
18:52:05.975,,,,,,,,1386,1.4,,,,
18:52:06.226,9.258688998749028,0,0.6089293796388886,0.608927,0.608927,0.608927,,,,,0.03528361872569098,13,
18:52:06.461,,,,,,,,1385,1.4,,,,
18:52:06.725,,,,,,,65,,,,,,
18:52:06.968,9.273506236729865,0,0.6118158934166664,0.611814,0.611814,0.611814,,,,,0.03493295469784513,14,
18:52:07.217,,,,,,,,1386,1.4,,,,
18:52:07.453,9.283131593777174,0,0.6137007048611108,0.613699,0.613699,0.613699,,,,,0.03487074069507454,14,
18:52:07.688,,,,,,,,1385,1.4,,,,
18:52:07.927,,,,,,,65,,,,,,
18:52:08.179,9.300522766347111,0,0.6167265536111108,0.616725,0.616725,0.616725,,,,,0.0348288899240933,15,
18:52:08.407,,,,,,,,1417,1.4,,,,
18:52:08.646,9.30981481866945,0,0.6185657791111109,0.618564,0.618564,0.618564,,,,,,14,
18:52:08.888,,,,,,,,1549,1.5,,,,
18:52:09.126,,,,,,,65,,,,,,
18:52:09.368,9.317865719686978,0,0.6209590401111109,0.620957,0.620957,0.620957,,,,,,12,
18:52:09.615,,,,,,,,1402,1.4,,,,
18:52:09.852,9.32125347836616,0,0.6224383751111109,0.622436,0.622436,0.622436,,,,,-0.03541764484700488,11,
18:52:10.099,,,,,,,,1384,1.4,,,,
18:52:10.327,,,,,,,65,,,,,,
18:52:10.569,9.317321651937965,0,0.6240328384444442,0.62403,0.62403,0.62403,,,,,-0.0829745057842432,8,
18:52:10.818,,,,,,,,1383,1.4,,,,
18:52:11.045,9.31082359947019,0,0.6248215437777775,0.624819,0.624819,0.624819,,,,,-0.09448239227447527,6,
18:52:11.297,,,,,,,,1383,1.4,,,,
18:52:11.536,,,,,,,66,,,,,,
18:52:11.775,9.297840817032162,0,0.6258351175277775,0.625833,0.625833,0.625833,,,,,-0.08238462949901056,5,
18:52:12.010,,,,,,,,1383,1.4,,,,
18:52:12.244,9.289532056832645,0,0.6264870072499997,0.626485,0.626485,0.626485,,,,,-0.07105527304231643,5,
18:52:12.490,,,,,,,,1385,1.4,,,,
18:52:12.762,,,,,,,66,,,,,,
18:52:13.006,9.276072611352383,0,0.6275483858611108,0.627546,0.627546,0.627546,,,,,-0.03486005906916692,5,
18:52:13.241,,,,,,,,1388,1.4,,,,
18:52:13.479,9.27167980314768,0,0.6284641344166664,0.628462,0.628462,0.628462,,,,,,7,
18:52:13.716,,,,,,,,1384,1.4,,,,
18:52:13.970,,,,,,,66,,,,,,
18:52:14.197,9.265012492586905,0,0.629860824972222,0.629859,0.629859,0.629859,,,,,0.023382971746842028,7,
18:52:14.436,,,,,,,,1385,1.4,,,,
18:52:14.678,9.264493015530986,0,0.631062517222222,0.631061,0.631061,0.631061,,,,,0.046546532828132245,9,
18:52:14.916,,,,,,,,1386,1.4,,,,
18:52:15.161,,,,,,,66,,,,,,
18:52:15.396,9.269560839685717,0,0.6332568809444442,0.633255,0.633255,0.633255,,,,,0.07111152690234036,11,
18:52:15.638,,,,,,,,1386,1.4,,,,
18:52:15.881,9.274931513727829,0,0.6348725536111108,0.634871,0.634871,0.634871,,,,,0.05896684723280325,12,
18:52:16.120,,,,,,,,1385,1.4,,,,
18:52:16.395,,,,,,,66,,,,,,
18:52:16.638,9.28634626886489,0,0.6376077239999998,0.637606,0.637606,0.637606,,,,,0.06962418375207058,13,
18:52:16.865,,,,,,,,1384,1.4,,,,
18:52:17.113,9.295391035329157,0,0.6394557605555553,0.639454,0.639454,0.639454,,,,,0.05816405250632055,14,
18:52:17.348,,,,,,,,1386,1.4,,,,
18:52:17.589,,,,,,,67,,,,,,
18:52:17.831,9.311900406207684,0,0.642450764722222,0.642449,0.642449,0.642449,,,,,0.04652906934059544,15,
18:52:18.069,,,,,,,,1385,1.4,,,,
18:52:18.304,9.324580174571807,0,0.6445475513888886,0.644546,0.644546,0.644546,,,,,0.04675611652181457,16,
18:52:18.551,,,,,,,,1385,1.4,,,,
18:52:18.788,,,,,,,67,,,,,,
18:52:19.032,9.34405227528889,0,0.647783104722222,0.647782,0.647782,0.647782,,,,,0.035498606430417155,16,
18:52:19.268,,,,,,,,1385,1.4,,,,
18:52:19.539,9.359578069713633,0,0.6501779627222221,0.650177,0.650177,0.650177,,,,,0.03503099749029681,17,
18:52:19.774,,,,,,,,1385,1.4,,,,
18:52:20.049,,,,,,,68,,,,,,
18:52:20.288,9.379406150978667,0,0.6535067013888888,0.653506,0.653506,0.653506,,,,,,16,
18:52:20.527,,,,,,,,1384,1.4,,,,
18:52:20.777,9.392292662407598,0,0.6556808000555554,0.65568,0.65568,0.65568,,,,,,16,
18:52:21.004,,,,,,,,1385,1.4,,,,
18:52:21.253,,,,,,,68,,,,,,
18:52:21.489,9.410958426312215,0,0.6588450031666665,0.658844,0.658844,0.658844,,,,,0,16,
18:52:21.732,,,,,,,,1386,1.4,,,,
18:52:21.971,9.423529457493537,0,0.6609861547222221,0.660985,0.660985,0.660985,,,,,-0.011645259406618822,16,
18:52:22.207,,,,,,,,1382,1.4,,,,
18:52:22.448,,,,,,,68,,,,,,
18:52:22.696,9.442350141452183,0,0.6642071191666665,0.664206,0.664206,0.664206,,,,,0,16,
18:52:22.931,,,,,,,,1385,1.4,,,,
18:52:23.175,9.45472444009964,0,0.6663349449444443,0.666334,0.666334,0.666334,,,,,0,16,
18:52:23.417,,,,,,,,1386,1.4,,,,
18:52:23.646,,,,,,,68,,,,,,
18:52:23.897,9.476134546716827,0,0.6697442859722221,0.669743,0.669743,0.669743,,,,,0.01176700477992354,17,
18:52:24.126,,,,,,,,1385,1.4,,,,
18:52:24.367,9.488167997346208,0,0.6718339899722221,0.671833,0.671833,0.671833,,,,,,16,
18:52:24.607,,,,,,,,1385,1.4,,,,
18:52:24.846,,,,,,,69,,,,,,
18:52:25.084,9.50649976920928,0,0.6750323339722221,0.675031,0.675031,0.675031,,,,,,16,
18:52:25.327,,,,,,,,1388,1.4,,,,
18:52:25.565,9.518646801772752,0,0.6771615926388888,0.67716,0.67716,0.67716,,,,,0,16,
18:52:25.817,,,,,,,,1388,1.4,,,,
18:52:26.048,,,,,,,69,,,,,,
18:52:26.294,9.534192726820221,0,0.6801966759722221,0.680195,0.680195,0.680195,,,,,-0.023631272875249063,15,
18:52:26.527,,,,,,,,1578,1.6,,,,
18:52:26.766,9.54054947271865,0,0.6819008802777776,0.681899,0.681899,0.681899,,,,,-0.03542038338500689,13,
18:52:27.014,,,,,,,,1432,1.4,,,,
18:52:27.246,,,,,,,69,,,,,,
18:52:27.494,9.539024219229614,0,0.6837211012777776,0.683719,0.683719,0.683719,,,,,-0.08227936400110085,9,
18:52:27.727,,,,,,,,1385,1.4,,,,
18:52:27.966,9.536212768698459,0,0.684770508611111,0.684768,0.684768,0.684768,,,,,-0.09439029520073972,8,
18:52:28.210,,,,,,,,1391,1.4,,,,
18:52:28.446,,,,,,,70,,,,,,
18:52:28.685,9.520853449630165,0,0.6855695970555554,0.685567,0.685567,0.685567,,,,,-0.130288612847768,4,
18:52:28.930,,,,,,,,1388,1.4,,,,
18:52:29.167,9.508759044874655,0,0.6859710024722221,0.685968,0.685968,0.685968,,,,,-0.11796270122627203,3,
18:52:29.412,,,,,,,,1385,1.4,,,,
18:52:29.647,,,,,,,70,,,,,,
18:52:29.888,9.485210676759374,0,0.686171209861111,0.686168,0.686168,0.686168,,,,,-0.09465991746504274,1,
18:52:30.134,,,,,,,,1378,1.4,,,,
18:52:30.366,9.469672481593804,0,0.6863039246944443,0.686301,0.686301,0.686301,,,,,-0.08263703130554226,1,
18:52:30.608,,,,,,,,1382,1.4,,,,
18:52:30.849,,,,,,,70,,,,,,
18:52:31.088,9.449046233711178,0,0.6867052819166666,0.686702,0.686702,0.686702,,,,,,2,
18:52:31.329,,,,,,,,1400,1.4,,,,
18:52:31.570,9.435346158238884,0,0.6869730964722222,0.68697,0.68697,0.68697,,,,,,2,
18:52:31.806,,,,,,,,1385,1.4,,,,
18:52:32.050,,,,,,,70,,,,,,
18:52:32.287,9.417787378054596,0,0.6875706986388889,0.687568,0.687568,0.687568,,,,,0.02361031764103461,3,
18:52:32.531,,,,,,,,1389,1.4,,,,
18:52:32.776,9.409581438517684,0,0.688250010861111,0.688247,0.688247,0.688247,,,,,0.046998666985513624,5,
18:52:33.005,,,,,,,,1578,1.6,,,,
18:52:33.250,,,,,,,71,,,,,,
18:52:33.487,9.405789706930348,0,0.6898282875277777,0.689825,0.689825,0.689825,,,,,0.07085657975036118,8,
18:52:33.727,,,,,,,,1536,1.5,,,,
18:52:33.979,9.408799992999112,0,0.6913545225555555,0.691351,0.691351,0.691351,,,,,0.10582106574055161,11,
18:52:34.208,,,,,,,,0,0,,,,
18:52:34.456,,,,,,,71,,,,,,
18:52:34.689,9.420970797235602,0,0.6940887867222222,0.694085,0.694085,0.694085,,,,,0.1297214306869034,14,
18:52:34.929,,,,,,,,0,0,,,,
18:52:35.171,9.432903606273964,0,0.6962307333888889,0.696227,0.696227,0.696227,,,,,0.13010976398611396,16,
18:52:35.408,,,,,,,,0,0,,,,
18:52:35.655,,,,,,,71,,,,,,
18:52:35.896,9.456205772170462,0,0.6998542128888888,0.69985,0.69985,0.69985,,,,,0.11757288577218446,18,
18:52:36.130,,,,,,,,0,0,,,,
18:52:36.434,9.473436501473884,0,0.7025463228888889,0.702542,0.702542,0.702542,,,,,0.08078107920807161,18,
18:52:36.672,,,,,,,,0,0,,,,
18:52:36.942,,,,,,,71,,,,,,
18:52:37.179,9.499949787216101,0,0.7064787317777778,0.706474,0.706474,0.706474,,,,,0.05688739756112895,19,
18:52:37.418,,,,,,,,0,0,,,,
18:52:37.693,9.516231961807778,0,0.7090477897777777,0.709043,0.709043,0.709043,,,,,,18,
18:52:37.929,,,,,,,,0,0,,,,
18:52:38.202,,,,,,,71,,,,,,
18:52:38.440,9.534256162038035,0,0.7123710777777778,0.712366,0.712366,0.712366,,,,,,16,
18:52:38.680,,,,,,,,0,0,,,,
18:52:38.951,9.542718763659929,0,0.7143570874444444,0.714352,0.714352,0.714352,,,,,-0.04500837148039716,14,
18:52:39.190,,,,,,,,0,0,,,,
18:52:39.461,,,,,,,71,,,,,,
18:52:39.703,9.543990669051977,0,0.7164450577222221,0.71644,0.71644,0.71644,,,,,-0.10100730456114755,10,
18:52:39.943,,,,,,,,0,0,,,,
18:52:40.212,9.541085987413318,0,0.717576974611111,0.717572,0.717572,0.717572,,,,,-0.11242677039678144,8,
18:52:40.450,,,,,,,,0,0,,,,
18:52:40.719,,,,,,,71,,,,,,
18:52:40.962,9.525780230313593,0,0.7184102563888888,0.718405,0.718405,0.718405,,,,,-0.1347918503604945,4,
18:52:41.201,,,,,,,,0,0,,,,
18:52:41.471,9.51542993661591,0,0.7189763721666665,0.718971,0.718971,0.718971,,,,,-0.11238484450488909,4,
18:52:41.710,,,,,,,,0,0,,,,
18:52:41.979,,,,,,,71,,,,,,
18:52:42.218,9.500332501370275,0,0.7198059562777777,0.719801,0.719801,0.719801,,,,,-0.06756330183701996,4,
18:52:42.461,,,,,,,,0,0,,,,
18:52:42.730,9.491903526955571,0,0.7205168275277777,0.720512,0.720512,0.720512,,,,,,5,
18:52:42.971,,,,,,,,0,0,,,,
18:52:43.241,,,,,,,70,,,,,,
18:52:43.483,9.482308044178522,0,0.7217718216944443,0.721767,0.721767,0.721767,,,,,0.0224696700850415,6,
18:52:43.717,,,,,,,,0,0,,,,
18:52:43.959,9.477955600103689,0,0.7227077090555555,0.722703,0.722703,0.722703,,,,,0.0341569489892393,7,
18:52:44.199,,,,,,,,0,0,,,,
18:52:44.441,,,,,,,70,,,,,,
18:52:44.678,9.474123306031041,0,0.7242935623888889,0.724289,0.724289,0.724289,,,,,0.046061655469414285,8,
18:52:44.919,,,,,,,,0,0,,,,
18:52:45.190,9.473242462497355,0,0.7255742203888889,0.72557,0.72557,0.72557,,,,,0.04604662349379725,9,
18:52:45.434,,,,,,,,0,0,,,,
18:52:45.703,,,,,,,70,,,,,,
18:52:45.937,9.477364198506228,0,0.7278548775833333,0.727851,0.727851,0.727851,,,,,0.05772778248480313,11,
18:52:46.180,,,,,,,,0,0,,,,
18:52:46.453,9.482064515464197,0,0.72957524425,0.729571,0.729571,0.729571,,,,,0.056802173998702396,12,
18:52:46.694,,,,,,,,0,0,,,,
18:52:46.961,,,,,,,70,,,,,,
18:52:47.202,9.491553562255115,0,0.7322805619444445,0.732276,0.732276,0.732276,,,,,0.05611407531892397,13,
18:52:47.441,,,,,,,,0,0,,,,
18:52:47.710,9.496135304690759,0,0.7339746706111111,0.73397,0.73397,0.73397,,,,,,12,
18:52:47.951,,,,,,,,0,0,,,,
18:52:48.220,,,,,,,70,,,,,,
18:52:48.462,9.49749303659348,0,0.7360630342222222,0.736058,0.736058,0.736058,,,,,,10,
18:52:48.703,,,,,,,,0,0,,,,
18:52:48.972,9.496584566594734,0,0.7373390789722222,0.737334,0.737334,0.737334,,,,,-0.03372510229348243,9,
18:52:49.210,,,,,,,,0,0,,,,
18:52:49.482,,,,,,,70,,,,,,
18:52:49.720,9.48725178636277,0,0.7385858273055556,0.738581,0.738581,0.738581,,,,,-0.07872838126757133,6,
18:52:49.959,,,,,,,,0,0,,,,
18:52:50.229,9.477305219310354,0,0.73915131975,0.739146,0.739146,0.739146,,,,,-0.08995140592843541,4,
18:52:50.475,,,,,,,,0,0,,,,
18:52:50.738,,,,,,,70,,,,,,
18:52:50.979,9.454718458594678,0,0.7393596744444445,0.739354,0.739354,0.739354,,,,,-0.10126904904163764,1,
18:52:51.217,,,,,,,,0,0,,,,
18:52:51.493,9.437494597837576,,0.7393596744444445,0.739354,0.739354,0.739354,,,,,-0.10112734950769289,0,
18:52:51.732,,,,,,,,0,0,,,,
18:52:51.997,,,,,,,70,,,,,,
18:52:52.240,9.412559000273465,,0.7393596744444445,0.739354,0.739354,0.739354,,,,,-0.0674421934602581,0,
18:52:52.483,,,,,,,,0,0,,,,
18:52:52.752,9.395552717301088,,0.7393596744444445,0.739354,0.739354,0.739354,,,,,-0.044909060773039536,0,
18:52:52.990,,,,,,,,0,0,,,,
18:52:53.232,,,,,,,69,,,,,,
18:52:53.468,9.371893745898017,,0.7393596744444445,0.739354,0.739354,0.739354,,,,,-0.011382300609273116,0,
18:52:53.709,,,,,,,,0,0,,,,
18:52:53.947,9.35608910348405,,0.7393596744444445,0.739354,0.739354,0.739354,,,,,0,0,
18:52:54.192,,,,,,,,0,0,,,,
18:52:54.431,,,,,,,68,,,,,,
18:52:54.665,9.332562019093048,,0.7393596744444445,0.739354,0.739354,0.739354,,,,,0,0,
18:52:54.910,,,,,,,,0,0,,,,
18:52:55.148,9.316762979344695,,0.7393596744444445,0.739354,0.739354,0.739354,,,,,0,0,
18:52:55.385,,,,,,,,0,0,,,,
18:52:55.634,,,,,,,68,,,,,,
18:52:55.873,9.293169776690963,,0.7393596744444445,0.739354,0.739354,0.739354,,,,,0,0,
18:52:56.112,,,,,,,,0,0,,,,
18:52:56.381,9.27673427258339,,0.7393596744444445,0.739354,0.739354,0.739354,,,,,0,0,
18:52:56.620,,,,,,,,0,0,,,,
18:52:56.893,,,,,,,68,,,,,,
18:52:57.133,9.252462714748402,,0.7393596744444445,0.739354,0.739354,0.739354,,,,,0,0,
18:52:57.371,,,,,,,,0,0,,,,
18:52:57.641,9.23615126837695,,0.7393596744444445,0.739354,0.739354,0.739354,,,,,0,0,
18:52:57.881,,,,,,,,0,0,,,,
18:52:58.150,,,,,,,68,,,,,,
18:52:58.389,9.212239319593321,,0.7393596744444445,0.739354,0.739354,0.739354,,,,,0,0,
18:52:58.632,,,,,,,,0,0,,,,
18:52:58.901,9.195945029432474,,0.7393596744444445,0.739354,0.739354,0.739354,,,,,0,0,
18:52:59.142,,,,,,,,0,0,,,,
18:52:59.410,,,,,,,67,,,,,,
18:52:59.649,9.172267796607898,,0.7393596744444445,0.739354,0.739354,0.739354,,,,,0,0,
18:52:59.886,,,,,,,,0,0,,,,
18:53:00.134,9.15695117259269,,0.7393596744444445,0.739354,0.739354,0.739354,,,,,0,0,
18:53:00.370,,,,,,,,0,0,,,,
18:53:00.612,,,,,,,67,,,,,,
18:53:00.852,9.134382786899936,,0.7393596744444445,0.739354,0.739354,0.739354,,,,,0,0,
18:53:01.094,,,,,,,,0,0,,,,
18:53:01.360,9.118499950736298,,0.7393596744444445,0.739354,0.739354,0.739354,,,,,0,0,
18:53:01.602,,,,,,,,0,0,,,,
18:53:01.870,,,,,,,67,,,,,,
18:53:02.113,9.095035812342886,,0.7393596744444445,0.739354,0.739354,0.739354,,,,,0,0,
18:53:02.353,,,,,,,,0,0,,,,
18:53:02.621,9.079251030473117,,0.7393596744444445,0.739354,0.739354,0.739354,,,,,0,0,
18:53:02.864,,,,,,,,0,0,,,,
18:53:03.130,,,,,,,67,,,,,,
18:53:03.371,9.056086791913454,,0.7393596744444445,0.739354,0.739354,0.739354,,,,,0,0,
18:53:03.612,,,,,,,,0,0,,,,
18:53:03.881,9.040416987922722,,0.7393596744444445,0.739354,0.739354,0.739354,,,,,0,0,
18:53:04.125,,,,,,,,0,0,,,,
18:53:04.392,,,,,,,67,,,,,,
18:53:04.632,9.01739492230708,,0.7393596744444445,0.739354,0.739354,0.739354,,,,,0,0,
18:53:04.871,,,,,,,,0,0,,,,
18:53:05.141,9.001888389627947,,0.7393596744444445,0.739354,0.739354,0.739354,,,,,0,0,
18:53:05.381,,,,,,,,0,0,,,,
18:53:05.651,,,,,,,67,,,,,,
18:53:05.891,8.979094718516823,,0.7393596744444445,0.739354,0.739354,0.739354,,,,,0,0,
18:53:06.132,,,,,,,,0,0,,,,
18:53:06.401,8.96369160400904,,0.7393596744444445,0.739354,0.739354,0.739354,,,,,0,0,
18:53:06.641,,,,,,,,0,0,,,,
18:53:06.911,,,,,,,67,,,,,,
18:53:07.150,8.941135752950478,,0.7393596744444445,0.739354,0.739354,0.739354,,,,,0,0,
18:53:07.392,,,,,,,,0,0,,,,
18:53:07.662,8.925780566845479,,0.7393596744444445,0.739354,0.739354,0.739354,,,,,0,0,
18:53:07.900,,,,,,,,1364,1.4,,,,
18:53:08.171,,,,,,,67,,,,,,
18:53:08.410,8.908454619148161,0,0.7397751597222223,0.739769,0.739769,0.739769,,,,,0.022489211987760674,2,
18:53:08.646,,,,,,,,1533,1.5,,,,
18:53:08.888,8.898911253474353,0,0.740178199888889,0.740172,0.740172,0.740172,,,,,0.03415957293052116,3,
18:53:09.128,,,,,,,,1535,1.5,,,,
18:53:09.367,,,,,,,67,,,,,,
18:53:09.611,8.894371855737216,0,0.7415733805833334,0.741567,0.741567,0.741567,,,,,0.08055141447639003,7,
18:53:09.848,,,,,,,,1536,1.5,,,,
18:53:10.089,8.894539677910922,0,0.7427674830833334,0.742761,0.742761,0.742761,,,,,0.10502826736518316,9,
18:53:10.341,,,,,,,,1536,1.5,,,,
18:53:10.568,,,,,,,67,,,,,,
18:53:10.808,8.904329066821884,0,0.7453622794722223,0.745356,0.745356,0.745356,,,,,0.12996611318736123,13,
18:53:11.050,,,,,,,,0,0,,,,
18:53:11.320,8.912977552465918,0,0.7473546525277779,0.747348,0.747348,0.747348,,,,,0.12812996552131345,14,
18:53:11.560,,,,,,,,0,0,,,,
18:53:11.801,,,,,,,67,,,,,,
18:53:12.036,8.932110064015498,0,0.7507350274444445,0.750728,0.750728,0.750728,,,,,0.11682686999414828,17,
18:53:12.282,,,,,,,,0,0,,,,
18:53:12.517,8.946503569056835,0,0.7531402504444445,0.753133,0.753133,0.753133,,,,,0.10500374298131915,18,
18:53:12.756,,,,,,,,1543,1.5,,,,
18:53:13.011,,,,,,,68,,,,,,
18:53:13.238,8.97034631789722,0,0.7569425515555557,0.756935,0.756935,0.756935,,,,,0.06994853736537869,19,
18:53:13.477,,,,,,,,1539,1.5,,,,
18:53:13.719,8.987802633274251,0,0.7596177887777779,0.75961,0.75961,0.75961,,,,,0.07084732856583818,20,
18:53:13.960,,,,,,,,1507,1.5,,,,
18:53:14.201,,,,,,,68,,,,,,
18:53:14.437,9.011384690292365,0,0.7634089442777778,0.763401,0.763401,0.763401,,,,,,19,
18:53:14.677,,,,,,,,0,0,,,,
18:53:14.920,9.027174532845063,0,0.7659574105833334,0.765949,0.765949,0.765949,,,,,,19,
18:53:15.158,,,,,,,,0,0,,,,
18:53:15.397,,,,,,,69,,,,,,
18:53:15.641,9.04829969119044,0,0.7695617005833334,0.769553,0.769553,0.769553,,,,,-0.011784739219828139,18,
18:53:15.879,,,,,,,,0,0,,,,
18:53:16.121,9.06075374706345,0,0.7718297730555557,0.771821,0.771821,0.771821,,,,,-0.035377789896236383,17,
18:53:16.357,,,,,,,,0,0,,,,
18:53:16.601,,,,,,,69,,,,,,
18:53:16.843,9.077051678784835,0,0.7750383952777778,0.77503,0.77503,0.77503,,,,,-0.03532675222644133,16,
18:53:17.083,,,,,,,,0,0,,,,
18:53:17.351,9.088467586229537,0,0.7772948908333334,0.777286,0.777286,0.777286,,,,,-0.03496608151919377,16,
18:53:17.589,,,,,,,,0,0,,,,
18:53:17.862,,,,,,,70,,,,,,
18:53:18.097,9.10758038804126,0,0.7808158278888889,0.780807,0.780807,0.780807,,,,,,17,
18:53:18.339,,,,,,,,0,0,,,,
18:53:18.579,9.121454506795518,0,0.7832272968888889,0.783218,0.783218,0.783218,,,,,,18,
18:53:18.815,,,,,,,,0,0,,,,
18:53:19.059,,,,,,,70,,,,,,
18:53:19.302,9.144509826651143,0,0.7870438406111111,0.787035,0.787035,0.787035,,,,,0.034559340171111466,19,
18:53:19.541,,,,,,,,0,0,,,,
18:53:19.810,9.162302845704302,0,0.7898698989444445,0.789861,0.789861,0.789861,,,,,0.04606225657805402,20,
18:53:20.049,,,,,,,,0,0,,,,
18:53:20.350,,,,,,,69,,,,,,
18:53:20.584,9.191729661202046,0,0.7943814636944445,0.794373,0.794373,0.794373,,,,,0.045547853145118514,21,
18:53:20.830,,,,,,,,0,0,,,,
18:53:21.067,9.210007944453762,0,0.7971951329444446,0.797187,0.797187,0.797187,,,,,0.0341599368265254,21,
18:53:21.315,,,,,,,,0,0,,,,
18:53:21.551,,,,,,,69,,,,,,
18:53:21.793,9.239773498336191,0,0.801637177388889,0.801629,0.801629,0.801629,,,,,0.03411030170187288,22,
18:53:22.033,,,,,,,,0,0,,,,
18:53:22.298,9.262009368534617,0,0.80486697475,0.804859,0.804859,0.804859,,,,,0.03415181074723578,23,
18:53:22.542,,,,,,,,0,0,,,,
18:53:22.809,,,,,,,69,,,,,,
18:53:23.052,9.297439725342452,0,0.8098928614166667,0.809885,0.809885,0.809885,,,,,0.03443008732218405,24,
18:53:23.289,,,,,,,,0,0,,,,
18:53:23.562,9.321321910678785,0,0.8132942994166668,0.813286,0.813286,0.813286,,,,,0.03404905032066864,24,
18:53:23.799,,,,,,,,0,0,,,,
18:53:24.040,,,,,,,68,,,,,,
18:53:24.284,9.357247692602131,0,0.8183039021944445,0.818296,0.818296,0.818296,,,,,0.03410812752006046,25,
18:53:24.516,,,,,,,,0,0,,,,
18:53:24.757,9.38068150428964,0,0.8215840042777778,0.821576,0.821576,0.821576,,,,,0.023045212572941013,25,
18:53:25.002,,,,,,,,0,0,,,,
18:53:25.241,,,,,,,68,,,,,,
18:53:25.480,9.41875628260893,0,0.8268129148333333,0.826805,0.826805,0.826805,,,,,0.023332968573645984,26,
18:53:25.755,,,,,,,,0,0,,,,
18:53:26.021,9.445361446819302,0,0.8305666162222222,0.830559,0.830559,0.830559,,,,,,25,
18:53:26.262,,,,,,,,0,0,,,,
18:53:26.532,,,,,,,68,,,,,,
18:53:26.767,9.479609480207374,0,0.8355442675555556,0.835537,0.835537,0.835537,,,,,,24,
18:53:26.977,,,,,,,,0,0,,,,
18:53:27.250,9.500145404503586,0,0.8386281088333334,0.838621,0.838621,0.838621,,,,,-0.022721554888887354,23,
18:53:27.488,,,,,,,,0,0,,,,
18:53:27.766,,,,,,,68,,,,,,
18:53:28.000,9.524879041590864,0,0.8427967843888889,0.84279,0.84279,0.84279,,,,,-0.06743288388697835,20,
18:53:28.240,,,,,,,,0,0,,,,
18:53:28.512,9.538455348354232,0,0.845352237388889,0.845345,0.845345,0.845345,,,,,-0.0796059846542602,18,
18:53:28.750,,,,,,,,0,0,,,,
18:53:29.019,,,,,,,68,,,,,,
18:53:29.261,9.551259518198995,0,0.8484762028055557,0.848469,0.848469,0.848469,,,,,-0.10222014299825591,15,
18:53:29.502,,,,,,,,0,0,,,,
18:53:29.769,9.555144312980651,0,0.8501700534722224,0.850163,0.850163,0.850163,,,,,-0.12366810250184365,12,
18:53:30.011,,,,,,,,0,0,,,,
18:53:30.282,,,,,,,68,,,,,,
18:53:30.519,9.556182734729406,0,0.8522518493055558,0.852245,0.852245,0.852245,,,,,-0.11246815151316794,10,
18:53:30.762,,,,,,,,0,0,,,,
18:53:31.030,9.55847583047169,0,0.8538123948611113,0.853806,0.853806,0.853806,,,,,,11,
18:53:31.269,,,,,,,,0,0,,,,
18:53:31.541,,,,,,,68,,,,,,
18:53:31.781,9.566497565482138,0,0.8565253843611113,0.856519,0.856519,0.856519,,,,,,13,
18:53:32.022,,,,,,,,0,0,,,,
18:53:32.292,9.573520502785723,0,0.858514113527778,0.858508,0.858508,0.858508,,,,,,14,
18:53:32.532,,,,,,,,0,0,,,,
18:53:32.798,,,,,,,68,,,,,,
18:53:33.041,9.58607778109314,0,0.8616340843611113,0.861628,0.861628,0.861628,,,,,0.05615396063099596,15,
18:53:33.282,,,,,,,,0,0,,,,
18:53:33.551,9.596172247860451,0,0.8639010536944447,0.863895,0.863895,0.863895,,,,,0.056167467329689386,16,
18:53:33.792,,,,,,,,0,0,,,,
18:53:34.061,,,,,,,67,,,,,,
18:53:34.302,9.613268209340221,0,0.8674431151388892,0.867437,0.867437,0.867437,,,,,0.04494597006756745,17,
18:53:34.543,,,,,,,,0,0,,,,
18:53:34.779,9.625565873181255,0,0.8698282316388891,0.869822,0.869822,0.869822,,,,,0.045566574116108795,18,
18:53:35.015,,,,,,,,0,0,,,,
18:53:35.262,,,,,,,67,,,,,,
18:53:35.496,9.646199534358773,0,0.8736157000833336,0.873609,0.873609,0.873609,,,,,0.046155342089153936,19,
18:53:35.741,,,,,,,,0,0,,,,
18:53:36.011,9.660962740198775,0,0.876335872027778,0.876329,0.876329,0.876329,,,,,0.034541559829966775,19,
18:53:36.254,,,,,,,,0,0,,,,
18:53:36.520,,,,,,,66,,,,,,
18:53:36.764,9.684715131616265,0,0.8805132742500001,0.880506,0.880506,0.880506,,,,,0.03451542478094336,20,
18:53:37.000,,,,,,,,0,0,,,,
18:53:37.236,9.701004295031737,0,0.8832657740000002,0.883258,0.883258,0.883258,,,,,0.03458788144626617,21,
18:53:37.481,,,,,,,,0,0,,,,
18:53:37.720,,,,,,,66,,,,,,
18:53:37.959,9.723711658300305,0,0.8872895623333334,0.887282,0.887282,0.887282,,,,,,20,
18:53:38.201,,,,,,,,0,0,,,,
18:53:38.471,9.739685855389729,0,0.8901308923333334,0.890123,0.890123,0.890123,,,,,,20,
18:53:38.712,,,,,,,,0,0,,,,
18:53:38.982,,,,,,,66,,,,,,
18:53:39.221,9.760757222753112,0,0.89409110825,0.894083,0.894083,0.894083,,,,,-0.01152645070252977,19,
18:53:39.484,,,,,,,,0,0,,,,
18:53:39.759,9.774161267534708,0,0.89677785325,0.89677,0.89677,0.89677,,,,,-0.03368138572926583,18,
18:53:40.000,,,,,,,,0,0,,,,
18:53:40.271,,,,,,,66,,,,,,
18:53:40.511,9.78830648054502,0,0.9001207643611111,0.900113,0.900113,0.900113,,,,,-0.04440843803425903,16,
18:53:40.749,,,,,,,,0,0,,,,
18:53:41.018,9.794755302494497,0,0.90209505175,0.902087,0.902087,0.902087,,,,,-0.06670802753601893,14,
18:53:41.263,,,,,,,,0,0,,,,
18:53:41.533,,,,,,,66,,,,,,
18:53:41.771,9.804285352720592,0,0.9050237591944444,0.905016,0.905016,0.905016,,,,,-0.05553372870072357,14,
18:53:42.011,,,,,,,,0,0,,,,
18:53:42.280,9.812230411997147,0,0.9071443250277778,0.907137,0.907137,0.907137,,,,,,15,
18:53:42.519,,,,,,,,0,0,,,,
18:53:42.792,,,,,,,66,,,,,,
18:53:43.032,9.826175197861716,0,0.9104853996944444,0.910478,0.910478,0.910478,,,,,,16,
18:53:43.269,,,,,,,,1426,1.4,,,,
18:53:43.539,9.837043184592662,0,0.9128753791666666,0.912868,0.912868,0.912868,,,,,0.03371644461905369,17,
18:53:43.777,,,,,,,,1376,1.4,,,,
18:53:44.018,,,,,,,66,,,,,,
18:53:44.256,9.854530797236706,0,0.9164615736666666,0.916454,0.916454,0.916454,,,,,0.045602173543734865,18,
18:53:44.502,,,,,,,,1382,1.4,,,,
18:53:44.739,9.867691137706972,0,0.9190079256944443,0.919,0.919,0.919,,,,,0.046092388279193895,19,
18:53:44.976,,,,,,,,1384,1.4,,,,
18:53:45.222,,,,,,,67,,,,,,
18:53:45.460,9.889454761489006,0,0.9230174268055554,0.92301,0.92301,0.92301,,,,,0.04666202227353034,20,
18:53:45.697,,,,,,,,1383,1.4,,,,
18:53:45.940,9.90528079872076,0,0.9258132693888887,0.925806,0.925806,0.925806,,,,,0.047194990330176004,21,
18:53:46.177,,,,,,,,1386,1.4,,,,
18:53:46.424,,,,,,,67,,,,,,
18:53:46.658,9.931053295523183,0,0.9302042994999998,0.930197,0.930197,0.930197,,,,,0.04716917291772833,22,
18:53:46.907,,,,,,,,1386,1.4,,,,
18:53:47.141,9.949743455860425,0,0.9332896523888887,0.933282,0.933282,0.933282,,,,,0.04716132326907773,23,
18:53:47.378,,,,,,,,1384,1.4,,,,
18:53:47.649,,,,,,,68,,,,,,
18:53:47.893,9.98097588057994,0,0.9383050310555554,0.938297,0.938297,0.938297,,,,,0.04656688391861539,24,
18:53:48.127,,,,,,,,1385,1.4,,,,
18:53:48.368,10.00232725234096,0,0.9416509310555554,0.941643,0.941643,0.941643,,,,,0.04665649221643394,25,
18:53:48.610,,,,,,,,1382,1.4,,,,
18:53:48.846,,,,,,,68,,,,,,
18:53:49.093,10.034007188741656,0,0.9466329761944443,0.946625,0.946625,0.946625,,,,,0.03490599052506649,25,
18:53:49.337,,,,,,,,1386,1.4,,,,
18:53:49.567,10.0549050272597,0,0.9499309706388888,0.949923,0.949923,0.949923,,,,,0.0233473841499771,25,
18:53:49.817,,,,,,,,1385,1.4,,,,
18:53:50.046,,,,,,,68,,,,,,
18:53:50.292,10.088843990432474,0,0.9551704032499999,0.955162,0.955162,0.955162,,,,,0.023618197221441872,26,
18:53:50.536,,,,,,,,1385,1.4,,,,
18:53:50.769,10.111062474074217,0,0.9586125735833333,0.958604,0.958604,0.958604,,,,,0.011794628064555007,26,
18:53:51.009,,,,,,,,1383,1.4,,,,
18:53:51.283,,,,,,,68,,,,,,
18:53:51.518,10.145823737658715,0,0.9640172730277777,0.964009,0.964009,0.964009,,,,,0.01167901937234959,26,
18:53:51.762,,,,,,,,1383,1.4,,,,
18:53:51.999,10.168073307630307,0,0.9674891050277777,0.967481,0.967481,0.967481,,,,,0.011651053417615286,26,
18:53:52.241,,,,,,,,1386,1.4,,,,
18:53:52.514,,,,,,,68,,,,,,
18:53:52.748,10.202651205420693,0,0.9729040636388888,0.972896,0.972896,0.972896,,,,,0,26,
18:53:52.989,,,,,,,,1383,1.4,,,,
18:53:53.232,10.224899417029057,0,0.9764007227499999,0.976393,0.976393,0.976393,,,,,0,26,
18:53:53.467,,,,,,,,1385,1.4,,,,
18:53:53.708,,,,,,,69,,,,,,
18:53:53.950,10.255689818469737,0,0.9813861220555554,0.981378,0.981378,0.981378,,,,,-0.01164434216699633,25,
18:53:54.189,,,,,,,,1385,1.4,,,,
18:53:54.433,10.274911849728824,0,0.9846025247222221,0.984594,0.984594,0.984594,,,,,-0.02327262966222483,24,
18:53:54.667,,,,,,,,1385,1.4,,,,
18:53:54.911,,,,,,,70,,,,,,
18:53:55.153,10.301438717687756,0,0.9892065969999999,0.989198,0.989198,0.989198,,,,,-0.035331871107680525,23,
18:53:55.389,,,,,,,,1392,1.4,,,,
18:53:55.625,10.317378639892615,0,0.9920890198888888,0.99208,0.99208,0.99208,,,,,-0.047351924961804376,22,
18:53:55.878,,,,,,,,1388,1.4,,,,
18:53:56.111,,,,,,,70,,,,,,
18:53:56.360,10.34214137942169,0,0.996582510722222,0.996573,0.996573,0.996573,,,,,-0.035259191530482265,22,
18:53:56.590,,,,,,,,1386,1.4,,,,
18:53:56.830,10.35668574654488,0,0.9993477965555554,0.999338,0.999338,0.999338,,,,,-0.03544974111003421,21,
18:53:57.078,,,,,,,,1452,1.5,,,,
18:53:57.305,,,,,,,70,,,,,,
18:53:57.555,10.3745698624745,0,1.0031491318333332,1.003139,1.003139,1.003139,,,,,-0.047182848304554006,19,
18:53:57.796,,,,,,,,1546,1.5,,,,
18:53:58.029,10.384948453329287,0,1.0055212343333333,1.005511,1.005511,1.005511,,,,,-0.047129891969436205,18,
18:53:58.280,,,,,,,,1421,1.4,,,,
18:53:58.507,,,,,,,70,,,,,,
18:53:58.748,10.398661140823394,0,1.0089404490555556,1.00893,1.00893,1.00893,,,,,-0.05932639289557793,17,
18:53:58.988,,,,,,,,1381,1.4,,,,
18:53:59.230,10.406296686102191,0,1.0110595357222223,1.011049,1.011049,1.011049,,,,,-0.05900817585223014,16,
18:53:59.469,,,,,,,,1392,1.4,,,,
18:53:59.709,,,,,,,71,,,,,,
18:53:59.948,10.415707482565944,0,1.0140512894722222,1.014041,1.014041,1.014041,,,,,-0.04734090072716308,15,
18:54:00.190,,,,,,,,1385,1.4,,,,
18:54:00.428,10.421982480416256,0,1.0160529873888888,1.016043,1.016043,1.016043,,,,,-0.035417044049222225,15,
18:54:00.673,,,,,,,,1386,1.4,,,,
18:54:00.916,,,,,,,71,,,,,,
18:54:01.146,10.429285393389836,0,1.0188444707222222,1.018834,1.018834,1.018834,,,,,-0.03542777733786219,14,
18:54:01.389,,,,,,,,1385,1.4,,,,
18:54:01.628,10.43280371904388,0,1.0205849692222222,1.020574,1.020574,1.020574,,,,,-0.035433026007988,13,
18:54:01.866,,,,,,,,1385,1.4,,,,
18:54:02.108,,,,,,,71,,,,,,
18:54:02.348,10.438042290460565,0,1.02318532275,1.023174,1.023174,1.023174,,,,,-0.023601671413795974,13,
18:54:02.592,,,,,,,,1388,1.4,,,,
18:54:02.862,10.44031097742303,0,1.02489633475,1.024885,1.024885,1.024885,,,,,-0.03492488590521996,12,
18:54:03.097,,,,,,,,1387,1.4,,,,
18:54:03.342,,,,,,,71,,,,,,
18:54:03.578,10.445492610892135,0,1.0274849611944443,1.027474,1.027474,1.027474,,,,,,13,
18:54:03.817,,,,,,,,1386,1.4,,,,
18:54:04.061,10.448971059475761,0,1.029228614361111,1.029218,1.029218,1.029218,,,,,,13,
18:54:04.305,,,,,,,,1386,1.4,,,,
18:54:04.540,,,,,,,71,,,,,,
18:54:04.779,10.45412012478735,0,1.0318184498055554,1.031808,1.031808,1.031808,,,,,,13,
18:54:05.018,,,,,,,,1385,1.4,,,,
18:54:05.285,10.456321289220416,0,1.0335073058055553,1.033497,1.033497,1.033497,,,,,0,12,
18:54:05.536,,,,,,,,1385,1.4,,,,
18:54:05.766,,,,,,,72,,,,,,
18:54:06.014,10.45947683382902,0,1.0359368341388886,1.035927,1.035927,1.035927,,,,,-0.011629690256694903,12,
18:54:06.248,,,,,,,,1386,1.4,,,,
18:54:06.486,10.461513330471726,0,1.037510072472222,1.0375,1.0375,1.0375,,,,,-0.011681998963215057,12,
18:54:06.741,,,,,,,,1387,1.4,,,,
18:54:06.970,,,,,,,72,,,,,,
18:54:07.212,10.464640422980887,0,1.039933944472222,1.039924,1.039924,1.039924,,,,,-0.011637877717287436,12,
18:54:07.448,,,,,,,,1385,1.4,,,,
18:54:07.688,10.466677619273852,0,1.041518334472222,1.041508,1.041508,1.041508,,,,,0,12,
18:54:07.931,,,,,,,,1385,1.4,,,,
18:54:08.167,,,,,,,73,,,,,,
18:54:08.408,10.469751690850373,0,1.0439171198055555,1.043907,1.043907,1.043907,,,,,0,12,
18:54:08.648,,,,,,,,1385,1.4,,,,
18:54:08.888,10.471793151718552,0,1.0455154621388887,1.045505,1.045505,1.045505,,,,,0,12,
18:54:09.125,,,,,,,,1386,1.4,,,,
18:54:09.370,,,,,,,73,,,,,,
18:54:09.607,10.476844938787972,0,1.0481141484166665,1.048104,1.048104,1.048104,,,,,0.011827671894573758,13,
18:54:09.853,,,,,,,,1387,1.4,,,,
18:54:10.089,10.478879085075741,0,1.0497195280833331,1.049709,1.049709,1.049709,,,,,,12,
18:54:10.327,,,,,,,,1645,1.6,,,,
18:54:10.577,,,,,,,73,,,,,,
18:54:10.807,10.479914127627557,0,1.051912506111111,1.051902,1.051902,1.051902,,,,,,11,
18:54:11.050,,,,,,,,1421,1.4,,,,
18:54:11.287,10.47927658425249,0,1.0532477033333332,1.053237,1.053237,1.053237,,,,,-0.02360782935731968,10,
18:54:11.529,,,,,,,,1388,1.4,,,,
18:54:11.779,,,,,,,73,,,,,,
18:54:12.005,10.474368706674083,0,1.0548425484444444,1.054832,1.054832,1.054832,,,,,-0.059067828684245385,8,
18:54:12.245,,,,,,,,1389,1.4,,,,
18:54:12.488,10.471078745939796,0,1.0559151882222222,1.055905,1.055905,1.055905,,,,,-0.04723359423343765,8,
18:54:12.728,,,,,,,,1388,1.4,,,,
18:54:12.972,,,,,,,74,,,,,,
18:54:13.205,10.46225683759232,0,1.0571113690555556,1.057101,1.057101,1.057101,,,,,-0.0590427041334864,6,
18:54:13.456,,,,,,,,1385,1.4,,,,
18:54:13.690,10.456324442197419,0,1.0579184180555556,1.057908,1.057908,1.057908,,,,,-0.04716363391228321,6,
18:54:13.926,,,,,,,,1386,1.4,,,,
18:54:14.173,,,,,,,74,,,,,,
18:54:14.409,10.44556614056941,0,1.0589178283333334,1.058907,1.058907,1.058907,,,,,-0.035345304756740616,5,
18:54:14.649,,,,,,,,1385,1.4,,,,
18:54:14.899,10.43826653152731,0,1.0595981893055555,1.059587,1.059587,1.059587,,,,,-0.03524092072144141,5,
18:54:15.127,,,,,,,,1385,1.4,,,,
18:54:15.365,,,,,,,74,,,,,,
18:54:15.608,10.427734268431424,0,1.0605830752777776,1.060572,1.060572,1.060572,,,,,-0.011788470613942116,5,
18:54:15.850,,,,,,,,1385,1.4,,,,
18:54:16.122,10.420121823426287,0,1.0612973081944443,1.061286,1.061286,1.061286,,,,,-0.011645765482186645,5,
18:54:16.360,,,,,,,,1385,1.4,,,,
18:54:16.630,,,,,,,75,,,,,,
18:54:16.866,10.409145517638848,0,1.062330692361111,1.062319,1.062319,1.062319,,,,,0,5,
18:54:17.111,,,,,,,,1383,1.4,,,,
18:54:17.352,10.402000721048271,0,1.063005608611111,1.062994,1.062994,1.062994,,,,,0,5,
18:54:17.594,,,,,,,,1384,1.4,,,,
18:54:17.837,,,,,,,75,,,,,,
18:54:18.069,10.39149311692707,0,1.0640014343055555,1.06399,1.06399,1.06399,,,,,0,5,
18:54:18.319,,,,,,,,1385,1.4,,,,
18:54:18.549,10.384493427541807,0,1.064666965138889,1.064656,1.064656,1.064656,,,,,0,5,
18:54:18.788,,,,,,,,1546,1.5,,,,
18:54:19.037,,,,,,,75,,,,,,
18:54:19.266,10.37404174593986,0,1.065663938611111,1.065653,1.065653,1.065653,,,,,0,5,
18:54:19.515,,,,,,,,1410,1.4,,,,
18:54:19.757,10.366919299733684,0,1.066345565,1.066335,1.066335,1.066335,,,,,0,5,
18:54:19.991,,,,,,,,1386,1.4,,,,
18:54:20.231,,,,,,,75,,,,,,
18:54:20.465,10.356677148889643,0,1.0673289281944445,1.067318,1.067318,1.067318,,,,,0,5,
18:54:20.707,,,,,,,,1391,1.4,,,,
18:54:20.957,10.348158012814894,0,1.067882132638889,1.067871,1.067871,1.067871,,,,,-0.011759071096101534,4,
18:54:21.188,,,,,,,,1387,1.4,,,,
18:54:21.430,,,,,,,76,,,,,,
18:54:21.668,10.338031313528987,0,1.0688609847222224,1.06885,1.06885,1.06885,,,,,,5,
18:54:21.907,,,,,,,,1387,1.4,,,,
18:54:22.151,10.331110726615396,0,1.069532071388889,1.069521,1.069521,1.069521,,,,,,5,
18:54:22.388,,,,,,,,1385,1.4,,,,
18:54:22.633,,,,,,,76,,,,,,
18:54:22.869,10.320858983306703,0,1.0705293873611113,1.070518,1.070518,1.070518,,,,,,5,
18:54:23.107,,,,,,,,1539,1.5,,,,
18:54:23.350,10.314019134847713,0,1.0711969255555558,1.071186,1.071186,1.071186,,,,,0.011840302033672995,5,
18:54:23.590,,,,,,,,1536,1.5,,,,
18:54:23.833,,,,,,,76,,,,,,
18:54:24.069,10.303810686747749,0,1.0721964262500003,1.072186,1.072186,1.072186,,,,,0,5,
18:54:24.306,,,,,,,,0,0,,,,
18:54:24.519,,,,,,,,,,,,,
18:54:24.529,,,,,,,,,,34,,,
18:54:24.754,10.29413032400015,0,1.0731477831944447,1.073137,1.073137,1.073137,,,,,0,5,
18:54:25.004,,,,,,,,0,0,,,,
18:54:25.237,,,,,,,76,,,,,,
18:54:25.485,10.278005029924678,0,1.0735539288611113,1.073543,1.073543,1.073543,,,,,-0.032483242614176934,2,
18:54:25.718,,,,,,,,0,0,,,,
18:54:25.957,10.267634396294339,0,1.0738159697500003,1.073805,1.073805,1.073805,,,,,-0.03259083823741195,2,
18:54:26.202,,,,,,,,0,0,,,,
18:54:26.468,,,,,,,76,,,,,,
18:54:26.711,10.24910667570962,0,1.0740254686111115,1.074014,1.074014,1.074014,,,,,-0.04289592544102199,1,
18:54:26.953,,,,,,,,0,0,,,,
18:54:27.222,10.236574617207694,0,1.0741676491111114,1.074156,1.074156,1.074156,,,,,-0.045905823347554206,1,
18:54:27.462,,,,,,,,0,0,,,,
18:54:27.732,,,,,,,76,,,,,,
18:54:27.970,10.222279325662731,0,1.0747907486111115,1.074779,1.074779,1.074779,,,,,,3,
18:54:28.208,,,,,,,,0,0,,,,
18:54:28.478,10.213943648703292,0,1.0753549182777782,1.075343,1.075343,1.075343,,,,,,4,
18:54:28.720,,,,,,,,0,0,,,,
18:54:28.991,,,,,,,76,,,,,,
18:54:29.232,10.207559044098778,0,1.0768218697777783,1.07681,1.07681,1.07681,,,,,0.06741709372921037,7,
18:54:29.470,,,,,,,,0,0,,,,
18:54:29.741,10.204606574305952,0,1.0779520984444448,1.07794,1.07794,1.07794,,,,,0.07872466151355172,8,
18:54:29.982,,,,,,,,0,0,,,,
18:54:30.249,,,,,,,76,,,,,,
18:54:30.489,10.204204731533776,0,1.0800308067777782,1.080019,1.080019,1.080019,,,,,0.07870369367937166,10,
18:54:30.732,,,,,,,,0,0,,,,
18:54:31.001,10.205271875878834,0,1.0815941496944448,1.081582,1.081582,1.081582,,,,,0.07858746417732412,11,
18:54:31.241,,,,,,,,0,0,,,,
18:54:31.512,,,,,,,76,,,,,,
18:54:31.752,10.208798502231149,0,1.0840981593611114,1.084086,1.084086,1.084086,,,,,0.05618661721813444,12,
18:54:31.994,,,,,,,,0,0,,,,
18:54:32.263,10.211187100840295,0,1.0857997436944447,1.085788,1.085788,1.085788,,,,,0.044932240024127414,12,
18:54:32.498,,,,,,,,0,0,,,,
18:54:32.770,,,,,,,76,,,,,,
18:54:33.008,10.218551299403945,0,1.0886988811944447,1.088687,1.088687,1.088687,,,,,0.044982672196625405,14,
18:54:33.253,,,,,,,,0,0,,,,
18:54:33.521,10.224930896629429,0,1.0908340061944446,1.090822,1.090822,1.090822,,,,,0.04496814513676332,15,
18:54:33.759,,,,,,,,0,0,,,,
18:54:34.032,,,,,,,76,,,,,,
18:54:34.270,10.23618161840663,0,1.094165878638889,1.094154,1.094154,1.094154,,,,,0.0449941279990679,16,
18:54:34.512,,,,,,,,0,0,,,,
18:54:34.780,10.245136995179498,0,1.0965750152222224,1.096563,1.096563,1.096563,,,,,0.056250726303982326,17,
18:54:35.020,,,,,,,,0,0,,,,
18:54:35.293,,,,,,,75,,,,,,
18:54:35.534,10.26027182859725,0,1.1003424437222225,1.10033,1.10033,1.10033,,,,,0.044850301906211254,18,
18:54:35.766,,,,,,,,0,0,,,,
18:54:36.011,10.271127599872399,0,1.1028765518333337,1.102864,1.102864,1.102864,,,,,0.045497313850777224,19,
18:54:36.257,,,,,,,,0,0,,,,
18:54:36.522,,,,,,,75,,,,,,
18:54:36.764,10.291892898865235,0,1.1072492908333336,1.107237,1.107237,1.107237,,,,,0.05680276860313335,21,
18:54:37.002,,,,,,,,0,0,,,,
18:54:37.274,10.307304723777822,0,1.110368986777778,1.110357,1.110357,1.110357,,,,,0.05679302185059581,22,
18:54:37.511,,,,,,,,0,0,,,,
18:54:37.780,,,,,,,75,,,,,,
18:54:38.019,10.33162020642523,0,1.1151246584444445,1.115113,1.115113,1.115113,,,,,0.05701125518230211,23,
18:54:38.263,,,,,,,,0,0,,,,
18:54:38.527,10.349471887128173,0,1.1185122877777778,1.118501,1.118501,1.118501,,,,,0.05629467701201232,24,
18:54:38.768,,,,,,,,0,0,,,,
18:54:39.044,,,,,,,75,,,,,,
18:54:39.284,10.377921863932734,0,1.1237692565277777,1.123758,1.123758,1.123758,,,,,0.044961637159322124,25,
18:54:39.521,,,,,,,,0,0,,,,
18:54:39.790,10.396878643134814,0,1.1272834495833333,1.127272,1.127272,1.127272,,,,,0.03378023683892373,25,
18:54:40.032,,,,,,,,0,0,,,,
18:54:40.301,,,,,,,75,,,,,,
18:54:40.541,10.426851308698355,0,1.1327091079166667,1.132698,1.132698,1.132698,,,,,0.03369019904614107,26,
18:54:40.781,,,,,,,,0,0,,,,
18:54:41.050,10.447088686736974,0,1.1363843090277779,1.136373,1.136373,1.136373,,,,,0.0224523153382886,26,
18:54:41.289,,,,,,,,0,0,,,,
18:54:41.561,,,,,,,74,,,,,,
18:54:41.801,10.475104609902216,0,1.1416295069444446,1.141618,1.141618,1.141618,,,,,,25,
18:54:42.042,,,,,,,,0,0,,,,
18:54:42.278,10.49255463610291,0,1.1449067750000002,1.144895,1.144895,1.144895,,,,,0,25,
18:54:42.514,,,,,,,,0,0,,,,
18:54:42.757,,,,,,,74,,,,,,
18:54:43.000,10.519220856046775,0,1.149930182638889,1.149918,1.149918,1.149918,,,,,-0.011516304820092773,25,
18:54:43.242,,,,,,,,0,0,,,,
18:54:43.512,10.538036145491118,0,1.153485771527778,1.153474,1.153474,1.153474,,,,,-0.011502296366196273,25,
18:54:43.752,,,,,,,,0,0,,,,
18:54:44.022,,,,,,,73,,,,,,
18:54:44.260,10.565415344995547,0,1.1586762694444446,1.158664,1.158664,1.158664,,,,,0,25,
18:54:44.496,,,,,,,,0,0,,,,
18:54:44.742,10.584324560884623,0,1.1621737865555557,1.162162,1.162162,1.162162,,,,,0.01149248063329642,26,
18:54:44.980,,,,,,,,0,0,,,,
18:54:45.220,,,,,,,73,,,,,,
18:54:45.462,10.614062428954435,0,1.1675541328055556,1.167542,1.167542,1.167542,,,,,0.023019117843817875,27,
18:54:45.703,,,,,,,,0,0,,,,
18:54:45.970,10.635058514090083,0,1.1713646420555557,1.171353,1.171353,1.171353,,,,,0.02305589523803664,27,
18:54:46.211,,,,,,,,0,0,,,,
18:54:46.482,,,,,,,72,,,,,,
18:54:46.717,10.667709605507008,0,1.177174319277778,1.177163,1.177163,1.177163,,,,,0.03459015664725904,28,
18:54:46.962,,,,,,,,0,0,,,,
18:54:47.199,10.688731760504094,0,1.1809264328333335,1.180915,1.180915,1.180915,,,,,0.02305527220151641,28,
18:54:47.440,,,,,,,,0,0,,,,
18:54:47.681,,,,,,,72,,,,,,
18:54:47.921,10.72010179527178,0,1.186542451166667,1.186531,1.186531,1.186531,,,,,0.011515618451243265,28,
18:54:48.161,,,,,,,,0,0,,,,
18:54:48.431,10.74346646462137,0,1.1906503873611114,1.190639,1.190639,1.190639,,,,,0.023015521079767894,29,
18:54:48.669,,,,,,,,0,0,,,,
18:54:48.943,,,,,,,71,,,,,,
18:54:49.181,10.775840838230751,0,1.196482974027778,1.196472,1.196472,1.196472,,,,,,28,
18:54:49.417,,,,,,,,0,0,,,,
18:54:49.663,10.79666061454117,0,1.2002454755833336,1.200235,1.200235,1.200235,,,,,,28,
18:54:49.906,,,,,,,,0,0,,,,
18:54:50.140,,,,,,,71,,,,,,
18:54:50.380,10.823792247510468,0,1.2054128109166669,1.205402,1.205402,1.205402,,,,,-0.0230396228935281,26,
18:54:50.621,,,,,,,,0,0,,,,
18:54:50.891,10.841844572481927,0,1.208962765777778,1.208952,1.208952,1.208952,,,,,-0.04605216714760218,25,
18:54:51.129,,,,,,,,0,0,,,,
18:54:51.399,,,,,,,71,,,,,,
18:54:51.642,10.866418288354973,0,1.213970123777778,1.213959,1.213959,1.213959,,,,,-0.046040656480557024,24,
18:54:51.882,,,,,,,,0,0,,,,
18:54:52.151,10.881740181569304,0,1.217218913388889,1.217208,1.217208,1.217208,,,,,-0.056935917368469174,23,
18:54:52.393,,,,,,,,0,0,,,,
18:54:52.659,,,,,,,71,,,,,,
18:54:52.899,10.904203224629063,0,1.221996760888889,1.221986,1.221986,1.221986,,,,,-0.03373899061592303,23,
18:54:53.136,,,,,,,,0,0,,,,
18:54:53.411,10.917006052635925,0,1.2249849757222224,1.224974,1.224974,1.224974,,,,,-0.04496613561776933,21,
18:54:53.649,,,,,,,,0,0,,,,
18:54:53.921,,,,,,,71,,,,,,
18:54:54.160,10.933806002592062,0,1.2291435090555558,1.229133,1.229133,1.229133,,,,,-0.04500890071301309,20,
18:54:54.400,,,,,,,,0,0,,,,
18:54:54.673,10.942762409254271,0,1.2317115550555557,1.231701,1.231701,1.231701,,,,,-0.0561505699444942,18,
18:54:54.912,,,,,,,,0,0,,,,
18:54:55.182,,,,,,,71,,,,,,
18:54:55.421,10.952083230210565,0,1.2350369559444447,1.235026,1.235026,1.235026,,,,,-0.07859793133592757,16,
18:54:55.661,,,,,,,,0,0,,,,
18:54:55.932,10.954657845650624,0,1.2368822813888891,1.236871,1.236871,1.236871,,,,,-0.08987365055688615,13,
18:54:56.172,,,,,,,,0,0,,,,
18:54:56.439,,,,,,,71,,,,,,
18:54:56.678,10.954740833582907,0,1.2391596358333337,1.239148,1.239148,1.239148,,,,,-0.10123643421361879,11,
18:54:56.921,,,,,,,,0,0,,,,
18:54:57.190,10.953541312452609,0,1.2405825986111114,1.240571,1.240571,1.240571,,,,,-0.09003255101110552,10,
18:54:57.432,,,,,,,,0,0,,,,
18:54:57.702,,,,,,,71,,,,,,
18:54:57.942,10.951784927342846,0,1.2426726263888892,1.242661,1.242661,1.242661,,,,,-0.06741548650636252,10,
18:54:58.179,,,,,,,,0,0,,,,
18:54:58.449,10.951844629225803,0,1.2442200449722225,1.244208,1.244208,1.244208,,,,,,11,
18:54:58.689,,,,,,,,0,0,,,,
18:54:58.962,,,,,,,71,,,,,,
18:54:59.199,10.951932857091824,0,1.2465138688611115,1.246502,1.246502,1.246502,,,,,,11,
18:54:59.439,,,,,,,,0,0,,,,
18:54:59.712,10.953242827257847,0,1.2482231088611115,1.248211,1.248211,1.248211,,,,,0.022460607326353625,12,
18:54:59.950,,,,,,,,0,0,,,,
18:55:00.220,,,,,,,71,,,,,,
18:55:00.460,10.956968135730625,0,1.2509244532500003,1.250912,1.250912,1.250912,,,,,0.03374869056626166,13,
18:55:00.701,,,,,,,,0,0,,,,
18:55:00.971,10.960746840639603,0,1.2529116680833337,1.252899,1.252899,1.252899,,,,,0.0336872474067452,14,
18:55:01.211,,,,,,,,0,0,,,,
18:55:01.480,,,,,,,71,,,,,,
18:55:01.724,10.968119375212488,0,1.2560469797500002,1.256034,1.256034,1.256034,,,,,0.04488384812941398,15,
18:55:01.961,,,,,,,,0,0,,,,
18:55:02.230,10.974290904191871,0,1.2582970139722225,1.258284,1.258284,1.258284,,,,,0.04500107077093951,16,
18:55:02.473,,,,,,,,0,0,,,,
18:55:02.744,,,,,,,72,,,,,,
18:55:02.983,10.985252759414266,0,1.261849417555556,1.261836,1.261836,1.261836,,,,,0.04491946755061806,17,
18:55:03.227,,,,,,,,0,0,,,,
18:55:03.458,10.993395813248803,0,1.264252395055556,1.264239,1.264239,1.264239,,,,,0.04555449897682605,18,
18:55:03.699,,,,,,,,1450,1.4,,,,
18:55:03.971,,,,,,,72,,,,,,
18:55:04.207,11.007750154874554,0,1.2681767632500005,1.268163,1.268163,1.268163,,,,,0.045625078173278245,19,
18:55:04.450,,,,,,,,1366,1.4,,,,
18:55:04.691,11.018237931018225,0,1.270867263805556,1.270854,1.270854,1.270854,,,,,0.04603330696190572,20,
18:55:04.933,,,,,,,,1380,1.4,,,,
18:55:05.169,,,,,,,73,,,,,,
18:55:05.416,11.03565819006902,0,1.2751018729722228,1.275089,1.275089,1.275089,,,,,0.04655968879472486,21,
18:55:05.652,,,,,,,,1382,1.4,,,,
18:55:05.890,11.046962619515607,0,1.2778577443888894,1.277845,1.277845,1.277845,,,,,0.03495180597150965,21,
18:55:06.127,,,,,,,,1389,1.4,,,,
18:55:06.369,,,,,,,73,,,,,,
18:55:06.609,11.06411474015257,0,1.2820511818888893,1.282038,1.282038,1.282038,,,,,0.023589339620585358,21,
18:55:06.852,,,,,,,,1386,1.4,,,,
18:55:07.089,11.076698102890246,0,1.2849878451666672,1.284975,1.284975,1.284975,,,,,0.023626423973418388,22,
18:55:07.328,,,,,,,,1387,1.4,,,,
18:55:07.570,,,,,,,74,,,,,,
18:55:07.806,11.095419966338204,0,1.2893696346666672,1.289357,1.289357,1.289357,,,,,0.011851252208920306,22,
18:55:08.045,,,,,,,,1384,1.4,,,,
18:55:08.290,11.109162936928614,0,1.2924587186666672,1.292446,1.292446,1.292446,,,,,0.023604725887237547,23,
18:55:08.526,,,,,,,,1382,1.4,,,,
18:55:08.771,,,,,,,74,,,,,,
18:55:09.007,11.129489356105237,0,1.2970407141388893,1.297028,1.297028,1.297028,,,,,0.02362170116450259,23,
18:55:09.256,,,,,,,,1386,1.4,,,,
18:55:09.492,11.143189834154438,0,1.3001379484444449,1.300125,1.300125,1.300125,,,,,0.011789789526362261,23,
18:55:09.728,,,,,,,,1384,1.4,,,,
18:55:09.972,,,,,,,74,,,,,,
18:55:10.207,11.161656199991743,0,1.304511367555556,1.304498,1.304498,1.304498,,,,,0,22,
18:55:10.456,,,,,,,,1385,1.4,,,,
18:55:10.690,11.172924539286722,0,1.3073256918888894,1.307312,1.307312,1.307312,,,,,-0.02360398137252408,21,
18:55:10.929,,,,,,,,1385,1.4,,,,
18:55:11.171,,,,,,,74,,,,,,
18:55:11.407,11.187931036330518,0,1.3113108757777783,1.311297,1.311297,1.311297,,,,,-0.03540363989939652,20,
18:55:11.649,,,,,,,,1634,1.6,,,,
18:55:11.917,11.194952338326795,0,1.313720873694445,1.313707,1.313707,1.313707,,,,,-0.070061050530915,17,
18:55:12.161,,,,,,,,1439,1.4,,,,
18:55:12.406,,,,,,,75,,,,,,
18:55:12.642,11.198047586131867,0,1.3163413263055561,1.316327,1.316327,1.316327,,,,,-0.10470590286883742,13,
18:55:12.888,,,,,,,,1384,1.4,,,,
18:55:13.120,11.197824801607913,0,1.3177975335000005,1.317783,1.317783,1.317783,,,,,-0.11656774044115696,11,
18:55:13.361,,,,,,,,1383,1.4,,,,
18:55:13.596,,,,,,,75,,,,,,
18:55:13.836,11.19242986640945,0,1.3193885323888894,1.319374,1.319374,1.319374,,,,,-0.13996270451657122,8,
18:55:14.088,,,,,,,,1384,1.4,,,,
18:55:14.319,11.186518032086399,0,1.3201947382222228,1.32018,1.32018,1.32018,,,,,-0.1297217385302964,6,
18:55:14.564,,,,,,,,1384,1.4,,,,
18:55:14.798,,,,,,,75,,,,,,
18:55:15.037,11.176083621926741,0,1.321191675444445,1.321177,1.321177,1.321177,,,,,-0.09460964991561843,5,
18:55:15.277,,,,,,,,1386,1.4,,,,
18:55:15.550,11.168643414634577,0,1.3219045966944452,1.32189,1.32189,1.32189,,,,,-0.06991823549790004,5,
18:55:15.788,,,,,,,,1386,1.4,,,,
18:55:16.030,,,,,,,76,,,,,,
18:55:16.277,11.15979392936669,0,1.323122566694445,1.323108,1.323108,1.323108,,,,,,6,
18:55:16.510,,,,,,,,1388,1.4,,,,
18:55:16.754,11.154088460008285,0,1.3239100378611117,1.323895,1.323895,1.323895,,,,,,6,
18:55:16.988,,,,,,,,1532,1.5,,,,
18:55:17.231,,,,,,,76,,,,,,
18:55:17.466,11.140526736116275,0,1.3245032472777785,1.324488,1.324488,1.324488,,,,,,3,
18:55:17.710,,,,,,,,1405,1.4,,,,
18:55:17.960,11.131139824669564,0,1.3249150031944452,1.3249,1.3249,1.3249,,,,,-0.023513939817721513,3,
18:55:18.187,,,,,,,,1383,1.4,,,,
18:55:18.431,,,,,,,76,,,,,,
18:55:18.668,11.119379584685495,0,1.3257014736388897,1.325686,1.325686,1.325686,,,,,,4,
18:55:18.908,,,,,,,,1385,1.4,,,,
18:55:19.161,11.11226372585417,0,1.3263954751666676,1.32638,1.32638,1.32638,,,,,,5,
18:55:19.388,,,,,,,,1384,1.4,,,,
18:55:19.630,,,,,,,76,,,,,,
18:55:19.868,11.102307905384468,0,1.3273691712777786,1.327354,1.327354,1.327354,,,,,0.02357831109598739,5,
18:55:20.116,,,,,,,,1385,1.4,,,,
18:55:20.351,11.096582323605647,0,1.328175051111112,1.32816,1.32816,1.32816,,,,,0.03553190747236741,6,
18:55:20.587,,,,,,,,1385,1.4,,,,
18:55:20.828,,,,,,,76,,,,,,
18:55:21.073,11.08973894662575,0,1.3295770220000007,1.329562,1.329562,1.329562,,,,,0.03532889360374222,7,
18:55:21.311,,,,,,,,1536,1.5,,,,
18:55:21.586,11.084865717921277,0,1.330578241333334,1.330563,1.330563,1.330563,,,,,0.02335965684446692,7,
18:55:21.820,,,,,,,,1433,1.4,,,,
18:55:22.059,,,,,,,77,,,,,,
18:55:22.297,11.074895223045578,0,1.3315632905000008,1.331548,1.331548,1.331548,,,,,,5,
18:55:22.547,,,,,,,,1385,1.4,,,,
18:55:22.778,11.06704148761405,0,1.3320977573888897,1.332082,1.332082,1.332082,,,,,-0.02334426219767591,4,
18:55:23.015,,,,,,,,1384,1.4,,,,
18:55:23.260,,,,,,,77,,,,,,
18:55:23.499,11.051982713046828,0,1.3324982370555563,1.332482,1.332482,1.332482,,,,,-0.05837795411555046,2,
18:55:23.741,,,,,,,,1393,1.4,,,,
18:55:23.978,11.04088730142377,0,1.3326314657500007,1.332615,1.332615,1.332615,,,,,-0.07104568478966297,1,
18:55:24.217,,,,,,,,1382,1.4,,,,
18:55:24.461,,,,,,,77,,,,,,
18:55:24.696,11.022694911848912,,1.3326314657500007,1.332615,1.332615,1.332615,,,,,-0.05904441979278815,0,
18:55:24.938,,,,,,,,1386,1.4,,,,
18:55:25.179,11.010468079011229,,1.3326314657500007,1.332615,1.332615,1.332615,,,,,-0.047192283481244025,0,
18:55:25.425,,,,,,,,1386,1.4,,,,
18:55:25.670,,,,,,,78,,,,,,
18:55:25.905,10.993674387149499,0,1.332834853722223,1.332818,1.332818,1.332818,,,,,,1,
18:55:26.139,,,,,,,,1385,1.4,,,,
18:55:26.387,10.982618132452046,0,1.3329691293055563,1.332952,1.332952,1.332952,,,,,,1,
18:55:26.617,,,,,,,,1385,1.4,,,,
18:55:26.862,,,,,,,78,,,,,,
18:55:27.098,10.969790320431995,0,1.3335551880555563,1.333538,1.333538,1.333538,,,,,0.03537460290073959,3,
18:55:27.342,,,,,,,,1396,1.4,,,,
18:55:27.607,10.961601497537403,0,1.3341271735000007,1.33411,1.33411,1.33411,,,,,0.04665780255621065,4,
18:55:27.849,,,,,,,,1389,1.4,,,,
18:55:28.087,,,,,,,78,,,,,,
18:55:28.330,10.951850173158148,0,1.3351241957222229,1.335107,1.335107,1.335107,,,,,0.04671158800506393,5,
18:55:28.570,,,,,,,,1384,1.4,,,,
18:55:28.816,10.945277393391297,0,1.3357980735000006,1.335781,1.335781,1.335781,,,,,0.04666101915682039,5,
18:55:29.057,,,,,,,,1389,1.4,,,,
18:55:29.286,,,,,,,78,,,,,,
18:55:29.533,10.93559064938185,0,1.3367939326666671,1.336777,1.336777,1.336777,,,,,0.02326662239069226,5,
18:55:29.767,,,,,,,,1389,1.4,,,,
18:55:30.005,10.929231112343537,0,1.3374495030833338,1.337433,1.337433,1.337433,,,,,0.011814885835604895,5,
18:55:30.252,,,,,,,,1383,1.4,,,,
18:55:30.487,,,,,,,78,,,,,,
18:55:30.734,10.917775595253852,0,1.338260083305556,1.338244,1.338244,1.338244,,,,,-0.011784331793454427,4,
18:55:30.970,,,,,,,,1388,1.4,,,,
18:55:31.210,10.91032330612635,0,1.338788842194445,1.338773,1.338773,1.338773,,,,,-0.011829767306015789,4,
18:55:31.461,,,,,,,,1387,1.4,,,,
18:55:31.687,,,,,,,79,,,,,,
18:55:31.926,10.899140436998302,0,1.339584438416667,1.339569,1.339569,1.339569,,,,,-0.011834494833661044,4,
18:55:32.181,,,,,,,,1383,1.4,,,,
18:55:32.407,10.891647511120533,0,1.3401189611944448,1.340104,1.340104,1.340104,,,,,-0.01178985871853079,4,
18:55:32.654,,,,,,,,1383,1.4,,,,
18:55:32.888,,,,,,,79,,,,,,
18:55:33.126,10.883723963945489,0,1.3413167205277783,1.341302,1.341302,1.341302,,,,,0.023685975337206632,6,
18:55:33.373,,,,,,,,1384,1.4,,,,
18:55:33.608,10.880592012037626,0,1.3423886769722226,1.342374,1.342374,1.342374,,,,,0.047245185161274704,8,
18:55:33.856,,,,,,,,1386,1.4,,,,
18:55:34.088,,,,,,,79,,,,,,
18:55:34.331,10.875910917773325,0,1.3439952027500004,1.343981,1.343981,1.343981,,,,,0.04711033086601592,8,
18:55:34.573,,,,,,,,1385,1.4,,,,
18:55:34.808,10.872831413888674,0,1.3450549265277782,1.345041,1.345041,1.345041,,,,,0.04719261174630507,8,
18:55:35.046,,,,,,,,1386,1.4,,,,
18:55:35.297,,,,,,,80,,,,,,
18:55:35.527,10.868203908178254,0,1.3466516300833338,1.346638,1.346638,1.346638,,,,,0.023597697651525328,8,
18:55:35.767,,,,,,,,1385,1.4,,,,
18:55:36.010,10.866182649698402,0,1.3478594653333338,1.347846,1.347846,1.347846,,,,,0.011795019994998912,9,
18:55:36.245,,,,,,,,1555,1.6,,,,
18:55:36.499,,,,,,,80,,,,,,
18:55:36.729,10.86318187223499,0,1.3496574610833338,1.349644,1.349644,1.349644,,,,,0.011813529769641713,9,
18:55:36.975,,,,,,,,1535,1.5,,,,
18:55:37.210,10.861178904505904,0,1.3508608190833338,1.350847,1.350847,1.350847,,,,,0.01179148128685165,9,
18:55:37.449,,,,,,,,0,0,,,,
18:55:37.696,,,,,,,80,,,,,,
18:55:37.937,10.858139833985653,0,1.3526916090833339,1.352678,1.352678,1.352678,,,,,0.011752958507881394,9,
18:55:38.176,,,,,,,,0,0,,,,
18:55:38.419,10.8561657914842,0,1.353884019083334,1.35387,1.35387,1.35387,,,,,0,9,
18:55:38.647,,,,,,,,0,0,,,,
18:55:38.887,,,,,,,80,,,,,,
18:55:39.129,10.85323572882885,0,1.355658591583334,1.355645,1.355645,1.355645,,,,,0,9,
18:55:39.371,,,,,,,,0,0,,,,
18:55:39.641,10.849986242064613,0,1.3567979309166673,1.356784,1.356784,1.356784,,,,,-0.011650645118970635,8,
18:55:39.880,,,,,,,,0,0,,,,
18:55:40.150,,,,,,,80,,,,,,
18:55:40.391,10.843589066690862,0,1.3582548496666673,1.358241,1.358241,1.358241,,,,,-0.023083629098306264,7,
18:55:40.634,,,,,,,,0,0,,,,
18:55:40.900,10.838129327459281,0,1.3591029630000007,1.359089,1.359089,1.359089,,,,,-0.034260916623093746,6,
18:55:41.141,,,,,,,,0,0,,,,
18:55:41.410,,,,,,,80,,,,,,
18:55:41.649,10.826789932487078,0,1.3599361286666674,1.359922,1.359922,1.359922,,,,,-0.05619880159374293,4,
18:55:41.891,,,,,,,,0,0,,,,
18:55:42.158,10.817994490857032,0,1.3603600666666673,1.360346,1.360346,1.360346,,,,,-0.05627335155077158,3,
18:55:42.399,,,,,,,,0,0,,,,
18:55:42.673,,,,,,,80,,,,,,
18:55:42.908,10.806713902810557,0,1.3611936736666672,1.36118,1.36118,1.36118,,,,,,4,
18:55:43.149,,,,,,,,0,0,,,,
18:55:43.419,10.800179754406747,0,1.3619031596388895,1.361889,1.361889,1.361889,,,,,,5,
18:55:43.661,,,,,,,,0,0,,,,
18:55:43.931,,,,,,,80,,,,,,
18:55:44.171,10.793894691582622,0,1.3633654635277783,1.363351,1.363351,1.363351,,,,,,7,
18:55:44.413,,,,,,,,0,0,,,,
18:55:44.680,10.790773521356387,0,1.3644955637500005,1.364481,1.364481,1.364481,,,,,0.05616468751435921,8,
18:55:44.923,,,,,,,,0,0,,,,
18:55:45.191,,,,,,,80,,,,,,
18:55:45.433,10.789467049022754,0,1.3665881615277782,1.366574,1.366574,1.366574,,,,,0.06731390848519142,10,
18:55:45.673,,,,,,,,0,0,,,,
18:55:45.941,10.789701401711918,0,1.3681407770000005,1.368127,1.368127,1.368127,,,,,0.06738670586029331,11,
18:55:46.181,,,,,,,,0,0,,,,
18:55:46.450,,,,,,,79,,,,,,
18:55:46.692,10.791686590023389,0,1.3706406890000005,1.370627,1.370627,1.370627,,,,,0.05619104891020856,12,
18:55:46.926,,,,,,,,0,0,,,,
18:55:47.182,10.794088892091878,0,1.3724388031388894,1.372425,1.372425,1.372425,,,,,0.056610894933764214,13,
18:55:47.441,,,,,,,,0,0,,,,
18:55:47.682,,,,,,,79,,,,,,
18:55:47.920,10.797605538589814,0,1.3750780739722228,1.375064,1.375064,1.375064,,,,,0.034169384357098036,13,
18:55:48.159,,,,,,,,0,0,,,,
18:55:48.432,10.79783134653809,0,1.376642726805556,1.376629,1.376629,1.376629,,,,,,11,
18:55:48.670,,,,,,,,0,0,,,,
18:55:48.939,,,,,,,79,,,,,,
18:55:49.179,10.794909100229544,0,1.378510833055556,1.378497,1.378497,1.378497,,,,,-0.034159203549676345,9,
18:55:49.421,,,,,,,,0,0,,,,
18:55:49.692,10.790678571592592,0,1.3795084571111116,1.379495,1.379495,1.379495,,,,,-0.0676903373283027,7,
18:55:49.933,,,,,,,,0,0,,,,
18:55:50.202,,,,,,,79,,,,,,
18:55:50.441,10.779642558836716,0,1.3803408742222227,1.380327,1.380327,1.380327,,,,,-0.10111109710587579,4,
18:55:50.681,,,,,,,,0,0,,,,
18:55:50.953,10.769912803683308,0,1.3806250052222226,1.380611,1.380611,1.380611,,,,,-0.10112581308719656,2,
18:55:51.191,,,,,,,,0,0,,,,
18:55:51.460,,,,,,,79,,,,,,
18:55:51.700,10.755742327622078,0,1.3810399449444448,1.381026,1.381026,1.381026,,,,,-0.07866542417019108,2,
18:55:51.940,,,,,,,,0,0,,,,
18:55:52.211,10.746072811755687,0,1.3813238593888892,1.38131,1.38131,1.38131,,,,,-0.05623237887013171,2,
18:55:52.451,,,,,,,,0,0,,,,
18:55:52.720,,,,,,,78,,,,,,
18:55:52.961,10.730242959330138,0,1.3815329810000003,1.381519,1.381519,1.381519,,,,,-0.033731483984853296,1,
18:55:53.198,,,,,,,,0,0,,,,
18:55:53.438,10.720301981794293,0,1.3816646553055558,1.381651,1.381651,1.381651,,,,,-0.011397590050795629,1,
18:55:53.679,,,,,,,,0,0,,,,
18:55:53.920,,,,,,,78,,,,,,
18:55:54.160,10.703638731944988,,1.3816646553055558,1.381651,1.381651,1.381651,,,,,-0.023026954937472147,0,
18:55:54.399,,,,,,,,0,0,,,,
18:55:54.670,10.691905425588354,,1.3816646553055558,1.381651,1.381651,1.381651,,,,,-0.023036204253833226,0,
18:55:54.912,,,,,,,,0,0,,,,
18:55:55.181,,,,,,,78,,,,,,
18:55:55.419,10.674713270447784,,1.3816646553055558,1.381651,1.381651,1.381651,,,,,-0.011519866262070456,0,
18:55:55.658,,,,,,,,0,0,,,,
18:55:55.932,10.662983582240733,,1.3816646553055558,1.381651,1.381651,1.381651,,,,,-0.011358923217866622,0,
18:55:56.169,,,,,,,,0,0,,,,
18:55:56.441,,,,,,,78,,,,,,
18:55:56.681,10.652301544102547,0,1.3824969288611113,1.382483,1.382483,1.382483,,,,,0.04494618580830365,4,
18:55:56.921,,,,,,,,0,0,,,,
18:55:57.187,10.64617427039826,0,1.3832011413611114,1.383187,1.383187,1.383187,,,,,0.05626876379083857,5,
18:55:57.432,,,,,,,,0,0,,,,
18:55:57.700,,,,,,,77,,,,,,
18:55:57.939,10.637132525143096,0,1.3842431127500003,1.384229,1.384229,1.384229,,,,,0.056215870831613335,5,
18:55:58.174,,,,,,,,1538,1.5,,,,
18:55:58.419,10.629307471850694,0,1.3846435285833336,1.384629,1.384629,1.384629,,,,,,3,
18:55:58.659,,,,,,,,1534,1.5,,,,
18:55:58.904,,,,,,,76,,,,,,
18:55:59.139,10.614561573080564,0,1.3848433190555558,1.384829,1.384829,1.384829,,,,,-0.034576522591565906,1,
18:55:59.378,,,,,,,,1535,1.5,,,,
18:55:59.621,10.60470228941697,0,1.3849772435555558,1.384963,1.384963,1.384963,,,,,-0.046557794703685935,1,
18:55:59.858,,,,,,,,1535,1.5,,,,
18:56:00.100,,,,,,,76,,,,,,
18:56:00.338,10.590067073565008,0,1.385176550138889,1.385162,1.385162,1.385162,,,,,-0.04721996616886668,1,
18:56:00.582,,,,,,,,584,0.6,,,,
18:56:00.848,10.581770833042643,0,1.3856059267222225,1.385591,1.385591,1.385591,,,,,,3,
18:56:01.095,,,,,,,,0,0,,,,
18:56:01.327,,,,,,,76,,,,,,
18:56:01.582,10.571617731689816,0,1.3864151489444447,1.3864,1.3864,1.3864,,,,,0.034781317333469834,4,
18:56:01.809,,,,,,,,0,0,,,,
18:56:02.046,10.56417380221029,0,1.386802329777778,1.386787,1.386787,1.386787,,,,,,3,
18:56:02.288,,,,,,,,0,0,,,,
18:56:02.527,,,,,,,76,,,,,,
18:56:02.770,10.549560440817338,0,1.3870032139722226,1.386988,1.386988,1.386988,,,,,,1,
18:56:03.010,,,,,,,,0,0,,,,
18:56:03.280,10.53818692951489,,1.3870032139722226,1.386988,1.386988,1.386988,,,,,-0.034944232844307185,0,
18:56:03.521,,,,,,,,0,0,,,,
18:56:03.792,,,,,,,76,,,,,,
18:56:04.030,10.521541081359102,,1.3870032139722226,1.386988,1.386988,1.386988,,,,,-0.04628826946109588,0,
18:56:04.273,,,,,,,,0,0,,,,
18:56:04.539,10.511318162798812,0,1.3871449017222226,1.38713,1.38713,1.38713,,,,,,1,
18:56:04.779,,,,,,,,0,0,,,,
18:56:05.023,,,,,,,76,,,,,,
18:56:05.261,10.498408534402055,0,1.3875458337777782,1.387531,1.387531,1.387531,,,,,,2,
18:56:05.498,,,,,,,,0,0,,,,
18:56:05.771,10.490396125739657,0,1.3879699681111115,1.387955,1.387955,1.387955,,,,,0.034114767310874115,3,
18:56:06.007,,,,,,,,0,0,,,,
18:56:06.251,,,,,,,76,,,,,,
18:56:06.490,10.47909736926267,0,1.388569608527778,1.388555,1.388555,1.388555,,,,,0.03454126217171192,3,
18:56:06.733,,,,,,,,0,0,,,,
18:56:07.000,10.471104455724378,0,1.3889948986944447,1.38898,1.38898,1.38898,,,,,0.023021321721044218,3,
18:56:07.242,,,,,,,,0,0,,,,
18:56:07.512,,,,,,,76,,,,,,
18:56:07.750,10.459390684362553,0,1.3896198163611113,1.389605,1.389605,1.389605,,,,,0.011381397342753381,3,
18:56:07.991,,,,,,,,0,0,,,,
18:56:08.264,10.451381784281123,0,1.3900482138611112,1.390033,1.390033,1.390033,,,,,0,3,
18:56:08.503,,,,,,,,0,0,,,,
18:56:08.770,,,,,,,76,,,,,,
18:56:09.010,10.44290225238361,0,1.3910842323333334,1.391069,1.391069,1.391069,,,,,0.022476028088754665,5,
18:56:09.252,,,,,,,,0,0,,,,
18:56:09.521,10.439234640271923,0,1.3920786111111112,1.392063,1.392063,1.392063,,,,,0.044941404338244985,7,
18:56:09.763,,,,,,,,0,0,,,,
18:56:10.030,,,,,,,76,,,,,,
18:56:10.270,10.435435763742639,0,1.3937426504444446,1.393727,1.393727,1.393727,,,,,0.056196250575341264,8,
18:56:10.511,,,,,,,,0,0,,,,
18:56:10.781,10.43285210368961,0,1.3948773520000002,1.394862,1.394862,1.394862,,,,,0.05627377190926712,8,
18:56:11.021,,,,,,,,0,0,,,,
18:56:11.294,,,,,,,76,,,,,,
18:56:11.530,10.425961763435156,0,1.3961262220000001,1.396111,1.396111,1.396111,,,,,,6,
18:56:11.773,,,,,,,,1351,1.4,,,,
18:56:12.036,10.419229695099231,0,1.3966879604444447,1.396673,1.396673,1.396673,,,,,-0.033789308879352796,4,
18:56:12.285,,,,,,,,1533,1.5,,,,
18:56:12.519,,,,,,,76,,,,,,
18:56:12.756,10.406693199680934,0,1.3970877622222224,1.397073,1.397073,1.397073,,,,,-0.06837129774021389,2,
18:56:13.002,,,,,,,,1536,1.5,,,,
18:56:13.235,10.397386864224387,0,1.3972207104444447,1.397206,1.397206,1.397206,,,,,-0.08080680425204169,1,
18:56:13.476,,,,,,,,1535,1.5,,,,
18:56:13.719,,,,,,,76,,,,,,
18:56:13.960,10.383312477706848,0,1.3974222749722225,1.397408,1.397408,1.397408,,,,,-0.05828237595824478,1,
18:56:14.202,,,,,,,,1535,1.5,,,,
18:56:14.438,10.37505202479327,0,1.3976877588055558,1.397673,1.397673,1.397673,,,,,,2,
18:56:14.680,,,,,,,,0,0,,,,
18:56:14.948,,,,,,,76,,,,,,
18:56:15.188,10.362116727762237,0,1.3981045418611113,1.39809,1.39809,1.39809,,,,,,2,
18:56:15.430,,,,,,,,0,0,,,,
18:56:15.679,10.353674209026682,0,1.398377261027778,1.398363,1.398363,1.398363,,,,,0.01158710045919696,2,
18:56:15.906,,,,,,,,0,0,,,,
18:56:16.156,,,,,,,76,,,,,,
18:56:16.391,10.341467651709673,0,1.3987725462500002,1.398758,1.398758,1.398758,,,,,0.011654414821899719,2,
18:56:16.631,,,,,,,,0,0,,,,
18:56:16.901,10.332728040646046,0,1.3990562726944447,1.399042,1.399042,1.399042,,,,,0,2,
18:56:17.139,,,,,,,,0,0,,,,
18:56:17.411,,,,,,,76,,,,,,
18:56:17.651,10.31993086290324,0,1.399472801138889,1.399459,1.399459,1.399459,,,,,0,2,
18:56:17.889,,,,,,,,0,0,,,,
18:56:18.160,10.310208668518259,0,1.3996144106944446,1.399601,1.399601,1.399601,,,,,-0.011416149227634923,1,
18:56:18.399,,,,,,,,0,0,,,,
18:56:18.673,,,,,,,76,,,,,,
18:56:18.912,10.294383724009432,,1.3996144106944446,1.399601,1.399601,1.399601,,,,,-0.02247183329242825,0,
18:56:19.152,,,,,,,,0,0,,,,
18:56:19.425,10.283606150169696,,1.3996144106944446,1.399601,1.399601,1.399601,,,,,-0.022447839409400993,0,
18:56:19.660,,,,,,,,0,0,,,,
18:56:19.934,,,,,,,76,,,,,,
18:56:20.174,10.267904334444925,,1.3996144106944446,1.399601,1.399601,1.399601,,,,,-0.022451935379956607,0,
18:56:20.411,,,,,,,,0,0,,,,
18:56:20.681,10.257297234107307,,1.3996144106944446,1.399601,1.399601,1.399601,,,,,-0.01123603876865525,0,
18:56:20.920,,,,,,,,0,0,,,,
18:56:21.190,,,,,,,76,,,,,,
18:56:21.431,10.243180200838282,0,1.3998228105833335,1.399809,1.399809,1.399809,,,,,0.011240722874532354,1,
18:56:21.671,,,,,,,,0,0,,,,
18:56:21.937,10.23369841951007,0,1.3999631412222224,1.399949,1.399949,1.399949,,,,,0.011274869692441177,1,
18:56:22.181,,,,,,,,0,0,,,,
18:56:22.451,,,,,,,77,,,,,,
18:56:22.690,10.221134020768945,0,1.4003812833888891,1.400367,1.400367,1.400367,,,,,0.02251579089819925,2,
18:56:22.940,,,,,,,,0,0,,,,
18:56:23.169,10.21509237280199,0,1.4009140230555557,1.4009,1.4009,1.4009,,,,,0.04553773886816606,4,
18:56:23.408,,,,,,,,0,0,,,,
18:56:23.652,,,,,,,77,,,,,,
18:56:23.891,10.21039659086473,0,1.4023181826111113,1.402304,1.402304,1.402304,,,,,0.06910047820795365,7,
18:56:24.129,,,,,,,,0,0,,,,
18:56:24.405,10.209139115145984,0,1.4036036758611112,1.403589,1.403589,1.403589,,,,,0.09180379842263815,9,
18:56:24.639,,,,,,,,0,0,,,,
18:56:24.910,,,,,,,77,,,,,,
18:56:25.150,10.207321120476777,0,1.4054669111111113,1.405452,1.405452,1.405452,,,,,0.08058097216455239,9,
18:56:25.389,,,,,,,,0,0,,,,
18:56:25.661,10.206078446289306,0,1.4067437411111112,1.406729,1.406729,1.406729,,,,,0.05683610001617673,9,
18:56:25.900,,,,,,,,0,0,,,,
18:56:26.171,,,,,,,77,,,,,,
18:56:26.412,10.201233384497446,0,1.408204021027778,1.408189,1.408189,1.408189,,,,,0,7,
18:56:26.652,,,,,,,,0,0,,,,
18:56:26.920,10.195923908921571,0,1.4089093175555558,1.408894,1.408894,1.408894,,,,,-0.0450515967542976,5,
18:56:27.159,,,,,,,,0,0,,,,
18:56:27.430,,,,,,,77,,,,,,
18:56:27.675,10.188055430914908,0,1.4099572000555558,1.409942,1.409942,1.409942,,,,,-0.04488917757043984,5,
18:56:27.911,,,,,,,,0,0,,,,
18:56:28.179,10.180780710291879,0,1.4103778109722225,1.410363,1.410363,1.410363,,,,,-0.06749393930859905,3,
18:56:28.420,,,,,,,,0,0,,,,
18:56:28.691,,,,,,,76,,,,,,
18:56:28.926,10.165567228597293,,1.4103778109722225,1.410363,1.410363,1.410363,,,,,-0.07887334986109762,0,
18:56:29.169,,,,,,,,0,0,,,,
18:56:29.408,10.155773075807843,,1.4103778109722225,1.410363,1.410363,1.410363,,,,,-0.05692980438707263,0,
18:56:29.648,,,,,,,,0,0,,,,
18:56:29.893,,,,,,,76,,,,,,
18:56:30.133,10.141050170301368,,1.4103778109722225,1.410363,1.410363,1.410363,,,,,-0.05760538039832234,0,
18:56:30.370,,,,,,,,0,0,,,,
18:56:30.640,10.130787204497217,,1.4103778109722225,1.410363,1.410363,1.410363,,,,,-0.03452779850173232,0,
18:56:30.881,,,,,,,,0,0,,,,
18:56:31.150,,,,,,,76,,,,,,
18:56:31.392,10.115610551324366,,1.4103778109722225,1.410363,1.410363,1.410363,,,,,0,0,
18:56:31.630,,,,,,,,0,0,,,,
18:56:31.899,10.105399738131638,,1.4103778109722225,1.410363,1.410363,1.410363,,,,,0,0,
18:56:32.140,,,,,,,,0,0,,,,
18:56:32.410,,,,,,,76,,,,,,
18:56:32.649,10.090344869962884,,1.4103778109722225,1.410363,1.410363,1.410363,,,,,0,0,
18:56:32.889,,,,,,,,0,0,,,,
18:56:33.159,10.080134679495105,,1.4103778109722225,1.410363,1.410363,1.410363,,,,,0,0,
18:56:33.402,,,,,,,,0,0,,,,
18:56:33.671,,,,,,,76,,,,,,
18:56:33.910,10.065130129218828,,1.4103778109722225,1.410363,1.410363,1.410363,,,,,0,0,
18:56:34.152,,,,,,,,0,0,,,,
18:56:34.419,10.054967466757022,,1.4103778109722225,1.410363,1.410363,1.410363,,,,,0,0,
18:56:34.661,,,,,,,,0,0,,,,
18:56:34.941,,,,,,,76,,,,,,
18:56:35.169,10.040060630158807,,1.4103778109722225,1.410363,1.410363,1.410363,,,,,0,0,
18:56:35.412,,,,,,,,0,0,,,,
18:56:35.683,10.029868511989754,,1.4103778109722225,1.410363,1.410363,1.410363,,,,,0,0,
18:56:35.918,,,,,,,,0,0,,,,
18:56:36.189,,,,,,,76,,,,,,
18:56:36.427,10.01514609438785,,1.4103778109722225,1.410363,1.410363,1.410363,,,,,0,0,
18:56:36.670,,,,,,,,0,0,,,,
18:56:36.941,10.005015636258365,,1.4103778109722225,1.410363,1.410363,1.410363,,,,,0,0,
18:56:37.182,,,,,,,,0,0,,,,
18:56:37.451,,,,,,,76,,,,,,
18:56:37.692,9.990216840892462,,1.4103778109722225,1.410363,1.410363,1.410363,,,,,0,0,
18:56:37.930,,,,,,,,0,0,,,,
18:56:38.198,9.98028503473315,,1.4103778109722225,1.410363,1.410363,1.410363,,,,,0,0,
18:56:38.438,,,,,,,,0,0,,,,
18:56:38.710,,,,,,,76,,,,,,
18:56:38.950,9.965548270239976,,1.4103778109722225,1.410363,1.410363,1.410363,,,,,0,0,
18:56:39.188,,,,,,,,0,0,,,,
18:56:39.463,9.955528774832064,,1.4103778109722225,1.410363,1.410363,1.410363,,,,,0,0,
18:56:39.702,,,,,,,,0,0,,,,
18:56:39.968,,,,,,,76,,,,,,
18:56:40.212,9.940941913465402,,1.4103778109722225,1.410363,1.410363,1.410363,,,,,0,0,
18:56:40.450,,,,,,,,0,0,,,,
18:56:40.723,9.931004807520734,,1.4103778109722225,1.410363,1.410363,1.410363,,,,,0,0,
18:56:40.963,,,,,,,,0,0,,,,
18:56:41.232,,,,,,,76,,,,,,
18:56:41.468,9.916541498610684,,1.4103778109722225,1.410363,1.410363,1.410363,,,,,0,0,
18:56:41.712,,,,,,,,1228,1.2,,,,
18:56:41.979,9.906670488860069,,1.4103778109722225,1.410363,1.410363,1.410363,,,,,0,0,
18:56:42.220,,,,,,,,1468,1.5,,,,
18:56:42.460,,,,,,,76,,,,,,
18:56:42.703,9.894114863661365,0,1.4105787865833337,1.410564,1.410564,1.410564,,,,,0.01137129693450687,1,
18:56:42.946,,,,,,,,1380,1.4,,,,
18:56:43.185,9.884812883305193,,1.4105787865833337,1.410564,1.410564,1.410564,,,,,,0,
18:56:43.431,,,,,,,,1383,1.4,,,,
18:56:43.658,,,,,,,76,,,,,,
18:56:43.906,9.870961152726899,,1.4105787865833337,1.410564,1.410564,1.410564,,,,,,0,
18:56:44.139,,,,,,,,1385,1.4,,,,
18:56:44.377,9.861948748351598,,1.4105787865833337,1.410564,1.410564,1.410564,,,,,0,0,
18:56:44.622,,,,,,,,1385,1.4,,,,
18:56:44.861,,,,,,,77,,,,,,
18:56:45.098,9.84815028514203,,1.4105787865833337,1.410564,1.410564,1.410564,,,,,-0.011824417625068523,0,
18:56:45.338,,,,,,,,1384,1.4,,,,
18:56:45.581,9.838936407092724,,1.4105787865833337,1.410564,1.410564,1.410564,,,,,0,0,
18:56:45.821,,,,,,,,1384,1.4,,,,
18:56:46.059,,,,,,,77,,,,,,
18:56:46.299,9.825270158462745,,1.4105787865833337,1.410564,1.410564,1.410564,,,,,0,0,
18:56:46.540,,,,,,,,1385,1.4,,,,
18:56:46.815,9.815458676271625,,1.4105787865833337,1.410564,1.410564,1.410564,,,,,0,0,
18:56:47.047,,,,,,,,1386,1.4,,,,
18:56:47.291,,,,,,,77,,,,,,
18:56:47.527,9.801983911724433,,1.4105787865833337,1.410564,1.410564,1.410564,,,,,0,0,
18:56:47.768,,,,,,,,1384,1.4,,,,
18:56:48.018,9.792694189298048,,1.4105787865833337,1.410564,1.410564,1.410564,,,,,0,0,
18:56:48.247,,,,,,,,1386,1.4,,,,
18:56:48.489,,,,,,,77,,,,,,
18:56:48.728,9.77929790296078,,1.4105787865833337,1.410564,1.410564,1.410564,,,,,0,0,
18:56:48.968,,,,,,,,1383,1.4,,,,
18:56:49.211,9.770222469862137,,1.4105787865833337,1.410564,1.410564,1.410564,,,,,0,0,
18:56:49.447,,,,,,,,1387,1.4,,,,
18:56:49.693,,,,,,,77,,,,,,
18:56:49.929,9.756731469543395,,1.4105787865833337,1.410564,1.410564,1.410564,,,,,0,0,
18:56:50.168,,,,,,,,1385,1.4,,,,
18:56:50.414,9.747654546061165,,1.4105787865833337,1.410564,1.410564,1.410564,,,,,0,0,
18:56:50.646,,,,,,,,1386,1.4,,,,
18:56:50.887,,,,,,,77,,,,,,
18:56:51.133,9.734227821409673,,1.4105787865833337,1.410564,1.410564,1.410564,,,,,0,0,
18:56:51.366,,,,,,,,1385,1.4,,,,
18:56:51.615,9.725243328403403,,1.4105787865833337,1.410564,1.410564,1.410564,,,,,0,0,
18:56:51.857,,,,,,,,1386,1.4,,,,
18:56:52.087,,,,,,,77,,,,,,
18:56:52.331,9.711912456800187,,1.4105787865833337,1.410564,1.410564,1.410564,,,,,0,0,
18:56:52.568,,,,,,,,1385,1.4,,,,
18:56:52.807,9.70309429305701,,1.4105787865833337,1.410564,1.410564,1.410564,,,,,0,0,
18:56:53.048,,,,,,,,1385,1.4,,,,
18:56:53.288,,,,,,,78,,,,,,
18:56:53.536,9.689586660804254,,1.4105787865833337,1.410564,1.410564,1.410564,,,,,0,0,
18:56:53.776,,,,,,,,1383,1.4,,,,
18:56:54.011,9.680677346967046,,1.4105787865833337,1.410564,1.410564,1.410564,,,,,0,0,
18:56:54.252,,,,,,,,1380,1.4,,,,
18:56:54.489,,,,,,,78,,,,,,
18:56:54.756,9.66707882822842,,1.4105787865833337,1.410564,1.410564,1.410564,,,,,0,0,
18:56:55.001,,,,,,,,1384,1.4,,,,
18:56:55.237,9.65824003438347,,1.4105787865833337,1.410564,1.410564,1.410564,,,,,0,0,
18:56:55.480,,,,,,,,1386,1.4,,,,
18:56:55.728,,,,,,,78,,,,,,
18:56:55.958,9.645016762551286,,1.4105787865833337,1.410564,1.410564,1.410564,,,,,0,0,
18:56:56.204,,,,,,,,1385,1.4,,,,
18:56:56.439,9.63621022222229,,1.4105787865833337,1.410564,1.410564,1.410564,,,,,0,0,
18:56:56.679,,,,,,,,1381,1.4,,,,
18:56:56.927,,,,,,,78,,,,,,
18:56:57.157,9.623094543869048,,1.4105787865833337,1.410564,1.410564,1.410564,,,,,0,0,
18:56:57.401,,,,,,,,1385,1.4,,,,
18:56:57.637,9.614349142626148,,1.4105787865833337,1.410564,1.410564,1.410564,,,,,0,0,
18:56:57.880,,,,,,,,1385,1.4,,,,
18:56:58.131,,,,,,,78,,,,,,
18:56:58.359,9.601234684416513,,1.4105787865833337,1.410564,1.410564,1.410564,,,,,0,0,
18:56:58.598,,,,,,,,1385,1.4,,,,
18:56:58.844,9.592424904562506,,1.4105787865833337,1.410564,1.410564,1.410564,,,,,0,0,
18:56:59.082,,,,,,,,1382,1.4,,,,
18:56:59.347,,,,,,,79,,,,,,
18:56:59.592,9.578891459490325,,1.4105787865833337,1.410564,1.410564,1.410564,,,,,0,0,
18:56:59.826,,,,,,,,1388,1.4,,,,
18:57:00.075,9.570183654943566,,1.4105787865833337,1.410564,1.410564,1.410564,,,,,0,0,
18:57:00.320,,,,,,,,1382,1.4,,,,
18:57:00.556,,,,,,,79,,,,,,
18:57:00.801,9.557109925001837,,1.4105787865833337,1.410564,1.410564,1.410564,,,,,0,0,
18:57:01.028,,,,,,,,1383,1.4,,,,
18:57:01.268,9.548599898871617,,1.4105787865833337,1.410564,1.410564,1.410564,,,,,0,0,
18:57:01.516,,,,,,,,1384,1.4,,,,
18:57:01.746,,,,,,,79,,,,,,
18:57:01.989,9.535713632756952,,1.4105787865833337,1.410564,1.410564,1.410564,,,,,0,0,
18:57:02.230,,,,,,,,1384,1.4,,,,
18:57:02.475,9.527079623255453,,1.4105787865833337,1.410564,1.410564,1.410564,,,,,0,0,
18:57:02.708,,,,,,,,1384,1.4,,,,
18:57:02.980,,,,,,,80,,,,,,
18:57:03.221,9.51376873372458,,1.4105787865833337,1.410564,1.410564,1.410564,,,,,0,0,
18:57:03.471,,,,,,,,1385,1.4,,,,
18:57:03.701,9.505226952117862,,1.4105787865833337,1.410564,1.410564,1.410564,,,,,0,0,
18:57:03.936,,,,,,,,1385,1.4,,,,
18:57:04.180,,,,,,,80,,,,,,
18:57:04.418,9.49249179780621,,1.4105787865833337,1.410564,1.410564,1.410564,,,,,0,0,
18:57:04.661,,,,,,,,1385,1.4,,,,
18:57:04.934,9.483329484179029,,1.4105787865833337,1.410564,1.410564,1.410564,,,,,0,0,
18:57:05.172,,,,,,,,1383,1.4,,,,
18:57:05.436,,,,,,,80,,,,,,
18:57:05.690,9.469863225780593,,1.4105787865833337,1.410564,1.410564,1.410564,,,,,0,0,
18:57:05.917,,,,,,,,1381,1.4,,,,
18:57:06.163,9.461619010402613,,1.4105787865833337,1.410564,1.410564,1.410564,,,,,0,0,
18:57:06.405,,,,,,,,1387,1.4,,,,
18:57:06.636,,,,,,,80,,,,,,
18:57:06.883,9.448947811807601,,1.4105787865833337,1.410564,1.410564,1.410564,,,,,0,0,
18:57:07.118,,,,,,,,1383,1.4,,,,
18:57:07.360,9.440574287060238,,1.4105787865833337,1.410564,1.410564,1.410564,,,,,0,0,
18:57:07.600,,,,,,,,1382,1.4,,,,
18:57:07.838,,,,,,,80,,,,,,
18:57:08.082,9.427907612190257,,1.4105787865833337,1.410564,1.410564,1.410564,,,,,0,0,
18:57:08.319,,,,,,,,1388,1.4,,,,
18:57:08.557,9.419604691945876,,1.4105787865833337,1.410564,1.410564,1.410564,,,,,0,0,
18:57:08.807,,,,,,,,1385,1.4,,,,
18:57:09.037,,,,,,,80,,,,,,
18:57:09.276,9.407056981822187,,1.4105787865833337,1.410564,1.410564,1.410564,,,,,0,0,
18:57:09.525,,,,,,,,1383,1.4,,,,
18:57:09.758,9.398659913868991,,1.4105787865833337,1.410564,1.410564,1.410564,,,,,0,0,
18:57:10.003,,,,,,,,1502,1.5,,,,
18:57:10.239,,,,,,,81,,,,,,
18:57:10.476,9.386197400426132,,1.4105787865833337,1.410564,1.410564,1.410564,,,,,0,0,
18:57:10.714,,,,,,,,1536,1.5,,,,
18:57:10.959,9.377815390528948,,1.4105787865833337,1.410564,1.410564,1.410564,,,,,0,0,
18:57:11.206,,,,,,,,0,0,,,,
18:57:11.438,,,,,,,81,,,,,,
18:57:11.676,9.365414699744578,,1.4105787865833337,1.410564,1.410564,1.410564,,,,,0,0,
18:57:11.923,,,,,,,,0,0,,,,
18:57:12.159,9.357080473378103,,1.4105787865833337,1.410564,1.410564,1.410564,,,,,0,0,
18:57:12.406,,,,,,,,0,0,,,,
18:57:12.640,,,,,,,81,,,,,,
18:57:12.885,9.344583002529797,,1.4105787865833337,1.410564,1.410564,1.410564,,,,,0,0,
18:57:13.120,,,,,,,,0,0,,,,
18:57:13.392,9.335864561055105,,1.4105787865833337,1.410564,1.410564,1.410564,,,,,0,0,
18:57:13.632,,,,,,,,0,0,,,,
18:57:13.902,,,,,,,81,,,,,,
18:57:14.139,9.323067780974744,,1.4105787865833337,1.410564,1.410564,1.410564,,,,,0,0,
18:57:14.378,,,,,,,,0,0,,,,
18:57:14.651,9.314313463559845,,1.4105787865833337,1.410564,1.410564,1.410564,,,,,0,0,
18:57:14.890,,,,,,,,0,0,,,,
18:57:15.160,,,,,,,81,,,,,,
18:57:15.401,9.301516200989086,,1.4105787865833337,1.410564,1.410564,1.410564,,,,,0,0,
18:57:15.641,,,,,,,,0,0,,,,
18:57:15.910,9.292850596380992,,1.4105787865833337,1.410564,1.410564,1.410564,,,,,0,0,
18:57:16.148,,,,,,,,0,0,,,,
18:57:16.420,,,,,,,81,,,,,,
18:57:16.685,9.279694106533311,,1.4105787865833337,1.410564,1.410564,1.410564,,,,,0,0,
18:57:16.930,,,,,,,,0,0,,,,
18:57:17.170,9.271463970654455,,1.4105787865833337,1.410564,1.410564,1.410564,,,,,0,0,
18:57:17.410,,,,,,,,0,0,,,,
18:57:17.681,,,,,,,81,,,,,,
18:57:17.924,9.258723415458741,,1.4105787865833337,1.410564,1.410564,1.410564,,,,,0,0,
18:57:18.162,,,,,,,,0,0,,,,
18:57:18.434,9.250124470279003,,1.4105787865833337,1.410564,1.410564,1.410564,,,,,0,0,
18:57:18.673,,,,,,,,0,0,,,,
18:57:18.940,,,,,,,81,,,,,,
18:57:19.182,9.237539230542223,,1.4105787865833337,1.410564,1.410564,1.410564,,,,,0,0,
18:57:19.422,,,,,,,,0,0,,,,
18:57:19.694,9.228926965203401,,1.4105787865833337,1.410564,1.410564,1.410564,,,,,0,0,
18:57:19.963,,,,,,,,0,0,,,,
18:57:20.233,,,,,,,80,,,,,,
18:57:20.468,9.215984122444267,,1.4105787865833337,1.410564,1.410564,1.410564,,,,,0,0,
18:57:20.710,,,,,,,,0,0,,,,
18:57:20.959,9.207782327640379,,1.4105787865833337,1.410564,1.410564,1.410564,,,,,0,0,
18:57:21.188,,,,,,,,0,0,,,,
18:57:21.431,,,,,,,80,,,,,,
18:57:21.672,9.195879979797366,,1.4105787865833337,1.410564,1.410564,1.410564,,,,,0,0,
18:57:21.910,,,,,,,,0,0,,,,
18:57:22.182,9.187403164705476,,1.4105787865833337,1.410564,1.410564,1.410564,,,,,0,0,
18:57:22.420,,,,,,,,0,0,,,,
18:57:22.693,,,,,,,80,,,,,,
18:57:22.935,9.17489679845663,,1.4105787865833337,1.410564,1.410564,1.410564,,,,,0,0,
18:57:23.171,,,,,,,,0,0,,,,
18:57:23.442,9.166506862467347,,1.4105787865833337,1.410564,1.410564,1.410564,,,,,0,0,
18:57:23.681,,,,,,,,0,0,,,,
18:57:23.951,,,,,,,80,,,,,,
18:57:24.192,9.154108293409799,,1.4105787865833337,1.410564,1.410564,1.410564,,,,,0,0,
18:57:24.433,,,,,,,,0,0,,,,
18:57:24.702,9.145705648490646,,1.4105787865833337,1.410564,1.410564,1.410564,,,,,0,0,
18:57:24.942,,,,,,,,0,0,,,,
18:57:25.210,,,,,,,80,,,,,,
18:57:25.452,9.133368914647535,,1.4105787865833337,1.410564,1.410564,1.410564,,,,,0,0,
18:57:25.692,,,,,,,,0,0,,,,
18:57:25.964,9.124888203002973,,1.4105787865833337,1.410564,1.410564,1.410564,,,,,0,0,
18:57:26.204,,,,,,,,0,0,,,,
18:57:26.472,,,,,,,80,,,,,,
18:57:26.710,9.112737442306253,,1.4105787865833337,1.410564,1.410564,1.410564,,,,,0,0,
18:57:26.952,,,,,,,,0,0,,,,
18:57:27.222,9.104368321017523,,1.4105787865833337,1.410564,1.410564,1.410564,,,,,0,0,
18:57:27.463,,,,,,,,0,0,,,,
18:57:27.734,,,,,,,80,,,,,,
18:57:27.973,9.092142528949443,,1.4105787865833337,1.410564,1.410564,1.410564,,,,,0,0,
18:57:28.204,,,,,,,,0,0,,,,
18:57:28.482,9.083835456146028,,1.4105787865833337,1.410564,1.410564,1.410564,,,,,0,0,
18:57:28.721,,,,,,,,0,0,,,,
18:57:28.994,,,,,,,79,,,,,,
18:57:29.229,9.071750334983514,,1.4105787865833337,1.410564,1.410564,1.410564,,,,,0,0,
18:57:29.466,,,,,,,,0,0,,,,
18:57:29.713,9.063905765416756,,1.4105787865833337,1.410564,1.410564,1.410564,,,,,0,0,
18:57:29.948,,,,,,,,0,0,,,,
18:57:30.149,,,,,,,,,,,,,
18:57:30.159,,,,,,,,,,35,,,
18:57:30.401,,,,,,,79,,,,,,
18:57:30.643,9.048876107539517,,1.4105787865833337,1.410564,1.410564,1.410564,,,,,0,0,
18:57:30.881,,,,,,,,0,0,,,,
18:57:31.147,9.040759075773538,,1.4105787865833337,1.410564,1.410564,1.410564,,,,,0,0,
18:57:31.394,,,,,,,,0,0,,,,
18:57:31.663,,,,,,,78,,,,,,
18:57:31.900,9.028660403779641,,1.4105787865833337,1.410564,1.410564,1.410564,,,,,0,0,
18:57:32.139,,,,,,,,0,0,,,,
18:57:32.381,9.020946340927413,,1.4105787865833337,1.410564,1.410564,1.410564,,,,,0,0,
18:57:32.619,,,,,,,,0,0,,,,
18:57:32.861,,,,,,,78,,,,,,
18:57:33.101,9.00940801962242,,1.4105787865833337,1.410564,1.410564,1.410564,,,,,0,0,
18:57:33.343,,,,,,,,0,0,,,,
18:57:33.610,9.001279752445871,,1.4105787865833337,1.410564,1.410564,1.410564,,,,,0,0,
18:57:33.853,,,,,,,,0,0,,,,
18:57:34.120,,,,,,,78,,,,,,
18:57:34.356,8.989413514834835,,1.4105787865833337,1.410564,1.410564,1.410564,,,,,0,0,
18:57:34.597,,,,,,,,0,0,,,,
18:57:34.837,8.981755441499756,,1.4105787865833337,1.410564,1.410564,1.410564,,,,,0,0,
18:57:35.077,,,,,,,,0,0,,,,
18:57:35.321,,,,,,,77,,,,,,
18:57:35.560,8.97019841622987,,1.4105787865833337,1.410564,1.410564,1.410564,,,,,0,0,
18:57:35.797,,,,,,,,0,0,,,,
18:57:36.038,8.96271459791343,,1.4105787865833337,1.410564,1.410564,1.410564,,,,,0,0,
18:57:36.276,,,,,,,,0,0,,,,
18:57:36.521,,,,,,,77,,,,,,
18:57:36.761,8.951286622832262,,1.4105787865833337,1.410564,1.410564,1.410564,,,,,0,0,
18:57:37.002,,,,,,,,0,0,,,,
18:57:37.269,8.943275027621683,,1.4105787865833337,1.410564,1.410564,1.410564,,,,,0,0,
18:57:37.513,,,,,,,,0,0,,,,
18:57:37.779,,,,,,,77,,,,,,
18:57:38.022,8.931434595019924,,1.4105787865833337,1.410564,1.410564,1.410564,,,,,0,0,
18:57:38.262,,,,,,,,0,0,,,,
18:57:38.528,8.923501590260148,,1.4105787865833337,1.410564,1.410564,1.410564,,,,,0,0,
18:57:38.766,,,,,,,,0,0,,,,
18:57:39.040,,,,,,,77,,,,,,
18:57:39.281,8.911707541274616,,1.4105787865833337,1.410564,1.410564,1.410564,,,,,0,0,
18:57:39.520,,,,,,,,0,0,,,,
18:57:39.792,8.903718176203189,,1.4105787865833337,1.410564,1.410564,1.410564,,,,,0,0,
18:57:40.032,,,,,,,,0,0,,,,
18:57:40.302,,,,,,,77,,,,,,
18:57:40.539,8.892077315072756,,1.4105787865833337,1.410564,1.410564,1.410564,,,,,0,0,
18:57:40.780,,,,,,,,0,0,,,,
18:57:41.051,8.884107943066661,,1.4105787865833337,1.410564,1.410564,1.410564,,,,,0,0,
18:57:41.289,,,,,,,,0,0,,,,
18:57:41.562,,,,,,,77,,,,,,
18:57:41.800,8.872488190689065,,1.4105787865833337,1.410564,1.410564,1.410564,,,,,0,0,
18:57:42.041,,,,,,,,0,0,,,,
18:57:42.309,8.864599205030183,,1.4105787865833337,1.410564,1.410564,1.410564,,,,,0,0,
18:57:42.550,,,,,,,,0,0,,,,
18:57:42.849,,,,,,,77,,,,,,
18:57:43.090,8.852526159505702,,1.4105787865833337,1.410564,1.410564,1.410564,,,,,0,0,
18:57:43.332,,,,,,,,0,0,,,,
18:57:43.600,8.84466089965909,,1.4105787865833337,1.410564,1.410564,1.410564,,,,,0,0,
18:57:43.841,,,,,,,,0,0,,,,
18:57:44.112,,,,,,,77,,,,,,
18:57:44.350,8.834434095958581,0,1.4107869711111114,1.410772,1.410772,1.410772,,,,,0.011107471345041439,1,
18:57:44.592,,,,,,,,0,0,,,,
18:57:44.862,8.827456295382031,0,1.4109293286944447,1.410914,1.410914,1.410914,,,,,0.011093836605404209,1,
18:57:45.103,,,,,,,,0,0,,,,
18:57:45.370,,,,,,,77,,,,,,
18:57:45.612,8.81597265931707,,1.4109293286944447,1.410914,1.410914,1.410914,,,,,,0,
18:57:45.851,,,,,,,,0,0,,,,
18:57:46.123,8.808154271741783,,1.4109293286944447,1.410914,1.410914,1.410914,,,,,0,0,
18:57:46.365,,,,,,,,0,0,,,,
18:57:46.632,,,,,,,77,,,,,,
18:57:46.871,8.796746624651217,,1.4109293286944447,1.410914,1.410914,1.410914,,,,,-0.011234675515800445,0,
18:57:47.113,,,,,,,,0,0,,,,
18:57:47.382,8.78896861987089,,1.4109293286944447,1.410914,1.410914,1.410914,,,,,-0.01124139024815198,0,
18:57:47.620,,,,,,,,0,0,,,,
18:57:47.891,,,,,,,77,,,,,,
18:57:48.133,8.780162772842015,0,1.4113463213055557,1.411331,1.411331,1.411331,,,,,0.02247377135227075,2,
18:57:48.364,,,,,,,,1539,1.5,,,,
18:57:48.639,8.775114837078876,0,1.4117678289722224,1.411753,1.411753,1.411753,,,,,0.03377806559104893,3,
18:57:48.890,,,,,,,,1533,1.5,,,,
18:57:49.117,,,,,,,77,,,,,,
18:57:49.363,8.771644852507556,0,1.4129763429722224,1.412962,1.412962,1.412962,,,,,0.06818509065643928,6,
18:57:49.607,,,,,,,,1535,1.5,,,,
18:57:49.834,8.769399371591339,0,1.413760005138889,1.413746,1.413746,1.413746,,,,,0.06930411584176699,6,
18:57:50.079,,,,,,,,1535,1.5,,,,
18:57:50.316,,,,,,,77,,,,,,
18:57:50.566,8.765914465220186,0,1.414978740638889,1.414965,1.414965,1.414965,,,,,0.04656885913945242,6,
18:57:50.800,,,,,,,,729,0.7,,,,
18:57:51.070,8.76351442551408,0,1.4158198658055556,1.415806,1.415806,1.415806,,,,,0.03495180740911997,6,
18:57:51.308,,,,,,,,0,0,,,,
18:57:51.560,,,,,,,78,,,,,,
18:57:51.785,8.760119811036049,0,1.4170120503055557,1.416998,1.416998,1.416998,,,,,0,6,
18:57:52.034,,,,,,,,0,0,,,,
18:57:52.268,8.759489942874229,0,1.4180852514166669,1.418071,1.418071,1.418071,,,,,0.023273219564770197,8,
18:57:52.516,,,,,,,,0,0,,,,
18:57:52.754,,,,,,,78,,,,,,
18:57:52.986,8.762244123498132,0,1.4202770261666668,1.420263,1.420263,1.420263,,,,,0.05851900043099464,11,
18:57:53.231,,,,,,,,0,0,,,,
18:57:53.502,8.765991131279343,0,1.4221418331944446,1.422128,1.422128,1.422128,,,,,0.0815471702516565,13,
18:57:53.740,,,,,,,,1665,1.7,,,,
18:57:54.006,,,,,,,78,,,,,,
18:57:54.252,8.777828452674374,0,1.4258901356944447,1.425876,1.425876,1.425876,,,,,0.13781688482838464,18,
18:57:54.488,,,,,,,,2033,2,,,,
18:57:54.726,8.786912668320447,0,1.4285221679166669,1.428508,1.428508,1.428508,,,,,0.13833347414416977,20,
18:57:54.969,,,,,,,,2349,2.3,,,,
18:57:55.207,,,,,,,78,,,,,,
18:57:55.450,8.804593115484312,0,1.433179357416667,1.433165,1.433165,1.433165,,,,,0.13794517325621083,23,
18:57:55.690,,,,,,,,1528,1.5,,,,
18:57:55.924,8.815166696575004,0,1.436051205027778,1.436037,1.436037,1.436037,,,,,,22,
18:57:56.172,,,,,,,,0,0,,,,
18:57:56.407,,,,,,,79,,,,,,
18:57:56.647,8.827691725857843,0,1.4398623216111115,1.439848,1.439848,1.439848,,,,,,19,
18:57:56.891,,,,,,,,0,0,,,,
18:57:57.129,8.835229335009485,0,1.4422769946111116,1.442263,1.442263,1.442263,,,,,-0.023566281127742405,18,
18:57:57.375,,,,,,,,0,0,,,,
18:57:57.610,,,,,,,79,,,,,,
18:57:57.845,8.84515451175694,0,1.4456545484722227,1.445641,1.445641,1.445641,,,,,-0.07096168449921578,17,
18:57:58.093,,,,,,,,0,0,,,,
18:57:58.362,8.851446261864385,0,1.447956161805556,1.447943,1.447943,1.447943,,,,,-0.06972192007668429,16,
18:57:58.600,,,,,,,,0,0,,,,
18:57:58.870,,,,,,,79,,,,,,
18:57:59.111,8.86179555716157,0,1.451492650555556,1.451479,1.451479,1.451479,,,,,,17,
18:57:59.352,,,,,,,,0,0,,,,
18:57:59.621,8.867967265685065,0,1.4537604527777783,1.453747,1.453747,1.453747,,,,,,16,
18:57:59.864,,,,,,,,0,0,,,,
18:58:00.132,,,,,,,79,,,,,,
18:58:00.368,8.874453607659959,0,1.4566648531111117,1.456651,1.456651,1.456651,,,,,,14,
18:58:00.612,,,,,,,,0,0,,,,
18:58:00.881,8.878902359372516,0,1.4586611317777785,1.458647,1.458647,1.458647,,,,,-0.022486466149454154,14,
18:58:01.120,,,,,,,,0,0,,,,
18:58:01.392,,,,,,,79,,,,,,
18:58:01.631,8.885384156400557,0,1.4615759103888895,1.461562,1.461562,1.461562,,,,,-0.033720838468856616,14,
18:58:01.871,,,,,,,,0,0,,,,
18:58:02.140,8.889780935780447,0,1.463557293055556,1.463543,1.463543,1.463543,,,,,-0.02248800769978571,14,
18:58:02.382,,,,,,,,0,0,,,,
18:58:02.652,,,,,,,79,,,,,,
18:58:02.891,8.896241259862084,0,1.4664747931111115,1.466461,1.466461,1.466461,,,,,0,14,
18:58:03.133,,,,,,,,0,0,,,,
18:58:03.398,8.900604437277561,0,1.4684493982222226,1.468436,1.468436,1.468436,,,,,0,14,
18:58:03.639,,,,,,,,0,0,,,,
18:58:03.910,,,,,,,79,,,,,,
18:58:04.150,8.908308757143459,0,1.4715792744722227,1.471566,1.471566,1.471566,,,,,0.01124662938436791,15,
18:58:04.391,,,,,,,,0,0,,,,
18:58:04.661,8.91440698274868,0,1.473854034916667,1.473841,1.473841,1.473841,,,,,0.022471794071117084,16,
18:58:04.898,,,,,,,,0,0,,,,
18:58:05.171,,,,,,,79,,,,,,
18:58:05.409,8.925800302966309,0,1.4775906339166671,1.477578,1.477578,1.477578,,,,,0.044995963112948366,18,
18:58:05.685,,,,,,,,0,0,,,,
18:58:05.948,8.93491503832055,0,1.480438943444445,1.480426,1.480426,1.480426,,,,,0.05554146005637002,19,
18:58:06.191,,,,,,,,0,0,,,,
18:58:06.459,,,,,,,78,,,,,,
18:58:06.704,8.947633260398417,0,1.4844219567222228,1.484409,1.484409,1.484409,,,,,0.0443621433825859,19,
18:58:06.936,,,,,,,,0,0,,,,
18:58:07.182,8.955691448400131,0,1.486950789694445,1.486938,1.486938,1.486938,,,,,0.03371807411672113,19,
18:58:07.418,,,,,,,,0,0,,,,
18:58:07.661,,,,,,,78,,,,,,
18:58:07.902,8.96898093398181,0,1.4909513424722227,1.490939,1.490939,1.490939,,,,,0.022718416748029664,20,
18:58:08.139,,,,,,,,0,0,,,,
18:58:08.410,8.977490528540393,0,1.4936330188333338,1.493621,1.493621,1.493621,,,,,,19,
18:58:08.650,,,,,,,,0,0,,,,
18:58:08.922,,,,,,,78,,,,,,
18:58:09.161,8.988784108504841,0,1.4973862878333337,1.497374,1.497374,1.497374,,,,,,18,
18:58:09.400,,,,,,,,0,0,,,,
18:58:09.670,8.995584167566367,0,1.4997921174444448,1.49978,1.49978,1.49978,,,,,-0.022761701757901074,17,
18:58:09.909,,,,,,,,0,0,,,,
18:58:10.178,,,,,,,78,,,,,,
18:58:10.422,9.00559501802387,0,1.5033413580833337,1.503329,1.503329,1.503329,,,,,-0.033723033146622686,17,
18:58:10.658,,,,,,,,0,0,,,,
18:58:10.931,9.01151657281634,0,1.505604532305556,1.505592,1.505592,1.505592,,,,,-0.03370908975856743,16,
18:58:11.171,,,,,,,,0,0,,,,
18:58:11.441,,,,,,,78,,,,,,
18:58:11.678,9.0201833881484,0,1.5089238478611116,1.508911,1.508911,1.508911,,,,,-0.02250474895129975,16,
18:58:11.923,,,,,,,,0,0,,,,
18:58:12.191,9.026126530821259,0,1.5112047887500004,1.511192,1.511192,1.511192,,,,,-0.01123639802013174,16,
18:58:12.429,,,,,,,,0,0,,,,
18:58:12.701,,,,,,,78,,,,,,
18:58:12.941,9.034785828489376,0,1.514535140305556,1.514522,1.514522,1.514522,,,,,-0.011246685203118658,16,
18:58:13.181,,,,,,,,0,0,,,,
18:58:13.450,9.041498944365511,0,1.516938967694445,1.516926,1.516926,1.516926,,,,,0.01124744260669127,17,
18:58:13.692,,,,,,,,0,0,,,,
18:58:13.961,,,,,,,78,,,,,,
18:58:14.203,9.051411675385653,0,1.520495935305556,1.520483,1.520483,1.520483,,,,,0.011219094504346307,17,
18:58:14.440,,,,,,,,0,0,,,,
18:58:14.712,9.058941151289215,0,1.523042280305556,1.523029,1.523029,1.523029,,,,,0.02247227810733352,18,
18:58:14.949,,,,,,,,0,0,,,,
18:58:15.221,,,,,,,77,,,,,,
18:58:15.463,9.07001365208136,0,1.526794618305556,1.526781,1.526781,1.526781,,,,,0.02245772602310997,18,
18:58:15.706,,,,,,,,0,0,,,,
18:58:15.942,9.077869267832684,0,1.5293268390833339,1.529313,1.529313,1.529313,,,,,0.022728830435508766,19,
18:58:16.181,,,,,,,,0,0,,,,
18:58:16.418,,,,,,,77,,,,,,
18:58:16.662,9.089624999478865,0,1.5331237426111117,1.53311,1.53311,1.53311,,,,,0.023038177178860853,19,
18:58:16.902,,,,,,,,0,0,,,,
18:58:17.173,9.097960767813705,0,1.5358215183055561,1.535808,1.535808,1.535808,,,,,0.011510543453794084,19,
18:58:17.412,,,,,,,,0,0,,,,
18:58:17.677,,,,,,,76,,,,,,
18:58:17.917,9.110054788610906,0,1.5397436946388894,1.53973,1.53973,1.53973,,,,,0.011544877459543749,19,
18:58:18.163,,,,,,,,0,0,,,,
18:58:18.400,9.117106875522358,0,1.5421589506388893,1.542145,1.542145,1.542145,,,,,-0.01152539497927924,18,
18:58:18.638,,,,,,,,0,0,,,,
18:58:18.882,,,,,,,76,,,,,,
18:58:19.122,9.127633461084821,0,1.5457713241388893,1.545757,1.545757,1.545757,,,,,-0.01151517933046507,18,
18:58:19.363,,,,,,,,0,0,,,,
18:58:19.631,9.134201552801661,0,1.548175312555556,1.548161,1.548161,1.548161,,,,,-0.023049914914411114,17,
18:58:19.872,,,,,,,,0,0,,,,
18:58:20.142,,,,,,,76,,,,,,
18:58:20.377,9.14259099311519,0,1.5514930534444449,1.551479,1.551479,1.551479,,,,,-0.03453555991788573,16,
18:58:20.621,,,,,,,,0,0,,,,
18:58:20.888,9.147487240312802,0,1.5536226276111116,1.553609,1.553609,1.553609,,,,,-0.034145775322198396,15,
18:58:21.134,,,,,,,,0,0,,,,
18:58:21.432,,,,,,,76,,,,,,
18:58:21.670,9.149852991793795,0,1.5560115348888894,1.555998,1.555998,1.555998,,,,,-0.07780287488911419,11,
18:58:21.911,,,,,,,,0,0,,,,
18:58:22.183,9.150565081048411,0,1.5574371523888895,1.557424,1.557424,1.557424,,,,,-0.07767680433501019,10,
18:58:22.421,,,,,,,,0,0,,,,
18:58:22.687,,,,,,,76,,,,,,
18:58:22.929,9.151597151160635,0,1.5595076260000005,1.559494,1.559494,1.559494,,,,,-0.06660666564102577,10,
18:58:23.169,,,,,,,,0,0,,,,
18:58:23.440,9.153136506507582,0,1.561070008555556,1.561056,1.561056,1.561056,,,,,,11,
18:58:23.681,,,,,,,,0,0,,,,
18:58:23.951,,,,,,,76,,,,,,
18:58:24.223,9.156760961605116,0,1.5636789422222226,1.563665,1.563665,1.563665,,,,,,12,
18:58:24.462,,,,,,,,0,0,,,,
18:58:24.759,9.160112097514412,0,1.565616356777778,1.565602,1.565602,1.565602,,,,,0.032987442448646785,13,
18:58:25.001,,,,,,,,0,0,,,,
18:58:25.241,,,,,,,76,,,,,,
18:58:25.478,9.163427199437443,0,1.5680133607777782,1.567999,1.567999,1.567999,,,,,,12,
18:58:25.721,,,,,,,,1210,1.2,,,,
18:58:25.992,9.164954921307062,0,1.5695804079444449,1.569566,1.569566,1.569566,,,,,,11,
18:58:26.228,,,,,,,,1536,1.5,,,,
18:58:26.471,,,,,,,76,,,,,,
18:58:26.716,9.161241086477125,0,1.5707875807777782,1.570773,1.570773,1.570773,,,,,-0.0681622178694502,6,
18:58:26.949,,,,,,,,1535,1.5,,,,
18:58:27.192,9.157265627871354,0,1.5713162583333338,1.571302,1.571302,1.571302,,,,,-0.10479759319591384,4,
18:58:27.437,,,,,,,,1535,1.5,,,,
18:58:27.666,,,,,,,75,,,,,,
18:58:27.910,9.148953827609363,0,1.5717152652222226,1.571701,1.571701,1.571701,,,,,-0.11647957388069023,2,
18:58:28.147,,,,,,,,1401,1.4,,,,
18:58:28.384,9.144242610481168,0,1.5721104393055558,1.572096,1.572096,1.572096,,,,,,3,
18:58:28.629,,,,,,,,1374,1.4,,,,
18:58:28.868,,,,,,,76,,,,,,
18:58:29.120,9.139286165901844,0,1.5731397586111113,1.573125,1.573125,1.573125,,,,,,5,
18:58:29.345,,,,,,,,1384,1.4,,,,
18:58:29.603,9.136055632089608,0,1.5738119809722224,1.573797,1.573797,1.573797,,,,,,5,
18:58:29.861,,,,,,,,1380,1.4,,,,
18:58:30.096,,,,,,,76,,,,,,
18:58:30.342,9.129993392550135,0,1.5746262546388892,1.574611,1.574611,1.574611,,,,,,4,
18:58:30.588,,,,,,,,1385,1.4,,,,
18:58:30.816,9.12608074534673,0,1.5751528199722225,1.575138,1.575138,1.575138,,,,,0.011647532543078331,4,
18:58:31.063,,,,,,,,1385,1.4,,,,
18:58:31.297,,,,,,,77,,,,,,
18:58:31.534,9.120164778175663,0,1.5759505210833336,1.575936,1.575936,1.575936,,,,,-0.011730657275980522,4,
18:58:31.779,,,,,,,,1383,1.4,,,,
18:58:32.018,9.11696443738416,0,1.5766221494166668,1.576608,1.576608,1.576608,,,,,,5,
18:58:32.265,,,,,,,,1385,1.4,,,,
18:58:32.497,,,,,,,78,,,,,,
18:58:32.735,9.112224999452812,0,1.577618695388889,1.577605,1.577605,1.577605,,,,,0.011834727724324798,5,
18:58:32.993,,,,,,,,1385,1.4,,,,
18:58:33.249,9.108835606617937,0,1.578332781777778,1.578319,1.578319,1.578319,,,,,0.011641387014993624,5,
18:58:33.488,,,,,,,,1388,1.4,,,,
18:58:33.732,,,,,,,78,,,,,,
18:58:33.968,9.10410764538298,0,1.5793308515000002,1.579317,1.579317,1.579317,,,,,0.011638296598124733,5,
18:58:34.204,,,,,,,,1385,1.4,,,,
18:58:34.458,9.101675890912611,0,1.5801468893333335,1.580133,1.580133,1.580133,,,,,0.0116093944392266,6,
18:58:34.686,,,,,,,,1382,1.4,,,,
18:58:34.930,,,,,,,78,,,,,,
18:58:35.167,9.099292969612677,0,1.5815263546388891,1.581512,1.581512,1.581512,,,,,0.023296068052632245,7,
18:58:35.407,,,,,,,,1385,1.4,,,,
18:58:35.657,9.098432365483005,0,1.582615758416667,1.582601,1.582601,1.582601,,,,,0.03529173249291851,8,
18:58:35.887,,,,,,,,1385,1.4,,,,
18:58:36.131,,,,,,,78,,,,,,
18:58:36.367,9.099452491939367,0,1.584586167027778,1.584571,1.584571,1.584571,,,,,0.05904540689590611,10,
18:58:36.610,,,,,,,,1383,1.4,,,,
18:58:36.878,9.101018475440522,0,1.5861658128611114,1.586151,1.586151,1.586151,,,,,0.05851021250963365,11,
18:58:37.119,,,,,,,,1385,1.4,,,,
18:58:37.361,,,,,,,78,,,,,,
18:58:37.602,9.10547703498904,0,1.5887596472500003,1.588745,1.588745,1.588745,,,,,0.0698006727219809,13,
18:58:37.838,,,,,,,,1383,1.4,,,,
18:58:38.085,9.109238865889743,0,1.5906385588611114,1.590624,1.590624,1.590624,,,,,0.07000306911435356,14,
18:58:38.320,,,,,,,,1386,1.4,,,,
18:58:38.558,,,,,,,79,,,,,,
18:58:38.804,9.114826591593626,0,1.5934347866388892,1.59342,1.59342,1.59342,,,,,0.04648361416784578,14,
18:58:39.047,,,,,,,,1380,1.4,,,,
18:58:39.278,9.117748945524681,0,1.595145504666667,1.595131,1.595131,1.595131,,,,,,13,
18:58:39.520,,,,,,,,1386,1.4,,,,
18:58:39.757,,,,,,,79,,,,,,
18:58:40.000,9.121067070577585,0,1.5975651690000003,1.597551,1.597551,1.597551,,,,,-0.01181407373545563,12,
18:58:40.238,,,,,,,,1385,1.4,,,,
18:58:40.477,9.123225073606434,0,1.5991418373333337,1.599128,1.599128,1.599128,,,,,-0.023686341761423844,12,
18:58:40.723,,,,,,,,1385,1.4,,,,
18:58:40.958,,,,,,,80,,,,,,
18:58:41.198,9.127651830365954,0,1.6017467502500005,1.601733,1.601733,1.601733,,,,,,13,
18:58:41.438,,,,,,,,1385,1.4,,,,
18:58:41.678,9.131350842353614,0,1.603613302194445,1.6036,1.6036,1.6036,,,,,,14,
18:58:41.917,,,,,,,,1386,1.4,,,,
18:58:42.160,,,,,,,80,,,,,,
18:58:42.400,9.13918559509961,0,1.6068220399722228,1.606809,1.606809,1.606809,,,,,0.047199120986375145,16,
18:58:42.648,,,,,,,,1384,1.4,,,,
18:58:42.877,9.145108780936935,0,1.6090758867500006,1.609063,1.609063,1.609063,,,,,0.05899810001123499,17,
18:58:43.117,,,,,,,,1385,1.4,,,,
18:58:43.369,,,,,,,80,,,,,,
18:58:43.596,9.156273767040103,0,1.6128676386388894,1.612855,1.612855,1.612855,,,,,0.07088242024352553,19,
18:58:43.834,,,,,,,,1383,1.4,,,,
18:58:44.079,9.163763410966045,0,1.6154160278888894,1.615403,1.615403,1.615403,,,,,0.0589954482699644,19,
18:58:44.318,,,,,,,,1385,1.4,,,,
18:58:44.568,,,,,,,80,,,,,,
18:58:44.807,9.175106843819263,0,1.619283086805556,1.61927,1.61927,1.61927,,,,,0.03530983595740864,19,
18:58:45.044,,,,,,,,1386,1.4,,,,
18:58:45.285,9.181683665619833,0,1.621652356805556,1.621639,1.621639,1.621639,,,,,0.011763784781313373,18,
18:58:45.518,,,,,,,,1386,1.4,,,,
18:58:45.763,,,,,,,80,,,,,,
18:58:45.997,9.191546758125439,0,1.625212122305556,1.625199,1.625199,1.625199,,,,,-0.011795682112107716,18,
18:58:46.242,,,,,,,,1386,1.4,,,,
18:58:46.509,9.19782459041006,0,1.6276307241111116,1.627618,1.627618,1.627618,,,,,-0.023311420283203953,17,
18:58:46.752,,,,,,,,1385,1.4,,,,
18:58:47.026,,,,,,,81,,,,,,
18:58:47.261,9.207053431353616,0,1.6311933083333339,1.631181,1.631181,1.631181,,,,,-0.023080118401771425,17,
18:58:47.509,,,,,,,,1385,1.4,,,,
18:58:47.740,9.212866123657495,0,1.6334415002500005,1.633429,1.633429,1.633429,,,,,-0.011539326278845822,17,
18:58:47.977,,,,,,,,1386,1.4,,,,
18:58:48.216,,,,,,,81,,,,,,
18:58:48.458,9.222828983530905,0,1.6370640202500004,1.637052,1.637052,1.637052,,,,,,18,
18:58:48.699,,,,,,,,1385,1.4,,,,
18:58:48.937,9.229319322503173,0,1.6394283502500004,1.639416,1.639416,1.639416,,,,,0.011664183093960103,18,
18:58:49.181,,,,,,,,1387,1.4,,,,
18:58:49.425,,,,,,,81,,,,,,
18:58:49.666,9.240435576659792,0,1.6432725363333338,1.64326,1.64326,1.64326,,,,,0.02356163426761083,19,
18:58:49.901,,,,,,,,1386,1.4,,,,
18:58:50.140,9.247654797450206,0,1.6457737570277782,1.645761,1.645761,1.645761,,,,,0.023608029069708845,19,
18:58:50.379,,,,,,,,1386,1.4,,,,
18:58:50.618,,,,,,,81,,,,,,
18:58:50.857,9.258571061395427,0,1.6495629217500003,1.64955,1.64955,1.64955,,,,,0.011806893874446594,19,
18:58:51.098,,,,,,,,1386,1.4,,,,
18:58:51.372,9.266386625095445,0,1.6522810174166669,1.652268,1.652268,1.652268,,,,,0.01163359070458559,19,
18:58:51.611,,,,,,,,1383,1.4,,,,
18:58:51.874,,,,,,,82,,,,,,
18:58:52.120,9.277714528847085,0,1.6562283914444447,1.656215,1.656215,1.656215,,,,,0,19,
18:58:52.357,,,,,,,,1385,1.4,,,,
18:58:52.603,9.285018048358536,0,1.6587782906666668,1.658765,1.658765,1.658765,,,,,0,19,
18:58:52.848,,,,,,,,1579,1.6,,,,
18:58:53.075,,,,,,,82,,,,,,
18:58:53.320,9.294712111547632,0,1.662359261666667,1.662346,1.662346,1.662346,,,,,-0.011504811680700557,18,
18:58:53.558,,,,,,,,1475,1.5,,,,
18:58:53.799,9.300494145549516,0,1.6646425231666668,1.664629,1.664629,1.664629,,,,,-0.02334304731529392,17,
18:58:54.038,,,,,,,,1402,1.4,,,,
18:58:54.287,,,,,,,82,,,,,,
18:58:54.519,9.306832577377849,0,1.6676315794166667,1.667618,1.667618,1.667618,,,,,-0.047229648510285535,15,
18:58:54.766,,,,,,,,1382,1.4,,,,
18:58:55.005,9.310355677821848,0,1.6695161454722223,1.669503,1.669503,1.669503,,,,,-0.05896257812495032,14,
18:58:55.238,,,,,,,,1385,1.4,,,,
18:58:55.479,,,,,,,83,,,,,,
18:58:55.716,9.313314448670145,0,1.671885882138889,1.671873,1.671873,1.671873,,,,,-0.0709131613873974,12,
18:58:55.959,,,,,,,,1386,1.4,,,,
18:58:56.204,9.31383664517738,0,1.6732520649166667,1.673239,1.673239,1.673239,,,,,-0.08243150790553966,10,
18:58:56.444,,,,,,,,1386,1.4,,,,
18:58:56.676,,,,,,,83,,,,,,
18:58:56.919,9.311294077175514,0,1.6746354661666667,1.674622,1.674622,1.674622,,,,,-0.09441321904209524,7,
18:58:57.161,,,,,,,,1384,1.4,,,,
18:58:57.427,9.309484905636895,0,1.6756216841111111,1.675608,1.675608,1.675608,,,,,-0.08188620211389873,7,
18:58:57.665,,,,,,,,1385,1.4,,,,
18:58:57.910,,,,,,,83,,,,,,
18:58:58.148,9.309140534067083,0,1.6774262143611112,1.677413,1.677413,1.677413,,,,,,9,
18:58:58.395,,,,,,,,1386,1.4,,,,
18:58:58.628,9.309650542302643,0,1.6787574104722223,1.678744,1.678744,1.678744,,,,,,10,
18:58:58.877,,,,,,,,1561,1.6,,,,
18:58:59.108,,,,,,,83,,,,,,
18:58:59.348,9.31263084485037,0,1.681157176138889,1.681144,1.681144,1.681144,,,,,0.058326812009687826,12,
18:58:59.586,,,,,,,,1537,1.5,,,,
18:58:59.829,9.315359662511854,0,1.6828952118611114,1.682882,1.682882,1.682882,,,,,0.07074622538277096,13,
18:59:00.069,,,,,,,,1364,1.4,,,,
18:59:00.320,,,,,,,83,,,,,,
18:59:00.546,9.321622765936276,0,1.6858841301944447,1.685871,1.685871,1.685871,,,,,0.07087830530810138,15,
18:59:00.787,,,,,,,,1210,1.2,,,,
18:59:01.032,9.326599763009249,0,1.6880422541944446,1.688029,1.688029,1.688029,,,,,0.07069166804643408,16,
18:59:01.267,,,,,,,,1217,1.2,,,,
18:59:01.505,,,,,,,83,,,,,,
18:59:01.748,9.335028007730767,0,1.6914255148611113,1.691412,1.691412,1.691412,,,,,0.05899443826253241,17,
18:59:01.986,,,,,,,,1207,1.2,,,,
18:59:02.231,9.34143731632537,0,1.6938397253611113,1.693826,1.693826,1.693826,,,,,0.0589568468562503,18,
18:59:02.467,,,,,,,,1536,1.5,,,,
18:59:02.708,,,,,,,84,,,,,,
18:59:02.952,9.352087523699444,0,1.697642818138889,1.697629,1.697629,1.697629,,,,,0.04710142969148432,19,
18:59:03.188,,,,,,,,1218,1.2,,,,
18:59:03.434,9.359207879751034,0,1.7001901196388889,1.700176,1.700176,1.700176,,,,,0.0353703034286709,19,
18:59:03.669,,,,,,,,1213,1.2,,,,
18:59:03.914,,,,,,,84,,,,,,
18:59:04.150,9.370837707263034,0,1.7041653529722223,1.704151,1.704151,1.704151,,,,,0.03538330074727594,20,
18:59:04.387,,,,,,,,1210,1.2,,,,
18:59:04.632,9.379414220689013,0,1.706983965388889,1.70697,1.70697,1.70697,,,,,0.03539529620611944,21,
18:59:04.876,,,,,,,,1207,1.2,,,,
18:59:05.113,,,,,,,84,,,,,,
18:59:05.351,9.39213335979337,0,1.7111716920555555,1.711158,1.711158,1.711158,,,,,0.023612216921423512,21,
18:59:05.588,,,,,,,,1213,1.2,,,,
18:59:05.835,9.40142730045714,0,1.7141285507222221,1.714115,1.714115,1.714115,,,,,0.03539966074416632,22,
18:59:06.079,,,,,,,,1216,1.2,,,,
18:59:06.305,,,,,,,84,,,,,,
18:59:06.551,9.416280587054406,0,1.7187139936388889,1.7187,1.7187,1.7187,,,,,0.035394410159395824,23,
18:59:06.787,,,,,,,,1204,1.2,,,,
18:59:07.029,9.42611349928565,0,1.7217550887777777,1.721741,1.721741,1.721741,,,,,0.023637432469469925,23,
18:59:07.267,,,,,,,,1194,1.2,,,,
18:59:07.507,,,,,,,84,,,,,,
18:59:07.755,9.441085356146212,0,1.7263940130833333,1.72638,1.72638,1.72638,,,,,0.023568127246475265,23,
18:59:07.996,,,,,,,,1196,1.2,,,,
18:59:08.229,9.450855208925033,0,1.7294266608333333,1.729413,1.729413,1.729413,,,,,0.011829195711629971,23,
18:59:08.482,,,,,,,,1190,1.2,,,,
18:59:08.709,,,,,,,84,,,,,,
18:59:08.955,9.465768516808662,0,1.7340643246111112,1.734051,1.734051,1.734051,,,,,0,23,
18:59:09.191,,,,,,,,1201,1.2,,,,
18:59:09.428,9.474745172998748,0,1.7369527425,1.736939,1.736939,1.736939,,,,,-0.011805722681709903,22,
18:59:09.668,,,,,,,,1553,1.6,,,,
18:59:09.915,,,,,,,84,,,,,,
18:59:10.145,9.485082800735418,0,1.7407370806944444,1.740723,1.740723,1.740723,,,,,-0.047401986317482346,19,
18:59:10.391,,,,,,,,1220,1.2,,,,
18:59:10.628,9.491303172548559,0,1.7431520846944444,1.743138,1.743138,1.743138,,,,,-0.059046098626237505,18,
18:59:10.877,,,,,,,,1208,1.2,,,,
18:59:11.109,,,,,,,85,,,,,,
18:59:11.346,9.497282303017622,0,1.7461454621944443,1.746131,1.746131,1.746131,,,,,-0.09476841613964279,15,
18:59:11.596,,,,,,,,1218,1.2,,,,
18:59:11.827,9.49909827409985,0,1.747747506861111,1.747733,1.747733,1.747733,,,,,-0.11807081385281891,12,
18:59:12.066,,,,,,,,1211,1.2,,,,
18:59:12.310,,,,,,,85,,,,,,
18:59:12.547,9.49855638954568,0,1.7495473361111111,1.749533,1.749533,1.749533,,,,,-0.11792665857200146,9,
18:59:12.786,,,,,,,,1338,1.3,,,,
18:59:13.030,9.496009119673312,0,1.7503525694444444,1.750338,1.750338,1.750338,,,,,-0.14150491490751438,6,
18:59:13.269,,,,,,,,1588,1.6,,,,
18:59:13.511,,,,,,,85,,,,,,
18:59:13.747,9.487920746626948,0,1.7507507814444443,1.750736,1.750736,1.750736,,,,,-0.1534015909130188,2,
18:59:13.986,,,,,,,,1214,1.2,,,,
18:59:14.238,9.481646214415525,0,1.7508872883055555,1.750873,1.750873,1.750873,,,,,-0.12921418536473012,1,
18:59:14.469,,,,,,,,1227,1.2,,,,
18:59:14.712,,,,,,,85,,,,,,
18:59:14.948,9.472594679439371,0,1.7510845670277777,1.75107,1.75107,1.75107,,,,,-0.0943577867479569,1,
18:59:15.189,,,,,,,,1518,1.5,,,,
18:59:15.431,9.46717837851523,0,1.7513527396388888,1.751338,1.751338,1.751338,,,,,,2,
18:59:15.670,,,,,,,,1211,1.2,,,,
18:59:15.914,,,,,,,85,,,,,,
18:59:16.148,9.46130295964133,0,1.7521488176388889,1.752134,1.752134,1.752134,,,,,,4,
18:59:16.387,,,,,,,,1220,1.2,,,,
18:59:16.634,9.457319244549247,0,1.7526895581944444,1.752675,1.752675,1.752675,,,,,0.03546568598936485,4,
18:59:16.866,,,,,,,,1216,1.2,,,,
18:59:17.109,,,,,,,85,,,,,,
18:59:17.350,9.45254066640693,0,1.7536840420833333,1.753669,1.753669,1.753669,,,,,0.0471717101812843,5,
18:59:17.589,,,,,,,,1325,1.3,,,,
18:59:17.830,9.44933049796402,0,1.7543533191666667,1.754338,1.754338,1.754338,,,,,0.035427034406636526,5,
18:59:18.077,,,,,,,,1542,1.5,,,,
18:59:18.307,,,,,,,85,,,,,,
18:59:18.548,9.443473405528529,0,1.7551523839444445,1.755137,1.755137,1.755137,,,,,,4,
18:59:18.789,,,,,,,,1217,1.2,,,,
18:59:19.026,9.438905102239866,0,1.7555479756944445,1.755533,1.755533,1.755533,,,,,-0.011842761384715177,3,
18:59:19.272,,,,,,,,1215,1.2,,,,
18:59:19.506,,,,,,,85,,,,,,
18:59:19.751,9.430854438224387,0,1.7559509840277778,1.755936,1.755936,1.755936,,,,,-0.035391743441196444,2,
18:59:19.996,,,,,,,,1215,1.2,,,,
18:59:20.228,9.425574230200196,0,1.7562157805833334,1.756201,1.756201,1.756201,,,,,-0.03543138018385749,2,
18:59:20.469,,,,,,,,1560,1.6,,,,
18:59:20.714,,,,,,,85,,,,,,
18:59:20.948,9.41975727309741,0,1.7570156996944446,1.757001,1.757001,1.757001,,,,,,4,
18:59:21.188,,,,,,,,1215,1.2,,,,
18:59:21.428,9.415887014245355,0,1.7575488704722224,1.757534,1.757534,1.757534,,,,,,4,
18:59:21.672,,,,,,,,1211,1.2,,,,
18:59:21.904,,,,,,,85,,,,,,
18:59:22.148,9.411160320371367,0,1.7585489183888892,1.758534,1.758534,1.758534,,,,,0.035457397360131405,5,
18:59:22.398,,,,,,,,1217,1.2,,,,
18:59:22.628,9.408729913461228,0,1.759348290388889,1.759333,1.759333,1.759333,,,,,0.047220312530980614,6,
18:59:22.874,,,,,,,,1216,1.2,,,,
18:59:23.117,,,,,,,85,,,,,,
18:59:23.348,9.407224845813946,0,1.7609482290555558,1.760933,1.760933,1.760933,,,,,0.04721891137009226,8,
18:59:23.601,,,,,,,,1218,1.2,,,,
18:59:23.830,9.406933208530525,0,1.7621556188055558,1.76214,1.76214,1.76214,,,,,0.058947956390606085,9,
18:59:24.075,,,,,,,,1209,1.2,,,,
18:59:24.317,,,,,,,85,,,,,,
18:59:24.546,9.408620679549944,0,1.7643406190833335,1.764325,1.764325,1.764325,,,,,0.07088262422904663,11,
18:59:24.798,,,,,,,,1201,1.2,,,,
18:59:25.027,9.41046671882461,0,1.7659448140833336,1.765929,1.765929,1.765929,,,,,0.0708344187545836,12,
18:59:25.275,,,,,,,,1194,1.2,,,,
18:59:25.510,,,,,,,85,,,,,,
18:59:25.749,9.416433222740224,0,1.7689527282500002,1.768937,1.768937,1.768937,,,,,0.08257389429722001,15,
18:59:25.990,,,,,,,,1196,1.2,,,,
18:59:26.229,9.42110361988098,0,1.7710865126944446,1.771071,1.771071,1.771071,,,,,0.08267341346748029,16,
18:59:26.501,,,,,,,,1200,1.2,,,,
18:59:26.736,,,,,,,85,,,,,,
18:59:26.978,9.431694993388234,0,1.775040259638889,1.775025,1.775025,1.775025,,,,,0.09316115986512652,19,
18:59:27.216,,,,,,,,1197,1.2,,,,
18:59:27.466,9.439302854065017,0,1.777751814638889,1.777737,1.777737,1.777737,,,,,0.09290072738718443,20,
18:59:27.699,,,,,,,,1198,1.2,,,,
18:59:27.936,,,,,,,85,,,,,,
18:59:28.187,9.451582795900617,0,1.781957379638889,1.781943,1.781943,1.781943,,,,,0.0697029757808621,21,
18:59:28.418,,,,,,,,1199,1.2,,,,
18:59:28.662,9.460361400950443,0,1.7848611076944445,1.784847,1.784847,1.784847,,,,,0.06984449282073649,22,
18:59:28.898,,,,,,,,1200,1.2,,,,
18:59:29.141,,,,,,,85,,,,,,
18:59:29.383,9.473652870966852,0,1.789265317027778,1.789251,1.789251,1.789251,,,,,0.03533485939860049,22,
18:59:29.621,,,,,,,,1194,1.2,,,,
18:59:29.861,9.483202320567267,0,1.7923342658055557,1.79232,1.79232,1.79232,,,,,0.03547776404398999,23,
18:59:30.100,,,,,,,,1182,1.2,,,,
18:59:30.337,,,,,,,85,,,,,,
18:59:30.579,9.496387998468633,0,1.7967191047500002,1.796705,1.796705,1.796705,,,,,,22,
18:59:30.826,,,,,,,,0,0,,,,
18:59:31.058,9.505137807446669,0,1.7996339232500003,1.79962,1.79962,1.79962,,,,,,22,
18:59:31.310,,,,,,,,0,0,,,,
18:59:31.537,,,,,,,86,,,,,,
18:59:31.776,9.517238040707406,0,1.803823714916667,1.80381,1.80381,1.80381,,,,,-0.011836253854712203,21,
18:59:32.028,,,,,,,,0,0,,,,
18:59:32.256,9.524609787948798,0,1.8064912699166669,1.806478,1.806478,1.806478,,,,,-0.03548251637775262,20,
18:59:32.502,,,,,,,,0,0,,,,
18:59:32.739,,,,,,,86,,,,,,
18:59:32.981,9.533611446262785,0,1.810121093416667,1.810108,1.810108,1.810108,,,,,-0.04716599583172125,18,
18:59:33.223,,,,,,,,0,0,,,,
18:59:33.490,9.539167277885054,0,1.8125246861111113,1.812512,1.812512,1.812512,,,,,-0.05821622558034746,17,
18:59:33.729,,,,,,,,0,0,,,,
18:59:34.005,,,,,,,85,,,,,,
18:59:34.240,9.54404734300293,0,1.8154379951111113,1.815425,1.815425,1.815425,,,,,-0.08046483383458725,14,
18:59:34.478,,,,,,,,0,0,,,,
18:59:34.720,9.54647078671297,0,1.8171732448611113,1.81716,1.81716,1.81716,,,,,-0.08047630031377691,13,
18:59:34.956,,,,,,,,0,0,,,,
18:59:35.203,,,,,,,85,,,,,,
18:59:35.441,9.547998106614385,0,1.819375709777778,1.819362,1.819362,1.819362,,,,,-0.08061020088888579,11,
18:59:35.681,,,,,,,,0,0,,,,
18:59:35.951,9.548333996770632,0,1.8207927753333337,1.820779,1.820779,1.820779,,,,,-0.08058792525066442,10,
18:59:36.191,,,,,,,,0,0,,,,
18:59:36.462,,,,,,,85,,,,,,
18:59:36.700,9.54882620426884,0,1.8228731295000005,1.822859,1.822859,1.822859,,,,,-0.046058453566272944,10,
18:59:36.939,,,,,,,,0,0,,,,
18:59:37.211,9.548418540596577,0,1.8241502705000006,1.824136,1.824136,1.824136,,,,,-0.04548594189269014,9,
18:59:37.451,,,,,,,,0,0,,,,
18:59:37.720,,,,,,,85,,,,,,
18:59:37.964,9.544536459897305,0,1.8254056803333338,1.825391,1.825391,1.825391,,,,,-0.056130040884012015,6,
18:59:38.202,,,,,,,,0,0,,,,
18:59:38.472,9.540447562453155,0,1.8259702608888895,1.825956,1.825956,1.825956,,,,,-0.06740635005831203,4,
18:59:38.712,,,,,,,,0,0,,,,
18:59:38.982,,,,,,,85,,,,,,
18:59:39.214,9.534467345641513,0,1.826797490444445,1.826783,1.826783,1.826783,,,,,-0.06759235184236165,4,
18:59:39.461,,,,,,,,0,0,,,,
18:59:39.732,9.529582772400403,0,1.8272274785277784,1.827213,1.827213,1.827213,,,,,-0.06740841403195502,3,
18:59:39.973,,,,,,,,0,0,,,,
18:59:40.242,,,,,,,84,,,,,,
18:59:40.480,9.524684797940669,0,1.8282652863055562,1.828251,1.828251,1.828251,,,,,,5,
18:59:40.727,,,,,,,,0,0,,,,
18:59:40.954,9.522268786346327,0,1.8290552668055562,1.829041,1.829041,1.829041,,,,,,6,
18:59:41.197,,,,,,,,0,0,,,,
18:59:41.442,,,,,,,83,,,,,,
18:59:41.682,9.521719579563658,0,1.8308750835555563,1.830861,1.830861,1.830861,,,,,,9,
18:59:41.917,,,,,,,,0,0,,,,
18:59:42.163,9.522051062883028,0,1.8322086771666675,1.832195,1.832195,1.832195,,,,,0.08158155494274984,10,
18:59:42.407,,,,,,,,0,0,,,,
18:59:42.670,,,,,,,83,,,,,,
18:59:42.910,9.522566629717792,0,1.834286538833334,1.834273,1.834273,1.834273,,,,,0.05829665013221862,10,
18:59:43.150,,,,,,,,1126,1.1,,,,
18:59:43.424,9.520693318569752,0,1.835288615861112,1.835275,1.835275,1.835275,,,,,,7,
18:59:43.664,,,,,,,,1537,1.5,,,,
18:59:43.906,,,,,,,83,,,,,,
18:59:44.139,9.515027281553657,0,1.8360808025277786,1.836067,1.836067,1.836067,,,,,-0.05765382357436626,4,
18:59:44.381,,,,,,,,1534,1.5,,,,
18:59:44.616,9.51123844874014,0,1.8366114400833342,1.836598,1.836598,1.836598,,,,,-0.06925647486316737,4,
18:59:44.857,,,,,,,,1535,1.5,,,,
18:59:45.099,,,,,,,83,,,,,,
18:59:45.337,9.505529589983443,0,1.8374123624166676,1.837399,1.837399,1.837399,,,,,-0.07001351726045234,4,
18:59:45.574,,,,,,,,1535,1.5,,,,
18:59:45.821,9.502397932348583,0,1.8380846122777788,1.838071,1.838071,1.838071,,,,,,5,
18:59:46.060,,,,,,,,0,0,,,,
18:59:46.333,,,,,,,83,,,,,,
18:59:46.568,9.497573321121692,0,1.839122108111112,1.839108,1.839108,1.839108,,,,,0.011659296432023064,5,
18:59:46.810,,,,,,,,0,0,,,,
18:59:47.048,9.495156639728794,0,1.8399254527777786,1.839911,1.839911,1.839911,,,,,0.02329403538712571,6,
18:59:47.285,,,,,,,,0,0,,,,
18:59:47.532,,,,,,,82,,,,,,
18:59:47.771,9.491547273959055,0,1.841127336111112,1.841113,1.841113,1.841113,,,,,0.023273410787572443,6,
18:59:48.007,,,,,,,,0,0,,,,
18:59:48.253,9.488454034653994,0,1.8417957316666675,1.841781,1.841781,1.841781,,,,,,5,
18:59:48.488,,,,,,,,0,0,,,,
18:59:48.732,,,,,,,82,,,,,,
18:59:48.971,9.484867552532526,0,1.842994346500001,1.84298,1.84298,1.84298,,,,,,6,
18:59:49.213,,,,,,,,0,0,,,,
18:59:49.480,9.48306104452914,0,1.8439839090833343,1.84397,1.84397,1.84397,,,,,,7,
18:59:49.719,,,,,,,,0,0,,,,
18:59:49.988,,,,,,,82,,,,,,
18:59:50.233,9.481466026104636,0,1.8456587461944454,1.845645,1.845645,1.845645,,,,,,8,
18:59:50.474,,,,,,,,0,0,,,,
18:59:50.742,9.481117019058175,0,1.8469296184444455,1.846916,1.846916,1.846916,,,,,0.04550880482644011,9,
18:59:50.982,,,,,,,,0,0,,,,
18:59:51.251,,,,,,,81,,,,,,
18:59:51.493,9.479533281849296,0,1.8485977842222232,1.848584,1.848584,1.848584,,,,,,8,
18:59:51.728,,,,,,,,0,0,,,,
18:59:51.970,9.477836908766347,0,1.8495323334166676,1.849519,1.849519,1.849519,,,,,,7,
18:59:52.210,,,,,,,,0,0,,,,
18:59:52.452,,,,,,,81,,,,,,
18:59:52.693,9.47530174310412,0,1.8509313695555565,1.850918,1.850918,1.850918,,,,,-0.011514003513086329,7,
18:59:52.931,,,,,,,,0,0,,,,
18:59:53.202,9.473511322965614,0,1.8519211442777788,1.851908,1.851908,1.851908,,,,,-0.023030999077797366,7,
18:59:53.442,,,,,,,,0,0,,,,
18:59:53.712,,,,,,,81,,,,,,
18:59:53.949,9.47194951152264,0,1.8535804911666676,1.853567,1.853567,1.853567,,,,,,8,
18:59:54.190,,,,,,,,0,0,,,,
18:59:54.462,9.471605840002518,0,1.8548639411666676,1.85485,1.85485,1.85485,,,,,0.0227356991198579,9,
18:59:54.702,,,,,,,,0,0,,,,
18:59:54.971,,,,,,,81,,,,,,
18:59:55.212,9.472167224635141,0,1.8569467653333342,1.856933,1.856933,1.856933,,,,,0.033735366123241406,10,
18:59:55.450,,,,,,,,0,0,,,,
18:59:55.721,9.473268984461047,0,1.8585029716944454,1.858489,1.858489,1.858489,,,,,0.04497563155103206,11,
18:59:55.962,,,,,,,,0,0,,,,
18:59:56.230,,,,,,,80,,,,,,
18:59:56.469,9.47593787226067,0,1.860992258361112,1.860978,1.860978,1.860978,,,,,0.044963919287354256,12,
18:59:56.719,,,,,,,,0,0,,,,
18:59:56.949,9.47833055163443,0,1.8627268675000008,1.862713,1.862713,1.862713,,,,,0.04556268211140306,13,
18:59:57.189,,,,,,,,0,0,,,,
18:59:57.431,,,,,,,80,,,,,,
18:59:57.672,9.482950718749713,0,1.865541023833334,1.865527,1.865527,1.865527,,,,,0.04605505179789562,14,
18:59:57.910,,,,,,,,0,0,,,,
18:59:58.181,9.486193479283308,0,1.8675196387777786,1.867506,1.867506,1.867506,,,,,0.034551069340726076,14,
18:59:58.414,,,,,,,,0,0,,,,
18:59:58.693,,,,,,,80,,,,,,
18:59:58.929,9.492006633901372,0,1.870636252111112,1.870623,1.870623,1.870623,,,,,0.034539540909019936,15,
18:59:59.170,,,,,,,,0,0,,,,
18:59:59.443,9.496720546399878,0,1.872921853000001,1.872909,1.872909,1.872909,,,,,0.03406995340559163,16,
18:59:59.681,,,,,,,,0,0,,,,
18:59:59.951,,,,,,,80,,,,,,
19:00:00.193,9.504632544353159,0,1.8764609148888898,1.876448,1.876448,1.876448,,,,,0.03371485540851639,17,
19:00:00.428,,,,,,,,0,0,,,,
19:00:00.699,9.509966962857192,0,1.8788512371944452,1.878838,1.878838,1.878838,,,,,0.033746945530612894,17,
19:00:00.940,,,,,,,,0,0,,,,
19:00:01.212,,,,,,,80,,,,,,
19:00:01.451,9.517876439707027,0,1.882401701833334,1.882388,1.882388,1.882388,,,,,0.02246488167123849,17,
19:00:01.688,,,,,,,,0,0,,,,
19:00:01.961,9.523236128152096,0,1.8848118683333341,1.884798,1.884798,1.884798,,,,,0.0112495679898972,17,
19:00:02.202,,,,,,,,0,0,,,,
19:00:02.471,,,,,,,79,,,,,,
19:00:02.707,9.528962257796264,0,1.8879190466666675,1.887905,1.887905,1.887905,,,,,-0.022528133660690352,15,
19:00:02.951,,,,,,,,0,0,,,,
19:00:03.189,9.531306812253966,0,1.8896599535833343,1.889646,1.889646,1.889646,,,,,-0.0454931249626051,13,
19:00:03.427,,,,,,,,0,0,,,,
19:00:03.672,,,,,,,79,,,,,,
19:00:03.909,9.53379383395521,0,1.8920591325833342,1.892045,1.892045,1.892045,,,,,-0.05761890758749108,12,
19:00:04.150,,,,,,,,0,0,,,,
19:00:04.422,9.534846235707123,0,1.8936271828888898,1.893613,1.893613,1.893613,,,,,-0.06906518604003589,11,
19:00:04.663,,,,,,,,0,0,,,,
19:00:04.931,,,,,,,79,,,,,,
19:00:05.172,9.53743021710173,0,1.8961278902222232,1.896114,1.896114,1.896114,,,,,,12,
19:00:05.410,,,,,,,,0,0,,,,
19:00:05.680,9.539884187403207,0,1.8979608725277788,1.897947,1.897947,1.897947,,,,,,13,
19:00:05.923,,,,,,,,0,0,,,,
19:00:06.190,,,,,,,79,,,,,,
19:00:06.428,9.543494374089368,0,1.9006622165555567,1.900648,1.900648,1.900648,,,,,,13,
19:00:06.669,,,,,,,,0,0,,,,
19:00:06.941,9.546685323963578,0,1.9026600632222233,1.902646,1.902646,1.902646,,,,,0.03372649703635983,14,
19:00:07.182,,,,,,,,0,0,,,,
19:00:07.449,,,,,,,79,,,,,,
19:00:07.692,9.551339744736826,0,1.9055793249444455,1.905565,1.905565,1.905565,,,,,0.022480131677508224,14,
19:00:07.932,,,,,,,,0,0,,,,
19:00:08.201,9.5552020732271,0,1.9077021853611122,1.907688,1.907688,1.907688,,,,,0.0224629932416197,15,
19:00:08.441,,,,,,,,0,0,,,,
19:00:08.712,,,,,,,79,,,,,,
19:00:08.951,9.560875341223424,0,1.9108258632777788,1.910812,1.910812,1.910812,,,,,0.02244851633358037,15,
19:00:09.191,,,,,,,,0,0,,,,
19:00:09.462,9.564734250695244,0,1.9129542891111122,1.91294,1.91294,1.91294,,,,,0.011237473683305617,15,
19:00:09.702,,,,,,,,0,0,,,,
19:00:09.968,,,,,,,79,,,,,,
19:00:10.213,9.572484348287896,0,1.9165019671666677,1.916488,1.916488,1.916488,,,,,0.033704407538884394,17,
19:00:10.450,,,,,,,,1588,1.6,,,,
19:00:10.725,9.578489364964932,0,1.9190716606666676,1.919058,1.919058,1.919058,,,,,0.033668211747158075,18,
19:00:10.961,,,,,,,,1839,1.8,,,,
19:00:11.198,,,,,,,79,,,,,,
19:00:11.439,9.588816761214657,0,1.9230464573333341,1.923033,1.923033,1.923033,,,,,0.05693461043958531,20,
19:00:11.689,,,,,,,,1994,2,,,,
19:00:11.916,9.59628667398764,0,1.925805213333334,1.925792,1.925792,1.925792,,,,,0.06924899111303995,21,
19:00:12.162,,,,,,,,2035,2,,,,
19:00:12.406,,,,,,,80,,,,,,
19:00:12.639,9.608717924354018,0,1.9302344653888897,1.930221,1.930221,1.930221,,,,,0.05839229681792709,22,
19:00:12.882,,,,,,,,1519,1.5,,,,
19:00:13.119,9.616238596030279,0,1.933021451222223,1.933008,1.933008,1.933008,,,,,,21,
19:00:13.364,,,,,,,,1404,1.4,,,,
19:00:13.600,,,,,,,81,,,,,,
19:00:13.837,9.628521741330301,0,1.9374122356666674,1.937399,1.937399,1.937399,,,,,,22,
19:00:14.082,,,,,,,,1769,1.8,,,,
19:00:14.316,9.637359237652339,0,1.9404729811111119,1.94046,1.94046,1.94046,,,,,,23,
19:00:14.565,,,,,,,,1890,1.9,,,,
19:00:14.807,,,,,,,82,,,,,,
19:00:15.038,9.651647914007485,0,1.9452852597777786,1.945272,1.945272,1.945272,,,,,,24,
19:00:15.274,,,,,,,,1772,1.8,,,,
19:00:15.516,9.661099151879275,0,1.948473609111112,1.94846,1.94846,1.94846,,,,,0.03544136976286504,24,
19:00:15.758,,,,,,,,1582,1.6,,,,
19:00:16.008,,,,,,,82,,,,,,
19:00:16.237,9.675308896898603,0,1.9532751457777786,1.953262,1.953262,1.953262,,,,,0.02360988468723736,24,
19:00:16.475,,,,,,,,1502,1.5,,,,
19:00:16.717,9.683457384832229,0,1.9562135360555564,1.9562,1.9562,1.9562,,,,,-0.011796677883639256,22,
19:00:16.957,,,,,,,,1754,1.8,,,,
19:00:17.204,,,,,,,82,,,,,,
19:00:17.437,9.690688633098445,0,1.9596111305555564,1.959598,1.959598,1.959598,,,,,-0.0826581903255024,17,
19:00:17.676,,,,,,,,1430,1.4,,,,
19:00:17.919,9.694202635153443,0,1.961620028472223,1.961607,1.961607,1.961607,,,,,-0.10610219237938538,15,
19:00:18.156,,,,,,,,1391,1.4,,,,
19:00:18.398,,,,,,,83,,,,,,
19:00:18.638,9.697463696791896,0,1.9642175404166673,1.964205,1.964205,1.964205,,,,,-0.12973163890475722,13,
19:00:18.878,,,,,,,,1382,1.4,,,,
19:00:19.130,9.699037198226254,0,1.9658796904166673,1.965867,1.965867,1.965867,,,,,-0.11741556860708721,12,
19:00:19.360,,,,,,,,1385,1.4,,,,
19:00:19.599,,,,,,,83,,,,,,
19:00:19.838,9.700285257343461,0,1.968020648222223,1.968008,1.968008,1.968008,,,,,-0.07079040664786451,11,
19:00:20.077,,,,,,,,1382,1.4,,,,
19:00:20.321,9.700483282545227,0,1.969362005722223,1.969349,1.969349,1.969349,,,,,-0.05897565253205259,10,
19:00:20.557,,,,,,,,1386,1.4,,,,
19:00:20.806,,,,,,,83,,,,,,
19:00:21.040,9.70077781937934,0,1.9713603854444453,1.971347,1.971347,1.971347,,,,,-0.03538271584685097,10,
19:00:21.277,,,,,,,,1386,1.4,,,,
19:00:21.519,9.700975055036325,0,1.9727007948888897,1.972687,1.972687,1.972687,,,,,-0.023709011775970526,10,
19:00:21.758,,,,,,,,1385,1.4,,,,
19:00:22.027,,,,,,,84,,,,,,
19:00:22.274,9.70025581673064,0,1.9745805636388898,1.974567,1.974567,1.974567,,,,,-0.023248691680053852,9,
19:00:22.509,,,,,,,,1385,1.4,,,,
19:00:22.746,9.699805770524009,0,1.9757587493888897,1.975745,1.975745,1.975745,,,,,-0.011679382467778613,9,
19:00:22.985,,,,,,,,1385,1.4,,,,
19:00:23.232,,,,,,,85,,,,,,
19:00:23.468,9.698132560837138,0,1.9773643578333342,1.977351,1.977351,1.977351,,,,,-0.023330902560043387,8,
19:00:23.719,,,,,,,,1385,1.4,,,,
19:00:23.979,9.69625673135388,0,1.9783573109444452,1.978344,1.978344,1.978344,,,,,-0.03454875994854055,7,
19:00:24.217,,,,,,,,1386,1.4,,,,
19:00:24.465,,,,,,,85,,,,,,
19:00:24.696,9.69167701518874,0,1.9793531315000008,1.97934,1.97934,1.97934,,,,,-0.04678996284200607,5,
19:00:24.934,,,,,,,,1386,1.4,,,,
19:00:25.177,9.687957622696711,0,1.979887326722223,1.979874,1.979874,1.979874,,,,,-0.05826078366922619,4,
19:00:25.420,,,,,,,,1385,1.4,,,,
19:00:25.693,,,,,,,85,,,,,,
19:00:25.928,9.681133424617201,0,1.9805135525555564,1.9805,1.9805,1.9805,,,,,-0.057572084002520015,3,
19:00:26.167,,,,,,,,1387,1.4,,,,
19:00:26.411,9.676750679945162,0,1.9809164123055565,1.980903,1.980903,1.980903,,,,,-0.04657764630903388,3,
19:00:26.650,,,,,,,,1386,1.4,,,,
19:00:26.917,,,,,,,85,,,,,,
19:00:27.160,9.66893807491487,0,1.981333499861112,1.98132,1.98132,1.98132,,,,,-0.034480558825512854,2,
19:00:27.399,,,,,,,,1393,1.4,,,,
19:00:27.636,9.664012711596426,0,1.981596884750001,1.981583,1.981583,1.981583,,,,,-0.023031132970620517,2,
19:00:27.880,,,,,,,,1383,1.4,,,,
19:00:28.116,,,,,,,85,,,,,,
19:00:28.359,9.654502752074423,,1.981596884750001,1.981583,1.981583,1.981583,,,,,-0.0349531286229978,0,
19:00:28.607,,,,,,,,1385,1.4,,,,
19:00:28.840,9.648287799441507,,1.981596884750001,1.981583,1.981583,1.981583,,,,,-0.03499702981213309,0,
19:00:29.080,,,,,,,,1385,1.4,,,,
19:00:29.318,,,,,,,86,,,,,,
19:00:29.557,9.638933124421358,,1.981596884750001,1.981583,1.981583,1.981583,,,,,-0.023637273681812565,0,
19:00:29.808,,,,,,,,1385,1.4,,,,
19:00:30.038,9.632670568428749,,1.981596884750001,1.981583,1.981583,1.981583,,,,,-0.02358700502884273,0,
19:00:30.277,,,,,,,,1385,1.4,,,,
19:00:30.519,,,,,,,86,,,,,,
19:00:30.759,9.623291982406334,,1.981596884750001,1.981583,1.981583,1.981583,,,,,0,0,
19:00:31.001,,,,,,,,1385,1.4,,,,
19:00:31.269,9.616683571733184,,1.981596884750001,1.981583,1.981583,1.981583,,,,,0,0,
19:00:31.513,,,,,,,,1386,1.4,,,,
19:00:31.779,,,,,,,86,,,,,,
19:00:32.023,9.60692941217215,,1.981596884750001,1.981583,1.981583,1.981583,,,,,0,0,
19:00:32.266,,,,,,,,1384,1.4,,,,
19:00:32.502,9.6007302261677,,1.981596884750001,1.981583,1.981583,1.981583,,,,,0,0,
19:00:32.745,,,,,,,,1651,1.7,,,,
19:00:32.978,,,,,,,86,,,,,,
19:00:33.228,9.59233395870691,0,1.9817985755833343,1.981785,1.981785,1.981785,,,,,0.011473914792720799,1,
19:00:33.460,,,,,,,,1415,1.4,,,,
19:00:33.697,9.587547534855586,0,1.9820592359166676,1.982046,1.982046,1.982046,,,,,0.02332838924336469,2,
19:00:33.940,,,,,,,,1382,1.4,,,,
19:00:34.186,,,,,,,86,,,,,,
19:00:34.422,9.582114432457477,0,1.9828640920277787,1.982851,1.982851,1.982851,,,,,0.0472278668503753,4,
19:00:34.664,,,,,,,,1393,1.4,,,,
19:00:34.862,,,,,,,,,,,,,
19:00:34.872,,,,,,,,,,36,,,
19:00:35.108,9.577894658412479,0,1.9838178210555564,1.983805,1.983805,1.983805,,,,,0.05433502877763342,5,
19:00:35.348,,,,,,,,1382,1.4,,,,
19:00:35.590,,,,,,,87,,,,,,
19:00:35.825,9.574461236536582,0,1.9850115330555564,1.984999,1.984999,1.984999,,,,,0.0545460998213728,6,
19:00:36.068,,,,,,,,1386,1.4,,,,
19:00:36.317,9.572737978687154,0,1.9859836117777787,1.985971,1.985971,1.985971,,,,,0.054054286320340025,7,
19:00:36.546,,,,,,,,1385,1.4,,,,
19:00:36.791,,,,,,,87,,,,,,
19:00:37.028,9.571259066833552,0,1.9875457662222231,1.987533,1.987533,1.987533,,,,,0.04347923413832035,8,
19:00:37.266,,,,,,,,1386,1.4,,,,
19:00:37.517,9.570885347995272,0,1.9887692174722231,1.988756,1.988756,1.988756,,,,,0.047042383368399505,9,
19:00:37.756,,,,,,,,1385,1.4,,,,
19:00:37.991,,,,,,,87,,,,,,
19:00:38.228,9.572242123199217,0,1.990941309861112,1.990928,1.990928,1.990928,,,,,0.05893352583015472,11,
19:00:38.476,,,,,,,,1386,1.4,,,,
19:00:38.714,9.57381624908055,0,1.992560663861112,1.992547,1.992547,1.992547,,,,,0.05910682228683447,12,
19:00:38.951,,,,,,,,1388,1.4,,,,
19:00:39.191,,,,,,,87,,,,,,
19:00:39.429,9.578037324244736,0,1.995342057861112,1.995328,1.995328,1.995328,,,,,0.07077711081015954,14,
19:00:39.666,,,,,,,,1385,1.4,,,,
19:00:39.911,9.581532824205441,0,1.997357939111112,1.997344,1.997344,1.997344,,,,,0.07099436868963273,15,
19:00:40.150,,,,,,,,1385,1.4,,,,
19:00:40.389,,,,,,,88,,,,,,
19:00:40.632,9.58863705651133,0,2.0007548871388896,2.000741,2.000741,2.000741,,,,,0.0706910123403407,17,
19:00:40.870,,,,,,,,1384,1.4,,,,
19:00:41.106,9.593311370618238,0,2.0029935038055564,2.00298,2.00298,2.00298,,,,,0.05919793942302312,17,
19:00:41.348,,,,,,,,1386,1.4,,,,
19:00:41.596,,,,,,,88,,,,,,
19:00:41.836,9.601468874934584,0,2.0066438788055563,2.00663,2.00663,2.00663,,,,,0.047065614214566544,18,
19:00:42.069,,,,,,,,1383,1.4,,,,
19:00:42.308,9.606793069738625,0,2.0090302123055563,2.009016,2.009016,2.009016,,,,,0.03545277747662095,18,
19:00:42.552,,,,,,,,1387,1.4,,,,
19:00:42.787,,,,,,,88,,,,,,
19:00:43.030,9.614792902182531,0,2.0126214788055563,2.012607,2.012607,2.012607,,,,,0.011813985041959319,18,
19:00:43.268,,,,,,,,1385,1.4,,,,
19:00:43.504,9.620677765489882,0,2.0151168818055565,2.015102,2.015102,2.015102,,,,,0.02361996875917751,19,
19:00:43.758,,,,,,,,1386,1.4,,,,
19:00:43.986,,,,,,,88,,,,,,
19:00:44.234,9.629741186782354,0,2.0189662438055564,2.018951,2.018951,2.018951,,,,,0.01181346128474281,19,
19:00:44.477,,,,,,,,1384,1.4,,,,
19:00:44.706,9.635604104598878,0,2.0214602761666676,2.021445,2.021445,2.021445,,,,,0.011808767773944469,19,
19:00:44.953,,,,,,,,1384,1.4,,,,
19:00:45.188,,,,,,,88,,,,,,
19:00:45.429,9.644615836170553,0,2.025299880611112,2.025285,2.025285,2.025285,,,,,0.011803606266499735,19,
19:00:45.670,,,,,,,,1453,1.5,,,,
19:00:45.937,9.650174677784685,0,2.027816304611112,2.027801,2.027801,2.027801,,,,,-0.011643954442133144,18,
19:00:46.179,,,,,,,,1540,1.5,,,,
19:00:46.417,,,,,,,88,,,,,,
19:00:46.657,9.656213603096655,0,2.031016853944445,2.031002,2.031002,2.031002,,,,,-0.03506449436337942,16,
19:00:46.905,,,,,,,,858,0.9,,,,
19:00:47.145,9.659650984595721,0,2.033047601861112,2.033033,2.033033,2.033033,,,,,-0.04646747084407046,15,
19:00:47.377,,,,,,,,0,0,,,,
19:00:47.619,,,,,,,88,,,,,,
19:00:47.860,9.663744696246422,0,2.035829341972223,2.035815,2.035815,2.035815,,,,,-0.058267602955413396,14,
19:00:48.106,,,,,,,,0,0,,,,
19:00:48.348,9.665917793299888,0,2.0376143578888897,2.0376,2.0376,2.0376,,,,,-0.05874434961031911,13,
19:00:48.578,,,,,,,,0,0,,,,
19:00:48.820,,,,,,,88,,,,,,
19:00:49.059,9.668084265391132,0,2.03996453388889,2.03995,2.03995,2.03995,,,,,-0.04717010373968547,12,
19:00:49.298,,,,,,,,0,0,,,,
19:00:49.571,9.668982113026816,0,2.0415301800833343,2.041516,2.041516,2.041516,,,,,-0.04669247642942831,11,
19:00:49.810,,,,,,,,0,0,,,,
19:00:50.083,,,,,,,87,,,,,,
19:00:50.319,9.671283669404449,0,2.044034335750001,2.04402,2.04402,2.04402,,,,,,12,
19:00:50.558,,,,,,,,0,0,,,,
19:00:50.798,9.672112500490359,0,2.04548544963889,2.045471,2.045471,2.045471,,,,,,11,
19:00:51.041,,,,,,,,0,0,,,,
19:00:51.282,,,,,,,87,,,,,,
19:00:51.519,9.674317785456267,0,2.0478918653055564,2.047877,2.047877,2.047877,,,,,,12,
19:00:51.760,,,,,,,,0,0,,,,
19:00:52.030,9.6772144471093,0,2.0498777260277787,2.049863,2.049863,2.049863,,,,,,14,
19:00:52.269,,,,,,,,0,0,,,,
19:00:52.541,,,,,,,86,,,,,,
19:00:52.779,9.683416503868395,0,2.053205478916668,2.053191,2.053191,2.053191,,,,,,16,
19:00:53.017,,,,,,,,0,0,,,,
19:00:53.259,9.688038292405983,0,2.0554838732222236,2.055469,2.055469,2.055469,,,,,0.06904354503005207,17,
19:00:53.498,,,,,,,,0,0,,,,
19:00:53.741,,,,,,,86,,,,,,
19:00:53.982,9.695888763186666,0,2.0590942562222234,2.059079,2.059079,2.059079,,,,,0.06900501033088992,18,
19:00:54.218,,,,,,,,0,0,,,,
19:00:54.493,9.702094726430783,0,2.0617874418333346,2.061772,2.061772,2.061772,,,,,0.05748746754673085,19,
19:00:54.733,,,,,,,,0,0,,,,
19:00:55.000,,,,,,,86,,,,,,
19:00:55.240,9.712128820600258,0,2.0659327901666678,2.065917,2.065917,2.065917,,,,,0.046047561067317555,20,
19:00:55.480,,,,,,,,0,0,,,,
19:00:55.751,9.718995878636246,0,2.068774416277779,2.068759,2.068759,2.068759,,,,,0.03410197203642383,20,
19:00:55.992,,,,,,,,0,0,,,,
19:00:56.263,,,,,,,86,,,,,,
19:00:56.499,9.729021119329014,0,2.072929738500001,2.072914,2.072914,2.072914,,,,,0.022507915974138842,20,
19:00:56.739,,,,,,,,0,0,,,,
19:00:57.010,9.734523326041572,0,2.075482774500001,2.075467,2.075467,2.075467,,,,,-0.011257057898350051,18,
19:00:57.250,,,,,,,,0,0,,,,
19:00:57.521,,,,,,,85,,,,,,
19:00:57.759,9.737730192874386,0,2.0782074127222234,2.078192,2.078192,2.078192,,,,,-0.07870952042895343,13,
19:00:58.008,,,,,,,,0,0,,,,
19:00:58.240,9.737892349667774,0,2.0795277552222236,2.079512,2.079512,2.079512,,,,,-0.11380812468406144,10,
19:00:58.482,,,,,,,,0,0,,,,
19:00:58.719,,,,,,,85,,,,,,
19:00:58.962,9.735321110441038,0,2.0809329352222234,2.080917,2.080917,2.080917,,,,,-0.14950225429715938,7,
19:00:59.202,,,,,,,,0,0,,,,
19:00:59.474,9.732837697324964,0,2.0817861707222236,2.08177,2.08177,2.08177,,,,,-0.13792831328486863,6,
19:00:59.710,,,,,,,,0,0,,,,
19:00:59.982,,,,,,,85,,,,,,
19:01:00.220,9.72922428412057,0,2.0830296742222236,2.083014,2.083014,2.083014,,,,,-0.08055403251218592,6,
19:01:00.462,,,,,,,,0,0,,,,
19:01:00.732,9.727409704142014,0,2.0840267795000016,2.084011,2.084011,2.084011,,,,,,7,
19:01:00.973,,,,,,,,0,0,,,,
19:01:01.240,,,,,,,84,,,,,,
19:01:01.479,9.725741501205949,0,2.085683576166668,2.085668,2.085668,2.085668,,,,,,8,
19:01:01.721,,,,,,,,0,0,,,,
19:01:01.959,9.724670343157792,0,2.086749099944446,2.086734,2.086734,2.086734,,,,,0.022802293621088748,8,
19:01:02.197,,,,,,,,0,0,,,,
19:01:02.439,,,,,,,83,,,,,,
19:01:02.676,9.72307026986377,0,2.08834322438889,2.088328,2.088328,2.088328,,,,,0.023068950151416245,8,
19:01:02.914,,,,,,,,0,0,,,,
19:01:03.160,9.721991220015084,0,2.089419935055557,2.089405,2.089405,2.089405,,,,,0.011664977599480089,8,
19:01:03.397,,,,,,,,0,0,,,,
19:01:03.637,,,,,,,83,,,,,,
19:01:03.882,9.721318049770094,0,2.091225076055557,2.09121,2.09121,2.09121,,,,,0.011788836131164857,9,
19:01:04.122,,,,,,,,0,0,,,,
19:01:04.391,9.720844350384892,0,2.092497346555557,2.092482,2.092482,2.092482,,,,,0.011645117215439182,9,
19:01:04.629,,,,,,,,0,0,,,,
19:01:04.900,,,,,,,83,,,,,,
19:01:05.142,9.718209325248601,0,2.0939580458888902,2.093943,2.093943,2.093943,,,,,,7,
19:01:05.381,,,,,,,,0,0,,,,
19:01:05.653,9.716421606964532,0,2.094950662805557,2.094936,2.094936,2.094936,,,,,-0.011365334487609518,7,
19:01:05.891,,,,,,,,0,0,,,,
19:01:06.162,,,,,,,83,,,,,,
19:01:06.402,9.71380337980546,0,2.0964067736388903,2.096392,2.096392,2.096392,,,,,-0.022483061562880914,7,
19:01:06.639,,,,,,,,0,0,,,,
19:01:06.910,9.71202684857066,0,2.097396381527779,2.097382,2.097382,2.097382,,,,,-0.022484469678377188,7,
19:01:07.147,,,,,,,,0,0,,,,
19:01:07.421,,,,,,,83,,,,,,
19:01:07.661,9.710374996280663,0,2.099064936416668,2.099051,2.099051,2.099051,,,,,0.011243937792061556,8,
19:01:07.902,,,,,,,,0,0,,,,
19:01:08.172,9.709253543758372,0,2.100199566416668,2.100186,2.100186,2.100186,,,,,0.011243546370703657,8,
19:01:08.407,,,,,,,,0,0,,,,
19:01:08.677,,,,,,,82,,,,,,
19:01:08.918,9.708575422060553,0,2.102062677666668,2.102049,2.102049,2.102049,,,,,0.022515202078772313,9,
19:01:09.164,,,,,,,,578,0.6,,,,
19:01:09.399,9.707520378353541,0,2.103132926333335,2.103119,2.103119,2.103119,,,,,,8,
19:01:09.638,,,,,,,,1540,1.5,,,,
19:01:09.889,,,,,,,82,,,,,,
19:01:10.117,9.704112786149356,0,2.1043287663333348,2.104315,2.104315,2.104315,,,,,,6,
19:01:10.362,,,,,,,,1535,1.5,,,,
19:01:10.605,9.70117490487155,0,2.105006338555557,2.104993,2.104993,2.104993,,,,,-0.034930750484950736,5,
19:01:10.837,,,,,,,,1535,1.5,,,,
19:01:11.082,,,,,,,82,,,,,,
19:01:11.315,9.696906538038073,0,2.105992274944446,2.105979,2.105979,2.105979,,,,,-0.047270401523339375,5,
19:01:11.558,,,,,,,,1535,1.5,,,,
19:01:11.801,9.693983349878929,0,2.106668527305557,2.106655,2.106655,2.106655,,,,,-0.035383567421142126,5,
19:01:12.041,,,,,,,,919,0.9,,,,
19:01:12.315,,,,,,,82,,,,,,
19:01:12.556,9.690424099041634,0,2.107926083805557,2.107913,2.107913,2.107913,,,,,,6,
19:01:12.787,,,,,,,,0,0,,,,
19:01:13.032,9.68818228736586,0,2.108719407805557,2.108706,2.108706,2.108706,,,,,0.0116710927638307,6,
19:01:13.271,,,,,,,,0,0,,,,
19:01:13.504,,,,,,,81,,,,,,
19:01:13.758,9.684768407282963,0,2.109929353305557,2.109916,2.109916,2.109916,,,,,0.011592674463190155,6,
19:01:13.989,,,,,,,,0,0,,,,
19:01:14.225,9.68257471954927,0,2.110708022805557,2.110695,2.110695,2.110695,,,,,0.011684181878341906,6,
19:01:14.469,,,,,,,,0,0,,,,
19:01:14.712,,,,,,,81,,,,,,
19:01:14.949,9.678254817856521,0,2.111714484611112,2.111701,2.111701,2.111701,,,,,-0.011835852749916068,5,
19:01:15.192,,,,,,,,0,0,,,,
19:01:15.462,9.675201087523941,0,2.1124270726666676,2.112414,2.112414,2.112414,,,,,-0.01165429302582316,5,
19:01:15.699,,,,,,,,0,0,,,,
19:01:15.971,,,,,,,81,,,,,,
19:01:16.213,9.670740833106102,0,2.113469547527779,2.113456,2.113456,2.113456,,,,,-0.011538109805578716,5,
19:01:16.452,,,,,,,,0,0,,,,
19:01:16.722,9.66836586960395,0,2.1143184773611123,2.114305,2.114305,2.114305,,,,,,6,
19:01:16.960,,,,,,,,0,0,,,,
19:01:17.231,,,,,,,81,,,,,,
19:01:17.469,9.665835274957168,0,2.1157716079444455,2.115758,2.115758,2.115758,,,,,0.0224775361016605,7,
19:01:17.709,,,,,,,,0,0,,,,
19:01:17.982,9.66475237361298,0,2.116910699500001,2.116897,2.116897,2.116897,,,,,0.03372755320920416,8,
19:01:18.220,,,,,,,,0,0,,,,
19:01:18.494,,,,,,,81,,,,,,
19:01:18.732,9.664120430205426,0,2.1187864957500007,2.118773,2.118773,2.118773,,,,,0.044983734823786085,9,
19:01:18.972,,,,,,,,0,0,,,,
19:01:19.236,9.663696763627637,0,2.1200460645000008,2.120033,2.120033,2.120033,,,,,0.033799324136229304,9,
19:01:19.481,,,,,,,,0,0,,,,
19:01:19.752,,,,,,,81,,,,,,
19:01:19.992,9.663062179227513,0,2.121935707000001,2.121923,2.121923,2.121923,,,,,0.022456833111634343,9,
19:01:20.228,,,,,,,,0,0,,,,
19:01:20.498,9.661999097415679,0,2.123059388777779,2.123047,2.123047,2.123047,,,,,0,8,
19:01:20.740,,,,,,,,0,0,,,,
19:01:21.009,,,,,,,81,,,,,,
19:01:21.252,9.656608469267356,0,2.123896992111112,2.123885,2.123885,2.123885,,,,,-0.05619877483360667,4,
19:01:21.491,,,,,,,,0,0,,,,
19:01:21.761,9.652328358081,0,2.124321525111112,2.12431,2.12431,2.12431,,,,,-0.06731369252924477,3,
19:01:22.001,,,,,,,,0,0,,,,
19:01:22.272,,,,,,,80,,,,,,
19:01:22.511,9.645098067011785,0,2.124737810222223,2.124726,2.124726,2.124726,,,,,-0.07872159845063194,2,
19:01:22.746,,,,,,,,0,0,,,,
19:01:22.986,9.640524896984195,0,2.1250015179444453,2.12499,2.12499,2.12499,,,,,-0.06831375519022055,2,
19:01:23.229,,,,,,,,0,0,,,,
19:01:23.469,,,,,,,80,,,,,,
19:01:23.710,9.635379980966206,0,2.125806476722223,2.125795,2.125795,2.125795,,,,,,4,
19:01:23.951,,,,,,,,0,0,,,,
19:01:24.221,9.63175402964986,0,2.1263746661666674,2.126363,2.126363,2.126363,,,,,,4,
19:01:24.463,,,,,,,,0,0,,,,
19:01:24.731,,,,,,,81,,,,,,
19:01:24.968,9.626469271305693,0,2.127204103500001,2.127192,2.127192,2.127192,,,,,0.02305725027105413,4,
19:01:25.205,,,,,,,,0,0,,,,
19:01:25.448,9.623076336155748,0,2.1277374429444453,2.127725,2.127725,2.127725,,,,,0.02300717878397237,4,
19:01:25.687,,,,,,,,0,0,,,,
19:01:25.930,,,,,,,80,,,,,,
19:01:26.168,9.617996934273402,0,2.1285370841666675,2.128525,2.128525,2.128525,,,,,0,4,
19:01:26.408,,,,,,,,0,0,,,,
19:01:26.650,9.615809685921635,0,2.1293403150000008,2.129328,2.129328,2.129328,,,,,0.023325936015399742,6,
19:01:26.888,,,,,,,,0,0,,,,
19:01:27.130,,,,,,,80,,,,,,
19:01:27.372,9.613441178898402,0,2.130745130222223,2.130733,2.130733,2.130733,,,,,0.0353526129758539,7,
19:01:27.613,,,,,,,,0,0,,,,
19:01:27.877,9.613052489456614,0,2.132009867222223,2.131998,2.131998,2.131998,,,,,0.058295440754679455,9,
19:01:28.120,,,,,,,,0,0,,,,
19:01:28.393,,,,,,,80,,,,,,
19:01:28.631,9.614359679320332,0,2.134311355361112,2.134299,2.134299,2.134299,,,,,0.08050241662706513,11,
19:01:28.871,,,,,,,,0,0,,,,
19:01:29.138,9.61587435860093,0,2.136003783361112,2.135991,2.135991,2.135991,,,,,0.06828683105402977,12,
19:01:29.380,,,,,,,,0,0,,,,
19:01:29.652,,,,,,,80,,,,,,
19:01:29.893,9.620009856054033,0,2.138940052750001,2.138927,2.138927,2.138927,,,,,0.0786236967810442,14,
19:01:30.131,,,,,,,,0,0,,,,
19:01:30.400,9.622779416088736,0,2.140909586750001,2.140897,2.140897,2.140897,,,,,0.05614758923924826,14,
19:01:30.640,,,,,,,,0,0,,,,
19:01:30.909,,,,,,,80,,,,,,
19:01:31.152,9.62688472463762,0,2.143833609250001,2.143821,2.143821,2.143821,,,,,0.033706915613582064,14,
19:01:31.390,,,,,,,,0,0,,,,
19:01:31.661,9.629661047102397,0,2.1458141698055564,2.145802,2.145802,2.145802,,,,,0.022456997800833267,14,
19:01:31.877,,,,,,,,849,0.8,,,,
19:01:32.138,,,,,,,80,,,,,,
19:01:32.376,9.632658479046526,0,2.1483927855277787,2.148381,2.148381,2.148381,,,,,-0.011411162884961197,13,
19:01:32.620,,,,,,,,1533,1.5,,,,
19:01:32.859,9.633480766330964,0,2.14986906313889,2.149857,2.149857,2.149857,,,,,-0.034557246093576,11,
19:01:33.106,,,,,,,,1534,1.5,,,,
19:01:33.347,,,,,,,80,,,,,,
19:01:33.575,9.63202687860271,0,2.1514595215833343,2.151447,2.151447,2.151447,,,,,-0.07014490529205201,8,
19:01:33.821,,,,,,,,1535,1.5,,,,
19:01:34.057,9.629248819315155,0,2.1521297401944453,2.152117,2.152117,2.152117,,,,,-0.10639466010779404,5,
19:01:34.296,,,,,,,,1535,1.5,,,,
19:01:34.548,,,,,,,80,,,,,,
19:01:34.776,9.62243621282812,0,2.152529248250001,2.152517,2.152517,2.152517,,,,,-0.12979684735228558,2,
19:01:35.020,,,,,,,,0,0,,,,
19:01:35.286,9.616923520389683,0,2.152672360083334,2.15266,2.15266,2.15266,,,,,-0.1167003009254218,1,
19:01:35.529,,,,,,,,0,0,,,,
19:01:35.765,,,,,,,80,,,,,,
19:01:36.016,9.609185728564423,0,2.152873545611112,2.152861,2.152861,2.152861,,,,,-0.0812236457571806,1,
19:01:36.256,,,,,,,,0,0,,,,
19:01:36.492,9.604692938996365,0,2.1531382714444454,2.153126,2.153126,2.153126,,,,,,2,
19:01:36.728,,,,,,,,0,0,,,,
19:01:36.968,,,,,,,80,,,,,,
19:01:37.245,9.60039746176449,0,2.1541848564444455,2.154173,2.154173,2.154173,,,,,,5,
19:01:37.481,,,,,,,,0,0,,,,
19:01:37.751,9.598770149589544,0,2.1551684027222233,2.155157,2.155157,2.155157,,,,,0.06894637982412646,7,
19:01:37.991,,,,,,,,0,0,,,,
19:01:38.259,,,,,,,81,,,,,,
19:01:38.499,9.598217060155575,0,2.1570366944722235,2.157025,2.157025,2.157025,,,,,0.09125777058394181,9,
19:01:38.745,,,,,,,,0,0,,,,
19:01:38.979,9.598455649676687,0,2.1583720128055566,2.15836,2.15836,2.15836,,,,,0.09110521406791063,10,
19:01:39.220,,,,,,,,0,0,,,,
19:01:39.463,,,,,,,81,,,,,,
19:01:39.698,9.598811936532385,0,2.1603690066944456,2.160357,2.160357,2.160357,,,,,0.057742421889858134,10,
19:01:39.942,,,,,,,,0,0,,,,
19:01:40.213,9.599066765991658,0,2.1617995072500014,2.161788,2.161788,2.161788,,,,,0.03451732030328859,10,
19:01:40.450,,,,,,,,0,0,,,,
19:01:40.718,,,,,,,81,,,,,,
19:01:40.960,9.599435984806204,0,2.1638753683611123,2.163864,2.163864,2.163864,,,,,0.011508110726740775,10,
19:01:41.197,,,,,,,,0,0,,,,
19:01:41.466,9.60030791883026,0,2.1654200192222235,2.165409,2.165409,2.165409,,,,,0.011390947202421016,11,
19:01:41.712,,,,,,,,0,0,,,,
19:01:42.015,,,,,,,81,,,,,,
19:01:42.250,9.602621982831106,0,2.1680326442222233,2.168022,2.168022,2.168022,,,,,0.02220217750360491,12,
19:01:42.489,,,,,,,,0,0,,,,
19:01:42.762,9.604132936185692,0,2.1697412645555567,2.169731,2.169731,2.169731,,,,,0.022222159742660112,12,
19:01:43.002,,,,,,,,0,0,,,,
19:01:43.271,,,,,,,81,,,,,,
19:01:43.511,9.607255646746774,0,2.17244443688889,2.172434,2.172434,2.172434,,,,,0.033316608086236245,13,
19:01:43.751,,,,,,,,0,0,,,,
19:01:44.023,9.60938819856194,0,2.1742933402222233,2.174283,2.174283,2.174283,,,,,0.022158970157014447,13,
19:01:44.260,,,,,,,,0,0,,,,
19:01:44.532,,,,,,,81,,,,,,
19:01:44.771,9.614337325863032,0,2.177412252305557,2.177402,2.177402,2.177402,,,,,0.033698025397098604,15,
19:01:45.011,,,,,,,,0,0,,,,
19:01:45.283,9.618345612962242,0,2.1796882238611124,2.179678,2.179678,2.179678,,,,,0.04493921361671904,16,
19:01:45.522,,,,,,,,0,0,,,,
19:01:45.792,,,,,,,81,,,,,,
19:01:46.029,9.626003319989133,0,2.1834184268611123,2.183408,2.183408,2.183408,,,,,0.05623128041403432,18,
19:01:46.274,,,,,,,,0,0,,,,
19:01:46.541,9.63187735267418,0,2.1861206944722236,2.18611,2.18611,2.18611,,,,,0.06747681582425007,19,
19:01:46.781,,,,,,,,0,0,,,,
19:01:47.050,,,,,,,81,,,,,,
19:01:47.292,9.642306415370728,0,2.19049730213889,2.190487,2.190487,2.190487,,,,,0.06743005860945284,21,
19:01:47.532,,,,,,,,0,0,,,,
19:01:47.802,9.650006447870497,0,2.1936133943611122,2.193603,2.193603,2.193603,,,,,0.06748924087426068,22,
19:01:48.041,,,,,,,,0,0,,,,
19:01:48.312,,,,,,,81,,,,,,
19:01:48.552,9.662239396398794,0,2.198408614527779,2.198398,2.198398,2.198398,,,,,0.05614022676227565,23,
19:01:48.789,,,,,,,,0,0,,,,
19:01:49.061,9.671135360338889,0,2.2017987971944457,2.201788,2.201788,2.201788,,,,,0.05621843702110495,24,
19:01:49.301,,,,,,,,0,0,,,,
19:01:49.570,,,,,,,81,,,,,,
19:01:49.807,9.685984533358045,0,2.2071866399722233,2.207176,2.207176,2.207176,,,,,0.05631492811247413,26,
19:01:50.049,,,,,,,,0,0,,,,
19:01:50.321,9.696199255548372,0,2.2108986260277788,2.210888,2.210888,2.210888,,,,,0.04497799187693393,26,
19:01:50.560,,,,,,,,0,0,,,,
19:01:50.830,,,,,,,81,,,,,,
19:01:51.070,9.71199069941915,0,2.2165221417777787,2.216512,2.216512,2.216512,,,,,0.044991580172884064,27,
19:01:51.311,,,,,,,,1648,1.6,,,,
19:01:51.577,9.723259609750082,0,2.2204622216666676,2.220452,2.220452,2.220452,,,,,0.04501613063306217,28,
19:01:51.820,,,,,,,,1742,1.7,,,,
19:01:52.059,,,,,,,81,,,,,,
19:01:52.307,9.740346843396331,0,2.226337829500001,2.226328,2.226328,2.226328,,,,,0.03398693509852236,29,
19:01:52.542,,,,,,,,1660,1.7,,,,
19:01:52.775,9.751296396513693,0,2.2301084215833344,2.230099,2.230099,2.230099,,,,,0.03462227790370422,29,
19:01:53.025,,,,,,,,1600,1.6,,,,
19:01:53.268,,,,,,,82,,,,,,
19:01:53.506,9.769342341251342,0,2.236228464916668,2.236219,2.236219,2.236219,,,,,0.03488668876148949,30,
19:01:53.742,,,,,,,,1577,1.6,,,,
19:01:53.987,9.781246630584755,0,2.240271627416668,2.240262,2.240262,2.240262,,,,,0.023515013452323093,30,
19:01:54.217,,,,,,,,1567,1.6,,,,
19:01:54.471,,,,,,,83,,,,,,
19:01:54.697,9.79846478915919,0,2.246128018250001,2.246118,2.246118,2.246118,,,,,0.011849098125620868,30,
19:01:54.935,,,,,,,,1571,1.6,,,,
19:01:55.179,9.810245171084867,0,2.250140619916668,2.250131,2.250131,2.250131,,,,,0.011783259675991932,30,
19:01:55.419,,,,,,,,1521,1.5,,,,
19:01:55.670,,,,,,,83,,,,,,
19:01:55.898,9.827813235722699,0,2.256133312416668,2.256124,2.256124,2.256124,,,,,0,30,
19:01:56.145,,,,,,,,1582,1.6,,,,
19:01:56.388,9.839768488872288,0,2.260217374916668,2.260208,2.260208,2.260208,,,,,0,30,
19:01:56.615,,,,,,,,1565,1.6,,,,
19:01:56.861,,,,,,,83,,,,,,
19:01:57.096,9.857007332184352,0,2.266114912416668,2.266106,2.266106,2.266106,,,,,0,30,
19:01:57.336,,,,,,,,1565,1.6,,,,
19:01:57.578,9.86935679616076,0,2.2702800939444456,2.270271,2.270271,2.270271,,,,,0.011804095700001129,31,
19:01:57.816,,,,,,,,1563,1.6,,,,
19:01:58.056,,,,,,,83,,,,,,
19:01:58.305,9.88786605635679,0,2.276531953500001,2.276523,2.276523,2.276523,,,,,0.011765454914205137,31,
19:01:58.536,,,,,,,,1568,1.6,,,,
19:01:58.779,9.899990650579095,0,2.2806332147500012,2.280624,2.280624,2.280624,,,,,0.011847417047126042,31,
19:01:59.025,,,,,,,,1572,1.6,,,,
19:01:59.259,,,,,,,83,,,,,,
19:01:59.504,9.918346372069413,0,2.286851192166668,2.286842,2.286842,2.286842,,,,,0.011762611378841843,31,
19:01:59.737,,,,,,,,1578,1.6,,,,
19:01:59.983,9.930506891020714,0,2.29097651888889,2.290967,2.290967,2.290967,,,,,0,31,
19:02:00.216,,,,,,,,1572,1.6,,,,
19:02:00.459,,,,,,,83,,,,,,
19:02:00.700,9.948672383461409,0,2.2971478464722237,2.297138,2.297138,2.297138,,,,,0,31,
19:02:00.937,,,,,,,,1562,1.6,,,,
19:02:01.174,9.960683102008588,0,2.3012340770277793,2.301224,2.301224,2.301224,,,,,0,31,
19:02:01.429,,,,,,,,1550,1.6,,,,
19:02:01.658,,,,,,,84,,,,,,
19:02:01.904,9.979125375868609,0,2.307517510944446,2.307507,2.307507,2.307507,,,,,0,31,
19:02:02.138,,,,,,,,1509,1.5,,,,
19:02:02.378,9.99109196906925,0,2.3116005286944463,2.31159,2.31159,2.31159,,,,,0,31,
19:02:02.629,,,,,,,,1438,1.4,,,,
19:02:02.860,,,,,,,84,,,,,,
19:02:03.104,10.008520563673502,0,2.3176516870277797,2.317641,2.317641,2.317641,,,,,-0.011779947982114729,30,
19:02:03.347,,,,,,,,1368,1.4,,,,
19:02:03.574,10.019226389777616,0,2.3214394479166685,2.321429,2.321429,2.321429,,,,,-0.023602674405469343,29,
19:02:03.820,,,,,,,,1380,1.4,,,,
19:02:04.057,,,,,,,85,,,,,,
19:02:04.299,10.034046079013414,0,2.3269039141666683,2.326893,2.326893,2.326893,,,,,-0.04729529340084697,27,
19:02:04.540,,,,,,,,1386,1.4,,,,
19:02:04.777,10.043109847245253,0,2.3303287222777795,2.330318,2.330318,2.330318,,,,,-0.05903206779449157,26,
19:02:05.015,,,,,,,,1383,1.4,,,,
19:02:05.256,,,,,,,85,,,,,,
19:02:05.496,10.055967052635838,0,2.335319494500002,2.335309,2.335309,2.335309,,,,,-0.05921626787800704,25,
19:02:05.741,,,,,,,,1385,1.4,,,,
19:02:05.977,10.063995381150622,0,2.338530348500002,2.33852,2.33852,2.33852,,,,,-0.05893481087646127,24,
19:02:06.223,,,,,,,,1385,1.4,,,,
19:02:06.458,,,,,,,85,,,,,,
19:02:06.697,10.075115387262047,0,2.3431284522777798,2.343118,2.343118,2.343118,,,,,-0.04725481675202582,23,
19:02:06.938,,,,,,,,1386,1.4,,,,
19:02:07.211,10.08181341585509,0,2.3461245905277797,2.346114,2.346114,2.346114,,,,,-0.05819615529848207,21,
19:02:07.447,,,,,,,,1385,1.4,,,,
19:02:07.689,,,,,,,85,,,,,,
19:02:07.927,10.08943541981253,0,2.3499066640277797,2.349896,2.349896,2.349896,,,,,-0.0698952747979775,19,
19:02:08.166,,,,,,,,1385,1.4,,,,
19:02:08.408,10.093396562581226,0,2.3521775150555575,2.352167,2.352167,2.352167,,,,,-0.0815690230494231,17,
19:02:08.649,,,,,,,,1385,1.4,,,,
19:02:08.921,,,,,,,86,,,,,,
19:02:09.164,10.098715909705962,0,2.355538484388891,2.355528,2.355528,2.355528,,,,,-0.08036448581468737,16,
19:02:09.397,,,,,,,,1386,1.4,,,,
19:02:09.634,10.101457361602801,0,2.357496558138891,2.357486,2.357486,2.357486,,,,,-0.07012133837948142,15,
19:02:09.879,,,,,,,,1385,1.4,,,,
19:02:10.115,,,,,,,86,,,,,,
19:02:10.358,10.104824940644578,0,2.3603213463055575,2.360311,2.360311,2.360311,,,,,-0.05825610577112316,14,
19:02:10.606,,,,,,,,1385,1.4,,,,
19:02:10.839,10.107036603393176,0,2.362179189083335,2.362169,2.362169,2.362169,,,,,-0.03496577074443052,14,
19:02:11.080,,,,,,,,1385,1.4,,,,
19:02:11.352,,,,,,,86,,,,,,
19:02:11.592,10.110521948347678,0,2.3651112398055574,2.365101,2.365101,2.365101,,,,,-0.02333593850853306,14,
19:02:11.829,,,,,,,,1385,1.4,,,,
19:02:12.101,10.112869890283353,0,2.367089412972224,2.367079,2.367079,2.367079,,,,,-0.011485464077951674,14,
19:02:12.342,,,,,,,,1385,1.4,,,,
19:02:12.611,,,,,,,86,,,,,,
19:02:12.851,10.117266365467286,0,2.370250766722224,2.37024,2.37024,2.37024,,,,,0.011365762710200775,15,
19:02:13.092,,,,,,,,1385,1.4,,,,
19:02:13.361,10.120169407478858,0,2.3723413667222237,2.372331,2.372331,2.372331,,,,,0.011228823394406066,15,
19:02:13.603,,,,,,,,1386,1.4,,,,
19:02:13.871,,,,,,,87,,,,,,
19:02:14.110,10.126311369714053,0,2.375902232527779,2.375892,2.375892,2.375892,,,,,0.03375381145136461,17,
19:02:14.351,,,,,,,,1385,1.4,,,,
19:02:14.586,10.13013551903378,0,2.378122538777779,2.378112,2.378112,2.378112,,,,,0.03419229824299408,17,
19:02:14.825,,,,,,,,1387,1.4,,,,
19:02:15.067,,,,,,,87,,,,,,
19:02:15.306,10.135981901050245,0,2.3815217383611125,2.381511,2.381511,2.381511,,,,,0.02307510671853168,17,
19:02:15.556,,,,,,,,1385,1.4,,,,
19:02:15.788,10.13989391387188,0,2.3837994937500016,2.383789,2.383789,2.383789,,,,,0.023342118203182396,17,
19:02:16.037,,,,,,,,1383,1.4,,,,
19:02:16.277,,,,,,,87,,,,,,
19:02:16.505,10.145701230097792,0,2.387185577361113,2.387175,2.387175,2.387175,,,,,0,17,
19:02:16.751,,,,,,,,1385,1.4,,,,
19:02:16.991,10.150200171540739,0,2.3896129048611128,2.389602,2.389602,2.389602,,,,,0.011779166638977092,18,
19:02:17.234,,,,,,,,1384,1.4,,,,
19:02:17.479,,,,,,,87,,,,,,
19:02:17.705,10.157656722900363,0,2.393384952694446,2.393374,2.393374,2.393374,,,,,0.023608895840956344,19,
19:02:17.954,,,,,,,,1385,1.4,,,,
19:02:18.186,10.162675000362315,0,2.395927133694446,2.395916,2.395916,2.395916,,,,,0.023620733980225118,19,
19:02:18.428,,,,,,,,1385,1.4,,,,
19:02:18.680,,,,,,,88,,,,,,
19:02:18.905,10.17014592221851,0,2.3997171391666683,2.399706,2.399706,2.399706,,,,,0.023604988494780703,19,
19:02:19.153,,,,,,,,1386,1.4,,,,
19:02:19.399,10.175927802698476,0,2.402494551944446,2.402483,2.402483,2.402483,,,,,0.023519927069455385,20,
19:02:19.628,,,,,,,,1387,1.4,,,,
19:02:19.872,,,,,,,88,,,,,,
19:02:20.106,10.184026796628514,0,2.4063905263888903,2.406379,2.406379,2.406379,,,,,0.011797394235698656,20,
19:02:20.347,,,,,,,,1387,1.4,,,,
19:02:20.588,10.18958748273604,0,2.409069186944446,2.409058,2.409058,2.409058,,,,,0.011792436091840242,20,
19:02:20.831,,,,,,,,1385,1.4,,,,
19:02:21.107,,,,,,,88,,,,,,
19:02:21.349,10.199244464163073,0,2.4135083308611125,2.413497,2.413497,2.413497,,,,,0.02317622410082631,21,
19:02:21.578,,,,,,,,1384,1.4,,,,
19:02:21.817,10.205241439679526,0,2.4162690322777793,2.416258,2.416258,2.416258,,,,,0.011715476873126282,21,
19:02:22.068,,,,,,,,1385,1.4,,,,
19:02:22.306,,,,,,,88,,,,,,
19:02:22.541,10.215188844363025,0,2.4206657830000013,2.420655,2.420655,2.420655,,,,,0.023265590427146585,22,
19:02:22.779,,,,,,,,1384,1.4,,,,
19:02:23.016,10.22172579789664,0,2.4235591588333345,2.423548,2.423548,2.423548,,,,,0.02334011211191903,22,
19:02:23.270,,,,,,,,1385,1.4,,,,
19:02:23.499,,,,,,,88,,,,,,
19:02:23.742,10.232587789517138,0,2.4281985801944455,2.428187,2.428187,2.428187,,,,,0.023681521713601952,23,
19:02:23.980,,,,,,,,1385,1.4,,,,
19:02:24.217,10.24024558094587,0,2.4313681681944455,2.431357,2.431357,2.431357,,,,,0.035404159113862264,24,
19:02:24.461,,,,,,,,1386,1.4,,,,
19:02:24.731,,,,,,,88,,,,,,
19:02:24.967,10.252304219034954,0,2.436366440861112,2.436355,2.436355,2.436355,,,,,0.023354339147019936,24,
19:02:25.210,,,,,,,,1385,1.4,,,,
19:02:25.448,10.260030636644585,0,2.4395736315277787,2.439562,2.439562,2.439562,,,,,0.023289841860580886,24,
19:02:25.686,,,,,,,,1548,1.5,,,,
19:02:25.937,,,,,,,88,,,,,,
19:02:26.166,10.269875457615669,0,2.443963920972223,2.443952,2.443952,2.443952,,,,,-0.011681424216392216,22,
19:02:26.411,,,,,,,,1536,1.5,,,,
19:02:26.654,10.274275853509225,0,2.446403723472223,2.446392,2.446392,2.446392,,,,,-0.06973192109721137,18,
19:02:26.888,,,,,,,,0,0,,,,
19:02:27.132,,,,,,,88,,,,,,
19:02:27.368,10.27238386562506,0,2.4479897248055567,2.447978,2.447978,2.447978,,,,,-0.18874418925059303,8,
19:02:27.609,,,,,,,,0,0,,,,
19:02:27.849,10.268867409782544,0,2.448524430027779,2.448513,2.448513,2.448513,,,,,-0.23591704148074433,4,
19:02:28.088,,,,,,,,0,0,,,,
19:02:28.328,,,,,,,88,,,,,,
19:02:28.569,10.26110464374145,0,2.448724294500001,2.448713,2.448713,2.448713,,,,,-0.24759834880051756,1,
19:02:28.809,,,,,,,,0,0,,,,
19:02:29.079,10.255010027839242,,2.448724294500001,2.448713,2.448713,2.448713,,,,,-0.210307631011389,0,
19:02:29.317,,,,,,,,0,0,,,,
19:02:29.590,,,,,,,87,,,,,,
19:02:29.826,10.246039156258421,,2.448724294500001,2.448713,2.448713,2.448713,,,,,-0.09217667689081382,0,
19:02:30.068,,,,,,,,0,0,,,,
19:02:30.308,10.240370804226277,,2.448724294500001,2.448713,2.448713,2.448713,,,,,-0.04607807268124613,0,
19:02:30.552,,,,,,,,0,0,,,,
19:02:30.788,,,,,,,87,,,,,,
19:02:31.030,10.23178817812878,,2.448724294500001,2.448713,2.448713,2.448713,,,,,-0.011509615042715134,0,
19:02:31.269,,,,,,,,0,0,,,,
19:02:31.542,10.226302011786116,0,2.4488666026111123,2.448855,2.448855,2.448855,,,,,0.011498763516108877,1,
19:02:31.781,,,,,,,,0,0,,,,
19:02:32.049,,,,,,,87,,,,,,
19:02:32.292,10.220891942868686,0,2.449699624944446,2.449688,2.449688,2.449688,,,,,0.045955522592577125,4,
19:02:32.533,,,,,,,,0,0,,,,
19:02:32.802,10.21839782868444,0,2.450549869944446,2.450538,2.450538,2.450538,,,,,0.06815193504026376,6,
19:02:33.040,,,,,,,,0,0,,,,
19:02:33.312,,,,,,,86,,,,,,
19:02:33.580,10.218199896195964,0,2.4527252907777792,2.452713,2.452713,2.452713,,,,,0.11107421255222565,10,
19:02:33.830,,,,,,,,0,0,,,,
19:02:34.098,10.219847651590987,0,2.454574738305557,2.454562,2.454562,2.454562,,,,,0.13299830514020536,13,
19:02:34.328,,,,,,,,0,0,,,,
19:02:34.602,,,,,,,86,,,,,,
19:02:34.842,10.22482265112812,0,2.457885131194446,2.457872,2.457872,2.457872,,,,,0.1332836821903976,16,
19:02:35.081,,,,,,,,0,0,,,,
19:02:35.350,10.229385675939959,0,2.460425962194446,2.460413,2.460413,2.460413,,,,,0.13338188908602136,18,
19:02:35.590,,,,,,,,0,0,,,,
19:02:35.863,,,,,,,86,,,,,,
19:02:36.100,10.237836957730565,0,2.4645905044166683,2.464578,2.464578,2.464578,,,,,0.11240143001908158,20,
19:02:36.340,,,,,,,,0,0,,,,
19:02:36.614,10.244211798951788,0,2.4675867885000016,2.467574,2.467574,2.467574,,,,,0.09007173741444725,21,
19:02:36.851,,,,,,,,0,0,,,,
19:02:37.120,,,,,,,85,,,,,,
19:02:37.363,10.25263019332359,0,2.4717474818333347,2.471735,2.471735,2.471735,,,,,,20,
19:02:37.598,,,,,,,,0,0,,,,
19:02:37.851,10.25760522293129,0,2.4743541615000013,2.474342,2.474342,2.474342,,,,,,19,
19:02:38.078,,,,,,,,0,0,,,,
19:02:38.320,,,,,,,85,,,,,,
19:02:38.562,10.26470570276955,0,2.4780796192222234,2.478067,2.478067,2.478067,,,,,-0.01150367909241822,19,
19:02:38.799,,,,,,,,0,0,,,,
19:02:39.070,10.269804832285889,0,2.480758753277779,2.480746,2.480746,2.480746,,,,,-0.023063282287683274,19,
19:02:39.306,,,,,,,,0,0,,,,
19:02:39.582,,,,,,,85,,,,,,
19:02:39.816,10.27728927191287,0,2.484696826277779,2.484684,2.484684,2.484684,,,,,-0.011547393545220936,19,
19:02:40.057,,,,,,,,0,0,,,,
19:02:40.332,10.282459162445354,0,2.487421006166668,2.487408,2.487408,2.487408,,,,,0,19,
19:02:40.573,,,,,,,,0,0,,,,
19:02:40.841,,,,,,,85,,,,,,
19:02:41.081,10.290802701206802,0,2.4915786689444457,2.491566,2.491566,2.491566,,,,,0.011247952214494188,20,
19:02:41.320,,,,,,,,0,0,,,,
19:02:41.592,10.296498165555752,0,2.4944208778333348,2.494408,2.494408,2.494408,,,,,0.011229074010967411,20,
19:02:41.832,,,,,,,,0,0,,,,
19:02:42.104,,,,,,,84,,,,,,
19:02:42.337,10.305621422123458,0,2.498760918666668,2.498748,2.498748,2.498748,,,,,0.02247480916294153,21,
19:02:42.582,,,,,,,,0,0,,,,
19:02:42.818,10.312069044265572,0,2.501703545166668,2.501691,2.501691,2.501691,,,,,0.034182770661690697,22,
19:02:43.063,,,,,,,,0,0,,,,
19:02:43.301,,,,,,,83,,,,,,
19:02:43.538,10.322517833130366,0,2.506302411777779,2.50629,2.50629,2.50629,,,,,0.034579367586076236,23,
19:02:43.781,,,,,,,,0,0,,,,
19:02:44.015,10.32998560611658,0,2.5094857384444453,2.509473,2.509473,2.509473,,,,,0.04676005492010804,24,
19:02:44.261,,,,,,,,0,0,,,,
19:02:44.501,,,,,,,83,,,,,,
19:02:44.739,10.342126127118627,0,2.5145160092777785,2.514503,2.514503,2.514503,,,,,0.04715387656842601,25,
19:02:44.983,,,,,,,,0,0,,,,
19:02:45.250,10.351247300643113,0,2.518200597111112,2.518188,2.518188,2.518188,,,,,0.046599245434073316,26,
19:02:45.490,,,,,,,,0,0,,,,
19:02:45.761,,,,,,,83,,,,,,
19:02:46.002,10.365542030768289,0,2.523845139111112,2.523833,2.523833,2.523833,,,,,0.04597959343728318,27,
19:02:46.244,,,,,,,,0,0,,,,
19:02:46.512,10.37579470419881,0,2.52781117188889,2.527799,2.527799,2.527799,,,,,0.045381560912618704,28,
19:02:46.754,,,,,,,,0,0,,,,
19:02:47.020,,,,,,,83,,,,,,
19:02:47.258,10.389927967115543,0,2.53340820588889,2.533396,2.533396,2.533396,,,,,,27,
19:02:47.499,,,,,,,,0,0,,,,
19:02:47.770,10.399028818325393,0,2.5371064567222232,2.537094,2.537094,2.537094,,,,,,26,
19:02:48.012,,,,,,,,0,0,,,,
19:02:48.281,,,,,,,83,,,,,,
19:02:48.521,10.411497920604031,0,2.5423197289444452,2.542307,2.542307,2.542307,,,,,-0.02248969409619228,25,
19:02:48.759,,,,,,,,0,0,,,,
19:02:49.032,10.41996310772975,0,2.5458640650555564,2.545851,2.545851,2.545851,,,,,-0.033728503687449805,25,
19:02:49.268,,,,,,,,0,0,,,,
19:02:49.539,,,,,,,82,,,,,,
19:02:49.776,10.433138176219678,0,2.551240497444445,2.551227,2.551227,2.551227,,,,,,26,
19:02:50.027,,,,,,,,0,0,,,,
19:02:50.258,10.442186605982712,0,2.554848529944445,2.554835,2.554835,2.554835,,,,,,27,
19:02:50.512,,,,,,,,0,0,,,,
19:02:50.742,,,,,,,82,,,,,,
19:02:50.982,10.456634108237068,0,2.5604902507222227,2.560477,2.560477,2.560477,,,,,0.03453772857394026,28,
19:02:51.222,,,,,,,,0,0,,,,
19:02:51.491,10.466756344027258,0,2.5644485026111115,2.564435,2.564435,2.564435,,,,,0.034545863811533455,28,
19:02:51.733,,,,,,,,0,0,,,,
19:02:52.000,,,,,,,82,,,,,,
19:02:52.242,10.482519374875485,0,2.5704968634444447,2.570483,2.570483,2.570483,,,,,0.03446346044365115,29,
19:02:52.479,,,,,,,,0,0,,,,
19:02:52.747,10.493097909675306,0,2.574561682277778,2.574548,2.574548,2.574548,,,,,0.02275785859588053,29,
19:02:52.992,,,,,,,,0,0,,,,
19:02:53.226,,,,,,,82,,,,,,
19:02:53.472,10.509108508218146,0,2.580608079777778,2.580594,2.580594,2.580594,,,,,0.022744920443827654,30,
19:02:53.709,,,,,,,,0,0,,,,
19:02:53.982,10.520938577673089,0,2.5850054711111112,2.584991,2.584991,2.584991,,,,,0.034118595710763075,31,
19:02:54.221,,,,,,,,0,0,,,,
19:02:54.494,,,,,,,81,,,,,,
19:02:54.729,10.539032090538557,0,2.5916342044444445,2.59162,2.59162,2.59162,,,,,0.03416846107637607,32,
19:02:54.967,,,,,,,,1460,1.5,,,,
19:02:55.213,10.551288657888975,0,2.5960648229444443,2.596051,2.596051,2.596051,,,,,0.045948220723791004,33,
19:02:55.447,,,,,,,,1785,1.8,,,,
19:02:55.692,,,,,,,81,,,,,,
19:02:55.929,10.570245709592264,0,2.6028333162777777,2.602819,2.602819,2.602819,,,,,0.046114267809253436,34,
19:02:56.176,,,,,,,,1832,1.8,,,,
19:02:56.419,10.583195640698206,0,2.6074633059444445,2.607449,2.607449,2.607449,,,,,0.034862056995426265,34,
19:02:56.647,,,,,,,,1800,1.8,,,,
19:02:56.885,,,,,,,82,,,,,,
19:02:57.130,10.602729962073978,0,2.6143677151111113,2.614353,2.614353,2.614353,,,,,0.03539882019201332,35,
19:02:57.375,,,,,,,,1749,1.7,,,,
19:02:57.612,10.615980869885068,0,2.619057547888889,2.619043,2.619043,2.619043,,,,,0.02361248855333356,35,
19:02:57.856,,,,,,,,1710,1.7,,,,
19:02:58.087,,,,,,,83,,,,,,
19:02:58.333,10.636564301995072,0,2.626265254888889,2.626251,2.626251,2.626251,,,,,0.023569285262489647,36,
19:02:58.568,,,,,,,,1473,1.5,,,,
19:02:58.813,10.649727729115515,0,2.630936906138889,2.630923,2.630923,2.630923,,,,,,35,
19:02:59.045,,,,,,,,1448,1.4,,,,
19:02:59.285,,,,,,,83,,,,,,
19:02:59.536,10.66950672362215,0,2.6379659016944443,2.637952,2.637952,2.637952,,,,,,35,
19:02:59.768,,,,,,,,1538,1.5,,,,
19:03:00.034,10.682551287818905,0,2.642668656083333,2.642655,2.642655,2.642655,,,,,-0.011692867641855453,34,
19:03:00.283,,,,,,,,0,0,,,,
19:03:00.518,,,,,,,84,,,,,,
19:03:00.760,10.700876297608884,0,2.6493773516666663,2.649364,2.649364,2.649364,,,,,-0.03501271133074659,33,
19:03:01.009,,,,,,,,0,0,,,,
19:03:01.239,10.712698313550607,0,2.653711187583333,2.653698,2.653698,2.653698,,,,,-0.023350985293274652,33,
19:03:01.485,,,,,,,,0,0,,,,
19:03:01.717,,,,,,,84,,,,,,
19:03:01.958,10.729852012188909,0,2.6601040009166663,2.660091,2.660091,2.660091,,,,,-0.03508833513874961,32,
19:03:02.201,,,,,,,,0,0,,,,
19:03:02.470,10.74090480132235,0,2.66437237175,2.664359,2.664359,2.664359,,,,,-0.04652175409352778,30,
19:03:02.713,,,,,,,,0,0,,,,
19:03:02.983,,,,,,,85,,,,,,
19:03:03.222,10.754573839027115,0,2.6700077705,2.669994,2.669994,2.669994,,,,,-0.06903572023319608,27,
19:03:03.458,,,,,,,,0,0,,,,
19:03:03.704,10.762258614272497,0,2.6733578059166665,2.673344,2.673344,2.673344,,,,,-0.09192509792909112,25,
19:03:03.938,,,,,,,,0,0,,,,
19:03:04.181,,,,,,,85,,,,,,
19:03:04.422,10.772889670019278,0,2.67814935925,2.678136,2.678136,2.678136,,,,,-0.09196195225383111,24,
19:03:04.660,,,,,,,,0,0,,,,
19:03:04.932,10.779852943038632,0,2.68140748175,2.681394,2.681394,2.681394,,,,,-0.08051824888455363,23,
19:03:05.172,,,,,,,,0,0,,,,
19:03:05.438,,,,,,,85,,,,,,
19:03:05.681,10.79006580796878,0,2.6861928138333333,2.686179,2.686179,2.686179,,,,,-0.046065460882890506,23,
19:03:05.922,,,,,,,,0,0,,,,
19:03:06.195,10.79763871441235,0,2.6896199811666666,2.689606,2.689606,2.689606,,,,,,24,
19:03:06.432,,,,,,,,0,0,,,,
19:03:06.703,,,,,,,85,,,,,,
19:03:06.939,10.807747974576605,0,2.694370328972222,2.694356,2.694356,2.694356,,,,,,23,
19:03:07.181,,,,,,,,0,0,,,,
19:03:07.452,10.815280017443598,0,2.697788353638889,2.697774,2.697774,2.697774,,,,,,24,
19:03:07.690,,,,,,,,0,0,,,,
19:03:07.961,,,,,,,85,,,,,,
19:03:08.200,10.826267059323703,0,2.7027812583055555,2.702767,2.702767,2.702767,,,,,,24,
19:03:08.442,,,,,,,,0,0,,,,
19:03:08.713,10.834339523486296,0,2.706337911083333,2.706324,2.706324,2.706324,,,,,,25,
19:03:08.950,,,,,,,,1644,1.6,,,,
19:03:09.216,,,,,,,85,,,,,,
19:03:09.460,10.846916321605978,0,2.711728323527778,2.711714,2.711714,2.711714,,,,,0.03371105421805523,26,
19:03:09.697,,,,,,,,1685,1.7,,,,
19:03:09.943,10.855055049017079,0,2.7152213513055554,2.715207,2.715207,2.715207,,,,,0.022736299528824683,26,
19:03:10.177,,,,,,,,1601,1.6,,,,
19:03:10.417,,,,,,,85,,,,,,
19:03:10.659,10.867087945812328,0,2.7203925859166667,2.720378,2.720378,2.720378,,,,,0.023040571185995465,26,
19:03:10.907,,,,,,,,1450,1.4,,,,
19:03:11.136,10.875097506586098,0,2.7238393206944442,2.723825,2.723825,2.723825,,,,,0.011686686247931968,26,
19:03:11.378,,,,,,,,1557,1.6,,,,
19:03:11.621,,,,,,,85,,,,,,
19:03:11.860,10.887231190198458,0,2.7290677386944444,2.729053,2.729053,2.729053,,,,,0,26,
19:03:12.096,,,,,,,,567,0.6,,,,
19:03:12.346,10.895354280565012,0,2.7325726816944442,2.732558,2.732558,2.732558,,,,,0,26,
19:03:12.588,,,,,,,,0,0,,,,
19:03:12.817,,,,,,,85,,,,,,
19:03:13.064,10.906573683294337,0,2.7375640948888886,2.737549,2.737549,2.737549,,,,,-0.011776577925342965,25,
19:03:13.298,,,,,,,,0,0,,,,
19:03:13.537,10.91341974853248,0,2.740715484222222,2.7407,2.7407,2.7407,,,,,-0.02359710101456175,24,
19:03:13.781,,,,,,,,0,0,,,,
19:03:14.016,,,,,,,85,,,,,,
19:03:14.257,10.923033442973123,0,2.7453134250833333,2.745298,2.745298,2.745298,,,,,-0.03545921724130299,23,
19:03:14.502,,,,,,,,0,0,,,,
19:03:14.770,10.929882470009733,0,2.748593576472222,2.748578,2.748578,2.748578,,,,,-0.03505423743054607,23,
19:03:15.009,,,,,,,,0,0,,,,
19:03:15.280,,,,,,,85,,,,,,
19:03:15.521,10.941555735583893,0,2.753813812583333,2.753798,2.753798,2.753798,,,,,,25,
19:03:15.762,,,,,,,,1495,1.5,,,,
19:03:16.027,10.949942598599897,0,2.757460430305555,2.757445,2.757445,2.757445,,,,,,26,
19:03:16.267,,,,,,,,1800,1.8,,,,
19:03:16.506,,,,,,,85,,,,,,
19:03:16.753,10.962786484857364,0,2.762905817305555,2.76289,2.76289,2.76289,,,,,0.04539052939538574,27,
19:03:16.987,,,,,,,,1840,1.8,,,,
19:03:17.233,10.971799495290458,0,2.766640934861111,2.766625,2.766625,2.766625,,,,,0.05749613997554855,28,
19:03:17.470,,,,,,,,1851,1.9,,,,
19:03:17.706,,,,,,,84,,,,,,
19:03:17.951,10.986860653667653,0,2.772633334027778,2.772617,2.772617,2.772617,,,,,0.05829503524050803,30,
19:03:18.188,,,,,,,,1846,1.8,,,,
19:03:18.429,10.997525060103259,0,2.7768042695,2.776788,2.776788,2.776788,,,,,0.058960881946054935,31,
19:03:18.669,,,,,,,,1840,1.8,,,,
19:03:18.906,,,,,,,84,,,,,,
19:03:19.153,11.014056767108725,0,2.7831691388333333,2.783153,2.783153,2.783153,,,,,0.05901895360798121,32,
19:03:19.387,,,,,,,,1795,1.8,,,,
19:03:19.629,11.025551242785546,0,2.7875310559166664,2.787515,2.787515,2.787515,,,,,0.05912399351585107,33,
19:03:19.874,,,,,,,,1887,1.9,,,,
19:03:20.106,,,,,,,84,,,,,,
19:03:20.354,11.044645301106172,0,2.7945842053611107,2.794568,2.794568,2.794568,,,,,0.05893833032642973,35,
19:03:20.587,,,,,,,,1858,1.9,,,,
19:03:20.830,11.05767557334944,0,2.799342863361111,2.799327,2.799327,2.799327,,,,,0.058989656555701105,36,
19:03:21.072,,,,,,,,1850,1.8,,,,
19:03:21.307,,,,,,,85,,,,,,
19:03:21.547,11.078083118094662,0,2.806717109305555,2.806701,2.806701,2.806701,,,,,0.059141676065150244,37,
19:03:21.794,,,,,,,,1835,1.8,,,,
19:03:22.028,11.092256340983244,0,2.811788288472222,2.811772,2.811772,2.811772,,,,,0.05902863801100849,38,
19:03:22.266,,,,,,,,1778,1.8,,,,
19:03:22.510,,,,,,,85,,,,,,
19:03:22.757,11.114567865392202,0,2.8196983378055553,2.819682,2.819682,2.819682,,,,,0.04715266380722368,39,
19:03:22.991,,,,,,,,1585,1.6,,,,
19:03:23.236,11.129825987535751,0,2.8250615100277776,2.825045,2.825045,2.825045,,,,,0.047097300453923484,40,
19:03:23.475,,,,,,,,1094,1.1,,,,
19:03:23.710,,,,,,,85,,,,,,
19:03:23.947,11.152123436638096,0,2.83290918225,2.832893,2.832893,2.832893,,,,,0.035413860308823965,40,
19:03:24.190,,,,,,,,0,0,,,,
19:03:24.429,11.16732379965103,0,2.838265965583333,2.83825,2.83825,2.83825,,,,,0.0235925048744905,40,
19:03:24.666,,,,,,,,0,0,,,,
19:03:24.920,,,,,,,85,,,,,,
19:03:25.148,11.18917270854686,0,2.8460532212499996,2.846037,2.846037,2.846037,,,,,0,39,
19:03:25.392,,,,,,,,0,0,,,,
19:03:25.628,11.203737105460252,0,2.8512509754999997,2.851235,2.851235,2.851235,,,,,-0.011841325649085799,39,
19:03:25.869,,,,,,,,0,0,,,,
19:03:26.111,,,,,,,85,,,,,,
19:03:26.351,11.22488099214331,0,2.858887742611111,2.858872,2.858872,2.858872,,,,,-0.02356775368556824,38,
19:03:26.592,,,,,,,,0,0,,,,
19:03:26.860,11.23974601773881,0,2.8642639298333332,2.864248,2.864248,2.864248,,,,,-0.02330515808009525,38,
19:03:27.101,,,,,,,,0,0,,,,
19:03:27.373,,,,,,,85,,,,,,
19:03:27.612,11.26001639669373,0,2.871780530833333,2.871765,2.871765,2.871765,,,,,-0.03449091811699832,36,
19:03:27.853,,,,,,,,0,0,,,,
19:03:28.122,11.272645553607099,0,2.8765990835555555,2.876584,2.876584,2.876584,,,,,-0.056784995079777204,34,
19:03:28.362,,,,,,,,0,0,,,,
19:03:28.631,,,,,,,85,,,,,,
19:03:28.873,11.28957354550535,0,2.883273600888889,2.883259,2.883259,2.883259,,,,,-0.0673885201299882,32,
19:03:29.112,,,,,,,,0,0,,,,
19:03:29.380,11.299896930164568,0,2.8875032825555556,2.887489,2.887489,2.887489,,,,,-0.08990980550587788,30,
19:03:29.621,,,,,,,,0,0,,,,
19:03:29.891,,,,,,,85,,,,,,
19:03:30.130,11.311872099478574,0,2.8929200048333334,2.892906,2.892906,2.892906,,,,,-0.11246470862136979,26,
19:03:30.364,,,,,,,,0,0,,,,
19:03:30.640,11.318340570487564,0,2.8961770731666667,2.896163,2.896163,2.896163,,,,,-0.12372678160475704,23,
19:03:30.883,,,,,,,,0,0,,,,
19:03:31.119,,,,,,,85,,,,,,
19:03:31.360,11.32512327551675,0,2.9001784731666667,2.900164,2.900164,2.900164,,,,,-0.13664996473086963,20,
19:03:31.599,,,,,,,,0,0,,,,
19:03:31.871,11.327158834863214,0,2.90230737025,2.902293,2.902293,2.902293,,,,,-0.17056872133420983,15,
19:03:32.113,,,,,,,,0,0,,,,
19:03:32.381,,,,,,,85,,,,,,
19:03:32.620,11.326082691139248,0,2.904386693861111,2.904372,2.904372,2.904372,,,,,-0.1820495292849119,10,
19:03:32.860,,,,,,,,0,0,,,,
19:03:33.134,11.323118210738455,0,2.9052435510277776,2.905229,2.905229,2.905229,,,,,-0.19308698286561113,6,
19:03:33.372,,,,,,,,0,0,,,,
19:03:33.640,,,,,,,85,,,,,,
19:03:33.882,11.316383291108751,0,2.905866906361111,2.905852,2.905852,2.905852,,,,,-0.1909448839296283,3,
19:03:34.120,,,,,,,,0,0,,,,
19:03:34.387,11.312376300355565,0,2.906429750138889,2.906415,2.906415,2.906415,,,,,,4,
19:03:34.629,,,,,,,,0,0,,,,
19:03:34.902,,,,,,,84,,,,,,
19:03:35.141,11.3064325830132,0,2.9072657741388888,2.907251,2.907251,2.907251,,,,,,4,
19:03:35.376,,,,,,,,0,0,,,,
19:03:35.617,11.302636126872947,0,2.9078004835833333,2.907786,2.907786,2.907786,,,,,,4,
19:03:35.856,,,,,,,,0,0,,,,
19:03:36.102,,,,,,,84,,,,,,
19:03:36.341,11.297746895769063,0,2.9087991265,2.908785,2.908785,2.908785,,,,,0.023035720910635354,5,
19:03:36.580,,,,,,,,0,0,,,,
19:03:36.849,11.295392215723508,0,2.909787108444444,2.909773,2.909773,2.909773,,,,,0.034518339653231374,7,
19:03:37.092,,,,,,,,0,0,,,,
19:03:37.367,,,,,,,84,,,,,,
19:03:37.602,11.293530729573762,0,2.9116688399444444,2.911655,2.911655,2.911655,,,,,0.05755584201608011,9,
19:03:37.841,,,,,,,,0,0,,,,
19:03:38.112,11.29336955034698,0,2.9132269529722223,2.913213,2.913213,2.913213,,,,,0.07946386022802192,11,
19:03:38.352,,,,,,,,0,0,,,,
19:03:38.622,,,,,,,83,,,,,,
19:03:38.862,11.294746869331187,0,2.915935521388889,2.915922,2.915922,2.915922,,,,,0.08987665909099021,13,
19:03:39.099,,,,,,,,0,0,,,,
19:03:39.337,11.296126878397038,0,2.917780218555556,2.917767,2.917767,2.917767,,,,,0.07970854433607429,14,
19:03:39.576,,,,,,,,0,0,,,,
19:03:39.776,,,,,,,,,,,,,
19:03:39.786,,,,,,,,,,38,,,
19:03:40.033,,,,,,,83,,,,,,
19:03:40.275,11.301878667083727,0,2.9222126616111113,2.922199,2.922199,2.922199,,,,,0.08477551153650069,17,
19:03:40.513,,,,,,,,0,0,,,,
19:03:40.779,11.306046075744474,0,2.9248735783611113,2.92486,2.92486,2.92486,,,,,0.08496015873724069,19,
19:03:41.021,,,,,,,,0,0,,,,
19:03:41.290,,,,,,,83,,,,,,
19:03:41.534,11.313090835596519,0,2.929069498916667,2.929056,2.929056,2.929056,,,,,0.07420902540443457,20,
19:03:41.773,,,,,,,,1758,1.8,,,,
19:03:42.039,11.3188617093894,0,2.9321469780833334,2.932133,2.932133,2.932133,,,,,0.08387377371126223,22,
19:03:42.289,,,,,,,,1740,1.7,,,,
19:03:42.522,,,,,,,83,,,,,,
19:03:42.763,11.327933257800517,0,2.9367776549722224,2.936764,2.936764,2.936764,,,,,0.06832152703440766,23,
19:03:42.997,,,,,,,,1664,1.7,,,,
19:03:43.240,11.334476213391005,0,2.939991925638889,2.939978,2.939978,2.939978,,,,,0.05755224250550259,24,
19:03:43.481,,,,,,,,1532,1.5,,,,
19:03:43.717,,,,,,,83,,,,,,
19:03:43.954,11.344084498444083,0,2.944718083638889,2.944704,2.944704,2.944704,,,,,0.04681749847545643,24,
19:03:44.209,,,,,,,,1442,1.4,,,,
19:03:44.440,11.350660857177251,0,2.947957025638889,2.947943,2.947943,2.947943,,,,,0.02358792132801592,24,
19:03:44.681,,,,,,,,1416,1.4,,,,
19:03:44.958,,,,,,,83,,,,,,
19:03:45.191,11.361609347952387,0,2.9531693464722224,2.953155,2.953155,2.953155,,,,,0.023330259768117794,25,
19:03:45.433,,,,,,,,1467,1.5,,,,
19:03:45.670,11.368590441096387,0,2.956497253416667,2.956483,2.956483,2.956483,,,,,0.011656370620889707,25,
19:03:45.906,,,,,,,,1471,1.5,,,,
19:03:46.151,,,,,,,83,,,,,,
19:03:46.386,11.379007871227099,0,2.9614696152222226,2.961455,2.961455,2.961455,,,,,0.011648657228504245,25,
19:03:46.635,,,,,,,,1540,1.5,,,,
19:03:46.870,11.386551838441665,0,2.9649628141666673,2.964948,2.964948,2.964948,,,,,0.023317732881072282,26,
19:03:47.107,,,,,,,,1629,1.6,,,,
19:03:47.352,,,,,,,83,,,,,,
19:03:47.587,11.398500199589709,0,2.970347157916667,2.970332,2.970332,2.970332,,,,,0.023642355945219726,27,
19:03:47.830,,,,,,,,1669,1.7,,,,
19:03:48.079,11.406767346706047,0,2.9740774494166673,2.974062,2.974062,2.974062,,,,,0.0235148299514631,27,
19:03:48.307,,,,,,,,1666,1.7,,,,
19:03:48.552,,,,,,,84,,,,,,
19:03:48.789,11.419198000781599,0,2.9795505845277783,2.979535,2.979535,2.979535,,,,,0.03536811433885008,28,
19:03:49.027,,,,,,,,1679,1.7,,,,
19:03:49.280,11.428528913633702,0,2.9835687625000005,2.983553,2.983553,2.983553,,,,,0.03524958365147775,29,
19:03:49.507,,,,,,,,1671,1.7,,,,
19:03:49.748,,,,,,,85,,,,,,
19:03:49.991,11.442418964861915,0,2.9894308116666672,2.989415,2.989415,2.989415,,,,,0.035347599829641224,30,
19:03:50.231,,,,,,,,1671,1.7,,,,
19:03:50.472,11.45191034053594,0,2.9934415275000004,2.993426,2.993426,2.993426,,,,,0.03551188373662826,30,
19:03:50.708,,,,,,,,1660,1.7,,,,
19:03:50.948,,,,,,,85,,,,,,
19:03:51.190,11.466807904518468,0,2.9996216427222224,2.999606,2.999606,2.999606,,,,,0.03538855245755441,31,
19:03:51.430,,,,,,,,1623,1.6,,,,
19:03:51.669,11.476832926515591,0,3.0037857383888893,3.00377,3.00377,3.00377,,,,,0.023714082253444135,31,
19:03:51.910,,,,,,,,1607,1.6,,,,
19:03:52.148,,,,,,,85,,,,,,
19:03:52.389,11.492442908279385,0,3.0101608139444447,3.010145,3.010145,3.010145,,,,,0.023625552958846413,32,
19:03:52.627,,,,,,,,1589,1.6,,,,
19:03:52.868,11.50294445470373,0,3.0144550815000004,3.014439,3.014439,3.014439,,,,,0.023645421945948476,32,
19:03:53.108,,,,,,,,1583,1.6,,,,
19:03:53.347,,,,,,,85,,,,,,
19:03:53.592,11.519298774906911,0,3.0210392020833337,3.021023,3.021023,3.021023,,,,,0.023585318949416276,33,
19:03:53.829,,,,,,,,1573,1.6,,,,
19:03:54.066,11.530065908003674,0,3.0253794409166668,3.025363,3.025363,3.025363,,,,,0.023641938588524848,33,
19:03:54.311,,,,,,,,1567,1.6,,,,
19:03:54.546,,,,,,,86,,,,,,
19:03:54.784,11.547141427330098,0,3.0321641191944444,3.032148,3.032148,3.032148,,,,,0.023652977351453112,34,
19:03:55.035,,,,,,,,1509,1.5,,,,
19:03:55.267,11.558601826652875,0,3.036723511638889,3.036707,3.036707,3.036707,,,,,0.023616971382312092,34,
19:03:55.511,,,,,,,,1485,1.5,,,,
19:03:55.744,,,,,,,86,,,,,,
19:03:55.988,11.57570334699326,0,3.0435358271944444,3.043519,3.043519,3.043519,,,,,0.011821327949305781,34,
19:03:56.239,,,,,,,,1470,1.5,,,,
19:03:56.467,11.587036560110173,0,3.048056090361111,3.048039,3.048039,3.048039,,,,,0.011797072406966832,34,
19:03:56.712,,,,,,,,1466,1.5,,,,
19:03:56.948,,,,,,,86,,,,,,
19:03:57.186,11.60404788129556,0,3.0548496596388888,3.054833,3.054833,3.054833,,,,,0,34,
19:03:57.440,,,,,,,,1459,1.5,,,,
19:03:57.668,11.615436319963178,0,3.0594034685277776,3.059387,3.059387,3.059387,,,,,0,34,
19:03:57.910,,,,,,,,1447,1.4,,,,
19:03:58.158,,,,,,,86,,,,,,
19:03:58.386,11.632393012443647,0,3.0661924053055554,3.066176,3.066176,3.066176,,,,,0,34,
19:03:58.633,,,,,,,,1448,1.4,,,,
19:03:58.867,11.64371126926071,0,3.070729617472222,3.070713,3.070713,3.070713,,,,,0,34,
19:03:59.109,,,,,,,,1444,1.4,,,,
19:03:59.359,,,,,,,86,,,,,,
19:03:59.589,11.66069119367619,0,3.0775450761388887,3.077528,3.077528,3.077528,,,,,0,34,
19:03:59.832,,,,,,,,1435,1.4,,,,
19:04:00.068,11.67195876565357,0,3.082073413361111,3.082056,3.082056,3.082056,,,,,0,34,
19:04:00.305,,,,,,,,1422,1.4,,,,
19:04:00.558,,,,,,,87,,,,,,
19:04:00.786,11.6888186913627,0,3.0888578101944444,3.08884,3.08884,3.08884,,,,,0,34,
19:04:01.028,,,,,,,,1500,1.5,,,,
19:04:01.271,11.700173906318687,0,3.093432904972222,3.093415,3.093415,3.093415,,,,,0,34,
19:04:01.508,,,,,,,,1538,1.5,,,,
19:04:01.754,,,,,,,87,,,,,,
19:04:01.989,11.716980994683565,0,3.100213155694444,3.100195,3.100195,3.100195,,,,,0,34,
19:04:02.231,,,,,,,,901,0.9,,,,
19:04:02.472,11.72826816962038,0,3.104772328083333,3.104754,3.104754,3.104754,,,,,0,34,
19:04:02.705,,,,,,,,0,0,,,,
19:04:02.956,,,,,,,87,,,,,,
19:04:03.188,11.744987040973761,0,3.1115339968611107,3.111516,3.111516,3.111516,,,,,0,34,
19:04:03.426,,,,,,,,0,0,,,,
19:04:03.672,11.755775300390319,0,3.115973623444444,3.115956,3.115956,3.115956,,,,,-0.011798029100494663,33,
19:04:03.909,,,,,,,,0,0,,,,
19:04:04.144,,,,,,,87,,,,,,
19:04:04.389,11.770216244967658,0,3.1221441949722215,3.122127,3.122127,3.122127,,,,,-0.035413681729307915,31,
19:04:04.631,,,,,,,,0,0,,,,
19:04:04.901,11.779469813731362,0,3.1262778026111104,3.126261,3.126261,3.126261,,,,,-0.05829628299444713,29,
19:04:05.142,,,,,,,,0,0,,,,
19:04:05.409,,,,,,,87,,,,,,
19:04:05.652,11.789848275414489,0,3.1314905539999995,3.131474,3.131474,3.131474,,,,,-0.10345822494704388,25,
19:04:05.892,,,,,,,,0,0,,,,
19:04:06.158,11.795248192100134,0,3.1345826301666664,3.134566,3.134566,3.134566,,,,,-0.12534321912131569,22,
19:04:06.400,,,,,,,,0,0,,,,
19:04:06.673,,,,,,,87,,,,,,
19:04:06.908,11.799323242765464,0,3.138122560472222,3.138106,3.138106,3.138106,,,,,-0.15743188357513613,17,
19:04:07.146,,,,,,,,0,0,,,,
19:04:07.421,11.800501862135782,0,3.140117780583333,3.140101,3.140101,3.140101,,,,,-0.16864952033543293,14,
19:04:07.661,,,,,,,,0,0,,,,
19:04:07.931,,,,,,,86,,,,,,
19:04:08.170,11.801448085291574,0,3.1428488046944443,3.142832,3.142832,3.142832,,,,,-0.13496323941167926,13,
19:04:08.412,,,,,,,,0,0,,,,
19:04:08.652,11.802041011014609,0,3.144562327472222,3.144546,3.144546,3.144546,,,,,-0.10221770838637886,13,
19:04:08.891,,,,,,,,0,0,,,,
19:04:09.130,,,,,,,86,,,,,,
19:04:09.370,11.803687037051317,0,3.1473579182499996,3.147342,3.147342,3.147342,,,,,,14,
19:04:09.611,,,,,,,,0,0,,,,
19:04:09.882,11.805388730708051,0,3.1494884257499995,3.149473,3.149473,3.149473,,,,,,15,
19:04:10.123,,,,,,,,0,0,,,,
19:04:10.389,,,,,,,86,,,,,,
19:04:10.631,11.8086601021006,0,3.1528200550833327,3.152805,3.152805,3.152805,,,,,0.03453105644029988,16,
19:04:10.872,,,,,,,,0,0,,,,
19:04:11.140,11.809820552666055,0,3.1548005491388884,3.154785,3.154785,3.154785,,,,,,14,
19:04:11.380,,,,,,,,0,0,,,,
19:04:11.651,,,,,,,86,,,,,,
19:04:11.890,11.812305891679502,0,3.157924677472222,3.157909,3.157909,3.157909,,,,,,15,
19:04:12.129,,,,,,,,0,0,,,,
19:04:12.401,11.814525064879613,0,3.160192627694444,3.160177,3.160177,3.160177,,,,,,16,
19:04:12.643,,,,,,,,0,0,,,,
19:04:12.909,,,,,,,85,,,,,,
19:04:13.152,11.81778672273823,0,3.1635303445833327,3.163515,3.163515,3.163515,,,,,,16,
19:04:13.391,,,,,,,,0,0,,,,
19:04:13.632,11.819372836435807,0,3.1655327345833326,3.165517,3.165517,3.165517,,,,,,15,
19:04:13.867,,,,,,,,1533,1.5,,,,
19:04:14.106,,,,,,,85,,,,,,
19:04:14.354,11.81950792774251,0,3.1679382209166658,3.167922,3.167922,3.167922,,,,,-0.03448670899167093,12,
19:04:14.588,,,,,,,,1533,1.5,,,,
19:04:14.832,11.818605676823772,0,3.1692679589722212,3.169252,3.169252,3.169252,,,,,-0.06989125068105896,10,
19:04:15.076,,,,,,,,1536,1.5,,,,
19:04:15.307,,,,,,,85,,,,,,
19:04:15.549,11.815772246036797,0,3.1708609483055548,3.170845,3.170845,3.170845,,,,,-0.09454535895184663,8,
19:04:15.787,,,,,,,,1536,1.5,,,,
19:04:16.028,11.812897958162813,0,3.1716571148055546,3.171641,3.171641,3.171641,,,,,-0.10642040723123865,6,
19:04:16.270,,,,,,,,1250,1.2,,,,
19:04:16.538,,,,,,,85,,,,,,
19:04:16.775,11.80608894483771,0,3.172279919888888,3.172264,3.172264,3.172264,,,,,-0.10531469299906569,3,
19:04:17.029,,,,,,,,0,0,,,,
19:04:17.256,11.801219761934023,0,3.172546895388888,3.172531,3.172531,3.172531,,,,,-0.09350991772619191,2,
19:04:17.505,,,,,,,,0,0,,,,
19:04:17.738,,,,,,,84,,,,,,
19:04:17.976,11.79392701888896,0,3.1729472503333325,3.172931,3.172931,3.172931,,,,,-0.07001631799739624,2,
19:04:18.222,,,,,,,,0,0,,,,
19:04:18.459,11.788551617778124,0,3.1730812958055545,3.173065,3.173065,3.173065,,,,,-0.05825571997392244,1,
19:04:18.697,,,,,,,,0,0,,,,
19:04:18.941,,,,,,,83,,,,,,
19:04:19.179,11.780541319862568,0,3.1732812952777767,3.173265,3.173265,3.173265,,,,,-0.023568448851702697,1,
19:04:19.421,,,,,,,,0,0,,,,
19:04:19.657,11.77522599638791,0,3.1734141713055544,3.173398,3.173398,3.173398,,,,,-0.011795704216705862,1,
19:04:19.897,,,,,,,,0,0,,,,
19:04:20.141,,,,,,,83,,,,,,
19:04:20.380,11.767199803542036,0,3.1736150640833323,3.173599,3.173599,3.173599,,,,,-0.01178518884336192,1,
19:04:20.622,,,,,,,,0,0,,,,
19:04:20.894,11.761494221031525,0,3.173758055027777,3.173742,3.173742,3.173742,,,,,0,1,
19:04:21.132,,,,,,,,0,0,,,,
19:04:21.400,,,,,,,83,,,,,,
19:04:21.642,11.75245240933107,,3.173758055027777,3.173742,3.173742,3.173742,,,,,-0.01149952444102259,0,
19:04:21.882,,,,,,,,0,0,,,,
19:04:22.152,11.746288997103207,,3.173758055027777,3.173742,3.173742,3.173742,,,,,-0.011352642482615307,0,
19:04:22.389,,,,,,,,0,0,,,,
19:04:22.662,,,,,,,83,,,,,,
19:04:22.902,11.737241704298128,,3.173758055027777,3.173742,3.173742,3.173742,,,,,-0.011230866935591796,0,
19:04:23.141,,,,,,,,0,0,,,,
19:04:23.410,11.731113911747144,,3.173758055027777,3.173742,3.173742,3.173742,,,,,-0.011258958226251583,0,
19:04:23.646,,,,,,,,0,0,,,,
19:04:23.916,,,,,,,83,,,,,,
19:04:24.160,11.722092269577534,,3.173758055027777,3.173742,3.173742,3.173742,,,,,0,0,
19:04:24.400,,,,,,,,0,0,,,,
19:04:24.672,11.715940242862636,,3.173758055027777,3.173742,3.173742,3.173742,,,,,0,0,
19:04:24.910,,,,,,,,0,0,,,,
19:04:25.182,,,,,,,82,,,,,,
19:04:25.417,11.706993698705704,,3.173758055027777,3.173742,3.173742,3.173742,,,,,0,0,
19:04:25.655,,,,,,,,0,0,,,,
19:04:25.902,11.701189367449565,,3.173758055027777,3.173742,3.173742,3.173742,,,,,0,0,
19:04:26.138,,,,,,,,0,0,,,,
19:04:26.379,,,,,,,82,,,,,,
19:04:26.622,11.692557214583818,,3.173758055027777,3.173742,3.173742,3.173742,,,,,0,0,
19:04:26.858,,,,,,,,0,0,,,,
19:04:27.131,11.686470591602655,,3.173758055027777,3.173742,3.173742,3.173742,,,,,0,0,
19:04:27.370,,,,,,,,0,0,,,,
19:04:27.640,,,,,,,82,,,,,,
19:04:27.883,11.678248682411342,0,3.173967159388888,3.173951,3.173951,3.173951,,,,,0.011486396515173141,1,
19:04:28.122,,,,,,,,0,0,,,,
19:04:28.391,11.672712053585961,0,3.174108151666666,3.174092,3.174092,3.174092,,,,,0.01137729854347911,1,
19:04:28.635,,,,,,,,0,0,,,,
19:04:28.899,,,,,,,82,,,,,,
19:04:29.139,11.663804114909674,,3.174108151666666,3.174092,3.174092,3.174092,,,,,,0,
19:04:29.381,,,,,,,,0,0,,,,
19:04:29.652,11.657700154610362,,3.174108151666666,3.174092,3.174092,3.174092,,,,,0,0,
19:04:29.891,,,,,,,,0,0,,,,
19:04:30.161,,,,,,,82,,,,,,
19:04:30.400,11.648811244294764,,3.174108151666666,3.174092,3.174092,3.174092,,,,,-0.011256616802600195,0,
19:04:30.640,,,,,,,,0,0,,,,
19:04:30.908,11.642772671928205,,3.174108151666666,3.174092,3.174092,3.174092,,,,,-0.011252305190437227,0,
19:04:31.149,,,,,,,,0,0,,,,
19:04:31.416,,,,,,,81,,,,,,
19:04:31.658,11.633887335384363,,3.174108151666666,3.174092,3.174092,3.174092,,,,,0,0,
19:04:31.901,,,,,,,,0,0,,,,
19:04:32.146,11.628118759318118,,3.174108151666666,3.174092,3.174092,3.174092,,,,,0,0,
19:04:32.379,,,,,,,,0,0,,,,
19:04:32.619,,,,,,,81,,,,,,
19:04:32.864,11.61961565352033,,3.174108151666666,3.174092,3.174092,3.174092,,,,,0,0,
19:04:33.101,,,,,,,,0,0,,,,
19:04:33.371,11.61363763720598,,3.174108151666666,3.174092,3.174092,3.174092,,,,,0,0,
19:04:33.611,,,,,,,,0,0,,,,
19:04:33.878,,,,,,,81,,,,,,
19:04:34.122,11.604768983996376,,3.174108151666666,3.174092,3.174092,3.174092,,,,,0,0,
19:04:34.363,,,,,,,,0,0,,,,
19:04:34.631,11.598785425760422,,3.174108151666666,3.174092,3.174092,3.174092,,,,,0,0,
19:04:34.870,,,,,,,,0,0,,,,
19:04:35.140,,,,,,,81,,,,,,
19:04:35.379,11.589978877198156,,3.174108151666666,3.174092,3.174092,3.174092,,,,,0,0,
19:04:35.622,,,,,,,,0,0,,,,
19:04:35.891,11.58500368146841,0,3.1743924582777767,3.174376,3.174376,3.174376,,,,,0.022479775753812877,2,
19:04:36.132,,,,,,,,0,0,,,,
19:04:36.401,,,,,,,81,,,,,,
19:04:36.642,11.579233680940957,0,3.17522685961111,3.17521,3.17521,3.17521,,,,,0.044973116166249286,4,
19:04:36.883,,,,,,,,0,0,,,,
19:04:37.146,11.575878852097555,0,3.1759263496111103,3.175909,3.175909,3.175909,,,,,0.056313674167160356,5,
19:04:37.391,,,,,,,,0,0,,,,
19:04:37.661,,,,,,,81,,,,,,
19:04:37.901,11.570849253680642,0,3.1769763712777768,3.176959,3.176959,3.176959,,,,,0.05615044082598455,5,
19:04:38.141,,,,,,,,0,0,,,,
19:04:38.407,11.567491935320552,0,3.177678168638888,3.177661,3.177661,3.177661,,,,,0.03377367829332901,5,
19:04:38.651,,,,,,,,0,0,,,,
19:04:38.923,,,,,,,81,,,,,,
19:04:39.158,11.561744871172106,0,3.1785132998611103,3.178496,3.178496,3.178496,,,,,0,4,
19:04:39.402,,,,,,,,0,0,,,,
19:04:39.671,11.557833259141033,0,3.1790824398611104,3.179065,3.179065,3.179065,,,,,-0.01121751812268582,4,
19:04:39.911,,,,,,,,0,0,,,,
19:04:40.181,,,,,,,81,,,,,,
19:04:40.418,11.552885591694684,0,3.180120836527777,3.180103,3.180103,3.180103,,,,,,5,
19:04:40.662,,,,,,,,0,0,,,,
19:04:40.931,11.550011818134658,0,3.18097602736111,3.180958,3.180958,3.180958,,,,,,6,
19:04:41.172,,,,,,,,0,0,,,,
19:04:41.442,,,,,,,80,,,,,,
19:04:41.685,11.54731803262714,0,3.1826491618055543,3.182631,3.182631,3.182631,,,,,0.04484769223382211,8,
19:04:41.918,,,,,,,,0,0,,,,
19:04:42.157,11.54658124874446,0,3.1839621929166655,3.183944,3.183944,3.183944,,,,,0.06834149477300952,10,
19:04:42.398,,,,,,,,0,0,,,,
19:04:42.641,,,,,,,80,,,,,,
19:04:42.880,11.54691112429359,0,3.1863713352499987,3.186353,3.186353,3.186353,,,,,0.08055402923953496,12,
19:04:43.121,,,,,,,,0,0,,,,
19:04:43.392,11.547659517507226,0,3.188219902749999,3.188202,3.188202,3.188202,,,,,0.08059290417475623,13,
19:04:43.631,,,,,,,,0,0,,,,
19:04:43.901,,,,,,,80,,,,,,
19:04:44.140,11.548752230548777,0,3.1909223810277765,3.190904,3.190904,3.190904,,,,,0.05768412492241635,13,
19:04:44.380,,,,,,,,1537,1.5,,,,
19:04:44.655,11.54898542593899,0,3.192636700694443,3.192618,3.192618,3.192618,,,,,,12,
19:04:44.888,,,,,,,,1534,1.5,,,,
19:04:45.131,,,,,,,80,,,,,,
19:04:45.368,11.550024663577265,0,3.1952124481111097,3.195194,3.195194,3.195194,,,,,,13,
19:04:45.615,,,,,,,,1535,1.5,,,,
19:04:45.851,11.550727129154126,0,3.196955599333332,3.196937,3.196937,3.196937,,,,,,13,
19:04:46.120,,,,,,,,1534,1.5,,,,
19:04:46.356,,,,,,,80,,,,,,
19:04:46.601,11.553324222554469,0,3.2000838797499984,3.200065,3.200065,3.200065,,,,,,15,
19:04:46.847,,,,,,,,670,0.7,,,,
19:04:47.080,11.555483031645776,0,3.202236483305554,3.202218,3.202218,3.202218,,,,,0.046716000442492876,16,
19:04:47.353,,,,,,,,0,0,,,,
19:04:47.591,,,,,,,80,,,,,,
19:04:47.828,11.559530484055278,0,3.205741253833332,3.205723,3.205723,3.205723,,,,,0.046056983835837804,17,
19:04:48.072,,,,,,,,0,0,,,,
19:04:48.307,11.562620319446092,0,3.208137254833332,3.208119,3.208119,3.208119,,,,,0.05765206339305444,18,
19:04:48.546,,,,,,,,0,0,,,,
19:04:48.790,,,,,,,80,,,,,,
19:04:49.030,11.568718731204093,0,3.2121510003888876,3.212133,3.212133,3.212133,,,,,0.0583239344453477,20,
19:04:49.271,,,,,,,,0,0,,,,
19:04:49.540,11.573531468109898,0,3.2151279609722208,3.21511,3.21511,3.21511,,,,,0.057582774273620886,21,
19:04:49.779,,,,,,,,0,0,,,,
19:04:50.051,,,,,,,81,,,,,,
19:04:50.298,11.582185638720837,0,3.2199708294722207,3.219953,3.219953,3.219953,,,,,0.06880672579524069,23,
19:04:50.526,,,,,,,,0,0,,,,
19:04:50.767,11.588001732107248,0,3.223097357472221,3.22308,3.22308,3.22308,,,,,0.06909352812411027,24,
19:04:51.011,,,,,,,,0,0,,,,
19:04:51.249,,,,,,,81,,,,,,
19:04:51.493,11.597730100469215,0,3.228144743583332,3.228127,3.228127,3.228127,,,,,0.057486340509810614,25,
19:04:51.731,,,,,,,,0,0,,,,
19:04:52.005,11.605079531822438,0,3.2318396021388875,3.231822,3.231822,3.231822,,,,,0.05744483894669764,26,
19:04:52.242,,,,,,,,0,0,,,,
19:04:52.511,,,,,,,81,,,,,,
19:04:52.747,11.61647113177467,0,3.2374075376388873,3.23739,3.23739,3.23739,,,,,0.04625868007752066,27,
19:04:52.989,,,,,,,,0,0,,,,
19:04:53.233,11.624408556615709,0,3.2411899059722207,3.241172,3.241172,3.241172,,,,,0.04595159740989282,28,
19:04:53.474,,,,,,,,0,0,,,,
19:04:53.740,,,,,,,81,,,,,,
19:04:53.982,11.637379208009222,0,3.247230478694443,3.247213,3.247213,3.247213,,,,,0.04552560583431781,29,
19:04:54.221,,,,,,,,0,0,,,,
19:04:54.493,11.646179754344974,0,3.251334130138887,3.251317,3.251317,3.251317,,,,,0.034155187563558995,29,
19:04:54.733,,,,,,,,0,0,,,,
19:04:55.003,,,,,,,81,,,,,,
19:04:55.241,11.660579189031155,0,3.257777926194443,3.257761,3.257761,3.257761,,,,,0.04543198532613994,31,
19:04:55.482,,,,,,,,0,0,,,,
19:04:55.747,11.670303073216099,0,3.2621348280833318,3.262118,3.262118,3.262118,,,,,0.03379315058485341,31,
19:04:55.992,,,,,,,,0,0,,,,
19:04:56.260,,,,,,,81,,,,,,
19:04:56.499,11.685487974242195,0,3.2688209658611096,3.268804,3.268804,3.268804,,,,,0.03375700675927639,32,
19:04:56.740,,,,,,,,0,0,,,,
19:04:57.012,11.696330663322609,0,3.2735192666111095,3.273502,3.273502,3.273502,,,,,0.044979157847931196,33,
19:04:57.253,,,,,,,,0,0,,,,
19:04:57.522,,,,,,,81,,,,,,
19:04:57.761,11.712887372427522,0,3.280588370944443,3.280571,3.280571,3.280571,,,,,0.033730861372469965,34,
19:04:57.999,,,,,,,,0,0,,,,
19:04:58.271,11.724164051068044,0,3.2854091128888876,3.285392,3.285392,3.285392,,,,,0.033672945294090616,34,
19:04:58.513,,,,,,,,0,0,,,,
19:04:58.780,,,,,,,81,,,,,,
19:04:59.021,11.741448193165626,0,3.2926976567777766,3.292681,3.292681,3.292681,,,,,0.03370439818109567,35,
19:04:59.262,,,,,,,,0,0,,,,
19:04:59.530,11.753176738898016,0,3.2976496356666654,3.297633,3.297633,3.297633,,,,,0.022498582878297042,35,
19:04:59.773,,,,,,,,0,0,,,,
19:05:00.040,,,,,,,81,,,,,,
19:05:00.278,11.771114915534682,0,3.3051278276666656,3.305111,3.305111,3.305111,,,,,0.02250529430954677,36,
19:05:00.523,,,,,,,,1383,1.4,,,,
19:05:00.788,11.783332303208015,0,3.3102274396666655,3.310211,3.310211,3.310211,,,,,0.02250415445151952,36,
19:05:01.030,,,,,,,,1377,1.4,,,,
19:05:01.271,,,,,,,81,,,,,,
19:05:01.506,11.800500493507258,0,3.3174022486666654,3.317386,3.317386,3.317386,,,,,0.011398242698791349,36,
19:05:01.756,,,,,,,,1385,1.4,,,,
19:05:01.989,11.812529379411298,0,3.3223697761666653,3.322354,3.322354,3.322354,,,,,0.023036952726442433,37,
19:05:02.228,,,,,,,,1373,1.4,,,,
19:05:02.507,,,,,,,83,,,,,,
19:05:02.739,11.829682471113525,0,3.3296573594999987,3.329642,3.329642,3.329642,,,,,,35,
19:05:02.982,,,,,,,,1385,1.4,,,,
19:05:03.222,11.840257871065715,0,3.3342244274444433,3.334209,3.334209,3.334209,,,,,,34,
19:05:03.458,,,,,,,,1383,1.4,,,,
19:05:03.700,,,,,,,84,,,,,,
19:05:03.942,11.855276888322184,0,3.3408250837777764,3.34081,3.34081,3.34081,,,,,-0.03487552072110391,33,
19:05:04.180,,,,,,,,1385,1.4,,,,
19:05:04.415,11.864663382518309,0,3.345028830444443,3.345014,3.345014,3.345014,,,,,-0.05837573558542689,32,
19:05:04.667,,,,,,,,1385,1.4,,,,
19:05:04.906,,,,,,,83,,,,,,
19:05:05.143,11.876937497262551,0,3.350889553222221,3.350875,3.350875,3.350875,,,,,-0.07069289716058165,29,
19:05:05.379,,,,,,,,1387,1.4,,,,
19:05:05.616,11.88398680948543,0,3.354442010722221,3.354427,3.354427,3.354427,,,,,-0.08279579489797521,27,
19:05:05.861,,,,,,,,1385,1.4,,,,
19:05:06.099,,,,,,,83,,,,,,
19:05:06.342,11.891922367112755,0,3.35907994411111,3.359065,3.359065,3.359065,,,,,-0.11802009372333085,23,
19:05:06.579,,,,,,,,1386,1.4,,,,
19:05:06.817,11.89663793540715,0,3.361980351999999,3.361965,3.361965,3.361965,,,,,-0.11793834951681856,22,
19:05:07.069,,,,,,,,1392,1.4,,,,
19:05:07.299,,,,,,,83,,,,,,
19:05:07.538,11.903130914758108,0,3.3662162188333324,3.366201,3.366201,3.366201,,,,,-0.09459399840427725,21,
19:05:07.787,,,,,,,,1383,1.4,,,,
19:05:08.018,11.90690501171134,0,3.368853820499999,3.368839,3.368839,3.368839,,,,,-0.08256595824104306,20,
19:05:08.269,,,,,,,,1385,1.4,,,,
19:05:08.498,,,,,,,83,,,,,,
19:05:08.735,11.912595108652525,0,3.3728351099444436,3.37282,3.37282,3.37282,,,,,-0.03552282754514934,20,
19:05:08.988,,,,,,,,1385,1.4,,,,
19:05:09.217,11.916896641110105,0,3.3756508786111104,3.375636,3.375636,3.375636,,,,,,21,
19:05:09.465,,,,,,,,1386,1.4,,,,
19:05:09.731,,,,,,,84,,,,,,
19:05:09.965,11.9242890283927,0,3.380223087277777,3.380208,3.380208,3.380208,,,,,,22,
19:05:10.214,,,,,,,,1385,1.4,,,,
19:05:10.449,11.92953470378301,0,3.3833125022222212,3.383297,3.383297,3.383297,,,,,0.0349542673335935,23,
19:05:10.696,,,,,,,,1385,1.4,,,,
19:05:10.941,,,,,,,84,,,,,,
19:05:11.166,11.938010817791046,0,3.388095582888888,3.38808,3.38808,3.38808,,,,,0.04659004587709817,24,
19:05:11.408,,,,,,,,1387,1.4,,,,
19:05:11.680,11.944603615115623,0,3.391678554416666,3.391663,3.391663,3.391663,,,,,0.0460014593728887,25,
19:05:11.919,,,,,,,,1670,1.7,,,,
19:05:12.156,,,,,,,85,,,,,,
19:05:12.402,11.954492864662168,0,3.3968766253611107,3.396861,3.396861,3.396861,,,,,0.04649808367412249,26,
19:05:12.636,,,,,,,,1816,1.8,,,,
19:05:12.882,11.96157668239143,0,3.4004905363611106,3.400475,3.400475,3.400475,,,,,0.0465628019437676,27,
19:05:13.119,,,,,,,,1782,1.8,,,,
19:05:13.357,,,,,,,85,,,,,,
19:05:13.608,11.972922190869973,0,3.4061253660277773,3.40611,3.40611,3.40611,,,,,0.046396695199972526,28,
19:05:13.837,,,,,,,,1704,1.7,,,,
19:05:14.078,11.980365358410412,0,3.4098264052499996,3.409811,3.409811,3.409811,,,,,0.035436498400636875,28,
19:05:14.319,,,,,,,,1662,1.7,,,,
19:05:14.557,,,,,,,85,,,,,,
19:05:14.797,11.99229965237546,0,3.415618175694444,3.415603,3.415603,3.415603,,,,,0.03547773441996696,29,
19:05:15.038,,,,,,,,1591,1.6,,,,
19:05:15.275,12.000115073696,0,3.4194154437499997,3.4194,3.4194,3.4194,,,,,0.02367963898215872,29,
19:05:15.521,,,,,,,,1494,1.5,,,,
19:05:15.758,,,,,,,86,,,,,,
19:05:16.007,12.011522589592749,0,3.425108014861111,3.425093,3.425093,3.425093,,,,,,28,
19:05:16.240,,,,,,,,1403,1.4,,,,
19:05:16.477,12.01839026593884,0,3.4286373371111107,3.428622,3.428622,3.428622,,,,,-0.011807648875618311,27,
19:05:16.731,,,,,,,,1379,1.4,,,,
19:05:16.966,,,,,,,86,,,,,,
19:05:17.196,12.026075980266153,0,3.433232758833333,3.433217,3.433217,3.433217,,,,,-0.07084151089096948,23,
19:05:17.449,,,,,,,,1382,1.4,,,,
19:05:17.679,12.029814912594075,0,3.4359112393888886,3.435895,3.435895,3.435895,,,,,-0.106048679758913,20,
19:05:17.921,,,,,,,,1385,1.4,,,,
19:05:18.160,,,,,,,86,,,,,,
19:05:18.398,12.03258898578088,0,3.4391065545,3.43909,3.43909,3.43909,,,,,-0.14216565683921628,16,
19:05:18.634,,,,,,,,1385,1.4,,,,
19:05:18.876,12.03350366420931,0,3.4409677409444446,3.440951,3.440951,3.440951,,,,,-0.15349554505734866,14,
19:05:19.118,,,,,,,,1385,1.4,,,,
19:05:19.392,,,,,,,86,,,,,,
19:05:19.632,12.034947588464293,0,3.443909362611111,3.443893,3.443893,3.443893,,,,,-0.10467018187193504,14,
19:05:19.871,,,,,,,,1385,1.4,,,,
19:05:20.141,12.035918825138186,0,3.445890438833333,3.445874,3.445874,3.445874,,,,,-0.06900753762403619,14,
19:05:20.383,,,,,,,,1386,1.4,,,,
19:05:20.654,,,,,,,87,,,,,,
19:05:20.893,12.038079206504639,0,3.4490227900833332,3.449006,3.449006,3.449006,,,,,,15,
19:05:21.139,,,,,,,,1383,1.4,,,,
19:05:21.366,12.039890668285006,0,3.4511197051944444,3.451103,3.451103,3.451103,,,,,0.02275681733435179,16,
19:05:21.612,,,,,,,,1641,1.6,,,,
19:05:21.849,,,,,,,87,,,,,,
19:05:22.087,12.044056684483712,0,3.4547286511944444,3.454712,3.454712,3.454712,,,,,0.046145350918407005,18,
19:05:22.341,,,,,,,,1836,1.8,,,,
19:05:22.569,12.04729928857809,0,3.457270414722222,3.457254,3.457254,3.457254,,,,,0.05834236009106167,19,
19:05:22.810,,,,,,,,2058,2.1,,,,
19:05:23.047,,,,,,,87,,,,,,
19:05:23.285,12.05350316799592,0,3.461449423472222,3.461433,3.461433,3.461433,,,,,0.07104667973271658,21,
19:05:23.532,,,,,,,,2245,2.2,,,,
19:05:23.768,12.05861584274171,0,3.4645357966666666,3.464519,3.464519,3.464519,,,,,0.08251653322602619,23,
19:05:24.009,,,,,,,,2285,2.3,,,,
19:05:24.255,,,,,,,88,,,,,,
19:05:24.489,12.067625082741714,0,3.4695395681944445,3.469523,3.469523,3.469523,,,,,0.08255765589845182,25,
19:05:24.743,,,,,,,,2314,2.3,,,,
19:05:25.000,12.074992074788979,0,3.4733712499444445,3.473355,3.473355,3.473355,,,,,0.09321754530511871,27,
19:05:25.239,,,,,,,,2160,2.2,,,,
19:05:25.483,,,,,,,88,,,,,,
19:05:25.719,12.086040651505419,0,3.4789630350555556,3.478947,3.478947,3.478947,,,,,0.08148158829900917,28,
19:05:25.958,,,,,,,,1845,1.8,,,,
19:05:26.200,12.093893400181326,0,3.482840446222222,3.482824,3.482824,3.482824,,,,,0.06989101499714705,29,
19:05:26.437,,,,,,,,1753,1.8,,,,
19:05:26.681,,,,,,,88,,,,,,
19:05:26.896,12.106647323643958,0,3.4888669288888887,3.48885,3.48885,3.48885,,,,,0.07062041139817674,31,
19:05:27.129,,,,,,,,1714,1.7,,,,
19:05:27.378,12.115807270957157,0,3.4931150364444443,3.493098,3.493098,3.493098,,,,,0.05955633258355154,32,
19:05:27.606,,,,,,,,1679,1.7,,,,
19:05:27.852,,,,,,,87,,,,,,
19:05:28.089,12.130097369101128,0,3.499629659027778,3.499613,3.499613,3.499613,,,,,0.05976247712130003,33,
19:05:28.329,,,,,,,,1598,1.6,,,,
19:05:28.572,12.13980167289918,0,3.5040587815277777,3.504042,3.504042,3.504042,,,,,0.0477735462987631,33,
19:05:28.809,,,,,,,,1539,1.5,,,,
19:05:29.046,,,,,,,87,,,,,,
19:05:29.289,12.154873131397107,0,3.5108295726944445,3.510813,3.510813,3.510813,,,,,0.03550884465667307,34,
19:05:29.536,,,,,,,,1492,1.5,,,,
19:05:29.769,12.165463783333003,0,3.5155183311666667,3.515502,3.515502,3.515502,,,,,0.03553208576048181,35,
19:05:30.008,,,,,,,,1487,1.5,,,,
19:05:30.256,,,,,,,87,,,,,,
19:05:30.498,12.181417122533476,0,3.5225895075555558,3.522573,3.522573,3.522573,,,,,0.023509978954233013,35,
19:05:30.728,,,,,,,,1455,1.5,,,,
19:05:30.974,12.192290956077118,0,3.527344302555556,3.527328,3.527328,3.527328,,,,,0.03537778695050407,36,
19:05:31.208,,,,,,,,1417,1.4,,,,
19:05:31.447,,,,,,,87,,,,,,
19:05:31.689,12.208678198852148,0,3.534518153555556,3.534502,3.534502,3.534502,,,,,0.02360031062805532,36,
19:05:31.929,,,,,,,,1386,1.4,,,,
19:05:32.169,12.219704279850818,0,3.539350610555556,3.539334,3.539334,3.539334,,,,,0.011806148319418074,36,
19:05:32.418,,,,,,,,1386,1.4,,,,
19:05:32.648,,,,,,,87,,,,,,
19:05:32.894,12.236096064107949,0,3.546543010555556,3.546526,3.546526,3.546526,,,,,0.011825244970926647,36,
19:05:33.127,,,,,,,,1389,1.4,,,,
19:05:33.366,12.246850616593191,0,3.551267294555556,3.55125,3.55125,3.55125,,,,,0,36,
19:05:33.617,,,,,,,,1387,1.4,,,,
19:05:33.846,,,,,,,87,,,,,,
19:05:34.092,12.263408739528609,0,3.558549353555556,3.558532,3.558532,3.558532,,,,,0,36,
19:05:34.328,,,,,,,,1391,1.4,,,,
19:05:34.576,12.273905231037178,0,3.5632401780000005,3.563223,3.563223,3.563223,,,,,-0.011765764756941237,35,
19:05:34.810,,,,,,,,1370,1.4,,,,
19:05:35.048,,,,,,,87,,,,,,
19:05:35.287,12.287985821001307,0,3.5697530836666673,3.569736,3.569736,3.569736,,,,,-0.03550074051403504,33,
19:05:35.539,,,,,,,,1847,1.8,,,,
19:05:35.767,12.296571559640043,0,3.573887132583334,3.57387,3.57387,3.57387,,,,,-0.058979773706374986,31,
19:05:36.013,,,,,,,,1507,1.5,,,,
19:05:36.252,,,,,,,87,,,,,,
19:05:36.485,12.305962846463997,0,3.579069446805556,3.579052,3.579052,3.579052,,,,,-0.11837565177348984,26,
19:05:36.731,,,,,,,,1287,1.3,,,,
19:05:36.966,12.310415384948953,0,3.5820096661388896,3.581992,3.581992,3.581992,,,,,-0.15407712821556194,22,
19:05:37.211,,,,,,,,0,0,,,,
19:05:37.448,,,,,,,87,,,,,,
19:05:37.687,12.31501811733449,0,3.5858161425000006,3.585798,3.585798,3.585798,,,,,-0.16523356314564375,19,
19:05:37.942,,,,,,,,0,0,,,,
19:05:38.166,12.318067648395331,0,3.588341003944445,3.588323,3.588323,3.588323,,,,,-0.1417290014147557,19,
19:05:38.407,,,,,,,,0,0,,,,
19:05:38.649,,,,,,,87,,,,,,
19:05:38.888,12.321977172495806,0,3.591951362944445,3.591933,3.591933,3.591933,,,,,-0.09430812992822753,18,
19:05:39.130,,,,,,,,0,0,,,,
19:05:39.400,12.324749875257027,0,3.594514907444445,3.594497,3.594497,3.594497,,,,,-0.046552704380273605,18,
19:05:39.640,,,,,,,,0,0,,,,
19:05:39.911,,,,,,,87,,,,,,
19:05:40.152,12.328813738006069,0,3.5982767429444453,3.598259,3.598259,3.598259,,,,,-0.011491004100832987,18,
19:05:40.392,,,,,,,,0,0,,,,
19:05:40.662,12.331564441318442,0,3.6008260744444454,3.600808,3.600808,3.600808,,,,,-0.01134604963690535,18,
19:05:40.902,,,,,,,,0,0,,,,
19:05:41.170,,,,,,,87,,,,,,
19:05:41.410,12.337013652567975,0,3.604978956111112,3.604961,3.604961,3.604961,,,,,0.022463134862828173,20,
19:05:41.648,,,,,,,,0,0,,,,
19:05:41.922,12.340744237576558,0,3.6078254683333344,3.607808,3.607808,3.607808,,,,,0.022461293926394583,20,
19:05:42.160,,,,,,,,0,0,,,,
19:05:42.434,,,,,,,87,,,,,,
19:05:42.671,12.3469010865318,0,3.6121937465833343,3.612176,3.612176,3.612176,,,,,0.03373948224604619,21,
19:05:42.912,,,,,,,,0,0,,,,
19:05:43.180,12.35204817793784,0,3.6154463918888897,3.615429,3.615429,3.615429,,,,,0.056248782673565305,23,
19:05:43.422,,,,,,,,0,0,,,,
19:05:43.692,,,,,,,86,,,,,,
19:05:43.931,12.359629602478341,0,3.6202431172777785,3.620226,3.620226,3.620226,,,,,0.03370015028163876,23,
19:05:44.164,,,,,,,,0,0,,,,
19:05:44.408,12.363982899566329,0,3.623154341833334,3.623137,3.623137,3.623137,,,,,,22,
19:05:44.646,,,,,,,,0,0,,,,
19:05:44.893,,,,,,,86,,,,,,
19:05:45.133,12.368547170021033,0,3.626986511472223,3.626969,3.626969,3.626969,,,,,-0.023007020876151914,19,
19:05:45.371,,,,,,,,0,0,,,,
19:05:45.643,12.37078212869385,0,3.6293933006388897,3.629376,3.629376,3.629376,,,,,-0.06900525408613142,17,
19:05:45.881,,,,,,,,0,0,,,,
19:05:46.147,,,,,,,86,,,,,,
19:05:46.391,12.37193573538036,0,3.6323036902500005,3.632286,3.632286,3.632286,,,,,-0.10362657079387363,14,
19:05:46.630,,,,,,,,0,0,,,,
19:05:46.901,12.372720994602062,0,3.6342871507500005,3.634269,3.634269,3.634269,,,,,-0.09086939976461915,14,
19:05:47.141,,,,,,,,0,0,,,,
19:05:47.412,,,,,,,85,,,,,,
19:05:47.647,12.374572460413397,0,3.637394291583334,3.637376,3.637376,3.637376,,,,,,15,
19:05:47.892,,,,,,,,0,0,,,,
19:05:48.129,12.376675371574926,0,3.6396671670277785,3.639649,3.639649,3.639649,,,,,,17,
19:05:48.367,,,,,,,,0,0,,,,
19:05:48.612,,,,,,,85,,,,,,
19:05:48.852,12.381199158018143,0,3.6434860298055565,3.643468,3.643468,3.643468,,,,,0.05755642443535253,19,
19:05:49.090,,,,,,,,0,0,,,,
19:05:49.361,12.384857182483096,0,3.646313206472223,3.646295,3.646295,3.646295,,,,,0.06910096145089141,20,
19:05:49.604,,,,,,,,0,0,,,,
19:05:49.870,,,,,,,85,,,,,,
19:05:50.112,12.391666984966774,0,3.6509038346388896,3.650886,3.650886,3.650886,,,,,0.08045329553957874,22,
19:05:50.350,,,,,,,,0,0,,,,
19:05:50.621,12.39675210984538,0,3.654153668833334,3.654136,3.654136,3.654136,,,,,0.06820328717481074,23,
19:05:50.864,,,,,,,,0,0,,,,
19:05:51.132,,,,,,,85,,,,,,
19:05:51.370,12.405646160769647,0,3.659357732722223,3.65934,3.65934,3.65934,,,,,0.06749235522255763,25,
19:05:51.610,,,,,,,,0,0,,,,
19:05:51.880,12.412177714957702,0,3.663044328333334,3.663027,3.663027,3.663027,,,,,0.06744960228107715,26,
19:05:52.122,,,,,,,,0,0,,,,
19:05:52.391,,,,,,,84,,,,,,
19:05:52.635,12.42252843620116,0,3.668702112333334,3.668685,3.668685,3.668685,,,,,0.05612651295551317,27,
19:05:52.867,,,,,,,,0,0,,,,
19:05:53.108,12.429450632080622,0,3.672378323333334,3.672361,3.672361,3.672361,,,,,0.05694033756730464,28,
19:05:53.358,,,,,,,,0,0,,,,
19:05:53.588,,,,,,,83,,,,,,
19:05:53.826,12.439955283296579,0,3.6779633378888894,3.677946,3.677946,3.677946,,,,,0.03459864764759769,28,
19:05:54.068,,,,,,,,0,0,,,,
19:05:54.310,12.44747411034333,0,3.6818580233888896,3.681841,3.681841,3.681841,,,,,0.034982907568165265,29,
19:05:54.560,,,,,,,,0,0,,,,
19:05:54.823,,,,,,,83,,,,,,
19:05:55.063,12.459184559116743,0,3.687930983472223,3.687914,3.687914,3.687914,,,,,0.02333591639942875,29,
19:05:55.300,,,,,,,,0,0,,,,
19:05:55.572,12.467562929971484,0,3.6921745568055564,3.692158,3.692158,3.692158,,,,,0.02298904384385149,30,
19:05:55.811,,,,,,,,0,0,,,,
19:05:56.078,,,,,,,83,,,,,,
19:05:56.321,12.479867850929264,0,3.6984142518055565,3.698398,3.698398,3.698398,,,,,0.02270678385385193,30,
19:05:56.559,,,,,,,,0,0,,,,
19:05:56.832,12.488741724211149,0,3.702818223750001,3.702802,3.702802,3.702802,,,,,0.02245563050860105,31,
19:05:57.070,,,,,,,,0,0,,,,
19:05:57.342,,,,,,,83,,,,,,
19:05:57.580,12.501691980116831,0,3.7092528265833344,3.709237,3.709237,3.709237,,,,,0.02251019925123328,31,
19:05:57.820,,,,,,,,0,0,,,,
19:05:58.092,12.510560045823786,0,3.713664308277779,3.713648,3.713648,3.713648,,,,,0.011241528996868737,31,
19:05:58.330,,,,,,,,0,0,,,,
19:05:58.600,,,,,,,83,,,,,,
19:05:58.843,12.52284361205316,0,3.7199232491111123,3.719907,3.719907,3.719907,,,,,0,30,
19:05:59.077,,,,,,,,0,0,,,,
19:05:59.349,12.531108456888028,0,3.724139453277779,3.724123,3.724123,3.724123,,,,,-0.011255556703698221,30,
19:05:59.588,,,,,,,,1264,1.3,,,,
19:05:59.858,,,,,,,82,,,,,,
19:06:00.106,12.541344438991338,0,3.729820152777779,3.729804,3.729804,3.729804,,,,,-0.044852354351714474,27,
19:06:00.348,,,,,,,,1534,1.5,,,,
19:06:00.577,12.546371982351536,0,3.7329532061111124,3.732937,3.732937,3.732937,,,,,-0.07979102529464505,24,
19:06:00.817,,,,,,,,1535,1.5,,,,
19:06:01.068,,,,,,,82,,,,,,
19:06:01.298,12.550713762131718,0,3.736758990027779,3.736743,3.736743,3.736743,,,,,-0.1269207226707981,19,
19:06:01.543,,,,,,,,1535,1.5,,,,
19:06:01.776,12.55225306893205,0,3.738885838027779,3.73887,3.73887,3.73887,,,,,-0.16336659649573085,16,
19:06:02.019,,,,,,,,1535,1.5,,,,
19:06:02.273,,,,,,,82,,,,,,
19:06:02.529,12.55043775234039,0,3.7410059469166677,3.74099,3.74099,3.74099,,,,,-0.19870932135999989,10,
19:06:02.805,,,,,,,,0,0,,,,
19:06:03.036,12.547408362467467,0,3.7418334440833343,3.741817,3.741817,3.741817,,,,,-0.20733480038002608,6,
19:06:03.285,,,,,,,,0,0,,,,
19:06:03.516,,,,,,,82,,,,,,
19:06:03.760,12.542320694970737,0,3.742839249916668,3.742823,3.742823,3.742823,,,,,-0.1610521744487841,5,
19:06:04.001,,,,,,,,0,0,,,,
19:06:04.268,12.539105614271632,0,3.7437195850833347,3.743703,3.743703,3.743703,,,,,,6,
19:06:04.544,,,,,,,,0,0,,,,
19:06:04.794,,,,,,,81,,,,,,
19:06:05.047,12.535818270677671,0,3.745450661305557,3.745434,3.745434,3.745434,,,,,,8,
19:06:05.316,,,,,,,,0,0,,,,
19:06:05.564,12.53464930846972,0,3.7468286129722235,3.746812,3.746812,3.746812,,,,,,10,
19:06:05.800,,,,,,,,0,0,,,,
19:06:06.075,,,,,,,81,,,,,,
19:06:06.309,12.534278831253397,0,3.7493159029722234,3.749299,3.749299,3.749299,,,,,0.07779805156342112,12,
19:06:06.554,,,,,,,,0,0,,,,
19:06:06.819,12.534971758571375,0,3.751296619861112,3.75128,3.75128,3.75128,,,,,0.08884785528333215,14,
19:06:07.071,,,,,,,,0,0,,,,
19:06:07.333,,,,,,,81,,,,,,
19:06:07.569,12.53738473955673,0,3.754633400750001,3.754617,3.754617,3.754617,,,,,0.08982726123016521,16,
19:06:07.813,,,,,,,,0,0,,,,
19:06:08.081,12.539976726901628,0,3.7571924077500007,3.757176,3.757176,3.757176,,,,,0.09000873018528002,18,
19:06:08.323,,,,,,,,0,0,,,,
19:06:08.594,,,,,,,81,,,,,,
19:06:08.831,12.545158274052747,0,3.7613574338611118,3.761341,3.761341,3.761341,,,,,0.08986045673527085,20,
19:06:09.072,,,,,,,,857,0.9,,,,
19:06:09.335,12.54910317278805,0,3.7642965775277784,3.76428,3.76428,3.76428,,,,,0.07879723512577494,21,
19:06:09.585,,,,,,,,1698,1.7,,,,
19:06:09.818,,,,,,,81,,,,,,
19:06:10.058,12.556088052774841,0,3.768910759583334,3.768894,3.768894,3.768894,,,,,0.07968913093044039,23,
19:06:10.301,,,,,,,,1747,1.7,,,,
19:06:10.538,12.561176444628535,0,3.772115345583334,3.772099,3.772099,3.772099,,,,,0.06916983644106481,24,
19:06:10.777,,,,,,,,1725,1.7,,,,
19:06:11.020,,,,,,,82,,,,,,
19:06:11.257,12.569438083116845,0,3.777104995583334,3.777089,3.777089,3.777089,,,,,0.0583741355571949,25,
19:06:11.504,,,,,,,,1665,1.7,,,,
19:06:11.747,12.575149162331916,0,3.7805581039166674,3.780542,3.780542,3.780542,,,,,0.04698210165554002,25,
19:06:11.977,,,,,,,,1518,1.5,,,,
19:06:12.219,,,,,,,83,,,,,,
19:06:12.459,12.583234158444267,0,3.785451992805556,3.785436,3.785436,3.785436,,,,,0.023592631620218737,25,
19:06:12.698,,,,,,,,0,0,,,,
19:06:12.975,12.58914760626158,0,3.7890354698888893,3.789019,3.789019,3.789019,,,,,0.011625580566105267,25,
19:06:13.208,,,,,,,,0,0,,,,
19:06:13.456,,,,,,,83,,,,,,
19:06:13.689,12.596670018796281,0,3.7938005372222228,3.793784,3.793784,3.793784,,,,,-0.011643927158763343,24,
19:06:13.927,,,,,,,,0,0,,,,
19:06:14.173,12.601753767166658,0,3.7970243958888896,3.797008,3.797008,3.797008,,,,,-0.01167463271055932,24,
19:06:14.409,,,,,,,,0,0,,,,
19:06:14.652,,,,,,,84,,,,,,
19:06:14.899,12.609379516198436,0,3.8018656598888896,3.801849,3.801849,3.801849,,,,,-0.011606788960256,24,
19:06:15.129,,,,,,,,0,0,,,,
19:06:15.366,12.613848235796777,0,3.804849388555556,3.804833,3.804833,3.804833,,,,,-0.02368834640157829,23,
19:06:15.608,,,,,,,,0,0,,,,
19:06:15.852,,,,,,,84,,,,,,
19:06:16.092,12.620124785957033,0,3.8092899357777785,3.809274,3.809274,3.809274,,,,,-0.023576843105906086,22,
19:06:16.332,,,,,,,,0,0,,,,
19:06:16.602,12.623583774183787,0,3.812120767444445,3.812105,3.812105,3.812105,,,,,-0.04664911188255119,20,
19:06:16.843,,,,,,,,0,0,,,,
19:06:17.113,,,,,,,85,,,,,,
19:06:17.348,12.625899225207247,0,3.815436515444445,3.815421,3.815421,3.815421,,,,,-0.09251931682960209,16,
19:06:17.591,,,,,,,,0,0,,,,
19:06:17.828,12.626504944405657,0,3.8173022686111118,3.817287,3.817287,3.817287,,,,,-0.10354718701158618,14,
19:06:18.069,,,,,,,,0,0,,,,
19:06:18.311,,,,,,,85,,,,,,
19:06:18.550,12.62476224257339,0,3.819309541944445,3.819294,3.819294,3.819294,,,,,-0.13828111388526818,10,
19:06:18.792,,,,,,,,0,0,,,,
19:06:19.063,12.622586789151224,0,3.8204485226111116,3.820433,3.820433,3.820433,,,,,-0.13812156533252434,8,
19:06:19.300,,,,,,,,0,0,,,,
19:06:19.571,,,,,,,85,,,,,,
19:06:19.812,12.620096517926392,0,3.8223223733611116,3.822307,3.822307,3.822307,,,,,,9,
19:06:20.051,,,,,,,,0,0,,,,
19:06:20.323,12.618871788116232,0,3.823738788916667,3.823723,3.823723,3.823723,,,,,,10,
19:06:20.561,,,,,,,,0,0,,,,
19:06:20.831,,,,,,,85,,,,,,
19:06:21.070,12.617762280930206,0,3.8260247866111117,3.826009,3.826009,3.826009,,,,,,11,
19:06:21.311,,,,,,,,0,0,,,,
19:06:21.580,12.617940554300475,0,3.8278641363888894,3.827848,3.827848,3.827848,,,,,0.05626929362548669,13,
19:06:21.820,,,,,,,,0,0,,,,
19:06:22.091,,,,,,,84,,,,,,
19:06:22.337,12.619589884979431,0,3.831017073055556,3.831001,3.831001,3.831001,,,,,0.06731943849588229,15,
19:06:22.577,,,,,,,,0,0,,,,
19:06:22.838,12.62113952171689,0,3.8332447308333335,3.833229,3.833229,3.833229,,,,,0.06755682132500135,16,
19:06:23.085,,,,,,,,0,0,,,,
19:06:23.352,,,,,,,84,,,,,,
19:06:23.593,12.624163481056831,0,3.836812787638889,3.836797,3.836797,3.836797,,,,,0.06736605572286772,17,
19:06:23.832,,,,,,,,0,0,,,,
19:06:24.104,12.625737523017692,0,3.839081217861111,3.839065,3.839065,3.839065,,,,,,16,
19:06:24.343,,,,,,,,0,0,,,,
19:06:24.612,,,,,,,84,,,,,,
19:06:24.853,12.625993700595314,0,3.8417887654166667,3.841773,3.841773,3.841773,,,,,,13,
19:06:25.093,,,,,,,,0,0,,,,
19:06:25.360,12.625241796722356,0,3.8433372430555557,3.843321,3.843321,3.843321,,,,,-0.05615594669926443,11,
19:06:25.602,,,,,,,,0,0,,,,
19:06:25.872,,,,,,,84,,,,,,
19:06:26.113,12.622752587950863,0,3.8452197385555555,3.845203,3.845203,3.845203,,,,,-0.08992225019035122,9,
19:06:26.351,,,,,,,,0,0,,,,
19:06:26.624,12.621066840998017,0,3.8464960758055557,3.846479,3.846479,3.846479,,,,,-0.07868026417398248,9,
19:06:26.862,,,,,,,,0,0,,,,
19:06:27.135,,,,,,,83,,,,,,
19:06:27.380,12.617885161502347,0,3.8481759335833337,3.848159,3.848159,3.848159,,,,,-0.056050390291506484,8,
19:06:27.640,,,,,,,,0,0,,,,
19:06:27.877,12.615342221797599,0,3.849142710388889,3.849126,3.849126,3.849126,,,,,-0.04501153096918576,7,
19:06:28.125,,,,,,,,773,0.8,,,,
19:06:28.397,,,,,,,83,,,,,,
19:06:28.629,12.612185453944907,0,3.8508133810555556,3.850797,3.850797,3.850797,,,,,,8,
19:06:28.866,,,,,,,,1373,1.4,,,,
19:06:29.109,12.610610146722465,0,3.8520122985555556,3.851996,3.851996,3.851996,,,,,,9,
19:06:29.348,,,,,,,,1371,1.4,,,,
19:06:29.590,,,,,,,83,,,,,,
19:06:29.827,12.609559138223348,0,3.8542063335,3.85419,3.85419,3.85419,,,,,,11,
19:06:30.069,,,,,,,,1384,1.4,,,,
19:06:30.318,12.609287171051674,0,3.8558435675,3.855827,3.855827,3.855827,,,,,0.05802920101892537,12,
19:06:30.546,,,,,,,,1372,1.4,,,,
19:06:30.788,,,,,,,83,,,,,,
19:06:31.027,12.610826804594288,0,3.8587994683333333,3.858783,3.858783,3.858783,,,,,0.0826781742195167,15,
19:06:31.275,,,,,,,,1385,1.4,,,,
19:06:31.520,12.612359179934572,0,3.861014074111111,3.860998,3.860998,3.860998,,,,,0.08223567680658407,16,
19:06:31.756,,,,,,,,1386,1.4,,,,
19:06:31.991,,,,,,,83,,,,,,
19:06:32.228,12.616427357895674,0,3.8647208368888886,3.864705,3.864705,3.864705,,,,,0.0943720553227946,19,
19:06:32.467,,,,,,,,1385,1.4,,,,
19:06:32.712,12.619665562269244,0,3.867408903,3.867393,3.867393,3.867393,,,,,0.09467494209043296,20,
19:06:32.947,,,,,,,,1386,1.4,,,,
19:06:33.191,,,,,,,83,,,,,,
19:06:33.438,12.625832227102096,0,3.8718440962777776,3.871828,3.871828,3.871828,,,,,0.08226436753159541,22,
19:06:33.665,,,,,,,,1382,1.4,,,,
19:06:33.913,12.63029327344739,0,3.874878378305555,3.874862,3.874862,3.874862,,,,,0.08287181194605962,23,
19:06:34.156,,,,,,,,1388,1.4,,,,
19:06:34.388,,,,,,,84,,,,,,
19:06:34.633,12.637705512009832,0,3.8796816729722217,3.879665,3.879665,3.879665,,,,,0.05888634166794071,24,
19:06:34.866,,,,,,,,1385,1.4,,,,
19:06:35.115,12.643090045116566,0,3.8830259792222215,3.883009,3.883009,3.883009,,,,,0.05893381520592263,25,
19:06:35.357,,,,,,,,1389,1.4,,,,
19:06:35.586,,,,,,,84,,,,,,
19:06:35.840,12.651846001144062,0,3.888264067055555,3.888247,3.888247,3.888247,,,,,0.04716429750332581,26,
19:06:36.069,,,,,,,,1382,1.4,,,,
19:06:36.306,12.657884013540627,0,3.891757451555555,3.89174,3.89174,3.89174,,,,,0.04734225572692921,27,
19:06:36.549,,,,,,,,1385,1.4,,,,
19:06:36.786,,,,,,,85,,,,,,
19:06:37.042,12.668079929976424,0,3.8974824108888884,3.897465,3.897465,3.897465,,,,,0.047038465619680433,28,
19:06:37.276,,,,,,,,1388,1.4,,,,
19:06:37.507,12.674517102980836,0,3.9011007762222216,3.901083,3.901083,3.901083,,,,,0.03551956240155742,28,
19:06:37.751,,,,,,,,1386,1.4,,,,
19:06:37.986,,,,,,,85,,,,,,
19:06:38.236,12.685243726687458,0,3.9069693990833327,3.906952,3.906952,3.906952,,,,,0.0354726368624003,29,
19:06:38.475,,,,,,,,1388,1.4,,,,
19:06:38.716,12.692764363109008,0,3.910984434083333,3.910967,3.910967,3.910967,,,,,0.03525191310677193,30,
19:06:38.954,,,,,,,,1385,1.4,,,,
19:06:39.187,,,,,,,85,,,,,,
19:06:39.426,12.703816240372015,0,3.916891024916666,3.916874,3.916874,3.916874,,,,,0.023759743582128085,30,
19:06:39.679,,,,,,,,1385,1.4,,,,
19:06:39.906,12.711291864986737,0,3.920890596583333,3.920874,3.920874,3.920874,,,,,0.023613747392940355,30,
19:06:40.155,,,,,,,,1386,1.4,,,,
19:06:40.428,,,,,,,85,,,,,,
19:06:40.656,12.722952151401108,0,3.927135934916666,3.927119,3.927119,3.927119,,,,,0.011704551149066177,30,
19:06:40.907,,,,,,,,1386,1.4,,,,
19:06:41.139,12.730027767621124,0,3.9310287474999996,3.931012,3.931012,3.931012,,,,,-0.011693397655767207,29,
19:06:41.378,,,,,,,,1688,1.7,,,,
19:06:41.623,,,,,,,86,,,,,,
19:06:41.866,12.738787357741314,0,3.9363321032777776,3.936315,3.936315,3.936315,,,,,-0.046439878934427914,26,
19:06:42.101,,,,,,,,1477,1.5,,,,
19:06:42.347,12.744435078782166,0,3.9397551433888887,3.939738,3.939738,3.939738,,,,,-0.04641904532167663,26,
19:06:42.580,,,,,,,,1402,1.4,,,,
19:06:42.821,,,,,,,86,,,,,,
19:06:43.057,12.752880226169598,0,3.944879127333333,3.944862,3.944862,3.944862,,,,,-0.04719019802366263,26,
19:06:43.297,,,,,,,,1382,1.4,,,,
19:06:43.544,12.758672942430788,0,3.9483975621666665,3.94838,3.94838,3.94838,,,,,-0.03533335343660475,26,
19:06:43.776,,,,,,,,1385,1.4,,,,
19:06:44.017,,,,,,,86,,,,,,
19:06:44.257,12.767785391566468,0,3.9537474141666666,3.95373,3.95373,3.95373,,,,,0.011846166955193306,27,
19:06:44.497,,,,,,,,1386,1.4,,,,
19:06:44.697,,,,,,,,,,,,,
19:06:44.707,,,,,,,,,,40,,,
19:06:44.949,12.776608326411255,0,3.9589338261666667,3.958916,3.958916,3.958916,,,,,0.010887907254301419,27,
19:06:45.193,,,,,,,,1386,1.4,,,,
19:06:45.428,,,,,,,86,,,,,,
19:06:45.670,12.786454048307034,0,3.964548671611111,3.964531,3.964531,3.964531,,,,,0.021677606019504185,28,
19:06:45.911,,,,,,,,1382,1.4,,,,
19:06:46.179,12.79383859702621,0,3.9686458552499997,3.968628,3.968628,3.968628,,,,,0.032244008868695155,29,
19:06:46.447,,,,,,,,1385,1.4,,,,
19:06:46.691,,,,,,,86,,,,,,
19:06:46.926,12.805339176161,0,3.974870131083333,3.974852,3.974852,3.974852,,,,,0.0318395806292735,30,
19:06:47.169,,,,,,,,1382,1.4,,,,
19:06:47.411,12.812797339498596,0,3.9789110469166666,3.978893,3.978893,3.978893,,,,,0.0345099608972496,30,
19:06:47.650,,,,,,,,1385,1.4,,,,
19:06:47.889,,,,,,,87,,,,,,
19:06:48.130,12.8244920403935,0,3.985105237,3.985087,3.985087,3.985087,,,,,0.034538247968888235,31,
19:06:48.368,,,,,,,,1385,1.4,,,,
19:06:48.612,12.832324130609488,0,3.9892580236944446,3.98924,3.98924,3.98924,,,,,0.023280776212297256,31,
19:06:48.847,,,,,,,,1385,1.4,,,,
19:06:49.091,,,,,,,87,,,,,,
19:06:49.329,12.843960971967253,0,3.9954348090000003,3.995417,3.995417,3.995417,,,,,0.0117860435658912,31,
19:06:49.571,,,,,,,,1388,1.4,,,,
19:06:49.838,12.85219027605226,0,3.9998076698611116,3.99979,3.99979,3.99979,,,,,0.011672549563040679,31,
19:06:50.081,,,,,,,,1385,1.4,,,,
19:06:50.315,,,,,,,87,,,,,,
19:06:50.562,12.8639458423757,0,4.006061187916667,4.006044,4.006044,4.006044,,,,,0,31,
19:06:50.808,,,,,,,,1384,1.4,,,,
19:06:51.037,12.871598111338017,0,4.010136264500001,4.010119,4.010119,4.010119,,,,,0,31,
19:06:51.282,,,,,,,,1383,1.4,,,,
19:06:51.519,,,,,,,87,,,,,,
19:06:51.759,12.883352018641457,0,4.0164022988055565,4.016385,4.016385,4.016385,,,,,0,31,
19:06:52.007,,,,,,,,1386,1.4,,,,
19:06:52.239,12.890999355506526,0,4.0204834789444455,4.020466,4.020466,4.020466,,,,,0,31,
19:06:52.481,,,,,,,,1385,1.4,,,,
19:06:52.718,,,,,,,87,,,,,,
19:06:52.955,12.90254417738196,0,4.026651176944445,4.026634,4.026634,4.026634,,,,,0,31,
19:06:53.200,,,,,,,,1383,1.4,,,,
19:06:53.438,12.910317976898428,0,4.0308086816666675,4.030792,4.030792,4.030792,,,,,0,31,
19:06:53.674,,,,,,,,1386,1.4,,,,
19:06:53.929,,,,,,,87,,,,,,
19:06:54.159,12.921912845686338,0,4.037016375694446,4.037,4.037,4.037,,,,,0,31,
19:06:54.411,,,,,,,,1383,1.4,,,,
19:06:54.646,12.929838396674791,0,4.041264163611112,4.041248,4.041248,4.041248,,,,,0,31,
19:06:54.881,,,,,,,,1386,1.4,,,,
19:06:55.126,,,,,,,87,,,,,,
19:06:55.360,12.941205655363824,0,4.047363082083335,4.047347,4.047347,4.047347,,,,,0,31,
19:06:55.602,,,,,,,,1387,1.4,,,,
19:06:55.838,12.948865125617719,0,4.051476978416668,4.051461,4.051461,4.051461,,,,,0,31,
19:06:56.085,,,,,,,,1384,1.4,,,,
19:06:56.321,,,,,,,88,,,,,,
19:06:56.559,12.959769644082538,0,4.057483650916668,4.057468,4.057468,4.057468,,,,,-0.011801504377485648,30,
19:06:56.798,,,,,,,,1385,1.4,,,,
19:06:57.048,12.967274490491507,0,4.061622107583334,4.061606,4.061606,4.061606,,,,,-0.011790761235448168,30,
19:06:57.282,,,,,,,,1385,1.4,,,,
19:06:57.520,,,,,,,88,,,,,,
19:06:57.758,12.977262354693694,0,4.067284301194445,4.067268,4.067268,4.067268,,,,,-0.023623159970033055,29,
19:06:58.002,,,,,,,,1385,1.4,,,,
19:06:58.270,12.984076743249107,0,4.071266787861112,4.07125,4.07125,4.07125,,,,,-0.034943326128821735,28,
19:06:58.510,,,,,,,,1385,1.4,,,,
19:06:58.782,,,,,,,88,,,,,,
19:06:59.021,12.99340156044535,0,4.076903033361112,4.076886,4.076886,4.076886,,,,,-0.034508311419124894,27,
19:06:59.261,,,,,,,,1383,1.4,,,,
19:06:59.527,12.999216927847327,0,4.080552156472223,4.080535,4.080535,4.080535,,,,,-0.04570914777274,26,
19:06:59.770,,,,,,,,1383,1.4,,,,
19:07:00.018,,,,,,,88,,,,,,
19:07:00.245,13.006838161282213,0,4.085539087027779,4.085522,4.085522,4.085522,,,,,-0.04555964446429647,25,
19:07:00.496,,,,,,,,1385,1.4,,,,
19:07:00.763,13.012330869927226,0,4.089137155777778,4.08912,4.08912,4.08912,,,,,-0.03407869246797838,25,
19:07:00.997,,,,,,,,1385,1.4,,,,
19:07:01.241,,,,,,,88,,,,,,
19:07:01.478,13.01989937576067,0,4.094100407166668,4.094083,4.094083,4.094083,,,,,-0.023059205214951122,25,
19:07:01.721,,,,,,,,1385,1.4,,,,
19:07:01.992,13.024888135959069,0,4.097530815166667,4.097513,4.097513,4.097513,,,,,-0.02298243241913092,24,
19:07:02.231,,,,,,,,1385,1.4,,,,
19:07:02.500,,,,,,,88,,,,,,
19:07:02.740,13.032796606375502,0,4.102728238083334,4.10271,4.10271,4.10271,,,,,,25,
19:07:02.983,,,,,,,,1383,1.4,,,,
19:07:03.250,13.037718627187708,0,4.106120496083334,4.106102,4.106102,4.106102,,,,,,24,
19:07:03.491,,,,,,,,1385,1.4,,,,
19:07:03.730,,,,,,,88,,,,,,
19:07:03.967,13.043386883450793,0,4.110505383305556,4.110487,4.110487,4.110487,,,,,,22,
19:07:04.212,,,,,,,,1633,1.6,,,,
19:07:04.447,13.045902230546966,0,4.113034916638889,4.113017,4.113017,4.113017,,,,,-0.057698095772097446,19,
19:07:04.688,,,,,,,,1547,1.5,,,,
19:07:04.933,,,,,,,88,,,,,,
19:07:05.166,13.045239495363598,0,4.115433714972222,4.115416,4.115416,4.115416,,,,,-0.1517978539785263,12,
19:07:05.406,,,,,,,,0,0,,,,
19:07:05.658,13.043029532470404,0,4.116539694305556,4.116522,4.116522,4.116522,,,,,-0.18821417027005444,8,
19:07:05.889,,,,,,,,0,0,,,,
19:07:06.142,,,,,,,88,,,,,,
19:07:06.368,13.036808727841157,0,4.117126542805556,4.117109,4.117109,4.117109,,,,,-0.22416470038233793,3,
19:07:06.607,,,,,,,,0,0,,,,
19:07:06.859,13.03111532031095,,4.117126542805556,4.117109,4.117109,4.117109,,,,,-0.22307442459773758,0,
19:07:07.087,,,,,,,,0,0,,,,
19:07:07.331,,,,,,,88,,,,,,
19:07:07.570,13.023040940948473,,4.117126542805556,4.117109,4.117109,4.117109,,,,,-0.14143482971666052,0,
19:07:07.811,,,,,,,,0,0,,,,
19:07:08.082,13.01718192331951,,4.117126542805556,4.117109,4.117109,4.117109,,,,,-0.0934797750415626,0,
19:07:08.321,,,,,,,,0,0,,,,
19:07:08.593,,,,,,,88,,,,,,
19:07:08.832,13.008616306813458,,4.117126542805556,4.117109,4.117109,4.117109,,,,,-0.034495581969270016,0,
19:07:09.072,,,,,,,,0,0,,,,
19:07:09.342,13.002789370877595,,4.117126542805556,4.117109,4.117109,4.117109,,,,,0,0,
19:07:09.582,,,,,,,,0,0,,,,
19:07:09.851,,,,,,,87,,,,,,
19:07:10.088,12.99429650704258,,4.117126542805556,4.117109,4.117109,4.117109,,,,,0,0,
19:07:10.327,,,,,,,,0,0,,,,
19:07:10.569,12.988799890343309,,4.117126542805556,4.117109,4.117109,4.117109,,,,,0,0,
19:07:10.807,,,,,,,,0,0,,,,
19:07:11.052,,,,,,,87,,,,,,
19:07:11.290,12.980608464431256,,4.117126542805556,4.117109,4.117109,4.117109,,,,,0,0,
19:07:11.530,,,,,,,,0,0,,,,
19:07:11.801,12.974804748063015,,4.117126542805556,4.117109,4.117109,4.117109,,,,,0,0,
19:07:12.039,,,,,,,,0,0,,,,
19:07:12.311,,,,,,,87,,,,,,
19:07:12.549,12.96827434913612,0,4.117750183388889,4.117733,4.117733,4.117733,,,,,0.03452351024087501,3,
19:07:12.789,,,,,,,,0,0,,,,
19:07:13.060,12.96471350966528,0,4.118459973666667,4.118443,4.118443,4.118443,,,,,0.05686237644799622,5,
19:07:13.298,,,,,,,,0,0,,,,
19:07:13.572,,,,,,,86,,,,,,
19:07:13.810,12.961461838388887,0,4.120125528333333,4.120109,4.120109,4.120109,,,,,0.08991597389969817,8,
19:07:14.049,,,,,,,,0,0,,,,
19:07:14.289,12.960217973082218,0,4.121461219722222,4.121445,4.121445,4.121445,,,,,0.11381888976369971,10,
19:07:14.529,,,,,,,,0,0,,,,
19:07:14.770,,,,,,,86,,,,,,
19:07:15.011,12.960243008839749,0,4.1240645513333325,4.124048,4.124048,4.124048,,,,,0.11503165202643159,13,
19:07:15.253,,,,,,,,0,0,,,,
19:07:15.520,12.960704268897327,0,4.126041735166666,4.126025,4.126025,4.126025,,,,,0.10364346501172679,14,
19:07:15.762,,,,,,,,0,0,,,,
19:07:16.030,,,,,,,86,,,,,,
19:07:16.271,12.962694449859722,0,4.129379295166666,4.129363,4.129363,4.129363,,,,,0.09209050738908262,16,
19:07:16.510,,,,,,,,0,0,,,,
19:07:16.778,12.96491995774834,0,4.131913751166667,4.131897,4.131897,4.131897,,,,,0.09106690573719782,18,
19:07:17.021,,,,,,,,0,0,,,,
19:07:17.291,,,,,,,85,,,,,,
19:07:17.529,12.968869253595352,0,4.1358788675,4.135862,4.135862,4.135862,,,,,0.06749481045359366,19,
19:07:17.765,,,,,,,,0,0,,,,
19:07:18.011,12.971821185958573,0,4.138557784722222,4.138541,4.138541,4.138541,,,,,0.06822970992817348,20,
19:07:18.247,,,,,,,,0,0,,,,
19:07:18.493,,,,,,,85,,,,,,
19:07:18.733,12.977499093531431,0,4.142974832888888,4.142958,4.142958,4.142958,,,,,0.06902416297216449,22,
19:07:18.972,,,,,,,,0,0,,,,
19:07:19.242,12.981483913416785,0,4.146078088722222,4.146061,4.146061,4.146061,,,,,0.04598167216814303,22,
19:07:19.479,,,,,,,,0,0,,,,
19:07:19.750,,,,,,,85,,,,,,
19:07:19.993,12.988027119373418,0,4.150878869777777,4.150862,4.150862,4.150862,,,,,0.04598768549809799,23,
19:07:20.233,,,,,,,,0,0,,,,
19:07:20.501,12.992446218384304,0,4.154124735194444,4.154108,4.154108,4.154108,,,,,0.034120187591793895,23,
19:07:20.744,,,,,,,,0,0,,,,
19:07:21.009,,,,,,,85,,,,,,
19:07:21.252,12.998965767763616,0,4.158918636694445,4.158902,4.158902,4.158902,,,,,0.01124660973629949,23,
19:07:21.491,,,,,,,,0,0,,,,
19:07:21.760,13.002939704423017,0,4.162027592972223,4.162011,4.162011,4.162011,,,,,0,22,
19:07:22.001,,,,,,,,0,0,,,,
19:07:22.272,,,,,,,84,,,,,,
19:07:22.507,13.008117828927102,0,4.166382773055556,4.166366,4.166366,4.166366,,,,,-0.02253211559797634,21,
19:07:22.758,,,,,,,,0,0,,,,
19:07:22.988,13.011028552535384,0,4.169050629166668,4.169034,4.169034,4.169034,,,,,-0.03417616622889991,20,
19:07:23.233,,,,,,,,0,0,,,,
19:07:23.472,,,,,,,83,,,,,,
19:07:23.707,13.014759652324752,0,4.172845826916667,4.172829,4.172829,4.172829,,,,,-0.046150012299818154,19,
19:07:23.950,,,,,,,,0,0,,,,
19:07:24.189,13.016422751137913,0,4.175121395444445,4.175105,4.175105,4.175105,,,,,-0.058325207456320124,17,
19:07:24.426,,,,,,,,0,0,,,,
19:07:24.671,,,,,,,83,,,,,,
19:07:24.911,13.017664483937713,0,4.178135232111112,4.178119,4.178119,4.178119,,,,,-0.07069704058989223,15,
19:07:25.152,,,,,,,,0,0,,,,
19:07:25.422,13.018098362603162,0,4.180120768111112,4.180105,4.180105,4.180105,,,,,-0.06981387377531408,14,
19:07:25.663,,,,,,,,0,0,,,,
19:07:25.932,,,,,,,83,,,,,,
19:07:26.169,13.018086671583953,0,4.182818994305556,4.182803,4.182803,4.182803,,,,,-0.06901520469230471,13,
19:07:26.410,,,,,,,,0,0,,,,
19:07:26.678,13.018078715025519,0,4.184657322138889,4.184641,4.184641,4.184641,,,,,-0.04550745587121877,13,
19:07:26.920,,,,,,,,0,0,,,,
19:07:27.191,,,,,,,83,,,,,,
19:07:27.427,13.018067020118117,0,4.187362318083334,4.187346,4.187346,4.187346,,,,,-0.02251642539007786,13,
19:07:27.672,,,,,,,,0,0,,,,
19:07:27.939,13.01805903559512,0,4.189211126083334,4.189195,4.189195,4.189195,,,,,-0.011252478181562496,13,
19:07:28.179,,,,,,,,0,0,,,,
19:07:28.452,,,,,,,83,,,,,,
19:07:28.691,13.018695440290992,0,4.192132879805556,4.192117,4.192117,4.192117,,,,,0.01123400626591694,14,
19:07:28.933,,,,,,,,0,0,,,,
19:07:29.200,13.019566292561107,0,4.194256823555556,4.194241,4.194241,4.194241,,,,,0.0224622156928401,15,
19:07:29.440,,,,,,,,0,0,,,,
19:07:29.710,,,,,,,83,,,,,,
19:07:29.949,13.022134956595716,0,4.1977932504444455,4.197777,4.197777,4.197777,,,,,0.04492407157317435,17,
19:07:30.189,,,,,,,,0,0,,,,
19:07:30.458,13.024315990508772,0,4.200336687444445,4.20032,4.20032,4.20032,,,,,0.056221572553213556,18,
19:07:30.704,,,,,,,,0,0,,,,
19:07:30.972,,,,,,,82,,,,,,
19:07:31.210,13.028827497579398,0,4.204510904111112,4.204494,4.204494,4.204494,,,,,0.06746484258830322,20,
19:07:31.447,,,,,,,,0,0,,,,
19:07:31.689,13.032130363075442,0,4.2073200746944455,4.207303,4.207303,4.207303,,,,,0.06828001898190025,21,
19:07:31.929,,,,,,,,0,0,,,,
19:07:32.170,,,,,,,82,,,,,,
19:07:32.410,13.03829139806289,0,4.211912454666668,4.211895,4.211895,4.211895,,,,,0.06908116807101214,23,
19:07:32.651,,,,,,,,0,0,,,,
19:07:32.916,13.043058291622376,0,4.215285452000001,4.215268,4.215268,4.215268,,,,,0.06916447676287071,24,
19:07:33.158,,,,,,,,0,0,,,,
19:07:33.433,,,,,,,82,,,,,,
19:07:33.673,13.050835666125518,0,4.220544208250001,4.220527,4.220527,4.220527,,,,,0.05749859328197729,25,
19:07:33.909,,,,,,,,0,0,,,,
19:07:34.181,13.056480649436907,0,4.224211232361112,4.224194,4.224194,4.224194,,,,,0.05685110758145487,26,
19:07:34.422,,,,,,,,0,0,,,,
19:07:34.691,,,,,,,81,,,,,,
19:07:34.932,13.065471589421277,0,4.229847558111112,4.22983,4.22983,4.22983,,,,,0.04491026233597196,27,
19:07:35.167,,,,,,,,0,0,,,,
19:07:35.407,13.071550245285044,0,4.233538613000001,4.233521,4.233521,4.233521,,,,,0.045473798113911716,28,
19:07:35.647,,,,,,,,0,0,,,,
19:07:35.891,,,,,,,81,,,,,,
19:07:36.133,13.081472040319571,0,4.2393927350555565,4.239375,4.239375,4.239375,,,,,0.046047443166752224,29,
19:07:36.374,,,,,,,,0,0,,,,
19:07:36.638,13.088786028420088,0,4.24359755838889,4.24358,4.24358,4.24358,,,,,0.046106110505593295,30,
19:07:36.881,,,,,,,,0,0,,,,
19:07:37.152,,,,,,,81,,,,,,
19:07:37.394,13.099731809529978,0,4.2498971042222236,4.24988,4.24988,4.24988,,,,,0.034522357347536406,30,
19:07:37.631,,,,,,,,0,0,,,,
19:07:37.900,13.107049678622596,0,4.254113257555557,4.254096,4.254096,4.254096,,,,,0.02272638954056958,30,
19:07:38.142,,,,,,,,0,0,,,,
19:07:38.409,,,,,,,81,,,,,,
19:07:38.651,13.118541540862722,0,4.26057951913889,4.260562,4.260562,4.260562,,,,,0.02250409098046641,31,
19:07:38.891,,,,,,,,0,0,,,,
19:07:39.158,13.126289527094553,0,4.264943862750001,4.264926,4.264926,4.264926,,,,,0.011241784196377615,31,
19:07:39.401,,,,,,,,0,0,,,,
19:07:39.670,,,,,,,81,,,,,,
19:07:39.910,13.137132638047113,0,4.271211661916667,4.271194,4.271194,4.271194,,,,,,30,
19:07:40.150,,,,,,,,0,0,,,,
19:07:40.422,13.14406969094639,0,4.275336736305556,4.275319,4.275319,4.275319,,,,,-0.011231526459131716,29,
19:07:40.661,,,,,,,,0,0,,,,
19:07:40.931,,,,,,,81,,,,,,
19:07:41.174,13.154246801270144,0,4.281395026416668,4.281377,4.281377,4.281377,,,,,-0.022453211450201144,29,
19:07:41.413,,,,,,,,0,0,,,,
19:07:41.681,13.161107139947452,0,4.285483282083335,4.285465,4.285465,4.285465,,,,,-0.022447377772304558,29,
19:07:41.920,,,,,,,,0,0,,,,
19:07:42.191,,,,,,,81,,,,,,
19:07:42.432,13.171247494715772,0,4.29153267563889,4.291514,4.291514,4.291514,,,,,-0.011228368930032541,29,
19:07:42.673,,,,,,,,0,0,,,,
19:07:42.940,13.178095386169666,0,4.295622283027779,4.295604,4.295604,4.295604,,,,,0,29,
19:07:43.182,,,,,,,,0,0,,,,
19:07:43.448,,,,,,,81,,,,,,
19:07:43.691,13.18821329348795,0,4.30167124963889,4.301653,4.301653,4.301653,,,,,0,29,
19:07:43.932,,,,,,,,0,0,,,,
19:07:44.204,13.19554891174945,0,4.305942793805556,4.305925,4.305925,4.305925,,,,,0.01123058284331158,30,
19:07:44.444,,,,,,,,0,0,,,,
19:07:44.711,,,,,,,81,,,,,,
19:07:44.953,13.20627470817872,0,4.31219516213889,4.312177,4.312177,4.312177,,,,,0.011238172774170163,30,
19:07:45.192,,,,,,,,0,0,,,,
19:07:45.462,13.21353319500622,0,4.316430871305556,4.316413,4.316413,4.316413,,,,,0.011231237880219139,30,
19:07:45.700,,,,,,,,0,0,,,,
19:07:45.969,,,,,,,81,,,,,,
19:07:46.210,13.224831230781977,0,4.322867474500001,4.32285,4.32285,4.32285,,,,,0.02249324983778357,31,
19:07:46.449,,,,,,,,1641,1.6,,,,
19:07:46.718,13.233355330432252,0,4.327519170083334,4.327502,4.327502,4.327502,,,,,0.03380048570953063,33,
19:07:46.959,,,,,,,,1685,1.7,,,,
19:07:47.196,,,,,,,81,,,,,,
19:07:47.442,13.245516602877535,0,4.334162660416667,4.334145,4.334145,4.334145,,,,,0.034135179380074036,33,
19:07:47.677,,,,,,,,1566,1.6,,,,
19:07:47.917,13.253466647415308,0,4.338510053833334,4.338492,4.338492,4.338492,,,,,0.034619375070019456,33,
19:07:48.160,,,,,,,,1464,1.5,,,,
19:07:48.397,,,,,,,83,,,,,,
19:07:48.637,13.264301766519377,0,4.344709575916667,4.344692,4.344692,4.344692,,,,,0,31,
19:07:48.880,,,,,,,,1817,1.8,,,,
19:07:49.115,13.270683214991774,0,4.3485633279166676,4.348546,4.348546,4.348546,,,,,-0.04726068078240754,29,
19:07:49.361,,,,,,,,1540,1.5,,,,
19:07:49.597,,,,,,,84,,,,,,
19:07:49.836,13.27723397684085,0,4.353367833916668,4.353351,4.353351,4.353351,,,,,-0.10651740048797798,24,
19:07:50.081,,,,,,,,1399,1.4,,,,
19:07:50.316,13.280378165615753,0,4.356172296416668,4.356155,4.356155,4.356155,,,,,-0.1416391081761703,21,
19:07:50.565,,,,,,,,1380,1.4,,,,
19:07:50.796,,,,,,,84,,,,,,
19:07:51.037,13.283865885344358,0,4.359974955361112,4.359958,4.359958,4.359958,,,,,-0.1416118928126154,19,
19:07:51.281,,,,,,,,1383,1.4,,,,
19:07:51.518,13.285377797815942,0,4.362245972611112,4.362229,4.362229,4.362229,,,,,-0.14145853891840668,17,
19:07:51.758,,,,,,,,1385,1.4,,,,
19:07:52.001,,,,,,,85,,,,,,
19:07:52.244,13.287674558890007,0,4.3656994366666675,4.365682,4.365682,4.365682,,,,,-0.08232515189002758,17,
19:07:52.473,,,,,,,,1386,1.4,,,,
19:07:52.724,13.28916564805394,0,4.367943762027779,4.367926,4.367926,4.367926,,,,,-0.04705234082379408,17,
19:07:52.966,,,,,,,,1385,1.4,,,,
19:07:53.201,,,,,,,85,,,,,,
19:07:53.437,13.292001626843442,0,4.371507604527779,4.37149,4.37149,4.37149,,,,,,18,
19:07:53.674,,,,,,,,1379,1.4,,,,
19:07:53.926,13.294358643686465,0,4.3740889888611125,4.374071,4.374071,4.374071,,,,,0.023521659479628622,19,
19:07:54.156,,,,,,,,1383,1.4,,,,
19:07:54.410,,,,,,,85,,,,,,
19:07:54.637,13.298379960246406,0,4.378037548305557,4.37802,4.37802,4.37802,,,,,0.03551173236389162,20,
19:07:54.876,,,,,,,,1385,1.4,,,,
19:07:55.119,13.301512860146278,0,4.380851011055557,4.380833,4.380833,4.380833,,,,,0.047309466737669566,21,
19:07:55.357,,,,,,,,1386,1.4,,,,
19:07:55.600,,,,,,,85,,,,,,
19:07:55.838,13.306784677002641,0,4.385245010555558,4.385227,4.385227,4.385227,,,,,0.04718577219662438,22,
19:07:56.074,,,,,,,,1386,1.4,,,,
19:07:56.319,13.310706417264006,0,4.388312868750002,4.388295,4.388295,4.388295,,,,,0.047362374231796824,23,
19:07:56.561,,,,,,,,1385,1.4,,,,
19:07:56.826,,,,,,,85,,,,,,
19:07:57.070,13.317476403272916,0,4.3933272994166686,4.393309,4.393309,4.393309,,,,,0.04656358268810455,24,
19:07:57.315,,,,,,,,1383,1.4,,,,
19:07:57.546,13.322145860483735,0,4.396625028583335,4.396607,4.396607,4.396607,,,,,0.046698401885741356,25,
19:07:57.797,,,,,,,,1385,1.4,,,,
19:07:58.027,,,,,,,86,,,,,,
19:07:58.274,13.329912215924855,0,4.401884671138891,4.401867,4.401867,4.401867,,,,,0.04652186870488833,26,
19:07:58.518,,,,,,,,1385,1.4,,,,
19:07:58.746,13.335338176162788,0,4.405425075388891,4.405407,4.405407,4.405407,,,,,0.04667632618166658,27,
19:07:58.987,,,,,,,,1387,1.4,,,,
19:07:59.227,,,,,,,86,,,,,,
19:07:59.466,13.34360951431649,0,4.410827483638891,4.410809,4.410809,4.410809,,,,,0.035467192890919895,27,
19:07:59.709,,,,,,,,1385,1.4,,,,
19:07:59.948,13.349543474431936,0,4.414576335194447,4.414558,4.414558,4.414558,,,,,0.03536824682481395,28,
19:08:00.194,,,,,,,,1386,1.4,,,,
19:08:00.431,,,,,,,86,,,,,,
19:08:00.664,13.358952300508914,0,4.420345198055558,4.420327,4.420327,4.420327,,,,,0.03554779699466155,29,
19:08:00.912,,,,,,,,1386,1.4,,,,
19:08:01.148,13.365297956654397,0,4.42423985052778,4.424222,4.424222,4.424222,,,,,0.023586083890930032,29,
19:08:01.390,,,,,,,,1383,1.4,,,,
19:08:01.656,,,,,,,86,,,,,,
19:08:01.896,13.375102849206082,0,4.430263832833336,4.430246,4.430246,4.430246,,,,,0.023318635096986905,29,
19:08:02.134,,,,,,,,1385,1.4,,,,
19:08:02.388,13.381546178964133,0,4.43422663852778,4.434209,4.434209,4.434209,,,,,0.011611817818291166,29,
19:08:02.618,,,,,,,,1386,1.4,,,,
19:08:02.861,,,,,,,87,,,,,,
19:08:03.099,13.390853310795633,0,4.439956528611113,4.439939,4.439939,4.439939,,,,,0,29,
19:08:03.337,,,,,,,,1386,1.4,,,,
19:08:03.580,13.397143718314654,0,4.443833058500002,4.443816,4.443816,4.443816,,,,,0,29,
19:08:03.815,,,,,,,,1387,1.4,,,,
19:08:04.057,,,,,,,87,,,,,,
19:08:04.298,13.405915409693462,0,4.449415318166668,4.449398,4.449398,4.449398,,,,,-0.011791659963531155,28,
19:08:04.536,,,,,,,,1383,1.4,,,,
19:08:04.782,13.411831357130477,0,4.453183987500002,4.453167,4.453167,4.453167,,,,,-0.011827982059542769,28,
19:08:05.016,,,,,,,,1386,1.4,,,,
19:08:05.256,,,,,,,87,,,,,,
19:08:05.502,13.420603938497507,0,4.458778064722224,4.458761,4.458761,4.458761,,,,,-0.011788839075019736,28,
19:08:05.736,,,,,,,,1385,1.4,,,,
19:08:05.981,13.426467163821133,0,4.462520666055557,4.462504,4.462504,4.462504,,,,,-0.011796241138278988,28,
19:08:06.218,,,,,,,,1383,1.4,,,,
19:08:06.490,,,,,,,88,,,,,,
19:08:06.725,13.435507971916214,0,4.468297480611112,4.468281,4.468281,4.468281,,,,,0,28,
19:08:06.979,,,,,,,,1385,1.4,,,,
19:08:07.208,13.441374331752211,0,4.4720497528333345,4.472033,4.472033,4.472033,,,,,0,28,
19:08:07.450,,,,,,,,1386,1.4,,,,
19:08:07.689,,,,,,,88,,,,,,
19:08:07.928,13.450199725154258,0,4.477700397833335,4.477684,4.477684,4.477684,,,,,0,28,
19:08:08.169,,,,,,,,1386,1.4,,,,
19:08:08.414,13.456015390665613,0,4.481427749277779,4.481411,4.481411,4.481411,,,,,0,28,
19:08:08.649,,,,,,,,1385,1.4,,,,
19:08:08.922,,,,,,,88,,,,,,
19:08:09.156,13.465012793101085,0,4.487200202833335,4.487183,4.487183,4.487183,,,,,0,28,
19:08:09.397,,,,,,,,1384,1.4,,,,
19:08:09.647,13.471033403287565,0,4.4910668317222235,4.49105,4.49105,4.49105,,,,,0,28,
19:08:09.876,,,,,,,,1389,1.4,,,,
19:08:10.123,,,,,,,88,,,,,,
19:08:10.358,13.479566593159227,0,4.4965526127222235,4.496536,4.496536,4.496536,,,,,0,28,
19:08:10.605,,,,,,,,1385,1.4,,,,
19:08:10.840,13.485385657333145,0,4.500297247166668,4.500281,4.500281,4.500281,,,,,0,28,
19:08:11.076,,,,,,,,1384,1.4,,,,
19:08:11.322,,,,,,,88,,,,,,
19:08:11.558,13.493462320342333,0,4.505685271166668,4.505669,4.505669,4.505669,,,,,-0.011790919766823652,27,
19:08:11.797,,,,,,,,1385,1.4,,,,
19:08:12.041,13.498886008126158,0,4.509307086416668,4.509291,4.509291,4.509291,,,,,-0.011832461014800892,27,
19:08:12.278,,,,,,,,1387,1.4,,,,
19:08:12.519,,,,,,,88,,,,,,
19:08:12.768,13.50583501375297,0,4.514355990583335,4.51434,4.51434,4.51434,,,,,-0.03526308648728143,25,
19:08:12.999,,,,,,,,1670,1.7,,,,
19:08:13.241,13.509565078756687,0,4.517377559361113,4.517362,4.517362,4.517362,,,,,-0.05897892879414423,23,
19:08:13.479,,,,,,,,1453,1.5,,,,
19:08:13.724,,,,,,,88,,,,,,
19:08:13.969,13.513485910444626,0,4.521419983250001,4.521404,4.521404,4.521404,,,,,-0.08225624516218838,20,
19:08:14.198,,,,,,,,1385,1.4,,,,
19:08:14.443,13.515646268435514,0,4.523924138916668,4.523908,4.523908,4.523908,,,,,-0.09433686128600582,19,
19:08:14.679,,,,,,,,1380,1.4,,,,
19:08:14.917,,,,,,,88,,,,,,
19:08:15.169,13.518346465109305,0,4.527554151416668,4.527538,4.527538,4.527538,,,,,-0.08257980950803084,18,
19:08:15.406,,,,,,,,1385,1.4,,,,
19:08:15.637,13.519695743669722,0,4.52976151263889,4.529745,4.529745,4.529745,,,,,-0.07094519672462067,17,
19:08:15.887,,,,,,,,1385,1.4,,,,
19:08:16.115,,,,,,,88,,,,,,
19:08:16.362,13.522387463049784,0,4.53338698163889,4.53337,4.53337,4.53337,,,,,,18,
19:08:16.596,,,,,,,,1385,1.4,,,,
19:08:16.844,13.524178208229069,0,4.53580134663889,4.535784,4.535784,4.535784,,,,,,18,
19:08:17.082,,,,,,,,1386,1.4,,,,
19:08:17.348,,,,,,,88,,,,,,
19:08:17.588,13.527548025165261,0,4.539725275194446,4.539708,4.539708,4.539708,,,,,,19,
19:08:17.831,,,,,,,,1385,1.4,,,,
19:08:18.068,13.530118622584862,0,4.542392000194446,4.542375,4.542375,4.542375,,,,,0.03494873263104148,20,
19:08:18.304,,,,,,,,1386,1.4,,,,
19:08:18.556,,,,,,,88,,,,,,
19:08:18.786,13.534557504357826,0,4.546583991027779,4.546567,4.546567,4.546567,,,,,0.035050191852767205,21,
19:08:19.040,,,,,,,,1385,1.4,,,,
19:08:19.268,13.537921860693091,0,4.549522241361112,4.549505,4.549505,4.549505,,,,,0.04675084192140844,22,
19:08:19.505,,,,,,,,1385,1.4,,,,
19:08:19.754,,,,,,,88,,,,,,
19:08:19.984,13.543524263116261,0,4.554101409750001,4.554084,4.554084,4.554084,,,,,0.04728387125720183,23,
19:08:20.230,,,,,,,,1383,1.4,,,,
19:08:20.504,13.548013512347852,0,4.557567637750001,4.55755,4.55755,4.55755,,,,,0.0465093870262843,24,
19:08:20.735,,,,,,,,1385,1.4,,,,
19:08:20.982,,,,,,,88,,,,,,
19:08:21.217,13.554749095191475,0,4.562516978722223,4.562499,4.562499,4.562499,,,,,0.046612181927618,25,
19:08:21.458,,,,,,,,1386,1.4,,,,
19:08:21.704,13.559750067604684,0,4.566035107333334,4.566017,4.566017,4.566017,,,,,0.04650220965792937,26,
19:08:21.937,,,,,,,,1386,1.4,,,,
19:08:22.184,,,,,,,88,,,,,,
19:08:22.416,13.567643326978045,0,4.5713777420833335,4.57136,4.57136,4.57136,,,,,0.04658644254187873,27,
19:08:22.664,,,,,,,,1385,1.4,,,,
19:08:22.905,13.573461418942344,0,4.575182431083333,4.575165,4.575165,4.575165,,,,,0.047184261080813084,28,
19:08:23.140,,,,,,,,1385,1.4,,,,
19:08:23.614,,,,,,,88,,,,,,
19:08:23.903,13.586128758376459,0,4.583215647777778,4.583198,4.583198,4.583198,,,,,0.042186356941316595,29,
19:08:24.192,,,,,,,,1386,1.4,,,,
19:08:24.493,13.594123898649142,0,4.588147641111111,4.58813,4.58813,4.58813,,,,,0.04062110563154885,30,
19:08:24.781,,,,,,,,1385,1.4,,,,
19:08:25.081,,,,,,,88,,,,,,
19:08:25.403,13.607132898423579,0,4.595973294027778,4.595956,4.595956,4.595956,,,,,0.037940620371181295,31,
19:08:25.701,,,,,,,,1387,1.4,,,,
19:08:25.995,13.616088056547177,0,4.601238267361111,4.601221,4.601221,4.601221,,,,,0.03667657547810524,32,
19:08:26.279,,,,,,,,1383,1.4,,,,
19:08:26.571,,,,,,,89,,,,,,
19:08:26.888,13.630309663084383,0,4.609425974361112,4.609409,4.609409,4.609409,,,,,0.03794862616166569,33,
19:08:27.157,,,,,,,,1383,1.4,,,,
19:08:27.406,13.63853586479564,0,4.614167479444445,4.614151,4.614151,4.614151,,,,,0.029175086249760663,33,
19:08:27.682,,,,,,,,1384,1.4,,,,
19:08:27.929,,,,,,,88,,,,,,
19:08:28.189,13.65162518590004,0,4.621566801222223,4.62155,4.62155,4.62155,,,,,0.030496656791072756,34,
19:08:28.492,,,,,,,,1384,1.4,,,,
19:08:28.802,13.66235881572577,0,4.627527169972224,4.62751,4.62751,4.62751,,,,,0.03027469464870691,35,
19:08:29.050,,,,,,,,1387,1.4,,,,
19:08:29.293,,,,,,,89,,,,,,
19:08:29.606,13.676415345052945,0,4.635341814416668,4.635325,4.635325,4.635325,,,,,0.020844793760141582,35,
19:08:29.854,,,,,,,,1382,1.4,,,,
19:08:30.154,13.686432089095675,0,4.640819152416668,4.640802,4.640802,4.640802,,,,,0.03092595404605276,36,
19:08:30.479,,,,,,,,1383,1.4,,,,
19:08:30.824,,,,,,,89,,,,,,
19:08:31.118,13.70403826123475,0,4.650458455416668,4.650441,4.650441,4.650441,,,,,0.019344708907052255,36,
19:08:31.388,,,,,,,,1385,1.4,,,,
19:08:31.653,13.714240266288567,0,4.655959485916668,4.655942,4.655942,4.655942,,,,,0.019868616250563787,37,
19:08:31.911,,,,,,,,1385,1.4,,,,
19:08:32.187,,,,,,,89,,,,,,
19:08:32.528,13.730924093212373,0,4.66496597863889,4.664948,4.664948,4.664948,,,,,0.01938493112333668,37,
19:08:32.793,,,,,,,,1385,1.4,,,,
19:08:33.118,13.742609128582577,0,4.671184945694446,4.671167,4.671167,4.671167,,,,,0.01910836707888005,38,
19:08:33.445,,,,,,,,1386,1.4,,,,
19:08:33.730,,,,,,,89,,,,,,
19:08:34.014,13.760357075455945,0,4.680642162972223,4.680624,4.680624,4.680624,,,,,0.019561621779068245,38,
19:08:34.239,,,,,,,,1385,1.4,,,,
19:08:34.513,13.770242963289023,0,4.685915990861112,4.685898,4.685898,4.685898,,,,,0.009902624180078555,38,
19:08:34.748,,,,,,,,1384,1.4,,,,
19:08:35.013,,,,,,,89,,,,,,
19:08:35.324,13.784952555202368,0,4.694027632861112,4.69401,4.69401,4.69401,,,,,-0.010132258247356455,36,
19:08:35.630,,,,,,,,1386,1.4,,,,
19:08:35.887,13.794673428014931,0,4.699491104666667,4.699473,4.699473,4.699473,,,,,-0.03069229042925543,35,
19:08:36.158,,,,,,,,1384,1.4,,,,
19:08:36.443,,,,,,,89,,,,,,
19:08:36.672,13.808239312596728,0,4.707123986333334,4.707106,4.707106,4.707106,,,,,-0.03196373531863586,35,
19:08:36.913,,,,,,,,1383,1.4,,,,
19:08:37.198,13.8173095892724,0,4.71223285563889,4.712215,4.712215,4.712215,,,,,-0.03165639065644644,35,
19:08:37.508,,,,,,,,1386,1.4,,,,
19:08:37.751,,,,,,,89,,,,,,
19:08:38.029,13.830972595545585,0,4.720087806694445,4.72007,4.72007,4.72007,,,,,-0.020943905062287264,34,
19:08:38.285,,,,,,,,1384,1.4,,,,
19:08:38.554,13.839579251884054,0,4.725041295027778,4.725023,4.725023,4.725023,,,,,-0.010621935010352896,34,
19:08:38.799,,,,,,,,1548,1.5,,,,
19:08:39.076,,,,,,,89,,,,,,
19:08:39.387,13.853235598362511,0,4.7329097752500005,4.732891,4.732891,4.732891,,,,,-0.010433748760170997,34,
19:08:39.723,,,,,,,,1494,1.5,,,,
19:08:40.028,13.86373757633183,0,4.738968038805556,4.738949,4.738949,4.738949,,,,,-0.010008241558009516,34,
19:08:40.323,,,,,,,,0,0,,,,
19:08:40.631,,,,,,,89,,,,,,
19:08:40.892,13.877160243421857,0,4.746885825972223,4.746867,4.746867,4.746867,,,,,-0.009892913528124296,33,
19:08:41.157,,,,,,,,0,0,,,,
19:08:41.423,13.885401108303322,0,4.7517524716388895,4.751734,4.751734,4.751734,,,,,-0.009871660817182784,33,
19:08:41.653,,,,,,,,0,0,,,,
19:08:41.996,,,,,,,89,,,,,,
19:08:42.297,13.898244276329933,0,4.759522038750001,4.759504,4.759504,4.759504,,,,,-0.019469163473349396,32,
19:08:42.572,,,,,,,,0,0,,,,
19:08:42.817,13.905880589068964,0,4.764146909861112,4.764129,4.764129,4.764129,,,,,-0.02030727727796479,32,
19:08:43.154,,,,,,,,0,0,,,,
19:08:43.399,,,,,,,88,,,,,,
19:08:43.639,13.917264045607594,0,4.7712241685277785,4.771206,4.771206,4.771206,,,,,-0.020621455903691004,31,
19:08:43.903,,,,,,,,0,0,,,,
19:08:44.153,13.924368064376964,0,4.7756456210277785,4.775627,4.775627,4.775627,,,,,-0.020753746017604838,31,
19:08:44.393,,,,,,,,0,0,,,,
19:08:44.651,,,,,,,88,,,,,,
19:08:44.919,13.93433987981689,0,4.782031982694445,4.782013,4.782013,4.782013,,,,,-0.021602565604593393,30,
19:08:45.231,,,,,,,,0,0,,,,
19:08:45.492,13.941328787823903,0,4.786650969777778,4.786632,4.786632,4.786632,,,,,-0.03177212785801834,29,
19:08:45.824,,,,,,,,0,0,,,,
19:08:46.153,,,,,,,87,,,,,,
19:08:46.403,13.951676317476672,0,4.793732022,4.793713,4.793713,4.793713,,,,,-0.030749458905514712,28,
19:08:46.695,,,,,,,,0,0,,,,
19:08:47.021,13.958687157606958,0,4.798535632,4.798517,4.798517,4.798517,,,,,-0.0296291363086292,28,
19:08:47.309,,,,,,,,0,0,,,,
19:08:47.561,,,,,,,87,,,,,,
19:08:47.807,13.966977333605557,0,4.80443963425,4.804421,4.804421,4.804421,,,,,-0.0294236172380127,27,
19:08:48.042,,,,,,,,0,0,,,,
19:08:48.344,13.973053805734224,0,4.808612041805556,4.808593,4.808593,4.808593,,,,,,28,
19:08:48.594,,,,,,,,0,0,,,,
19:08:48.832,,,,,,,86,,,,,,
19:08:49.099,13.981594419335918,0,4.814482566138889,4.814464,4.814464,4.814464,,,,,,28,
19:08:49.333,,,,,,,,0,0,,,,
19:08:49.566,13.987253627599198,0,4.818246885361111,4.818228,4.818228,4.818228,,,,,,29,
19:08:49.831,,,,,,,,0,0,,,,
19:08:50.125,,,,,,,86,,,,,,
19:08:50.405,13.997402673317673,0,4.825004810138888,4.824986,4.824986,4.824986,,,,,0.02180491593193326,29,
19:08:50.751,,,,,,,,0,0,,,,
19:08:51.013,14.005243962585768,0,4.830074500138888,4.830056,4.830056,4.830056,,,,,0.02122696530414798,30,
19:08:51.263,,,,,,,,0,0,,,,
19:08:51.569,,,,,,,86,,,,,,
19:08:51.887,14.016489031780036,0,4.837353544305555,4.837335,4.837335,4.837335,,,,,0.02032037483913299,30,
19:08:52.213,,,,,,,,0,0,,,,
19:08:52.552,14.024516891267739,0,4.8427187392499995,4.8427,4.8427,4.8427,,,,,,29,
19:08:52.833,,,,,,,,0,0,,,,
19:08:53.143,,,,,,,85,,,,,,
19:08:53.447,14.033128687294285,0,4.849179561583333,4.849161,4.849161,4.849161,,,,,-0.027931911146903347,26,
19:08:53.708,,,,,,,,0,0,,,,
19:08:53.980,14.036966984097749,0,4.852583056861111,4.852564,4.852564,4.852564,,,,,-0.0668178357982169,23,
19:08:54.235,,,,,,,,0,0,,,,
19:08:54.487,,,,,,,85,,,,,,
19:08:54.778,14.040145761235786,0,4.85679269211111,4.856774,4.856774,4.856774,,,,,-0.10778471722817368,19,
19:08:55.125,,,,,,,,0,0,,,,
19:08:55.422,14.040642140612874,0,4.859477432527777,4.859459,4.859459,4.859459,,,,,-0.13817698723588714,15,
19:08:55.758,,,,,,,,0,0,,,,
19:08:55.998,,,,,,,85,,,,,,
19:08:56.256,14.038606565211856,0,4.862027830805555,4.862009,4.862009,4.862009,,,,,-0.1512728203041231,11,
19:08:56.590,,,,,,,,0,0,,,,
19:08:56.903,14.035481401018965,0,4.863462475472222,4.863444,4.863444,4.863444,,,,,-0.14539646119707597,8,
19:08:57.201,,,,,,,,0,0,,,,
19:08:57.430,,,,,,,84,,,,,,
19:08:57.722,14.030205803896086,0,4.864828361472222,4.86481,4.86481,4.86481,,,,,-0.12505847137709325,6,
19:08:58.037,,,,,,,,0,0,,,,
19:08:58.311,14.025946055403985,0,4.8656465713333334,4.865628,4.865628,4.865628,,,,,-0.09806921953202427,5,
19:08:58.603,,,,,,,,0,0,,,,
19:08:58.887,,,,,,,84,,,,,,
19:08:59.153,14.020517298430004,0,4.867055398333333,4.867037,4.867037,4.867037,,,,,,6,
19:08:59.415,,,,,,,,0,0,,,,
19:08:59.737,14.017254845085718,0,4.868185135333333,4.868167,4.868167,4.868167,,,,,,7,
19:08:59.979,,,,,,,,0,0,,,,
19:09:00.248,,,,,,,83,,,,,,
19:09:00.510,14.014152189882171,0,4.870119251833334,4.870101,4.870101,4.870101,,,,,,9,
19:09:00.776,,,,,,,,0,0,,,,
19:09:01.060,14.01195239231014,0,4.871492000583333,4.871474,4.871474,4.871474,,,,,0.04121452563107767,9,
19:09:01.297,,,,,,,,0,0,,,,
19:09:01.538,,,,,,,83,,,,,,
19:09:01.821,14.010120066384559,0,4.8738199574722225,4.873802,4.873802,4.873802,,,,,0.05307008583689568,11,
19:09:02.114,,,,,,,,0,0,,,,
19:09:02.449,14.009614943662198,0,4.876082580027778,4.876065,4.876065,4.876065,,,,,0.06266910004620294,13,
19:09:02.692,,,,,,,,0,0,,,,
19:09:02.948,,,,,,,83,,,,,,
19:09:03.212,14.010217824907828,0,4.879262588361112,4.879245,4.879245,4.879245,,,,,0.06291047634077622,15,
19:09:03.470,,,,,,,,0,0,,,,
19:09:03.784,14.011582744339359,0,4.881966696194445,4.881949,4.881949,4.881949,,,,,0.08317883870164819,17,
19:09:04.032,,,,,,,,0,0,,,,
19:09:04.278,,,,,,,83,,,,,,
19:09:04.518,14.013913190362256,0,4.885633371194444,4.885616,4.885616,4.885616,,,,,0.0735289038901321,18,
19:09:04.778,,,,,,,,0,0,,,,
19:09:05.028,14.015945320388026,0,4.8883341172222226,4.888317,4.888317,4.888317,,,,,0.06588843261877526,19,
19:09:05.332,,,,,,,,0,0,,,,
19:09:05.608,,,,,,,83,,,,,,
19:09:05.903,14.020103323349266,0,4.893184316666667,4.893167,4.893167,4.893167,,,,,0.05263480802323083,20,
19:09:06.181,,,,,,,,0,0,,,,
19:09:06.453,14.022281759663482,0,4.8960863909166665,4.896069,4.896069,4.896069,,,,,,19,
19:09:06.716,,,,,,,,0,0,,,,
19:09:07.019,,,,,,,83,,,,,,
19:09:07.265,14.021621287856757,0,4.89902091775,4.899004,4.899004,4.899004,,,,,,13,
19:09:07.534,,,,,,,,0,0,,,,
19:09:07.828,14.019822210817559,0,4.9005846196944445,4.900568,4.900568,4.900568,,,,,-0.09106116106661441,10,
19:09:08.153,,,,,,,,0,0,,,,
19:09:08.409,,,,,,,82,,,,,,
19:09:08.650,14.013286029853603,0,4.901497287694444,4.901481,4.901481,4.901481,,,,,-0.16498580251592365,4,
19:09:08.903,,,,,,,,0,0,,,,
19:09:09.256,14.007983155171354,0,4.9020027789444445,4.901986,4.901986,4.901986,,,,,-0.16166620766891635,3,
19:09:09.514,,,,,,,,0,0,,,,
19:09:09.783,,,,,,,82,,,,,,
19:09:10.028,14.00307728744306,0,4.9032898662777775,4.903273,4.903273,4.903273,,,,,,6,
19:09:10.302,,,,,,,,0,0,,,,
19:09:10.569,14.000069291307643,0,4.904343129833333,4.904326,4.904326,4.904326,,,,,,7,
19:09:10.847,,,,,,,,0,0,,,,
19:09:11.107,,,,,,,82,,,,,,
19:09:11.426,13.997356923984421,0,4.906720113722222,4.906703,4.906703,4.906703,,,,,,10,
19:09:11.770,,,,,,,,0,0,,,,
19:09:12.028,13.996403413703588,0,4.9087292230555555,4.908712,4.908712,4.908712,,,,,0.09196480571572863,12,
19:09:12.318,,,,,,,,0,0,,,,
19:09:12.582,,,,,,,82,,,,,,
19:09:12.833,13.997679280614102,0,4.912304785277778,4.912288,4.912288,4.912288,,,,,0.10097747623314267,16,
19:09:13.156,,,,,,,,1539,1.5,,,,
19:09:13.428,13.999092519143284,0,4.915114363,4.915098,4.915098,4.915098,,,,,0.0990866034645793,17,
19:09:13.750,,,,,,,,1534,1.5,,,,
19:09:14.054,,,,,,,82,,,,,,
19:09:14.333,14.003388467355597,0,4.920144929111111,4.920129,4.920129,4.920129,,,,,0.09741401242951399,20,
19:09:14.626,,,,,,,,1733,1.7,,,,
19:09:14.903,14.006537067197524,0,4.923466849694445,4.923451,4.923451,4.923451,,,,,0.08867590079507445,21,
19:09:15.166,,,,,,,,1685,1.7,,,,
19:09:15.494,,,,,,,82,,,,,,
19:09:15.778,14.01275868221142,0,4.929063714416667,4.929048,4.929048,4.929048,,,,,0.06733144781908021,23,
19:09:16.038,,,,,,,,1667,1.7,,,,
19:09:16.310,14.016951671427115,0,4.932609501083334,4.932594,4.932594,4.932594,,,,,0.06879535686119198,24,
19:09:16.570,,,,,,,,1625,1.6,,,,
19:09:16.840,,,,,,,84,,,,,,
19:09:17.122,14.023983351485665,0,4.938245585805556,4.93823,4.93823,4.93823,,,,,0.05078129952755947,25,
19:09:17.428,,,,,,,,1592,1.6,,,,
19:09:17.734,14.029276734345222,0,4.94249314413889,4.942478,4.942478,4.942478,,,,,0.04001500183490131,25,
19:09:18.028,,,,,,,,1565,1.6,,,,
19:09:18.325,,,,,,,85,,,,,,
19:09:18.585,14.037977904324634,0,4.94887841688889,4.948863,4.948863,4.948863,,,,,0.04035371856168243,27,
19:09:18.903,,,,,,,,1562,1.6,,,,
19:09:19.229,14.044547780757384,0,4.95370534263889,4.95369,4.95369,4.95369,,,,,0.02911171010120506,27,
19:09:19.545,,,,,,,,1539,1.5,,,,
19:09:19.787,,,,,,,85,,,,,,
19:09:20.014,14.053228630490443,0,4.959852424527779,4.959837,4.959837,4.959837,,,,,0.029387333239346322,28,
19:09:20.262,,,,,,,,1592,1.6,,,,
19:09:20.553,14.05951653129851,0,4.9641599878611125,4.964145,4.964145,4.964145,,,,,0.0401896229922107,29,
19:09:20.887,,,,,,,,1599,1.6,,,,
19:09:21.204,,,,,,,85,,,,,,
19:09:21.438,14.070594711898549,0,4.9715265611944455,4.971512,4.971512,4.971512,,,,,0.02978892566540917,30,
19:09:21.723,,,,,,,,1609,1.6,,,,
19:09:22.037,14.078103999823657,0,4.976525784527778,4.976511,4.976511,4.976511,,,,,0.03026404503827099,30,
19:09:22.329,,,,,,,,1605,1.6,,,,
19:09:22.607,,,,,,,86,,,,,,
19:09:22.902,14.089577926780107,0,4.983961134527778,4.983946,4.983946,4.983946,,,,,0.029428835499492306,31,
19:09:23.190,,,,,,,,1608,1.6,,,,
19:09:23.440,14.097145357616673,0,4.988745813638889,4.988731,4.988731,4.988731,,,,,0.02944119918810242,32,
19:09:23.778,,,,,,,,1592,1.6,,,,
19:09:24.042,,,,,,,86,,,,,,
19:09:24.340,14.110485569209457,0,4.996993194722223,4.996978,4.996978,4.996978,,,,,0.029287211134461855,33,
19:09:24.615,,,,,,,,1570,1.6,,,,
19:09:24.881,14.11850173900991,0,5.00195467413889,5.001939,5.001939,5.001939,,,,,0.029880940571118994,33,
19:09:25.169,,,,,,,,1521,1.5,,,,
19:09:25.455,,,,,,,87,,,,,,
19:09:25.741,14.131240781451835,0,5.009847972555557,5.009832,5.009832,5.009832,,,,,0.01995066636842545,33,
19:09:26.065,,,,,,,,1440,1.4,,,,
19:09:26.345,14.140155416958414,0,5.015377953972223,5.015362,5.015362,5.015362,,,,,0.009749466063189651,33,
19:09:26.623,,,,,,,,0,0,,,,
19:09:26.889,,,,,,,87,,,,,,
19:09:27.157,14.151509568289297,0,5.022598210861112,5.022582,5.022582,5.022582,,,,,-0.01005236278955819,32,
19:09:27.440,,,,,,,,0,0,,,,
19:09:27.682,14.158021816293347,0,5.026975129194446,5.026959,5.026959,5.026959,,,,,-0.030329160502718326,30,
19:09:28.020,,,,,,,,0,0,,,,
19:09:28.339,,,,,,,87,,,,,,
19:09:28.602,14.166526437107088,0,5.033609812805556,5.033594,5.033594,5.033594,,,,,-0.06931773191704228,26,
19:09:28.847,,,,,,,,0,0,,,,
19:09:29.113,14.170855436647486,0,5.037160803777779,5.037145,5.037145,5.037145,,,,,-0.08188217713658462,25,
19:09:29.403,,,,,,,,0,0,,,,
19:09:29.653,,,,,,,87,,,,,,
19:09:29.949,14.177278766198004,0,5.042739457111112,5.042724,5.042724,5.042724,,,,,-0.0811627459764223,24,
19:09:30.270,,,,,,,,0,0,,,,
19:09:30.522,14.182123150254567,0,5.046721539055556,5.046706,5.046706,5.046706,,,,,,25,
19:09:30.810,,,,,,,,0,0,,,,
19:09:31.071,,,,,,,87,,,,,,
19:09:31.342,14.189038496193753,0,5.052412134194445,5.052397,5.052397,5.052397,,,,,,25,
19:09:31.601,,,,,,,,0,0,,,,
19:09:31.872,14.193504953452237,0,5.0560914251666675,5.056076,5.056076,5.056076,,,,,,25,
19:09:32.131,,,,,,,,0,0,,,,
19:09:32.381,,,,,,,87,,,,,,
19:09:32.634,14.200515990188666,0,5.0615946573888895,5.061579,5.061579,5.061579,,,,,0.02110116326125604,26,
19:09:32.903,,,,,,,,0,0,,,,
19:09:33.165,14.205400738718378,0,5.065432751388889,5.065417,5.065417,5.065417,,,,,0.010715566131714519,26,
19:09:33.401,,,,,,,,0,0,,,,
19:09:33.652,,,,,,,86,,,,,,
19:09:33.887,14.212591274226346,0,5.0708465926388895,5.070831,5.070831,5.070831,,,,,0.02225890578648325,27,
19:09:34.136,,,,,,,,0,0,,,,
19:09:34.451,14.218203967264804,0,5.075076690138889,5.075061,5.075061,5.075061,,,,,0.02196403194787121,27,
19:09:34.684,,,,,,,,0,0,,,,
19:09:35.013,,,,,,,86,,,,,,
19:09:35.292,14.227223232974698,0,5.081621628694445,5.081606,5.081606,5.081606,,,,,0.021313500513169773,28,
19:09:35.552,,,,,,,,0,0,,,,
19:09:35.836,14.233042607773523,0,5.085849079583334,5.085833,5.085833,5.085833,,,,,0.021213563838535787,28,
19:09:36.136,,,,,,,,0,0,,,,
19:09:36.390,,,,,,,86,,,,,,
19:09:36.671,14.242620121119202,0,5.09257431088889,5.092558,5.092558,5.092558,,,,,0.02034801876161521,29,
19:09:37.002,,,,,,,,0,0,,,,
19:09:37.235,14.249080305055479,0,5.097115517555556,5.097099,5.097099,5.097099,,,,,0.020354215463818492,29,
19:09:37.505,,,,,,,,0,0,,,,
19:09:37.778,,,,,,,86,,,,,,
19:09:38.028,14.256922463105836,0,5.103059296805556,5.103043,5.103043,5.103043,,,,,,27,
19:09:38.281,,,,,,,,520,0.5,,,,
19:09:38.540,14.261198887383575,0,5.106622739861112,5.106606,5.106606,5.106606,,,,,-0.03142542735460688,25,
19:09:38.778,,,,,,,,1537,1.5,,,,
19:09:39.035,,,,,,,85,,,,,,
19:09:39.340,14.264134880262663,0,5.110840549861112,5.110824,5.110824,5.110824,,,,,-0.10615763864678504,19,
19:09:39.578,,,,,,,,1535,1.5,,,,
19:09:39.905,14.264019127482676,0,5.113039781472223,5.113023,5.113023,5.113023,,,,,-0.1590901299103898,14,
19:09:40.195,,,,,,,,1535,1.5,,,,
19:09:40.484,,,,,,,85,,,,,,
19:09:40.773,14.261153446920584,0,5.115450452027778,5.115434,5.115434,5.115434,,,,,-0.17538249041998186,10,
19:09:41.081,,,,,,,,1506,1.5,,,,
19:09:41.387,14.258177533384655,0,5.116815008916666,5.116799,5.116799,5.116799,,,,,-0.16913047337180587,8,
19:09:41.647,,,,,,,,0,0,,,,
19:09:41.924,,,,,,,85,,,,,,
19:09:42.160,14.253835978407166,0,5.118318536194444,5.118303,5.118303,5.118303,,,,,-0.1205043974812025,7,
19:09:42.413,,,,,,,,0,0,,,,
19:09:42.639,14.251891094443591,0,5.119515320944444,5.1195,5.1195,5.1195,,,,,,9,
19:09:42.903,,,,,,,,0,0,,,,
19:09:43.191,,,,,,,85,,,,,,
19:09:43.442,14.25049301140717,0,5.122193211944444,5.122178,5.122178,5.122178,,,,,,12,
19:09:43.693,,,,,,,,0,0,,,,
19:09:43.930,14.25039857909517,0,5.124090978833333,5.124076,5.124076,5.124076,,,,,,14,
19:09:44.256,,,,,,,,0,0,,,,
19:09:44.501,,,,,,,84,,,,,,
19:09:44.772,14.252185512397872,0,5.1280661851666665,5.128051,5.128051,5.128051,,,,,0.10846882125464172,17,
19:09:45.132,,,,,,,,1743,1.7,,,,
19:09:45.396,14.25495341328332,0,5.131533227388888,5.131518,5.131518,5.131518,,,,,0.11300910375384761,20,
19:09:45.719,,,,,,,,1806,1.8,,,,
19:09:46.068,,,,,,,83,,,,,,
19:09:46.340,14.260587690891793,0,5.13729869161111,5.137283,5.137283,5.137283,,,,,0.09776116972373153,22,
19:09:46.599,,,,,,,,1794,1.8,,,,
19:09:46.928,14.26504556304979,0,5.141257844944444,5.141242,5.141242,5.141242,,,,,0.09450959329856394,24,
19:09:47.175,,,,,,,,1747,1.7,,,,
19:09:47.442,,,,,,,84,,,,,,
19:09:47.692,14.271316911968498,0,5.14652469286111,5.146509,5.146509,5.146509,,,,,0.0775944204417244,25,
19:09:47.960,,,,,,,,1703,1.7,,,,
19:09:48.189,14.275798974464912,0,5.150109105583333,5.150093,5.150093,5.150093,,,,,0.06086411347876697,26,
19:09:48.485,,,,,,,,1627,1.6,,,,
19:09:48.742,,,,,,,85,,,,,,
19:09:49.006,14.283182131292953,0,5.1560195721944435,5.156003,5.156003,5.156003,,,,,0.04249400253084406,26,
19:09:49.303,,,,,,,,1453,1.5,,,,
19:09:49.567,14.28823399328347,0,5.1600680524166656,5.160051,5.160051,5.160051,,,,,0.02146146044071555,26,
19:09:49.822,,,,,,,,1392,1.4,,,,
19:09:50.088,,,,,,,85,,,,,,
19:09:50.403,14.295755041202696,0,5.1661017727499985,5.166085,5.166085,5.166085,,,,,0.010449741750866333,26,
19:09:50.721,,,,,,,,1390,1.4,,,,
19:09:50.975,14.30089976814481,0,5.170233570694443,5.170217,5.170217,5.170217,,,,,0,26,
19:09:51.307,,,,,,,,1389,1.4,,,,
19:09:51.582,,,,,,,85,,,,,,
19:09:51.914,14.309334265142295,0,5.177015294416665,5.176999,5.176999,5.176999,,,,,0,26,
19:09:52.247,,,,,,,,1388,1.4,,,,
19:09:52.541,14.314965404745847,0,5.181548439916665,5.181532,5.181532,5.181532,,,,,0,26,
19:09:52.811,,,,,,,,1391,1.4,,,,
19:09:53.061,,,,,,,85,,,,,,
19:09:53.364,14.32233388687046,0,5.18748677347222,5.18747,5.18747,5.18747,,,,,0,26,
19:09:53.647,,,,,,,,1391,1.4,,,,
19:09:53.968,14.32773903279445,0,5.191847601805554,5.191831,5.191831,5.191831,,,,,0,26,
19:09:54.274,,,,,,,,1386,1.4,,,,
19:09:54.557,,,,,,,86,,,,,,
19:09:54.864,14.335753792061832,0,5.198321284749999,5.198305,5.198305,5.198305,,,,,0,26,
19:09:55.163,,,,,,,,0,0,,,,
19:09:55.403,14.34056592889172,0,5.202212420916665,5.202196,5.202196,5.202196,,,,,0,26,
19:09:55.665,,,,,,,,0,0,,,,
19:09:55.903,,,,,,,86,,,,,,
19:09:56.134,14.346535167362875,0,5.20729389661111,5.207277,5.207277,5.207277,,,,,-0.010223540377036011,25,
19:09:56.451,,,,,,,,0,0,,,,
19:09:56.763,14.350699053911203,0,5.211312829722221,5.211296,5.211296,5.211296,,,,,-0.030401492263437496,23,
19:09:57.038,,,,,,,,0,0,,,,
19:09:57.330,,,,,,,86,,,,,,
19:09:57.614,14.354371494884326,0,5.216037229166665,5.21602,5.21602,5.21602,,,,,-0.06180114890599634,20,
19:09:57.903,,,,,,,,0,0,,,,
19:09:58.179,14.355513418427568,0,5.21870470861111,5.218687,5.218687,5.218687,,,,,-0.09183665977032934,17,
19:09:58.430,,,,,,,,0,0,,,,
19:09:58.664,,,,,,,86,,,,,,
19:09:58.877,14.3569243258628,0,5.222003704999999,5.221986,5.221986,5.221986,,,,,-0.08261389220705777,17,
19:09:59.191,,,,,,,,0,0,,,,
19:09:59.475,14.35813047758586,0,5.224826733499999,5.224809,5.224809,5.224809,,,,,-0.0626554618446979,17,
19:09:59.710,,,,,,,,0,0,,,,
19:10:00.005,,,,,,,86,,,,,,
19:10:00.282,14.360990361606543,0,5.229089099555554,5.229071,5.229071,5.229071,,,,,,19,
19:10:00.519,,,,,,,,0,0,,,,
19:10:00.849,14.363425762160045,0,5.2322355928888875,5.232217,5.232217,5.232217,,,,,0.03181959509998159,20,
19:10:01.101,,,,,,,,0,0,,,,
19:10:01.358,,,,,,,,,,,,,
19:10:01.368,,,,,,,,,,41,,,
19:10:01.697,,,,,,,86,,,,,,
19:10:01.982,14.369159030944838,0,5.238849867805555,5.238831,5.238831,5.238831,,,,,0.03648875352438302,21,
19:10:02.297,,,,,,,,0,0,,,,
19:10:02.627,14.37240996586692,0,5.242605443638888,5.242587,5.242587,5.242587,,,,,0.035949599095998416,21,
19:10:02.881,,,,,,,,0,0,,,,
19:10:03.152,,,,,,,85,,,,,,
19:10:03.408,14.37694472488854,0,5.2473792566388875,5.247361,5.247361,5.247361,,,,,0.027186166913306577,22,
19:10:03.653,,,,,,,,0,0,,,,
19:10:03.885,14.379345581598754,0,5.250158716888888,5.25014,5.25014,5.25014,,,,,,21,
19:10:04.201,,,,,,,,0,0,,,,
19:10:04.519,,,,,,,85,,,,,,
19:10:04.778,14.383167341744162,0,5.255127330777777,5.255109,5.255109,5.255109,,,,,,20,
19:10:05.027,,,,,,,,0,0,,,,
19:10:05.286,14.384946712109304,0,5.257803859722221,5.257786,5.257786,5.257786,,,,,-0.021307983487758662,19,
19:10:05.537,,,,,,,,0,0,,,,
19:10:05.790,,,,,,,85,,,,,,
19:10:06.055,14.38705805086211,0,5.261648587222221,5.261631,5.261631,5.261631,,,,,-0.04280650127172279,18,
19:10:06.388,,,,,,,,0,0,,,,
19:10:06.677,14.388292331406499,0,5.264586832749999,5.264569,5.264569,5.264569,,,,,-0.04057292406706123,17,
19:10:07.011,,,,,,,,0,0,,,,
19:10:07.339,,,,,,,85,,,,,,
19:10:07.632,14.389461408664557,0,5.268836423416666,5.268819,5.268819,5.268819,,,,,-0.039696262010640825,16,
19:10:07.887,,,,,,,,0,0,,,,
19:10:08.146,14.389698768474709,0,5.270972537166665,5.270955,5.270955,5.270955,,,,,-0.039611124039892844,15,
19:10:08.414,,,,,,,,0,0,,,,
19:10:08.678,,,,,,,85,,,,,,
19:10:08.988,14.389449924903786,0,5.2742492764444435,5.274232,5.274232,5.274232,,,,,-0.03862712365838662,14,
19:10:09.219,,,,,,,,0,0,,,,
19:10:09.483,14.388554500073175,0,5.275898166444444,5.275881,5.275881,5.275881,,,,,-0.05048055901255147,12,
19:10:09.830,,,,,,,,0,0,,,,
19:10:10.140,,,,,,,84,,,,,,
19:10:10.396,14.384830340446758,0,5.2781804941944435,5.278163,5.278163,5.278163,,,,,-0.07173639679333946,9,
19:10:10.721,,,,,,,,0,0,,,,
19:10:11.024,14.381316919933846,0,5.279403064416666,5.279386,5.279386,5.279386,,,,,-0.07873140734356536,7,
19:10:11.316,,,,,,,,0,0,,,,
19:10:11.597,,,,,,,83,,,,,,
19:10:11.844,14.374885374616516,0,5.280313351083333,5.280296,5.280296,5.280296,,,,,-0.09917477174146207,4,
19:10:12.114,,,,,,,,0,0,,,,
19:10:12.403,14.370504752519953,0,5.280934007416666,5.280917,5.280917,5.280917,,,,,-0.07760255442040344,4,
19:10:12.648,,,,,,,,0,0,,,,
19:10:12.963,,,,,,,83,,,,,,
19:10:13.213,14.364771334872978,0,5.282058936444444,5.282042,5.282042,5.282042,,,,,,5,
19:10:13.490,,,,,,,,0,0,,,,
19:10:13.782,14.361170601932962,0,5.283009058944444,5.282992,5.282992,5.282992,,,,,,6,
19:10:14.117,,,,,,,,0,0,,,,
19:10:14.351,,,,,,,83,,,,,,
19:10:14.598,14.356644309868193,0,5.284593413472222,5.284576,5.284576,5.284576,,,,,0.030861415139628305,7,
19:10:14.851,,,,,,,,0,0,,,,
19:10:15.128,14.35410286933536,0,5.285771221027778,5.285754,5.285754,5.285754,,,,,0.04158115896334132,8,
19:10:15.365,,,,,,,,0,0,,,,
19:10:15.701,,,,,,,83,,,,,,
19:10:16.017,14.351853338076543,0,5.2884897378055555,5.288473,5.288473,5.288473,,,,,0.06061378989514749,11,
19:10:16.342,,,,,,,,0,0,,,,
19:10:16.570,14.351706791172491,0,5.290639288083334,5.290623,5.290623,5.290623,,,,,0.081280231123436,14,
19:10:16.856,,,,,,,,0,0,,,,
19:10:17.138,,,,,,,82,,,,,,
19:10:17.388,14.35272198077501,0,5.29427429163889,5.294258,5.294258,5.294258,,,,,0.09136254091967262,16,
19:10:17.641,,,,,,,,573,0.6,,,,
19:10:17.897,14.35412037342846,0,5.29682095463889,5.296805,5.296805,5.296805,,,,,0.102272774938149,18,
19:10:18.153,,,,,,,,1538,1.5,,,,
19:10:18.404,,,,,,,82,,,,,,
19:10:18.653,14.357329247507472,0,5.301017932416668,5.301002,5.301002,5.301002,,,,,0.09670542671251883,20,
19:10:18.915,,,,,,,,1534,1.5,,,,
19:10:19.231,14.360216383736786,0,5.3043893943333345,5.304373,5.304373,5.304373,,,,,0.0745239777996632,21,
19:10:19.507,,,,,,,,1535,1.5,,,,
19:10:19.788,,,,,,,82,,,,,,
19:10:20.015,14.365308866525805,0,5.3093999398611125,5.309384,5.309384,5.309384,,,,,0.07548899070815297,23,
19:10:20.301,,,,,,,,1533,1.5,,,,
19:10:20.590,14.369470104109647,0,5.313232721194446,5.313217,5.313217,5.313217,,,,,0.063118619359808,24,
19:10:20.864,,,,,,,,0,0,,,,
19:10:21.120,,,,,,,81,,,,,,
19:10:21.405,14.375974478906562,0,5.318892175361112,5.318876,5.318876,5.318876,,,,,0.05146486454717164,25,
19:10:21.688,,,,,,,,0,0,,,,
19:10:22.026,14.380967260399911,0,5.323241096194446,5.323225,5.323225,5.323225,,,,,0.04053418898655729,25,
19:10:22.278,,,,,,,,0,0,,,,
19:10:22.510,,,,,,,81,,,,,,
19:10:22.775,14.38745095610072,0,5.328614586250001,5.328598,5.328598,5.328598,,,,,0.03078108308622914,26,
19:10:23.028,,,,,,,,0,0,,,,
19:10:23.304,14.392059930051666,0,5.332438014083334,5.332421,5.332421,5.332421,,,,,0.020874404672916735,26,
19:10:23.614,,,,,,,,0,0,,,,
19:10:23.938,,,,,,,81,,,,,,
19:10:24.225,14.400069021825125,0,5.339089276305557,5.339072,5.339072,5.339072,,,,,0.0100420826095549,26,
19:10:24.517,,,,,,,,0,0,,,,
19:10:24.825,14.405279535403489,0,5.3434213536944455,5.343404,5.343404,5.343404,,,,,0.010118620265989206,26,
19:10:25.145,,,,,,,,0,0,,,,
19:10:25.403,,,,,,,81,,,,,,
19:10:25.652,14.412455171660705,0,5.3493936324166675,5.349376,5.349376,5.349376,,,,,0,26,
19:10:25.934,,,,,,,,0,0,,,,
19:10:26.225,14.41784728642455,0,5.353688349166667,5.353671,5.353671,5.353671,,,,,0.009696820873107385,27,
19:10:26.548,,,,,,,,0,0,,,,
19:10:26.858,,,,,,,81,,,,,,
19:10:27.173,14.426765904321096,0,5.360799943666668,5.360783,5.360783,5.360783,,,,,0.00960952477575916,27,
19:10:27.505,,,,,,,,0,0,,,,
19:10:27.790,14.432097633008334,0,5.365252889277778,5.365236,5.365236,5.365236,,,,,,26,
19:10:28.036,,,,,,,,0,0,,,,
19:10:28.265,,,,,,,80,,,,,,
19:10:28.510,14.436702144596127,0,5.369850488333334,5.369834,5.369834,5.369834,,,,,-0.029735667358543678,23,
19:10:28.748,,,,,,,,0,0,,,,
19:10:28.992,14.439424754046755,0,5.372797266111112,5.372781,5.372781,5.372781,,,,,-0.05118344055905054,22,
19:10:29.227,,,,,,,,0,0,,,,
19:10:29.469,,,,,,,80,,,,,,
19:10:29.711,14.4424094235886,0,5.3767938622222236,5.376778,5.376778,5.376778,,,,,-0.07813132794527118,20,
19:10:29.951,,,,,,,,0,0,,,,
19:10:30.223,14.444532214589982,0,5.379638980555557,5.379623,5.379623,5.379623,,,,,-0.06984495495164009,20,
19:10:30.463,,,,,,,,0,0,,,,
19:10:30.729,,,,,,,80,,,,,,
19:10:30.970,14.447068968960044,0,5.383581652083334,5.383566,5.383566,5.383566,,,,,-0.046053191054129826,19,
19:10:31.206,,,,,,,,0,0,,,,
19:10:31.483,14.448811249849284,0,5.38629208388889,5.386276,5.386276,5.386276,,,,,-0.03411772037649065,19,
19:10:31.723,,,,,,,,0,0,,,,
19:10:31.991,,,,,,,80,,,,,,
19:10:32.230,14.451896560310313,0,5.390438206111112,5.390422,5.390422,5.390422,,,,,,20,
19:10:32.471,,,,,,,,0,0,,,,
19:10:32.740,14.45400448048138,0,5.3932735377777785,5.393257,5.393257,5.393257,,,,,,20,
19:10:32.982,,,,,,,,0,0,,,,
19:10:33.252,,,,,,,80,,,,,,
19:10:33.491,14.456545010219084,0,5.397237741055556,5.397221,5.397221,5.397221,,,,,,19,
19:10:33.733,,,,,,,,0,0,,,,
19:10:34.000,14.457507938349433,0,5.399641496194445,5.399625,5.399625,5.399625,,,,,-0.022500358439506405,17,
19:10:34.242,,,,,,,,0,0,,,,
19:10:34.511,,,,,,,80,,,,,,
19:10:34.751,14.457252743153132,0,5.402559700527778,5.402543,5.402543,5.402543,,,,,-0.06741369485075771,14,
19:10:34.994,,,,,,,,0,0,,,,
19:10:35.262,14.45593893238974,0,5.4041223920000006,5.404106,5.404106,5.404106,,,,,-0.10108311687377108,11,
19:10:35.502,,,,,,,,0,0,,,,
19:10:35.769,,,,,,,80,,,,,,
19:10:36.013,14.453455523592583,0,5.406207026722223,5.406191,5.406191,5.406191,,,,,-0.10110662179422426,10,
19:10:36.249,,,,,,,,0,0,,,,
19:10:36.521,14.451395626664343,0,5.407479068222223,5.407463,5.407463,5.407463,,,,,-0.08988249850333108,9,
19:10:36.760,,,,,,,,0,0,,,,
19:10:37.032,,,,,,,80,,,,,,
19:10:37.268,14.448928336341368,0,5.409554220166667,5.409538,5.409538,5.409538,,,,,,10,
19:10:37.510,,,,,,,,0,0,,,,
19:10:37.783,14.447230681502473,0,5.410983395722223,5.410967,5.410967,5.410967,,,,,,10,
19:10:38.025,,,,,,,,0,0,,,,
19:10:38.289,,,,,,,80,,,,,,
19:10:38.531,14.445308298608126,0,5.413282168694445,5.413266,5.413266,5.413266,,,,,,11,
19:10:38.772,,,,,,,,0,0,,,,
19:10:39.040,14.44401994628576,0,5.414824208277778,5.414808,5.414808,5.414808,,,,,0.02249349812089804,11,
19:10:39.281,,,,,,,,0,0,,,,
19:10:39.551,,,,,,,81,,,,,,
19:10:39.799,14.442070197492738,0,5.4171600741666674,5.417144,5.417144,5.417144,,,,,0.011194138230054876,11,
19:10:40.029,,,,,,,,0,0,,,,
19:10:40.268,14.440529160542427,0,5.418461803055556,5.418446,5.418446,5.418446,,,,,0,10,
19:10:40.507,,,,,,,,0,0,,,,
19:10:40.749,,,,,,,81,,,,,,
19:10:40.992,14.437103795534039,0,5.420059149944445,5.420043,5.420043,5.420043,,,,,-0.03452592848141028,8,
19:10:41.230,,,,,,,,0,0,,,,
19:10:41.499,14.43431285243727,0,5.421045729555556,5.42103,5.42103,5.42103,,,,,-0.04607131255814156,7,
19:10:41.740,,,,,,,,0,0,,,,
19:10:42.010,,,,,,,81,,,,,,
19:10:42.250,14.430740918677355,0,5.422714587333334,5.422699,5.422699,5.422699,,,,,,8,
19:10:42.492,,,,,,,,0,0,,,,
19:10:42.762,14.428311141542636,0,5.423850873333334,5.423835,5.423835,5.423835,,,,,,8,
19:10:43.002,,,,,,,,0,0,,,,
19:10:43.270,,,,,,,81,,,,,,
19:10:43.513,14.425852492484676,0,5.4259391683333345,5.425923,5.425923,5.425923,,,,,,10,
19:10:43.750,,,,,,,,0,0,,,,
19:10:44.021,14.424569444846364,0,5.427489279777779,5.427473,5.427473,5.427473,,,,,0.044936000113108436,11,
19:10:44.260,,,,,,,,0,0,,,,
19:10:44.532,,,,,,,81,,,,,,
19:10:44.766,14.423785441490693,0,5.4301827541111125,5.430166,5.430166,5.430166,,,,,0.05628750185452299,13,
19:10:45.012,,,,,,,,0,0,,,,
19:10:45.280,14.42362482965748,0,5.432181048000001,5.432164,5.432164,5.432164,,,,,0.06747376988002446,14,
19:10:45.522,,,,,,,,0,0,,,,
19:10:45.795,,,,,,,81,,,,,,
19:10:46.030,14.42449644829035,0,5.435514751111112,5.435498,5.435498,5.435498,,,,,0.06751827281310144,16,
19:10:46.269,,,,,,,,0,0,,,,
19:10:46.539,14.425086697006272,0,5.437774386666668,5.437758,5.437758,5.437758,,,,,0.056240640992336395,16,
19:10:46.777,,,,,,,,0,0,,,,
19:10:47.052,,,,,,,81,,,,,,
19:10:47.290,14.427064307328912,0,5.441530085666668,5.441514,5.441514,5.441514,,,,,0.0561204391064738,18,
19:10:47.531,,,,,,,,0,0,,,,
19:10:47.801,14.428408691885847,0,5.444085594166668,5.44407,5.44407,5.44407,,,,,0.04494766930482098,18,
19:10:48.039,,,,,,,,0,0,,,,
19:10:48.311,,,,,,,81,,,,,,
19:10:48.550,14.43092763749387,0,5.448037902916668,5.448022,5.448022,5.448022,,,,,0.03372773928453083,19,
19:10:48.791,,,,,,,,0,0,,,,
19:10:49.060,14.432641329789718,0,5.450729234444446,5.450713,5.450713,5.450713,,,,,0.03370673645301055,19,
19:10:49.300,,,,,,,,0,0,,,,
19:10:49.572,,,,,,,81,,,,,,
19:10:49.810,14.435709807739169,0,5.454894589444446,5.454878,5.454878,5.454878,,,,,0.02248333371340584,20,
19:10:50.051,,,,,,,,1373,1.4,,,,
19:10:50.322,14.437802880608162,0,5.457738501666668,5.457722,5.457722,5.457722,,,,,0.02247133412232153,20,
19:10:50.559,,,,,,,,1369,1.4,,,,
19:10:50.802,,,,,,,81,,,,,,
19:10:51.038,14.440725310423904,0,5.461712865000002,5.461696,5.461696,5.461696,,,,,0.011386821839813424,20,
19:10:51.276,,,,,,,,1385,1.4,,,,
19:10:51.525,14.442358563029345,0,5.464288039500002,5.464271,5.464271,5.464271,,,,,0,19,
19:10:51.759,,,,,,,,1392,1.4,,,,
19:10:51.998,,,,,,,83,,,,,,
19:10:52.239,14.444743610176719,0,5.46805189727778,5.468035,5.468035,5.468035,,,,,-0.01166181559065797,19,
19:10:52.477,,,,,,,,1387,1.4,,,,
19:10:52.721,14.44600254830708,0,5.47046559327778,5.470449,5.470449,5.470449,,,,,-0.023614476774247908,18,
19:10:52.957,,,,,,,,1385,1.4,,,,
19:10:53.197,,,,,,,83,,,,,,
19:10:53.439,14.447345614997039,0,5.473852717194446,5.473836,5.473836,5.473836,,,,,-0.03539084578070111,17,
19:10:53.684,,,,,,,,1637,1.6,,,,
19:10:53.921,14.44789542174909,0,5.4760001229722235,5.475983,5.475983,5.475983,,,,,-0.03546678728792639,16,
19:10:54.158,,,,,,,,1479,1.5,,,,
19:10:54.395,,,,,,,84,,,,,,
19:10:54.642,14.447658958932633,0,5.478802989861112,5.478786,5.478786,5.478786,,,,,-0.05891640376848081,14,
19:10:54.876,,,,,,,,1388,1.4,,,,
19:10:55.115,14.446465481487218,0,5.480247501916668,5.480231,5.480231,5.480231,,,,,-0.08281727052879623,11,
19:10:55.369,,,,,,,,1383,1.4,,,,
19:10:55.597,,,,,,,84,,,,,,
19:10:55.843,14.443563089098841,0,5.482067847916667,5.482051,5.482051,5.482051,,,,,-0.0942309466824265,9,
19:10:56.079,,,,,,,,1386,1.4,,,,
19:10:56.316,14.440644362249364,0,5.48285532725,5.482838,5.482838,5.482838,,,,,-0.11829485701186893,6,
19:10:56.568,,,,,,,,1387,1.4,,,,
19:10:56.797,,,,,,,83,,,,,,
19:10:57.035,14.434632108849444,0,5.483454230333334,5.483437,5.483437,5.483437,,,,,-0.13025355844408304,3,
19:10:57.279,,,,,,,,1385,1.4,,,,
19:10:57.517,14.43024501593754,0,5.4837223790000005,5.483705,5.483705,5.483705,,,,,-0.1061333475957196,2,
19:10:57.769,,,,,,,,1391,1.4,,,,
19:10:57.997,,,,,,,84,,,,,,
19:10:58.240,14.422566097562711,,5.4837223790000005,5.483705,5.483705,5.483705,,,,,-0.10637944065583446,0,
19:10:58.490,,,,,,,,1385,1.4,,,,
19:10:58.717,14.417599529808685,,5.4837223790000005,5.483705,5.483705,5.483705,,,,,-0.07077601140018629,0,
19:10:58.955,,,,,,,,1385,1.4,,,,
19:10:59.199,,,,,,,84,,,,,,
19:10:59.438,14.41000890269601,,5.4837223790000005,5.483705,5.483705,5.483705,,,,,-0.03535032754599495,0,
19:10:59.681,,,,,,,,1386,1.4,,,,
19:10:59.919,14.40495681743128,,5.4837223790000005,5.483705,5.483705,5.483705,,,,,-0.023588202222833567,0,
19:11:00.166,,,,,,,,1388,1.4,,,,
19:11:00.399,,,,,,,85,,,,,,
19:11:00.637,14.397416429255047,,5.4837223790000005,5.483705,5.483705,5.483705,,,,,0,0,
19:11:00.884,,,,,,,,1382,1.4,,,,
19:11:01.117,14.392375723288527,,5.4837223790000005,5.483705,5.483705,5.483705,,,,,0,0,
19:11:01.357,,,,,,,,1385,1.4,,,,
19:11:01.599,,,,,,,85,,,,,,
19:11:01.836,14.384835384643052,,5.4837223790000005,5.483705,5.483705,5.483705,,,,,0,0,
19:11:02.084,,,,,,,,1385,1.4,,,,
19:11:02.319,14.380126588156182,0,5.483856538138889,5.483839,5.483839,5.483839,,,,,0.011802588178098122,1,
19:11:02.558,,,,,,,,1385,1.4,,,,
19:11:02.829,,,,,,,85,,,,,,
19:11:03.071,14.373345293108494,0,5.484274540638889,5.484257,5.484257,5.484257,,,,,0.02327513958431714,2,
19:11:03.313,,,,,,,,1382,1.4,,,,
19:11:03.585,14.368693420124004,0,5.484561549527778,5.484544,5.484544,5.484544,,,,,0.022948995310173335,2,
19:11:03.821,,,,,,,,1385,1.4,,,,
19:11:04.065,,,,,,,85,,,,,,
19:11:04.301,14.362274859290224,0,5.484957913250001,5.48494,5.48494,5.48494,,,,,0.022981698672650933,2,
19:11:04.537,,,,,,,,1383,1.4,,,,
19:11:04.778,14.357645619024495,0,5.485090265055556,5.485072,5.485072,5.485072,,,,,0,1,
19:11:05.021,,,,,,,,1386,1.4,,,,
19:11:05.254,,,,,,,86,,,,,,
19:11:05.496,14.350675065581223,0,5.485289729083333,5.485271,5.485271,5.485271,,,,,-0.011679307824301806,1,
19:11:05.749,,,,,,,,1486,1.5,,,,
19:11:05.977,14.346354681612425,0,5.485557239583333,5.485539,5.485539,5.485539,,,,,,2,
19:11:06.223,,,,,,,,1504,1.5,,,,
19:11:06.458,,,,,,,86,,,,,,
19:11:06.697,14.340951361838071,0,5.486356409916666,5.486338,5.486338,5.486338,,,,,,4,
19:11:06.939,,,,,,,,1397,1.4,,,,
19:11:07.177,14.337343153753501,0,5.486890542027777,5.486872,5.486872,5.486872,,,,,0.035413638929526176,4,
19:11:07.424,,,,,,,,1385,1.4,,,,
19:11:07.666,,,,,,,86,,,,,,
19:11:07.897,14.33194681359191,0,5.487690072027777,5.487672,5.487672,5.487672,,,,,0.035391510546250074,4,
19:11:08.138,,,,,,,,1383,1.4,,,,
19:11:08.375,14.328364017695685,0,5.488221366027777,5.488203,5.488203,5.488203,,,,,0.023627391623731123,4,
19:11:08.618,,,,,,,,1383,1.4,,,,
19:11:08.867,,,,,,,86,,,,,,
19:11:09.095,14.321405631518278,0,5.488421441333333,5.488403,5.488403,5.488403,,,,,-0.035425539776586905,1,
19:11:09.342,,,,,,,,1387,1.4,,,,
19:11:09.612,14.316045562601145,,5.488421441333333,5.488403,5.488403,5.488403,,,,,-0.046539057248699056,0,
19:11:09.847,,,,,,,,1384,1.4,,,,
19:11:10.092,,,,,,,87,,,,,,
19:11:10.328,14.30862585635721,,5.488421441333333,5.488403,5.488403,5.488403,,,,,-0.046612855021182814,0,
19:11:10.569,,,,,,,,1382,1.4,,,,
19:11:10.820,14.303524833757553,,5.488421441333333,5.488403,5.488403,5.488403,,,,,-0.04634039082937512,0,
19:11:11.056,,,,,,,,1553,1.6,,,,
19:11:11.287,,,,,,,87,,,,,,
19:11:11.530,14.296179249587183,,5.488421441333333,5.488403,5.488403,5.488403,,,,,-0.01163545061915141,0,
19:11:11.766,,,,,,,,1420,1.4,,,,
19:11:12.012,14.291194086460795,,5.488421441333333,5.488403,5.488403,5.488403,,,,,0,0,
19:11:12.255,,,,,,,,1384,1.4,,,,
19:11:12.485,,,,,,,87,,,,,,
19:11:12.739,14.284208574848753,0,5.488623390222222,5.488605,5.488605,5.488605,,,,,0.011746833272266536,1,
19:11:12.966,,,,,,,,1385,1.4,,,,
19:11:13.212,14.280004343392408,0,5.488886492944444,5.488868,5.488868,5.488868,,,,,0.02367935194635787,2,
19:11:13.449,,,,,,,,1527,1.5,,,,
19:11:13.686,,,,,,,88,,,,,,
19:11:13.942,14.274531685791466,0,5.489705433055556,5.489687,5.489687,5.489687,,,,,0.046975373621169096,4,
19:11:14.201,,,,,,,,1414,1.4,,,,
19:11:14.437,14.271269535621496,0,5.490382017361111,5.490364,5.490364,5.490364,,,,,0.058408368821133115,5,
19:11:14.685,,,,,,,,1388,1.4,,,,
19:11:14.916,,,,,,,88,,,,,,
19:11:15.158,14.268004378917645,0,5.4919852800277775,5.491967,5.491967,5.491967,,,,,0.08195999495019794,8,
19:11:15.407,,,,,,,,1382,1.4,,,,
19:11:15.643,14.266138988893443,0,5.4932123970277775,5.493194,5.493194,5.493194,,,,,0.08158189061147614,9,
19:11:15.875,,,,,,,,1385,1.4,,,,
19:11:16.117,,,,,,,88,,,,,,
19:11:16.365,14.264967445999778,0,5.495602394361111,5.495584,5.495584,5.495584,,,,,0.09350173785607063,12,
19:11:16.609,,,,,,,,1385,1.4,,,,
19:11:16.834,14.26454105506092,0,5.497291134805555,5.497273,5.497273,5.497273,,,,,0.09453846018070163,13,
19:11:17.079,,,,,,,,1388,1.4,,,,
19:11:17.346,,,,,,,88,,,,,,
19:11:17.588,14.26494066526106,0,5.500433787305555,5.500416,5.500416,5.500416,,,,,0.08160405421488623,15,
19:11:17.828,,,,,,,,1387,1.4,,,,
19:11:18.069,14.265887953137788,0,5.502704915055555,5.502687,5.502687,5.502687,,,,,0.09340809553525226,17,
19:11:18.316,,,,,,,,1384,1.4,,,,
19:11:18.546,,,,,,,88,,,,,,
19:11:18.788,14.268337168064768,0,5.506498450305555,5.506481,5.506481,5.506481,,,,,0.08185258402300367,19,
19:11:19.030,,,,,,,,1383,1.4,,,,
19:11:19.272,14.270335454579248,0,5.509190361416667,5.509173,5.509173,5.509173,,,,,0.08131207470687665,20,
19:11:19.508,,,,,,,,1385,1.4,,,,
19:11:19.746,,,,,,,88,,,,,,
19:11:19.996,14.273838539856708,0,5.513412731666667,5.513395,5.513395,5.513395,,,,,0.07057669991961486,21,
19:11:20.228,,,,,,,,1385,1.4,,,,
19:11:20.468,14.276138280444899,0,5.5161870679166665,5.516169,5.516169,5.516169,,,,,0.04723352925361581,21,
19:11:20.710,,,,,,,,1384,1.4,,,,
19:11:20.978,,,,,,,88,,,,,,
19:11:21.221,14.280843351493308,0,5.52098272125,5.520965,5.520965,5.520965,,,,,0.046554994027246215,23,
19:11:21.456,,,,,,,,1383,1.4,,,,
19:11:21.705,14.283873119553027,0,5.5240735590000005,5.524056,5.524056,5.524056,,,,,0.03492470935233049,23,
19:11:21.942,,,,,,,,1386,1.4,,,,
19:11:22.178,,,,,,,88,,,,,,
19:11:22.415,14.289326117306073,0,5.528995903444445,5.528978,5.528978,5.528978,,,,,0.04684137910816426,25,
19:11:22.657,,,,,,,,1382,1.4,,,,
19:11:22.906,14.293112061247518,0,5.532416370805556,5.532398,5.532398,5.532398,,,,,0.04646520885327863,25,
19:11:23.140,,,,,,,,1385,1.4,,,,
19:11:23.378,,,,,,,89,,,,,,
19:11:23.619,14.29914739430519,0,5.537607300416667,5.537589,5.537589,5.537589,,,,,0.035441935909108435,26,
19:11:23.862,,,,,,,,1383,1.4,,,,
19:11:24.098,14.303443476438277,0,5.541145337666667,5.541127,5.541127,5.541127,,,,,0.047356069280531904,27,
19:11:24.345,,,,,,,,1385,1.4,,,,
19:11:24.579,,,,,,,88,,,,,,
19:11:24.817,14.309985533801042,0,5.546537648666667,5.546519,5.546519,5.546519,,,,,0.02358451085586143,27,
19:11:25.054,,,,,,,,1383,1.4,,,,
19:11:25.299,14.314365743295074,0,5.550151158416667,5.550133,5.550133,5.550133,,,,,0.023677366640970695,27,
19:11:25.538,,,,,,,,1387,1.4,,,,
19:11:25.788,,,,,,,88,,,,,,
19:11:26.016,14.320881202230666,0,5.555530788416667,5.555513,5.555513,5.555513,,,,,0.011817177861030115,27,
19:11:26.262,,,,,,,,1627,1.6,,,,
19:11:26.497,14.32421286957524,0,5.558736632416667,5.558719,5.558719,5.558719,,,,,-0.03542186872074002,24,
19:11:26.736,,,,,,,,1644,1.6,,,,
19:11:26.990,,,,,,,89,,,,,,
19:11:27.219,14.326111128004626,0,5.562345800916667,5.562328,5.562328,5.562328,,,,,-0.10614092161142698,18,
19:11:27.459,,,,,,,,1410,1.4,,,,
19:11:27.701,14.325998521355615,0,5.5642234140277775,5.564206,5.564206,5.564206,,,,,-0.15324967790360774,14,
19:11:27.938,,,,,,,,1383,1.4,,,,
19:11:28.184,,,,,,,89,,,,,,
19:11:28.419,14.32429133955785,0,5.566417496944444,5.5664,5.5664,5.5664,,,,,-0.18855666691697656,11,
19:11:28.656,,,,,,,,1383,1.4,,,,
19:11:28.909,14.322779834715455,0,5.567776276666667,5.567759,5.567759,5.567759,,,,,-0.1644198406407011,10,
19:11:29.138,,,,,,,,1387,1.4,,,,
19:11:29.384,,,,,,,89,,,,,,
19:11:29.627,14.319536651829976,0,5.569372268444445,5.569355,5.569355,5.569355,,,,,-0.11762000833188208,8,
19:11:29.855,,,,,,,,1386,1.4,,,,
19:11:30.100,14.31705845769163,0,5.570294360166667,5.570277,5.570277,5.570277,,,,,-0.08267568518445507,7,
19:11:30.338,,,,,,,,1386,1.4,,,,
19:11:30.575,,,,,,,88,,,,,,
19:11:30.820,14.312789104404182,0,5.571493282166667,5.571476,5.571476,5.571476,,,,,-0.058987663997151336,6,
19:11:31.057,,,,,,,,1385,1.4,,,,
19:11:31.305,14.309571617157232,0,5.572165955916667,5.572149,5.572149,5.572149,,,,,-0.05910721450562929,5,
19:11:31.537,,,,,,,,1384,1.4,,,,
19:11:31.785,,,,,,,89,,,,,,
19:11:32.022,14.304297176097176,0,5.5729632443611115,5.572946,5.572946,5.572946,,,,,-0.04729874461692781,4,
19:11:32.256,,,,,,,,1385,1.4,,,,
19:11:32.497,14.300418293040146,0,5.5733644371111115,5.573347,5.573347,5.573347,,,,,-0.0472702674169567,3,
19:11:32.746,,,,,,,,1385,1.4,,,,
19:11:32.976,,,,,,,89,,,,,,
19:11:33.221,14.29515197689613,0,5.574161886000001,5.574144,5.574144,5.574144,,,,,,4,
19:11:33.461,,,,,,,,1386,1.4,,,,
19:11:33.727,14.29108748550235,0,5.574582983333334,5.574565,5.574565,5.574565,,,,,,3,
19:11:33.973,,,,,,,,1385,1.4,,,,
19:11:34.209,,,,,,,89,,,,,,
19:11:34.449,14.285236976554156,0,5.575189651666667,5.575172,5.575172,5.575172,,,,,,3,
19:11:34.688,,,,,,,,1385,1.4,,,,
19:11:34.927,14.281439902657926,0,5.575583725833334,5.575566,5.575566,5.575566,,,,,0,3,
19:11:35.171,,,,,,,,1385,1.4,,,,
19:11:35.439,,,,,,,89,,,,,,
19:11:35.682,14.27538683393377,0,5.576212484166668,5.576195,5.576195,5.576195,,,,,-0.011513527543841662,3,
19:11:35.922,,,,,,,,1386,1.4,,,,
19:11:36.194,14.270920649513785,0,5.576496826111112,5.576479,5.576479,5.576479,,,,,-0.011480523570223538,2,
19:11:36.427,,,,,,,,1431,1.4,,,,
19:11:36.666,,,,,,,89,,,,,,
19:11:36.910,14.264680481513869,0,5.576894456444445,5.576877,5.576877,5.576877,,,,,-0.011510563099374552,2,
19:11:37.145,,,,,,,,1435,1.4,,,,
19:11:37.391,14.260824194222248,0,5.577296109277778,5.577279,5.577279,5.577279,,,,,,3,
19:11:37.627,,,,,,,,1399,1.4,,,,
19:11:37.865,,,,,,,89,,,,,,
19:11:38.120,14.256518934862399,0,5.578519690111111,5.578503,5.578503,5.578503,,,,,,6,
19:11:38.349,,,,,,,,1386,1.4,,,,
19:11:38.587,14.254444965284039,0,5.579557718111111,5.579541,5.579541,5.579541,,,,,0.07101434498842375,8,
19:11:38.838,,,,,,,,1382,1.4,,,,
19:11:39.067,,,,,,,89,,,,,,
19:11:39.312,14.253294723985448,0,5.581955455777778,5.581939,5.581939,5.581939,,,,,0.1179318384400637,12,
19:11:39.548,,,,,,,,1384,1.4,,,,
19:11:39.789,14.253546890093522,0,5.5839399349444445,5.583923,5.583923,5.583923,,,,,0.1417605717134961,15,
19:11:40.039,,,,,,,,1385,1.4,,,,
19:11:40.268,,,,,,,89,,,,,,
19:11:40.514,14.254958192395103,0,5.5873639668055555,5.587347,5.587347,5.587347,,,,,0.13017489636433052,17,
19:11:40.749,,,,,,,,1707,1.7,,,,
19:11:40.985,14.256543233381704,0,5.58985248125,5.589836,5.589836,5.589836,,,,,0.1299342717833029,19,
19:11:41.231,,,,,,,,1895,1.9,,,,
19:11:41.467,,,,,,,89,,,,,,
19:11:41.705,14.260492100192055,0,5.594253649083334,5.594237,5.594237,5.594237,,,,,0.11832928128166229,22,
19:11:41.981,,,,,,,,1989,2,,,,
19:11:42.225,14.264078030188497,0,5.597721365750001,5.597705,5.597705,5.597705,,,,,0.10461058224295641,24,
19:11:42.456,,,,,,,,2048,2,,,,
19:11:42.706,,,,,,,89,,,,,,
19:11:42.937,14.269989130383028,0,5.602863114194445,5.602847,5.602847,5.602847,,,,,0.10517755518582067,26,
19:11:43.180,,,,,,,,2060,2.1,,,,
19:11:43.416,14.274633709331473,0,5.60658331863889,5.606567,5.606567,5.606567,,,,,0.10488459370491054,28,
19:11:43.656,,,,,,,,2087,2.1,,,,
19:11:43.902,,,,,,,88,,,,,,
19:11:44.138,14.282664773292291,0,5.612604042805557,5.612588,5.612588,5.612588,,,,,0.0931424424059141,30,
19:11:44.377,,,,,,,,2103,2.1,,,,
19:11:44.622,14.2883796909136,0,5.616769937333334,5.616754,5.616754,5.616754,,,,,0.08273491795884615,31,
19:11:44.856,,,,,,,,2121,2.1,,,,
19:11:45.103,,,,,,,88,,,,,,
19:11:45.336,14.297815621925832,0,5.623314942833334,5.623299,5.623299,5.623299,,,,,0.0826644863810099,33,
19:11:45.577,,,,,,,,2147,2.1,,,,
19:11:45.821,14.30455705419181,0,5.627892018111112,5.627876,5.627876,5.627876,,,,,0.0706691369616322,34,
19:11:46.057,,,,,,,,1957,2,,,,
19:11:46.298,,,,,,,88,,,,,,
19:11:46.546,14.315247324783966,0,5.6350087032500005,5.634993,5.634993,5.634993,,,,,0.05881233886401658,35,
19:11:46.777,,,,,,,,1673,1.7,,,,
19:11:47.019,14.322085767408575,0,5.639565023666667,5.639549,5.639549,5.639549,,,,,0.04725921808801838,35,
19:11:47.259,,,,,,,,1479,1.5,,,,
19:11:47.506,,,,,,,88,,,,,,
19:11:47.748,14.332770149697415,0,5.646689854083333,5.646674,5.646674,5.646674,,,,,0.023484922492902512,35,
19:11:47.978,,,,,,,,1537,1.5,,,,
19:11:48.218,14.33991220044351,0,5.651366441083333,5.651351,5.651351,5.651351,,,,,0.023626639766366492,36,
19:11:48.458,,,,,,,,1702,1.7,,,,
19:11:48.696,,,,,,,87,,,,,,
19:11:48.941,14.351914590586066,0,5.658967293972221,5.658952,5.658952,5.658952,,,,,0.03548638080939317,38,
19:11:49.185,,,,,,,,2120,2.1,,,,
19:11:49.415,14.360465514480282,0,5.664227348416666,5.664212,5.664212,5.664212,,,,,0.05911465037991178,40,
19:11:49.659,,,,,,,,2501,2.5,,,,
19:11:49.898,,,,,,,87,,,,,,
19:11:50.141,14.375095372018587,0,5.672895702888888,5.67288,5.67288,5.67288,,,,,0.09470464151686174,43,
19:11:50.376,,,,,,,,2585,2.6,,,,
19:11:50.626,14.385536058976935,0,5.678952025388888,5.678936,5.678936,5.678936,,,,,0.10590800142200583,45,
19:11:50.867,,,,,,,,2428,2.4,,,,
19:11:51.099,,,,,,,87,,,,,,
19:11:51.341,14.401457588714074,0,5.688101954388888,5.688086,5.688086,5.688086,,,,,0.09441108310329882,46,
19:11:51.577,,,,,,,,1807,1.8,,,,
19:11:51.817,14.412359200041516,0,5.694312025222222,5.694296,5.694296,5.694296,,,,,0.08254790149042901,47,
19:11:52.068,,,,,,,,1889,1.9,,,,
19:11:52.299,,,,,,,87,,,,,,
19:11:52.535,14.429295058436697,0,5.703879430555555,5.703863,5.703863,5.703863,,,,,0.05916318984905304,48,
19:11:52.779,,,,,,,,2191,2.2,,,,
19:11:53.016,14.441317496853923,0,5.710561979166666,5.710546,5.710546,5.710546,,,,,0.05924637541457791,50,
19:11:53.264,,,,,,,,2566,2.6,,,,
19:11:53.505,,,,,,,87,,,,,,
19:11:53.745,14.461053583951063,0,5.721294682333333,5.721279,5.721279,5.721279,,,,,0.08248312654542324,53,
19:11:53.978,,,,,,,,3014,3,,,,
19:11:54.218,14.474503499103564,0,5.728516529138889,5.728501,5.728501,5.728501,,,,,0.09440385388398154,55,
19:11:54.463,,,,,,,,3271,3.3,,,,
19:11:54.698,,,,,,,87,,,,,,
19:11:54.937,14.496462461704338,0,5.740103068305555,5.740088,5.740088,5.740088,,,,,0.11792308448286776,58,
19:11:55.183,,,,,,,,3449,3.4,,,,
19:11:55.416,14.511072477398697,0,5.747818453861111,5.747803,5.747803,5.747803,,,,,0.09442864944841549,58,
19:11:55.655,,,,,,,,2364,2.4,,,,
19:11:55.909,,,,,,,87,,,,,,
19:11:56.135,14.532994099955264,0,5.759404746527777,5.759389,5.759389,5.759389,,,,,0.059261076154194944,58,
19:11:56.382,,,,,,,,2009,2,,,,
19:11:56.627,14.548464005763671,0,5.767541954416666,5.767526,5.767526,5.767526,,,,,0.047028486707126865,59,
19:11:56.856,,,,,,,,2243,2.2,,,,
19:11:57.100,,,,,,,87,,,,,,
19:11:57.346,14.57138400156239,0,5.779542746083333,5.779527,5.779527,5.779527,,,,,0.023517899087107382,60,
19:11:57.574,,,,,,,,1895,1.9,,,,
19:11:57.818,14.585558672485172,0,5.787053775083333,5.787038,5.787038,5.787038,,,,,,58,
19:11:58.056,,,,,,,,1621,1.6,,,,
19:11:58.302,,,,,,,87,,,,,,
19:11:58.534,14.603816830757438,0,5.797204703166666,5.797189,5.797189,5.797189,,,,,,51,
19:11:58.776,,,,,,,,1600,1.6,,,,
19:11:59.026,14.614614940493606,0,5.803487172333333,5.803471,5.803471,5.803471,,,,,-0.1534937215350629,46,
19:11:59.255,,,,,,,,1600,1.6,,,,
19:11:59.502,,,,,,,87,,,,,,
19:11:59.747,14.62388457303853,0,5.8100975214999995,5.810081,5.810081,5.810081,,,,,-0.31849500907836215,33,
19:11:59.980,,,,,,,,1600,1.6,,,,
19:12:00.224,14.628352239072884,0,5.813814366722221,5.813798,5.813798,5.813798,,,,,-0.3531000028608812,28,
19:12:00.461,,,,,,,,1600,1.6,,,,
19:12:00.730,,,,,,,87,,,,,,
19:12:00.970,14.630628641636905,0,5.8177485035555545,5.817732,5.817732,5.817732,,,,,-0.3721773641400478,19,
19:12:01.206,,,,,,,,1600,1.6,,,,
19:12:01.479,14.630759953086033,0,5.819869681055555,5.819853,5.819853,5.819853,,,,,-0.35800774489445764,15,
19:12:01.723,,,,,,,,1600,1.6,,,,
19:12:01.987,,,,,,,87,,,,,,
19:12:02.233,14.630427438970626,0,5.822806988388888,5.82279,5.82279,5.82279,,,,,-0.21646940755776523,14,
19:12:02.472,,,,,,,,1601,1.6,,,,
19:12:02.740,14.630205050764756,0,5.824773213722222,5.824756,5.824756,5.824756,,,,,-0.15761162626578035,14,
19:12:02.976,,,,,,,,1600,1.6,,,,
19:12:03.213,,,,,,,87,,,,,,
19:12:03.459,14.6308919782169,0,5.827969323944444,5.827952,5.827952,5.827952,,,,,,16,
19:12:03.696,,,,,,,,1600,1.6,,,,
19:12:03.942,14.631689053446538,0,5.830248385027778,5.830231,5.830231,5.830231,,,,,,17,
19:12:04.181,,,,,,,,1600,1.6,,,,
19:12:04.449,,,,,,,87,,,,,,
19:12:04.691,14.63396925041002,0,5.8342023404444445,5.834185,5.834185,5.834185,,,,,0.05763121694217716,19,
19:12:04.931,,,,,,,,1847,1.8,,,,
19:12:05.195,14.636205370679424,0,5.837144170944445,5.837127,5.837127,5.837127,,,,,0.08075686378582812,21,
19:12:05.439,,,,,,,,1943,1.9,,,,
19:12:05.677,,,,,,,87,,,,,,
19:12:05.914,14.640891989448384,0,5.841937180944445,5.84192,5.84192,5.84192,,,,,0.09230094946024318,24,
19:12:06.170,,,,,,,,2147,2.1,,,,
19:12:06.397,14.64470408603976,0,5.845419977722223,5.845403,5.845403,5.845403,,,,,0.10385348804251847,26,
19:12:06.644,,,,,,,,2189,2.2,,,,
19:12:06.885,,,,,,,86,,,,,,
19:12:07.119,14.65091183730146,0,5.850837469972223,5.85082,5.85082,5.85082,,,,,0.09331387975111702,27,
19:12:07.364,,,,,,,,1800,1.8,,,,
19:12:07.599,14.655034485637007,0,5.854438307722223,5.854421,5.854421,5.854421,,,,,0.07070561717886953,27,
19:12:07.870,,,,,,,,1631,1.6,,,,
19:12:08.111,,,,,,,86,,,,,,
19:12:08.355,14.659943338179636,0,5.85947725838889,5.85946,5.85946,5.85946,,,,,,24,
19:12:08.586,,,,,,,,1602,1.6,,,,
19:12:08.840,14.66244926719439,0,5.8624803384444455,5.862463,5.862463,5.862463,,,,,-0.046377272764183144,22,
19:12:09.067,,,,,,,,1600,1.6,,,,
19:12:09.315,,,,,,,86,,,,,,
19:12:09.548,14.665538780563159,0,5.8665755332777785,5.866558,5.866558,5.866558,,,,,-0.06995629690840399,21,
19:12:09.796,,,,,,,,1600,1.6,,,,
19:12:10.032,14.667663406349087,0,5.869394074527778,5.869377,5.869377,5.869377,,,,,-0.06986963186133975,21,
19:12:10.271,,,,,,,,1600,1.6,,,,
19:12:10.539,,,,,,,86,,,,,,
19:12:10.780,14.670954299193289,0,5.873763528194445,5.873746,5.873746,5.873746,,,,,-0.03504005598464291,21,
19:12:11.021,,,,,,,,1600,1.6,,,,
19:12:11.289,14.673541802238915,0,5.876874295805556,5.876857,5.876857,5.876857,,,,,,22,
19:12:11.529,,,,,,,,1599,1.6,,,,
19:12:11.794,,,,,,,86,,,,,,
19:12:12.035,14.677843313546875,0,5.881635583944445,5.881618,5.881618,5.881618,,,,,0.02278335761146536,23,
19:12:12.276,,,,,,,,1600,1.6,,,,
19:12:12.519,14.6809672180601,0,5.884859427944445,5.884842,5.884842,5.884842,,,,,0.034169273066152035,24,
19:12:12.766,,,,,,,,1600,1.6,,,,
19:12:13.004,,,,,,,86,,,,,,
19:12:13.235,14.685592278963906,0,5.889636423944445,5.889619,5.889619,5.889619,,,,,0.034613761203058674,24,
19:12:13.482,,,,,,,,1600,1.6,,,,
19:12:13.753,14.688935002708524,0,5.893091911944445,5.893074,5.893074,5.893074,,,,,0.022994165671687668,24,
19:12:13.993,,,,,,,,1600,1.6,,,,
19:12:14.258,,,,,,,86,,,,,,
19:12:14.500,14.69374951436267,0,5.898073199944445,5.898055,5.898055,5.898055,,,,,0.011490449391935902,24,
19:12:14.743,,,,,,,,1600,1.6,,,,
19:12:15.012,14.697045508274693,0,5.901486341277779,5.901468,5.901468,5.901468,,,,,0,24,
19:12:15.250,,,,,,,,1600,1.6,,,,
19:12:15.519,,,,,,,86,,,,,,
19:12:15.763,14.701877983928913,0,5.9064949492777785,5.906477,5.906477,5.906477,,,,,0,24,
19:12:16.002,,,,,,,,1600,1.6,,,,
19:12:16.270,14.70478421775608,0,5.909732284888889,5.909714,5.909714,5.909714,,,,,-0.011252513942665255,23,
19:12:16.512,,,,,,,,1600,1.6,,,,
19:12:16.784,,,,,,,86,,,,,,
19:12:17.023,14.70858029339931,0,5.9143354292222226,5.914317,5.914317,5.914317,,,,,-0.022452460384322154,22,
19:12:17.262,,,,,,,,626,0.6,,,,
19:12:17.525,14.711103095364678,0,5.917397246222222,5.917379,5.917379,5.917379,,,,,-0.022545530490682045,22,
19:12:17.764,,,,,,,,0,0,,,,
19:12:18.008,,,,,,,86,,,,,,
19:12:18.245,14.713732913134614,0,5.921399384,5.921381,5.921381,5.921381,,,,,-0.04565140842307556,20,
19:12:18.491,,,,,,,,0,0,,,,
19:12:18.728,14.715494364370066,0,5.924082242333333,5.924064,5.924064,5.924064,,,,,-0.03457138393406127,20,
19:12:18.968,,,,,,,,0,0,,,,
19:12:19.218,,,,,,,86,,,,,,
19:12:19.449,14.718120349897829,0,5.928085191222222,5.928067,5.928067,5.928067,,,,,-0.023357986738068,20,
19:12:19.690,,,,,,,,0,0,,,,
19:12:19.962,14.720344876752245,0,5.931081477055556,5.931063,5.931063,5.931063,,,,,,21,
19:12:20.201,,,,,,,,0,0,,,,
19:12:20.471,,,,,,,85,,,,,,
19:12:20.715,14.724118315201897,0,5.9356786435,5.93566,5.93566,5.93566,,,,,0.02294208263942744,22,
19:12:20.948,,,,,,,,0,0,,,,
19:12:21.192,14.726853641760446,0,5.938744186361111,5.938726,5.938726,5.938726,,,,,0.03448584965573098,23,
19:12:21.430,,,,,,,,0,0,,,,
19:12:21.670,,,,,,,85,,,,,,
19:12:21.911,14.73143202345604,0,5.943524927694445,5.943507,5.943507,5.943507,,,,,0.046012769190011495,24,
19:12:22.152,,,,,,,,0,0,,,,
19:12:22.417,14.73535678349362,0,5.9471797657500005,5.947162,5.947162,5.947162,,,,,0.05768313112314369,26,
19:12:22.661,,,,,,,,0,0,,,,
19:12:22.931,,,,,,,85,,,,,,
19:12:23.170,14.741706907632164,0,5.952824797500001,5.952807,5.952807,5.952807,,,,,0.057685485284738984,27,
19:12:23.412,,,,,,,,1574,1.6,,,,
19:12:23.683,14.746381130086853,0,5.956812366944445,5.956795,5.956795,5.956795,,,,,0.05686235361814875,28,
19:12:23.916,,,,,,,,1480,1.5,,,,
19:12:24.156,,,,,,,85,,,,,,
19:12:24.397,14.75239332017529,0,5.962166309444445,5.962149,5.962149,5.962149,,,,,,27,
19:12:24.637,,,,,,,,1376,1.4,,,,
19:12:24.891,14.75660082486508,0,5.965916280944445,5.965899,5.965899,5.965899,,,,,,27,
19:12:25.118,,,,,,,,0,0,,,,
19:12:25.357,,,,,,,85,,,,,,
19:12:25.608,14.762578524975035,0,5.971248387194445,5.971231,5.971231,5.971231,,,,,0,27,
19:12:25.837,,,,,,,,0,0,,,,
19:12:26.082,14.766885772213124,0,5.974934755194445,5.974917,5.974917,5.974917,,,,,,28,
19:12:26.317,,,,,,,,0,0,,,,
19:12:26.556,,,,,,,85,,,,,,
19:12:26.802,14.773424591285872,0,5.980535608416667,5.980518,5.980518,5.980518,,,,,0.01177776391054381,28,
19:12:27.043,,,,,,,,0,0,,,,
19:12:27.315,14.77844009019177,0,5.984675832083334,5.984658,5.984658,5.984658,,,,,0.023366834084791354,29,
19:12:27.552,,,,,,,,0,0,,,,
19:12:27.819,,,,,,,85,,,,,,
19:12:28.061,14.786728730074657,0,5.991093634638889,5.991076,5.991076,5.991076,,,,,0.046191882858428956,31,
19:12:28.302,,,,,,,,1771,1.8,,,,
19:12:28.572,14.792402589851795,0,5.995490626416667,5.995473,5.995473,5.995473,,,,,0.03412719664868186,31,
19:12:28.808,,,,,,,,1543,1.5,,,,
19:12:29.052,,,,,,,85,,,,,,
19:12:29.297,14.800458404279727,0,6.001738819361112,6.001721,6.001721,6.001721,,,,,0.034051966093193796,31,
19:12:29.529,,,,,,,,1420,1.4,,,,
19:12:29.769,14.805703990027228,0,6.0058107046666676,6.005793,6.005793,6.005793,,,,,0.023086563178155387,31,
19:12:30.007,,,,,,,,1477,1.5,,,,
19:12:30.254,,,,,,,84,,,,,,
19:12:30.491,14.813690395153706,0,6.012015218611112,6.011998,6.011998,6.011998,,,,,0,31,
19:12:30.726,,,,,,,,1460,1.5,,,,
19:12:30.970,14.81868847080339,0,6.016023623611113,6.016006,6.016006,6.016006,,,,,-0.011811842513257413,30,
19:12:31.218,,,,,,,,1445,1.4,,,,
19:12:31.450,,,,,,,84,,,,,,
19:12:31.689,14.825645939234997,0,6.021802530944446,6.021785,6.021785,6.021785,,,,,-0.023685834712544467,29,
19:12:31.926,,,,,,,,1383,1.4,,,,
19:12:32.170,14.830005953101296,0,6.025567602277779,6.02555,6.02555,6.02555,,,,,-0.03538710970283255,28,
19:12:32.409,,,,,,,,1386,1.4,,,,
19:12:32.644,,,,,,,85,,,,,,
19:12:32.890,14.83646331170619,0,6.031148409055557,6.031131,6.031131,6.031131,,,,,-0.035411701240881305,28,
19:12:33.126,,,,,,,,1387,1.4,,,,
19:12:33.366,14.841062235739901,0,6.03497747802778,6.03496,6.03496,6.03496,,,,,,29,
19:12:33.610,,,,,,,,1385,1.4,,,,
19:12:33.847,,,,,,,85,,,,,,
19:12:34.092,14.848579906510313,0,6.04103035552778,6.041013,6.041013,6.041013,,,,,,30,
19:12:34.327,,,,,,,,1386,1.4,,,,
19:12:34.567,14.853488980512768,0,6.04498615552778,6.044969,6.044969,6.044969,,,,,0.023637983804669332,30,
19:12:34.818,,,,,,,,1385,1.4,,,,
19:12:35.046,,,,,,,85,,,,,,
19:12:35.294,14.861495856780312,0,6.051245492972225,6.051228,6.051228,6.051228,,,,,0.035354661878130446,31,
19:12:35.536,,,,,,,,1379,1.4,,,,
19:12:35.767,14.867029810412793,0,6.0554540680833355,6.055437,6.055437,6.055437,,,,,0.03538577168613364,32,
19:12:36.011,,,,,,,,1385,1.4,,,,
19:12:36.248,,,,,,,85,,,,,,
19:12:36.487,14.875925887990556,0,6.062051564666669,6.062034,6.062034,6.062034,,,,,0.035483200889804736,33,
19:12:36.739,,,,,,,,1383,1.4,,,,
19:12:36.967,14.881851340873986,0,6.066449585583336,6.066432,6.066432,6.066432,,,,,0.0354085110837999,33,
19:12:37.213,,,,,,,,1385,1.4,,,,
19:12:37.446,,,,,,,86,,,,,,
19:12:37.686,14.891213983924258,0,6.073240400861113,6.073223,6.073223,6.073223,,,,,0.03552476553358395,34,
19:12:37.939,,,,,,,,1383,1.4,,,,
19:12:38.166,14.897464060446703,0,6.077777346694447,6.07776,6.07776,6.07776,,,,,0.02361524163948116,34,
19:12:38.405,,,,,,,,1385,1.4,,,,
19:12:38.647,,,,,,,86,,,,,,
19:12:38.888,14.907337834767832,0,6.084794261416669,6.084777,6.084777,6.084777,,,,,0.023595690633632736,35,
19:12:39.141,,,,,,,,1385,1.4,,,,
19:12:39.375,14.913992856702105,0,6.089527623500002,6.08951,6.08951,6.08951,,,,,0.023526144032860172,35,
19:12:39.611,,,,,,,,1384,1.4,,,,
19:12:39.886,,,,,,,86,,,,,,
19:12:40.117,14.924125396176567,0,6.096740384611113,6.096723,6.096723,6.096723,,,,,0.01165242564492446,35,
19:12:40.359,,,,,,,,1385,1.4,,,,
19:12:40.600,14.930720052396008,0,6.1014386465555575,6.101421,6.101421,6.101421,,,,,0.011638657165823928,35,
19:12:40.841,,,,,,,,1383,1.4,,,,
19:12:41.075,,,,,,,86,,,,,,
19:12:41.318,14.940024466052243,0,6.10822126027778,6.108204,6.108204,6.108204,,,,,-0.011655812781982036,34,
19:12:41.566,,,,,,,,1385,1.4,,,,
19:12:41.799,14.945945654105113,0,6.1126462421944465,6.112629,6.112629,6.112629,,,,,-0.023372935652214606,33,
19:12:42.036,,,,,,,,1385,1.4,,,,
19:12:42.276,,,,,,,86,,,,,,
19:12:42.528,14.95493492339188,0,6.11936959252778,6.119352,6.119352,6.119352,,,,,-0.02349107128363001,33,
19:12:42.763,,,,,,,,1385,1.4,,,,
19:12:43.028,14.960992258644628,0,6.123903838361113,6.123886,6.123886,6.123886,,,,,-0.02332814716347048,33,
19:12:43.275,,,,,,,,1385,1.4,,,,
19:12:43.541,,,,,,,87,,,,,,
19:12:43.776,14.970137179092767,0,6.13075508202778,6.130737,6.130737,6.130737,,,,,-0.011523360056864492,33,
19:12:44.030,,,,,,,,1384,1.4,,,,
19:12:44.300,14.976619583919094,0,6.135615817944447,6.135598,6.135598,6.135598,,,,,0,33,
19:12:44.527,,,,,,,,1387,1.4,,,,
19:12:44.771,,,,,,,87,,,,,,
19:12:45.008,14.985662876683957,0,6.142240555500003,6.142223,6.142223,6.142223,,,,,0.011422543746738834,34,
19:12:45.244,,,,,,,,1386,1.4,,,,
19:12:45.499,14.992055401523714,0,6.1469272543333355,6.14691,6.14691,6.14691,,,,,0.01146506943775101,34,
19:12:45.725,,,,,,,,1385,1.4,,,,
19:12:45.971,,,,,,,87,,,,,,
19:12:46.208,15.001106945133776,0,6.15356881527778,6.153552,6.153552,6.153552,,,,,0.011650259370134272,34,
19:12:46.446,,,,,,,,1386,1.4,,,,
19:12:46.689,15.007621779926053,0,6.158247359583336,6.158231,6.158231,6.158231,,,,,0.023716809437354967,35,
19:12:46.926,,,,,,,,1383,1.4,,,,
19:12:47.165,,,,,,,87,,,,,,
19:12:47.416,15.017463227122256,0,6.165320652500003,6.165304,6.165304,6.165304,,,,,0.011762327100900104,35,
19:12:47.644,,,,,,,,1385,1.4,,,,
19:12:47.891,15.023874296053323,0,6.169932196111114,6.169916,6.169916,6.169916,,,,,0.011843727979377987,35,
19:12:48.135,,,,,,,,1385,1.4,,,,
19:12:48.376,,,,,,,87,,,,,,
19:12:48.609,15.033572808748126,0,6.176914058333336,6.176898,6.176898,6.176898,,,,,0.011796431258549884,35,
19:12:48.849,,,,,,,,1386,1.4,,,,
19:12:49.117,15.040435523089691,0,6.181858556944447,6.181842,6.181842,6.181842,,,,,0,35,
19:12:49.371,,,,,,,,1383,1.4,,,,
19:12:49.597,,,,,,,88,,,,,,
19:12:49.844,15.050724981768816,0,6.189126050944447,6.189109,6.189109,6.189109,,,,,0.011668550368694791,36,
19:12:50.088,,,,,,,,1550,1.6,,,,
19:12:50.317,15.057731035017206,0,6.193984140666669,6.193967,6.193967,6.193967,,,,,0.023349773560668453,37,
19:12:50.563,,,,,,,,1750,1.8,,,,
19:12:50.804,,,,,,,88,,,,,,
19:12:51.037,15.068890512935862,0,6.201591132666669,6.201574,6.201574,6.201574,,,,,0.034988795973659205,38,
19:12:51.279,,,,,,,,1992,2,,,,
19:12:51.516,15.076616294700099,0,6.206774432000002,6.206757,6.206757,6.206757,,,,,0.047236579559848814,39,
19:12:51.763,,,,,,,,2021,2,,,,
19:12:51.998,,,,,,,88,,,,,,
19:12:52.235,15.088701965319549,0,6.214763506444447,6.214746,6.214746,6.214746,,,,,0.04738313403124361,40,
19:12:52.482,,,,,,,,2124,2.1,,,,
19:12:52.717,15.097448867883115,0,6.220387992444447,6.22037,6.22037,6.22037,,,,,0.05900577149657632,42,
19:12:52.957,,,,,,,,2257,2.3,,,,
19:12:53.199,,,,,,,88,,,,,,
19:12:53.439,15.111019236816158,0,6.229008669472225,6.228991,6.228991,6.228991,,,,,0.05897944703685725,43,
19:12:53.691,,,,,,,,1889,1.9,,,,
19:12:53.916,15.120297170852176,0,6.2348355540277804,6.234818,6.234818,6.234818,,,,,0.05902184113147854,44,
19:12:54.164,,,,,,,,1661,1.7,,,,
19:12:54.409,,,,,,,88,,,,,,
19:12:54.637,15.134319434537245,0,6.24364916102778,6.243632,6.243632,6.243632,,,,,0.04717713518507322,44,
19:12:54.877,,,,,,,,1418,1.4,,,,
19:12:55.119,15.14336990406972,0,6.2494126648333355,6.249396,6.249396,6.249396,,,,,,43,
19:12:55.365,,,,,,,,1381,1.4,,,,
19:12:55.600,,,,,,,88,,,,,,
19:12:55.838,15.156837721952085,0,6.257996152833336,6.257979,6.257979,6.257979,,,,,0,43,
19:12:56.076,,,,,,,,1373,1.4,,,,
19:12:56.328,15.165791327000779,0,6.263782242000002,6.263765,6.263765,6.263765,,,,,-0.023484098873488388,42,
19:12:56.558,,,,,,,,1379,1.4,,,,
19:12:56.804,,,,,,,88,,,,,,
19:12:57.036,15.177989533079886,0,6.271781714416669,6.271764,6.271764,6.271764,,,,,-0.0354138794951601,41,
19:12:57.278,,,,,,,,1385,1.4,,,,
19:12:57.519,15.186051717182483,0,6.277151952194447,6.277134,6.277134,6.277134,,,,,-0.035402607415883226,40,
19:12:57.754,,,,,,,,1383,1.4,,,,
19:12:57.994,,,,,,,88,,,,,,
19:12:58.238,15.197545791396573,0,6.28493652227778,6.284919,6.284919,6.284919,,,,,-0.04720292985218387,39,
19:12:58.484,,,,,,,,1385,1.4,,,,
19:12:58.720,15.204928152291947,0,6.290025907666669,6.290008,6.290008,6.290008,,,,,-0.04736051919428708,38,
19:12:58.966,,,,,,,,1383,1.4,,,,
19:12:59.197,,,,,,,88,,,,,,
19:12:59.447,15.216540800611527,0,6.297903416916669,6.297886,6.297886,6.297886,,,,,,39,
19:12:59.676,,,,,,,,1385,1.4,,,,
19:12:59.914,15.223671056968245,0,6.302827043138891,6.30281,6.30281,6.30281,,,,,,38,
19:13:00.158,,,,,,,,1385,1.4,,,,
19:13:00.398,,,,,,,88,,,,,,
19:13:00.639,15.234752657351155,0,6.3104852960833355,6.310468,6.310468,6.310468,,,,,,38,
19:13:00.879,,,,,,,,1385,1.4,,,,
19:13:01.151,15.242568879992623,0,6.31589140302778,6.315874,6.315874,6.315874,,,,,0,38,
19:13:01.390,,,,,,,,1383,1.4,,,,
19:13:01.663,,,,,,,88,,,,,,
19:13:01.896,15.253916148803096,0,6.323746377750002,6.323729,6.323729,6.323729,,,,,-0.011569396860884722,38,
19:13:02.143,,,,,,,,1385,1.4,,,,
19:13:02.378,15.261269434339946,0,6.328840764361113,6.328823,6.328823,6.328823,,,,,0,38,
19:13:02.624,,,,,,,,1386,1.4,,,,
19:13:02.860,,,,,,,88,,,,,,
19:13:03.098,15.272224764456485,0,6.336436776472223,6.336419,6.336419,6.336419,,,,,0,38,
19:13:03.342,,,,,,,,1599,1.6,,,,
19:13:03.579,15.279216105838243,0,6.341377943527779,6.34136,6.34136,6.34136,,,,,-0.011667425683489382,37,
19:13:03.826,,,,,,,,1603,1.6,,,,
19:13:04.060,,,,,,,88,,,,,,
19:13:04.299,15.289680062249316,0,6.348779345416668,6.348761,6.348761,6.348761,,,,,-0.011786918031682985,37,
19:13:04.537,,,,,,,,1600,1.6,,,,
19:13:04.786,15.296756794353367,0,6.3537889295833345,6.353771,6.353771,6.353771,,,,,-0.011763652383223262,37,
19:13:05.018,,,,,,,,1600,1.6,,,,
19:13:05.262,,,,,,,89,,,,,,
19:13:05.497,15.307069502641742,0,6.361095097583335,6.361077,6.361077,6.361077,,,,,-0.011806005616650905,37,
19:13:05.739,,,,,,,,1600,1.6,,,,
19:13:05.988,15.314184610843418,0,6.366139936583335,6.366122,6.366122,6.366122,,,,,0,37,
19:13:06.219,,,,,,,,1600,1.6,,,,
19:13:06.460,,,,,,,89,,,,,,
19:13:06.700,15.324981735405284,0,6.373661815972223,6.373644,6.373644,6.373644,,,,,0.011796587485994981,38,
19:13:06.972,,,,,,,,1599,1.6,,,,
19:13:07.238,15.333117889215346,0,6.37933464913889,6.379317,6.379317,6.379317,,,,,0.011553162653176598,38,
19:13:07.483,,,,,,,,1600,1.6,,,,
19:13:07.726,,,,,,,88,,,,,,
19:13:07.955,15.343969855343154,0,6.386907390472223,6.38689,6.38689,6.38689,,,,,0.011522384580490992,38,
19:13:08.202,,,,,,,,1600,1.6,,,,
19:13:08.395,,,,,,,,,,,,,
19:13:08.405,,,,,,,,,,42,,,
19:13:08.646,15.354913782370561,0,6.394421019972223,6.394404,6.394404,6.394404,,,,,0.02131417009377748,39,
19:13:08.888,,,,,,,,0,0,,,,
19:13:09.163,,,,,,,88,,,,,,
19:13:09.402,15.367317081043517,0,6.402808651083334,6.402792,6.402792,6.402792,,,,,0.02096537667354745,40,
19:13:09.639,,,,,,,,0,0,,,,
19:13:09.885,15.37522447181472,0,6.408160371083334,6.408144,6.408144,6.408144,,,,,0.021397375088433594,40,
19:13:10.127,,,,,,,,0,0,,,,
19:13:10.387,,,,,,,88,,,,,,
19:13:10.626,15.387869072967675,0,6.416596732666668,6.41658,6.41658,6.41658,,,,,0.03181641770748188,41,
19:13:10.870,,,,,,,,0,0,,,,
19:13:11.140,15.396991939572684,0,6.422602605500002,6.422586,6.422586,6.422586,,,,,0.03406298422492781,42,
19:13:11.383,,,,,,,,0,0,,,,
19:13:11.653,,,,,,,87,,,,,,
19:13:11.897,15.410483286641096,0,6.4314919416666685,6.431475,6.431475,6.431475,,,,,0.022708663432211795,42,
19:13:12.126,,,,,,,,0,0,,,,
19:13:12.371,15.418770892948821,0,6.436957050500002,6.43694,6.43694,6.43694,,,,,0.02279641201084859,42,
19:13:12.608,,,,,,,,0,0,,,,
19:13:12.848,,,,,,,87,,,,,,
19:13:13.090,15.431488794643716,0,6.445350266333335,6.445333,6.445333,6.445333,,,,,0.011495423173786977,42,
19:13:13.333,,,,,,,,0,0,,,,
19:13:13.602,15.440523903096242,0,6.451317895833335,6.451301,6.451301,6.451301,,,,,0,42,
19:13:13.842,,,,,,,,0,0,,,,
19:13:14.112,,,,,,,87,,,,,,
19:13:14.351,15.453245819097306,0,6.459848642833335,6.459832,6.459832,6.459832,,,,,-0.011541976803582153,41,
19:13:14.592,,,,,,,,0,0,,,,
19:13:14.861,15.461568300796227,0,6.465519760611113,6.465503,6.465503,6.465503,,,,,-0.022745085732752912,40,
19:13:15.104,,,,,,,,0,0,,,,
19:13:15.369,,,,,,,86,,,,,,
19:13:15.611,15.470790141776941,0,6.472595788666669,6.472579,6.472579,6.472579,,,,,-0.08989967890296527,34,
19:13:15.849,,,,,,,,0,0,,,,
19:13:16.089,15.475421569562553,0,6.4765979870000026,6.476581,6.476581,6.476581,,,,,-0.1366509645824648,30,
19:13:16.328,,,,,,,,0,0,,,,
19:13:16.572,,,,,,,86,,,,,,
19:13:16.812,15.479977252891004,0,6.481604784222225,6.481588,6.481588,6.481588,,,,,-0.1841684482884465,25,
19:13:17.050,,,,,,,,0,0,,,,
19:13:17.321,15.482182232642199,0,6.484721070166669,6.484704,6.484704,6.484704,,,,,-0.20724219851879935,22,
19:13:17.561,,,,,,,,0,0,,,,
19:13:17.830,,,,,,,86,,,,,,
19:13:18.069,15.483924485900836,0,6.488664424638891,6.488647,6.488647,6.488647,,,,,-0.17287294806581294,19,
19:13:18.309,,,,,,,,0,0,,,,
19:13:18.581,15.484099572594099,0,6.4909399490833355,6.490923,6.490923,6.490923,,,,,-0.15915691363829731,16,
19:13:18.820,,,,,,,,0,0,,,,
19:13:19.092,,,,,,,85,,,,,,
19:13:19.333,15.483858403725906,0,6.494074070750002,6.494057,6.494057,6.494057,,,,,-0.11232299638687751,15,
19:13:19.568,,,,,,,,0,0,,,,
19:13:19.812,15.483386597341102,0,6.495941634972224,6.495925,6.495925,6.495925,,,,,-0.09098498224957156,14,
19:13:20.048,,,,,,,,0,0,,,,
19:13:20.292,,,,,,,85,,,,,,
19:13:20.528,15.482211457022558,0,6.49852371952778,6.498507,6.498507,6.498507,,,,,-0.06910909330798683,13,
19:13:20.771,,,,,,,,0,0,,,,
19:13:21.041,15.481030152321305,0,6.500233014861114,6.500216,6.500216,6.500216,,,,,-0.046052376792032695,12,
19:13:21.281,,,,,,,,0,0,,,,
19:13:21.551,,,,,,,85,,,,,,
19:13:21.790,15.479306391786983,0,6.502729302194447,6.502712,6.502712,6.502712,,,,,-0.03459268280888607,12,
19:13:22.031,,,,,,,,0,0,,,,
19:13:22.301,15.47846900190343,0,6.504574452500003,6.504557,6.504557,6.504557,,,,,,13,
19:13:22.541,,,,,,,,0,0,,,,
19:13:22.811,,,,,,,85,,,,,,
19:13:23.083,15.477705468585315,0,6.507614350666669,6.507597,6.507597,6.507597,,,,,,14,
19:13:23.322,,,,,,,,0,0,,,,
19:13:23.591,15.477209520118762,0,6.509590581722225,6.509573,6.509573,6.509573,,,,,0.02221894364506389,14,
19:13:23.834,,,,,,,,0,0,,,,
19:13:24.101,,,,,,,85,,,,,,
19:13:24.343,15.476476208384648,0,6.512515079055559,6.512497,6.512497,6.512497,,,,,0.022191573071553984,14,
19:13:24.581,,,,,,,,0,0,,,,
19:13:24.849,15.476317154550761,0,6.514622813222226,6.514605,6.514605,6.514605,,,,,0.022235838987058835,15,
19:13:25.092,,,,,,,,0,0,,,,
19:13:25.362,,,,,,,84,,,,,,
19:13:25.597,15.47657731380225,0,6.517970373222226,6.517953,6.517953,6.517953,,,,,0.022532402380464132,16,
19:13:25.845,,,,,,,,0,0,,,,
19:13:26.078,15.476741472069467,0,6.5200843678888925,6.520067,6.520067,6.520067,,,,,0.022776765045983614,16,
19:13:26.321,,,,,,,,0,0,,,,
19:13:26.559,,,,,,,84,,,,,,
19:13:26.800,15.476514561918425,0,6.523093509972226,6.523076,6.523076,6.523076,,,,,,15,
19:13:27.043,,,,,,,,0,0,,,,
19:13:27.310,15.47635423790543,0,6.525221356222225,6.525204,6.525204,6.525204,,,,,0,15,
19:13:27.551,,,,,,,,0,0,,,,
19:13:27.822,,,,,,,83,,,,,,
19:13:28.055,15.47611898459395,0,6.528346270388892,6.528329,6.528329,6.528329,,,,,-0.011520753686703772,15,
19:13:28.295,,,,,,,,0,0,,,,
19:13:28.548,15.475645135035396,0,6.530242660611114,6.530225,6.530225,6.530225,,,,,-0.022931221120527544,14,
19:13:28.778,,,,,,,,0,0,,,,
19:13:29.020,,,,,,,83,,,,,,
19:13:29.262,15.475421757966583,0,6.53321659477778,6.533199,6.533199,6.533199,,,,,,15,
19:13:29.502,,,,,,,,0,0,,,,
19:13:29.771,15.475597536260809,0,6.535480744111114,6.535463,6.535463,6.535463,,,,,,16,
19:13:30.011,,,,,,,,0,0,,,,
19:13:30.279,,,,,,,83,,,,,,
19:13:30.517,15.476345278108859,0,6.539003999777781,6.538986,6.538986,6.538986,,,,,,17,
19:13:30.762,,,,,,,,0,0,,,,
19:13:31.036,15.477205948804677,0,6.541598602777781,6.541581,6.541581,6.541581,,,,,0.04554399546014061,18,
19:13:31.269,,,,,,,,0,0,,,,
19:13:31.541,,,,,,,83,,,,,,
19:13:31.781,15.47941979761445,0,6.545738362222226,6.545721,6.545721,6.545721,,,,,0.05620926452958705,20,
19:13:32.023,,,,,,,,0,0,,,,
19:13:32.289,15.481259723560106,0,6.5486989888888925,6.548682,6.548682,6.548682,,,,,0.05625199978984629,21,
19:13:32.530,,,,,,,,0,0,,,,
19:13:32.799,,,,,,,83,,,,,,
19:13:33.040,15.484474753304848,0,6.553291042777781,6.553274,6.553274,6.553274,,,,,0.05613370942122103,22,
19:13:33.281,,,,,,,,0,0,,,,
19:13:33.551,15.486994420666589,0,6.556555570138892,6.556539,6.556539,6.556539,,,,,0.056310743287802514,23,
19:13:33.791,,,,,,,,0,0,,,,
19:13:34.061,,,,,,,83,,,,,,
19:13:34.301,15.491180656338262,0,6.5615544674722255,6.561538,6.561538,6.561538,,,,,0.04496475796962544,24,
19:13:34.541,,,,,,,,0,0,,,,
19:13:34.812,15.494366836784998,0,6.565103839694448,6.565087,6.565087,6.565087,,,,,0.04490169971116026,25,
19:13:35.052,,,,,,,,0,0,,,,
19:13:35.321,,,,,,,83,,,,,,
19:13:35.561,15.499521148565503,0,6.570511416472225,6.570495,6.570495,6.570495,,,,,0.044949374020290624,26,
19:13:35.801,,,,,,,,0,0,,,,
19:13:36.069,15.50335151174811,0,6.5743248252222255,6.574308,6.574308,6.574308,,,,,0.0449941315726593,27,
19:13:36.310,,,,,,,,0,0,,,,
19:13:36.581,,,,,,,83,,,,,,
19:13:36.821,15.50950486458214,0,6.580174285000004,6.580157,6.580157,6.580157,,,,,0.04495399487738607,28,
19:13:37.062,,,,,,,,0,0,,,,
19:13:37.331,15.513999448056413,0,6.584274850361115,6.584258,6.584258,6.584258,,,,,0.044989915129638396,29,
19:13:37.570,,,,,,,,0,0,,,,
19:13:37.841,,,,,,,83,,,,,,
19:13:38.083,15.521127475835616,0,6.590543010361115,6.590526,6.590526,6.590526,,,,,0.044929861335483816,30,
19:13:38.321,,,,,,,,0,0,,,,
19:13:38.589,15.526256736515405,0,6.594906349916671,6.594889,6.594889,6.594889,,,,,0.044961915498733816,31,
19:13:38.830,,,,,,,,0,0,,,,
19:13:39.101,,,,,,,83,,,,,,
19:13:39.343,15.534371369829286,0,6.6016049250277815,6.601588,6.601588,6.601588,,,,,0.04493436947591853,32,
19:13:39.581,,,,,,,,0,0,,,,
19:13:39.853,15.539855357805108,0,6.606135660138893,6.606119,6.606119,6.606119,,,,,0.033693010930276705,32,
19:13:40.093,,,,,,,,0,0,,,,
19:13:40.361,,,,,,,83,,,,,,
19:13:40.602,15.54790879885916,0,6.612794688583337,6.612778,6.612778,6.612778,,,,,0.02248781934617021,32,
19:13:40.841,,,,,,,,0,0,,,,
19:13:41.112,15.55305181556858,0,6.617184541750004,6.617168,6.617168,6.617168,,,,,0,31,
19:13:41.354,,,,,,,,0,0,,,,
19:13:41.621,,,,,,,82,,,,,,
19:13:41.859,15.560096832619248,0,6.623411796750004,6.623395,6.623395,6.623395,,,,,-0.02251281221763651,30,
19:13:42.099,,,,,,,,1542,1.5,,,,
19:13:42.347,15.564370525413802,0,6.62733836130556,6.627322,6.627322,6.627322,,,,,-0.03407001077693545,29,
19:13:42.585,,,,,,,,1533,1.5,,,,
19:13:42.819,,,,,,,82,,,,,,
19:13:43.057,15.570588055896526,0,6.633055339138893,6.633039,6.633039,6.633039,,,,,-0.03461770524438551,29,
19:13:43.297,,,,,,,,1535,1.5,,,,
19:13:43.540,15.574820629126826,0,6.636950191388893,6.636934,6.636934,6.636934,,,,,-0.02332778501364397,29,
19:13:43.777,,,,,,,,1534,1.5,,,,
19:13:44.016,,,,,,,82,,,,,,
19:13:44.258,15.581100667578728,0,6.642733667027782,6.642717,6.642717,6.642717,,,,,-0.011808905620348536,29,
19:13:44.495,,,,,,,,1669,1.7,,,,
19:13:44.744,15.585663800993608,0,6.646782580361116,6.646766,6.646766,6.646766,,,,,0.011816686356171504,30,
19:13:44.978,,,,,,,,1808,1.8,,,,
19:13:45.215,,,,,,,82,,,,,,
19:13:45.468,15.594346278069262,0,6.653622602138894,6.653606,6.653606,6.653606,,,,,0.0587284769732631,34,
19:13:45.701,,,,,,,,2254,2.3,,,,
19:13:45.943,15.600338990147389,0,6.658235653666671,6.658219,6.658219,6.658219,,,,,0.07073981479948631,35,
19:13:46.181,,,,,,,,1858,1.9,,,,
19:13:46.425,,,,,,,83,,,,,,
19:13:46.663,15.60896051422204,0,6.665038361388894,6.665022,6.665022,6.665022,,,,,,34,
19:13:46.906,,,,,,,,1427,1.4,,,,
19:13:47.145,15.615058335815311,0,6.669739541944449,6.669723,6.669723,6.669723,,,,,,35,
19:13:47.380,,,,,,,,1396,1.4,,,,
19:13:47.616,,,,,,,85,,,,,,
19:13:47.862,15.622224977532644,0,6.675910451027782,6.675894,6.675894,6.675894,,,,,,31,
19:13:48.097,,,,,,,,1383,1.4,,,,
19:13:48.338,15.626661267581758,0,6.679867315194449,6.679851,6.679851,6.679851,,,,,,30,
19:13:48.590,,,,,,,,1383,1.4,,,,
19:13:48.815,,,,,,,85,,,,,,
19:13:49.066,15.633455977210058,0,6.685932464361116,6.685916,6.685916,6.685916,,,,,-0.04715407477643042,30,
19:13:49.294,,,,,,,,1386,1.4,,,,
19:13:49.539,15.637563778690621,0,6.689745130611116,6.689729,6.689729,6.689729,,,,,-0.07099186577023323,29,
19:13:49.783,,,,,,,,1385,1.4,,,,
19:13:50.016,,,,,,,85,,,,,,
19:13:50.266,15.643870431458787,0,6.695603230500005,6.695587,6.695587,6.695587,,,,,-0.023562905331573063,29,
19:13:50.502,,,,,,,,1385,1.4,,,,
19:13:50.742,15.648299733380634,0,6.6995659988333385,6.69955,6.69955,6.69955,,,,,,30,
19:13:50.978,,,,,,,,1585,1.6,,,,
19:13:51.254,,,,,,,85,,,,,,
19:13:51.486,15.655710579678653,0,6.705976060861116,6.70596,6.70596,6.70596,,,,,,31,
19:13:51.735,,,,,,,,1673,1.7,,,,
19:13:51.977,15.660656433631198,0,6.710257457083338,6.710241,6.710241,6.710241,,,,,0.023233794499799742,31,
19:13:52.207,,,,,,,,1750,1.8,,,,
19:13:52.452,,,,,,,86,,,,,,
19:13:52.688,15.668115790931614,0,6.716519907750005,6.716503,6.716503,6.716503,,,,,0.03509049697615119,32,
19:13:52.926,,,,,,,,1567,1.6,,,,
19:13:53.179,15.67331011863551,0,6.720884148638894,6.720867,6.720867,6.720867,,,,,0.02324562754071737,32,
19:13:53.407,,,,,,,,1471,1.5,,,,
19:13:53.644,,,,,,,86,,,,,,
19:13:53.897,15.68136845835754,0,6.727468479138894,6.727451,6.727451,6.727451,,,,,0.023490946600846076,33,
19:13:54.124,,,,,,,,1817,1.8,,,,
19:13:54.371,15.686990199300647,0,6.7319462073611165,6.731929,6.731929,6.731929,,,,,0.035496554155620266,34,
19:13:54.607,,,,,,,,1897,1.9,,,,
19:13:54.847,,,,,,,87,,,,,,
19:13:55.098,15.696065703034757,0,6.739007658611117,6.73899,6.73899,6.73899,,,,,0.03526410060481235,35,
19:13:55.327,,,,,,,,1689,1.7,,,,
19:13:55.564,15.701891540310076,0,6.7435441155555615,6.743526,6.743526,6.743526,,,,,0.035624381438512084,35,
19:13:55.808,,,,,,,,1523,1.5,,,,
19:13:56.056,,,,,,,87,,,,,,
19:13:56.289,15.711403293730985,0,6.7507926015555615,6.750774,6.750774,6.750774,,,,,0.03552724438789006,36,
19:13:56.526,,,,,,,,1403,1.4,,,,
19:13:56.775,15.71745551344035,0,6.755512777388895,6.755494,6.755494,6.755494,,,,,,35,
19:13:57.012,,,,,,,,1400,1.4,,,,
19:13:57.244,,,,,,,88,,,,,,
19:13:57.494,15.726416244886138,0,6.762506769055562,6.762488,6.762488,6.762488,,,,,,35,
19:13:57.729,,,,,,,,1375,1.4,,,,
19:13:57.970,15.732105681017579,0,6.7670601878888945,6.767041,6.767041,6.767041,,,,,-0.01177338596219808,34,
19:13:58.211,,,,,,,,1385,1.4,,,,
19:13:58.446,,,,,,,88,,,,,,
19:13:58.686,15.740549254570368,0,6.773823052333339,6.773804,6.773804,6.773804,,,,,-0.023634012596038412,34,
19:13:58.926,,,,,,,,1385,1.4,,,,
19:13:59.167,15.746147719761229,0,6.778310582000006,6.778292,6.778292,6.778292,,,,,-0.011838177161386085,34,
19:13:59.410,,,,,,,,1384,1.4,,,,
19:13:59.650,,,,,,,88,,,,,,
19:13:59.896,15.754722803756541,0,6.785189402500006,6.785171,6.785171,6.785171,,,,,-0.011794067226945561,34,
19:14:00.137,,,,,,,,1388,1.4,,,,
19:14:00.367,15.76026902664884,0,6.789641954666672,6.789624,6.789624,6.789624,,,,,0,34,
19:14:00.613,,,,,,,,1385,1.4,,,,
19:14:00.848,,,,,,,88,,,,,,
19:14:01.085,15.769172589427182,0,6.796622946750006,6.796605,6.796605,6.796605,,,,,0.011806769854804262,35,
19:14:01.338,,,,,,,,1385,1.4,,,,
19:14:01.571,15.775189055374273,0,6.801343921750005,6.801326,6.801326,6.801326,,,,,0.011785444315419497,35,
19:14:01.806,,,,,,,,1385,1.4,,,,
19:14:02.053,,,,,,,88,,,,,,
19:14:02.288,15.78453969104987,0,6.808523189750005,6.808505,6.808505,6.808505,,,,,0.023679062938030522,36,
19:14:02.530,,,,,,,,1386,1.4,,,,
19:14:02.810,15.791324383282852,0,6.813736526750005,6.813718,6.813718,6.813718,,,,,0.023190421906685774,36,
19:14:03.036,,,,,,,,1386,1.4,,,,
19:14:03.278,,,,,,,89,,,,,,
19:14:03.520,15.799649106317052,0,6.820446730861116,6.820428,6.820428,6.820428,,,,,,34,
19:14:03.754,,,,,,,,1732,1.7,,,,
19:14:04.002,15.804361036209501,0,6.824596337472228,6.824578,6.824578,6.824578,,,,,-0.04659388928266786,31,
19:14:04.239,,,,,,,,1577,1.6,,,,
19:14:04.477,,,,,,,89,,,,,,
19:14:04.718,15.80905401074855,0,6.829766534250005,6.829748,6.829748,6.829748,,,,,-0.11655851632317123,26,
19:14:04.966,,,,,,,,1401,1.4,,,,
19:14:05.201,15.811908076266741,0,6.833121426611116,6.833103,6.833103,6.833103,,,,,-0.13029339643692298,25,
19:14:05.438,,,,,,,,1382,1.4,,,,
19:14:05.675,,,,,,,89,,,,,,
19:14:05.921,15.816153969790546,0,6.83811624119445,6.838098,6.838098,6.838098,,,,,-0.10621390227129857,25,
19:14:06.154,,,,,,,,1384,1.4,,,,
19:14:06.403,15.819309318387438,0,6.841600248416672,6.841582,6.841582,6.841582,,,,,,26,
19:14:06.638,,,,,,,,1384,1.4,,,,
19:14:06.877,,,,,,,89,,,,,,
19:14:07.128,15.824975422237992,0,6.847235883861116,6.847218,6.847218,6.847218,,,,,,28,
19:14:07.356,,,,,,,,1643,1.6,,,,
19:14:07.628,15.829204510388966,0,6.851264955361116,6.851247,6.851247,6.851247,,,,,0.04669543415842072,29,
19:14:07.873,,,,,,,,2006,2,,,,
19:14:08.105,,,,,,,89,,,,,,
19:14:08.344,15.836174885269283,0,6.857432619777783,6.857415,6.857415,6.857415,,,,,0.07013002471904305,31,
19:14:08.588,,,,,,,,2222,2.2,,,,
19:14:08.826,15.841476796153657,0,6.86184809769445,6.86183,6.86183,6.86183,,,,,0.08184130980810703,33,
19:14:09.070,,,,,,,,2152,2.2,,,,
19:14:09.306,,,,,,,89,,,,,,
19:14:09.546,15.849394649115407,0,6.868447237861116,6.868429,6.868429,6.868429,,,,,0.05857212983756849,33,
19:14:09.788,,,,,,,,1551,1.6,,,,
19:14:10.026,15.854672299659205,0,6.872849284777783,6.872831,6.872831,6.872831,,,,,0.04724696221749781,33,
19:14:10.275,,,,,,,,1407,1.4,,,,
19:14:10.517,,,,,,,89,,,,,,
19:14:10.748,15.862598604486635,0,6.879465647277783,6.879447,6.879447,6.879447,,,,,0.023569177398444368,33,
19:14:10.988,,,,,,,,1382,1.4,,,,
19:14:11.227,15.867856420699916,0,6.88385790694445,6.883839,6.883839,6.883839,,,,,0,33,
19:14:11.466,,,,,,,,1386,1.4,,,,
19:14:11.717,,,,,,,89,,,,,,
19:14:11.947,15.875290216372749,0,6.890257941611117,6.890239,6.890239,6.890239,,,,,-0.011796559973943454,32,
19:14:12.186,,,,,,,,1386,1.4,,,,
19:14:12.430,15.880275975701172,0,6.894553676722229,6.894535,6.894535,6.894535,,,,,-0.011781627118323885,32,
19:14:12.669,,,,,,,,1383,1.4,,,,
19:14:12.915,,,,,,,89,,,,,,
19:14:13.148,15.88767654758955,0,6.900934918500006,6.900916,6.900916,6.900916,,,,,-0.011800677400396892,32,
19:14:13.387,,,,,,,,1381,1.4,,,,
19:14:13.629,15.892632012867557,0,6.905211112277784,6.905192,6.905192,6.905192,,,,,-0.01179142581964322,32,
19:14:13.866,,,,,,,,1387,1.4,,,,
19:14:14.121,,,,,,,88,,,,,,
19:14:14.347,15.900481112875285,0,6.911792705611117,6.911774,6.911774,6.911774,,,,,0.01180134211957151,33,
19:14:14.590,,,,,,,,1385,1.4,,,,
19:14:14.831,15.905772989979747,0,6.916233438611117,6.916215,6.916215,6.916215,,,,,0.011795357920852723,33,
19:14:15.068,,,,,,,,1386,1.4,,,,
19:14:15.313,,,,,,,88,,,,,,
19:14:15.548,15.914051519698475,0,6.9230005870555615,6.922982,6.922982,6.922982,,,,,0.023604262649973652,34,
19:14:15.785,,,,,,,,1704,1.7,,,,
19:14:16.042,15.920133725487517,0,6.927854225666673,6.927836,6.927836,6.927836,,,,,0.03521964548213385,35,
19:14:16.298,,,,,,,,1670,1.7,,,,
19:14:16.539,,,,,,,88,,,,,,
19:14:16.782,15.929552854245397,0,6.935206271666673,6.935188,6.935188,6.935188,,,,,0.034891723876889914,36,
19:14:17.026,,,,,,,,1509,1.5,,,,
19:14:17.265,15.935728886682972,0,6.940030684666673,6.940012,6.940012,6.940012,,,,,0.03492320370143251,36,
19:14:17.498,,,,,,,,1457,1.5,,,,
19:14:17.738,,,,,,,88,,,,,,
19:14:17.976,15.944823748878129,0,6.947140553666673,6.947122,6.947122,6.947122,,,,,0.02333376913214917,36,
19:14:18.217,,,,,,,,1445,1.4,,,,
19:14:18.458,15.95098428264749,0,6.951960188666672,6.951942,6.951942,6.951942,,,,,0.011723970492610853,36,
19:14:18.711,,,,,,,,1438,1.4,,,,
19:14:18.937,,,,,,,88,,,,,,
19:14:19.186,15.960746573951173,0,6.959442623638894,6.959424,6.959424,6.959424,,,,,0.01178549237090213,37,
19:14:19.428,,,,,,,,1441,1.4,,,,
19:14:19.656,15.967048856658362,0,6.964276779500006,6.964258,6.964258,6.964258,,,,,0.011844373784219141,37,
19:14:19.904,,,,,,,,1474,1.5,,,,
19:14:20.136,,,,,,,88,,,,,,
19:14:20.374,15.977121873492532,0,6.97185767394445,6.971839,6.971839,6.971839,,,,,0.023619143518430967,38,
19:14:20.630,,,,,,,,1519,1.5,,,,
19:14:20.858,15.984208481380945,0,6.97709762294445,6.977079,6.977079,6.977079,,,,,0.03540279473342026,39,
19:14:21.106,,,,,,,,1527,1.5,,,,
19:14:21.339,,,,,,,88,,,,,,
19:14:21.579,15.994770532561216,0,6.984913360527783,6.984895,6.984895,6.984895,,,,,0.023667189016408106,39,
19:14:21.821,,,,,,,,1762,1.8,,,,
19:14:22.057,16.002057299686932,0,6.990217364972228,6.990199,6.990199,6.990199,,,,,0.035396586286901115,40,
19:14:22.297,,,,,,,,1592,1.6,,,,
19:14:22.548,,,,,,,88,,,,,,
19:14:22.775,16.01301375158012,0,6.998198581638895,6.99818,6.99818,6.99818,,,,,0.023596305873152534,40,
19:14:23.016,,,,,,,,1417,1.4,,,,
19:14:23.264,16.020465915500463,0,7.003631270527784,7.003613,7.003613,7.003613,,,,,0.011772428368145436,40,
19:14:23.505,,,,,,,,1396,1.4,,,,
19:14:23.737,,,,,,,88,,,,,,
19:14:23.976,16.03131309129328,0,7.011544988305562,7.011527,7.011527,7.011527,,,,,0.011817584603589656,40,
19:14:24.223,,,,,,,,1524,1.5,,,,
19:14:24.466,16.03875820401841,0,7.016980827194451,7.016963,7.016963,7.016963,,,,,0,40,
19:14:24.698,,,,,,,,1537,1.5,,,,
19:14:24.943,,,,,,,88,,,,,,
19:14:25.176,16.049109075629342,0,7.024676055861118,7.024658,7.024658,7.024658,,,,,-0.011798718094554614,39,
19:14:25.418,,,,,,,,534,0.5,,,,
19:14:25.669,16.056382307422002,0,7.030087404444451,7.030069,7.030069,7.030069,,,,,-0.011775803882996812,39,
19:14:25.897,,,,,,,,0,0,,,,
19:14:26.140,,,,,,,88,,,,,,
19:14:26.377,16.066143060418202,0,7.03749137933334,7.037473,7.037473,7.037473,,,,,-0.023599594902000344,38,
19:14:26.619,,,,,,,,0,0,,,,
19:14:26.869,16.0732973881304,0,7.0428222492500065,7.042804,7.042804,7.042804,,,,,,39,
19:14:27.097,,,,,,,,0,0,,,,
19:14:27.337,,,,,,,88,,,,,,
19:14:27.580,16.083632574672688,0,7.05052913458334,7.050511,7.050511,7.050511,,,,,,39,
19:14:27.797,,,,,,,,0,0,,,,
19:14:28.061,16.090617236998863,0,7.055741492166673,7.055723,7.055723,7.055723,,,,,,39,
19:14:28.298,,,,,,,,0,0,,,,
19:14:28.571,,,,,,,88,,,,,,
19:14:28.810,16.101489258429666,0,7.0638611480833395,7.063843,7.063843,7.063843,,,,,0.011639288452196491,39,
19:14:29.048,,,,,,,,0,0,,,,
19:14:29.320,16.108882587683837,0,7.06938718483334,7.069369,7.069369,7.069369,,,,,0,39,
19:14:29.559,,,,,,,,0,0,,,,
19:14:29.834,,,,,,,88,,,,,,
19:14:30.068,16.119714759857498,0,7.077489984083339,7.077472,7.077472,7.077472,,,,,0,39,
19:14:30.313,,,,,,,,0,0,,,,
19:14:30.582,16.127153638968228,0,7.0830589403333395,7.083041,7.083041,7.083041,,,,,0,39,
19:14:30.821,,,,,,,,0,0,,,,
19:14:31.091,,,,,,,87,,,,,,
19:14:31.327,16.13798362879738,0,7.091173057166673,7.091155,7.091155,7.091155,,,,,0,39,
19:14:31.570,,,,,,,,0,0,,,,
19:14:31.810,16.144894841156567,0,7.096355141000006,7.096337,7.096337,7.096337,,,,,0,39,
19:14:32.050,,,,,,,,0,0,,,,
19:14:32.289,,,,,,,87,,,,,,
19:14:32.531,16.155308503328698,0,7.104169312083339,7.104151,7.104151,7.104151,,,,,0,39,
19:14:32.771,,,,,,,,0,0,,,,
19:14:33.042,16.162361672667753,0,7.1095664098611175,7.109548,7.109548,7.109548,,,,,-0.011514615263896359,38,
19:14:33.280,,,,,,,,0,0,,,,
19:14:33.548,,,,,,,86,,,,,,
19:14:33.788,16.17262815630234,0,7.117428575027784,7.11741,7.11741,7.11741,,,,,-0.011511884184645008,38,
19:14:34.024,,,,,,,,0,0,,,,
19:14:34.277,16.179370791862144,0,7.122596170750006,7.122578,7.122578,7.122578,,,,,-0.011481682320216336,38,
19:14:34.506,,,,,,,,0,0,,,,
19:14:34.748,,,,,,,86,,,,,,
19:14:35.013,16.189506147837037,0,7.130369978527783,7.130352,7.130352,7.130352,,,,,-0.011411540318515706,38,
19:14:35.261,,,,,,,,0,0,,,,
19:14:35.531,16.19663039222068,0,7.135838592305561,7.135821,7.135821,7.135821,,,,,0,38,
19:14:35.770,,,,,,,,0,0,,,,
19:14:36.043,,,,,,,86,,,,,,
19:14:36.278,16.20689449664956,0,7.143723668305561,7.143706,7.143706,7.143706,,,,,0,38,
19:14:36.521,,,,,,,,0,0,,,,
19:14:36.791,16.213930463799496,0,7.149133121361117,7.149115,7.149115,7.149115,,,,,0,38,
19:14:37.026,,,,,,,,0,0,,,,
19:14:37.299,,,,,,,86,,,,,,
19:14:37.544,16.22425849862152,0,7.157079942083339,7.157062,7.157062,7.157062,,,,,0,38,
19:14:37.779,,,,,,,,0,0,,,,
19:14:38.052,16.231223873301897,0,7.162443649472228,7.162426,7.162426,7.162426,,,,,0,38,
19:14:38.290,,,,,,,,0,0,,,,
19:14:38.560,,,,,,,85,,,,,,
19:14:38.799,16.24144488157521,0,7.170320583972227,7.170303,7.170303,7.170303,,,,,0,38,
19:14:39.044,,,,,,,,0,0,,,,
19:14:39.277,16.24799506814472,0,7.175372450694449,7.175355,7.175355,7.175355,,,,,0,38,
19:14:39.516,,,,,,,,0,0,,,,
19:14:39.757,,,,,,,85,,,,,,
19:14:39.999,16.25786728226948,0,7.1829922001388935,7.182975,7.182975,7.182975,,,,,0,38,
19:14:40.240,,,,,,,,0,0,,,,
19:14:40.514,16.264910791254007,0,7.188432878638894,7.188416,7.188416,7.188416,,,,,0,38,
19:14:40.750,,,,,,,,0,0,,,,
19:14:41.020,,,,,,,85,,,,,,
19:14:41.260,16.27509149156928,0,7.196303079750005,7.196286,7.196286,7.196286,,,,,0,38,
19:14:41.497,,,,,,,,0,0,,,,
19:14:41.771,16.282066009889842,0,7.201698997416671,7.201682,7.201682,7.201682,,,,,0,38,
19:14:42.012,,,,,,,,0,0,,,,
19:14:42.282,,,,,,,85,,,,,,
19:14:42.521,16.291821889894518,0,7.2094089505277825,7.209392,7.209392,7.209392,,,,,-0.011229918978363614,37,
19:14:42.760,,,,,,,,0,0,,,,
19:14:43.029,16.298424211426852,0,7.21463080780556,7.214614,7.214614,7.214614,,,,,-0.01126267616831678,37,
19:14:43.270,,,,,,,,0,0,,,,
19:14:43.538,,,,,,,85,,,,,,
19:14:43.783,16.307741724713075,0,7.22217087980556,7.222154,7.222154,7.222154,,,,,-0.022450290228693694,36,
19:14:44.019,,,,,,,,0,0,,,,
19:14:44.294,16.313726355612815,0,7.2271351641111155,7.227118,7.227118,7.227118,,,,,-0.03368192908372936,35,
19:14:44.530,,,,,,,,0,0,,,,
19:14:44.799,,,,,,,85,,,,,,
19:14:45.041,16.32154693773085,0,7.233990208277782,7.233973,7.233973,7.233973,,,,,-0.04494988046695401,33,
19:14:45.280,,,,,,,,0,0,,,,
19:14:45.549,16.326211526476634,0,7.23835787405556,7.238341,7.238341,7.238341,,,,,-0.06744815946760974,31,
19:14:45.790,,,,,,,,0,0,,,,
19:14:46.059,,,,,,,84,,,,,,
19:14:46.301,16.332177073670138,0,7.24441268980556,7.244396,7.244396,7.244396,,,,,-0.07875071655895644,29,
19:14:46.542,,,,,,,,0,0,,,,
19:14:46.784,16.33541409630402,0,7.24804785880556,7.248031,7.248031,7.248031,,,,,-0.0909826296541017,27,
19:14:47.027,,,,,,,,0,0,,,,
19:14:47.262,,,,,,,84,,,,,,
19:14:47.498,16.340173661361874,0,7.25339684905556,7.25338,7.25338,7.25338,,,,,-0.06917892502055412,27,
19:14:47.740,,,,,,,,0,0,,,,
19:14:48.010,16.343583388190225,0,7.257231774555559,7.257215,7.257215,7.257215,,,,,-0.04604304197762004,27,
19:14:48.251,,,,,,,,0,0,,,,
19:14:48.521,,,,,,,84,,,,,,
19:14:48.762,16.348127079288627,0,7.262666708388893,7.26265,7.26265,7.26265,,,,,-0.03452610102543999,26,
19:14:49.004,,,,,,,,0,0,,,,
19:14:49.272,16.351206283142346,0,7.266352806388893,7.266336,7.266336,7.266336,,,,,-0.01138399547834407,26,
19:14:49.511,,,,,,,,0,0,,,,
19:14:49.813,,,,,,,83,,,,,,
19:14:50.050,16.35541877402657,0,7.271766600138893,7.27175,7.27175,7.27175,,,,,-0.022204070198471062,25,
19:14:50.298,,,,,,,,0,0,,,,
19:14:50.558,16.358146100051883,0,7.275274509861115,7.275258,7.275258,7.275258,,,,,-0.0222325194624643,25,
19:14:50.797,,,,,,,,0,0,,,,
19:14:51.041,,,,,,,83,,,,,,
19:14:51.284,16.362066140185664,0,7.280320378611115,7.280304,7.280304,7.280304,,,,,-0.011231417794960993,25,
19:14:51.521,,,,,,,,0,0,,,,
19:14:51.789,16.365102113936818,0,7.283965706444448,7.283949,7.283949,7.283949,,,,,,26,
19:14:52.028,,,,,,,,1611,1.6,,,,
19:14:52.296,,,,,,,83,,,,,,
19:14:52.549,16.371088779715805,0,7.290084506666671,7.290068,7.290068,7.290068,,,,,0.045338326355687256,29,
19:14:52.777,,,,,,,,1931,1.9,,,,
19:14:53.017,16.375363202801765,0,7.29411918680556,7.294103,7.294103,7.294103,,,,,0.06909952298017134,31,
19:14:53.259,,,,,,,,2225,2.2,,,,
19:14:53.499,,,,,,,84,,,,,,
19:14:53.742,16.383323445842443,0,7.300962448972227,7.300946,7.300946,7.300946,,,,,0.10372499272379558,34,
19:14:53.979,,,,,,,,2668,2.7,,,,
19:14:54.224,16.388934512586996,0,7.305664857444449,7.305648,7.305648,7.305648,,,,,0.10468449485775272,35,
19:14:54.470,,,,,,,,2242,2.2,,,,
19:14:54.697,,,,,,,85,,,,,,
19:14:54.936,16.398590909268265,0,7.31323711955556,7.31322,7.31322,7.31322,,,,,0.10680197113461337,38,
19:14:55.180,,,,,,,,2400,2.4,,,,
19:14:55.416,16.405254899797026,0,7.31836685130556,7.31835,7.31835,7.31835,,,,,0.09445220214516635,39,
19:14:55.664,,,,,,,,2357,2.4,,,,
19:14:55.897,,,,,,,85,,,,,,
19:14:56.138,16.416376563482594,0,7.32664129705556,7.326624,7.326624,7.326624,,,,,0.0827379836745296,41,
19:14:56.387,,,,,,,,2632,2.6,,,,
19:14:56.626,16.424383388118216,0,7.332423229944449,7.332406,7.332406,7.332406,,,,,0.09434280369197742,43,
19:14:56.870,,,,,,,,2931,2.9,,,,
19:14:57.098,,,,,,,86,,,,,,
19:14:57.336,16.437874918773236,0,7.341685852861115,7.341669,7.341669,7.341669,,,,,0.10618351795781095,47,
19:14:57.590,,,,,,,,3075,3.1,,,,
19:14:57.820,16.4473618100888,0,7.348131694194448,7.348115,7.348115,7.348115,,,,,0.10606453724019159,48,
19:14:58.055,,,,,,,,2108,2.1,,,,
19:14:58.299,,,,,,,86,,,,,,
19:14:58.546,16.460714981295848,0,7.357421849083337,7.357405,7.357405,7.357405,,,,,,46,
19:14:58.780,,,,,,,,0,0,,,,
19:14:59.018,16.46907761218213,0,7.363317294083338,7.3633,7.3633,7.3633,,,,,,45,
19:14:59.265,,,,,,,,0,0,,,,
19:14:59.499,,,,,,,86,,,,,,
19:14:59.738,16.48047897798062,0,7.371706829083338,7.37169,7.37169,7.37169,,,,,-0.058980780755480064,42,
19:14:59.981,,,,,,,,0,0,,,,
19:15:00.218,16.487500091338976,0,7.3770495857500045,7.377033,7.377033,7.377033,,,,,-0.0944721114439612,40,
19:15:00.464,,,,,,,,0,0,,,,
19:15:00.701,,,,,,,87,,,,,,
19:15:00.940,16.496682284145297,0,7.38446357380556,7.384447,7.384447,7.384447,,,,,-0.10650241286512904,37,
19:15:01.183,,,,,,,,0,0,,,,
19:15:01.417,16.502747198051427,0,7.389364216611115,7.389348,7.389348,7.389348,,,,,-0.09449395201784501,37,
19:15:01.656,,,,,,,,0,0,,,,
19:15:01.898,,,,,,,87,,,,,,
19:15:02.142,16.511521341162204,0,7.396621600611115,7.396605,7.396605,7.396605,,,,,-0.07068886006323341,36,
19:15:02.380,,,,,,,,0,0,,,,
19:15:02.651,16.51798425845335,0,7.401851627694448,7.401835,7.401835,7.401835,,,,,,37,
19:15:02.892,,,,,,,,0,0,,,,
19:15:03.160,,,,,,,86,,,,,,
19:15:03.396,16.52797770556986,0,7.409776810583337,7.40976,7.40976,7.40976,,,,,,38,
19:15:03.640,,,,,,,,1477,1.5,,,,
19:15:03.877,16.53429482300083,0,7.414790331083338,7.414774,7.414774,7.414774,,,,,,38,
19:15:04.123,,,,,,,,1536,1.5,,,,
19:15:04.364,,,,,,,86,,,,,,
19:15:04.597,16.543948298455977,0,7.4224574232500045,7.422441,7.422441,7.422441,,,,,0.023070348997313427,38,
19:15:04.847,,,,,,,,1535,1.5,,,,
19:15:05.076,16.550230251234055,0,7.42745045330556,7.427434,7.427434,7.427434,,,,,0.01167719171755753,38,
19:15:05.320,,,,,,,,1535,1.5,,,,
19:15:05.556,,,,,,,86,,,,,,
19:15:05.795,16.560211446588518,0,7.43523555205556,7.435219,7.435219,7.435219,,,,,0.011807504167783868,39,
19:15:06.045,,,,,,,,1747,1.7,,,,
19:15:06.277,16.567200905371323,0,7.440592386500004,7.440576,7.440576,7.440576,,,,,0.023603762059443627,40,
19:15:06.517,,,,,,,,1837,1.8,,,,
19:15:06.765,,,,,,,86,,,,,,
19:15:06.998,16.578087882137446,0,7.44880100105556,7.448785,7.448785,7.448785,,,,,0.035400227033384836,41,
19:15:07.241,,,,,,,,2015,2,,,,
19:15:07.476,16.58559910685593,0,7.45437840505556,7.454362,7.454362,7.454362,,,,,0.04721790581289939,42,
19:15:07.716,,,,,,,,2020,2,,,,
19:15:07.970,,,,,,,86,,,,,,
19:15:08.198,16.59738008521634,0,7.463001895000004,7.462985,7.462985,7.462985,,,,,0.047152141828887245,43,
19:15:08.439,,,,,,,,1880,1.9,,,,
19:15:08.678,16.60550063410185,0,7.468866634222226,7.46885,7.46885,7.46885,,,,,0.04719640579965542,44,
19:15:08.917,,,,,,,,2086,2.1,,,,
19:15:09.169,,,,,,,86,,,,,,
19:15:09.396,16.61808921340154,0,7.477844029222226,7.477827,7.477827,7.477827,,,,,0.04724648149286835,45,
19:15:09.636,,,,,,,,2003,2,,,,
19:15:09.889,16.627138670387115,0,7.484221220055559,7.484204,7.484204,7.484204,,,,,0.04695404132022223,46,
19:15:10.116,,,,,,,,1303,1.3,,,,
19:15:10.362,,,,,,,86,,,,,,
19:15:10.598,16.639439129879065,0,7.493006348805559,7.492989,7.492989,7.492989,,,,,,45,
19:15:10.836,,,,,,,,0,0,,,,
19:15:11.088,16.64770529489688,0,7.498994329583336,7.498977,7.498977,7.498977,,,,,,44,
19:15:11.315,,,,,,,,0,0,,,,
19:15:11.557,,,,,,,86,,,,,,
19:15:11.808,16.65939822062909,0,7.507592669305558,7.507575,7.507575,7.507575,,,,,-0.023490226778464282,43,
19:15:12.042,,,,,,,,0,0,,,,
19:15:12.279,16.66710533749712,0,7.51326423791667,7.513247,7.513247,7.513247,,,,,-0.0355604712284871,43,
19:15:12.516,,,,,,,,0,0,,,,
19:15:12.760,,,,,,,86,,,,,,
19:15:13.000,16.67875073056693,0,7.521840234361115,7.521823,7.521823,7.521823,,,,,-0.023584363578676486,43,
19:15:13.241,,,,,,,,0,0,,,,
19:15:13.511,16.687037670115902,0,7.527947593638892,7.52793,7.52793,7.52793,,,,,-0.011688111735209084,43,
19:15:13.749,,,,,,,,0,0,,,,
19:15:14.019,,,,,,,86,,,,,,
19:15:14.265,16.698320301222047,0,7.536534867111114,7.536517,7.536517,7.536517,,,,,-0.0230513086388079,41,
19:15:14.503,,,,,,,,0,0,,,,
19:15:14.771,16.70432206859921,0,7.5415886961111145,7.541571,7.541571,7.541571,,,,,-0.07956495226840318,36,
19:15:15.012,,,,,,,,0,0,,,,
19:15:15.281,,,,,,,86,,,,,,
19:15:15.521,16.710916274563406,0,7.5480475254444475,7.54803,7.54803,7.54803,,,,,-0.13484179362915621,31,
19:15:15.762,,,,,,,,0,0,,,,
19:15:16.029,16.715380112005672,0,7.552423106555558,7.552406,7.552406,7.552406,,,,,-0.13501037101720817,31,
19:15:16.271,,,,,,,,0,0,,,,
19:15:16.541,,,,,,,86,,,,,,
19:15:16.781,16.722907374968553,0,7.559318264972225,7.559301,7.559301,7.559301,,,,,,33,
19:15:17.021,,,,,,,,1784,1.8,,,,
19:15:17.297,16.728765558774803,0,7.564390904416669,7.564374,7.564374,7.564374,,,,,,35,
19:15:17.527,,,,,,,,2072,2.1,,,,
19:15:17.779,,,,,,,86,,,,,,
19:15:18.006,16.737944378921206,0,7.571808707083336,7.571792,7.571792,7.571792,,,,,0.07977848530414787,38,
19:15:18.245,,,,,,,,2519,2.5,,,,
19:15:18.498,16.745049411986088,0,7.5773372181944465,7.577321,7.577321,7.577321,,,,,0.10325397788084531,40,
19:15:18.725,,,,,,,,2808,2.8,,,,
19:15:18.973,,,,,,,85,,,,,,
19:15:19.208,16.756836257546606,0,7.585951576083335,7.585935,7.585935,7.585935,,,,,0.12836087528200346,44,
19:15:19.447,,,,,,,,3246,3.2,,,,
19:15:19.693,16.76581752297021,0,7.592272130861113,7.592256,7.592256,7.592256,,,,,0.1418790871822385,47,
19:15:19.927,,,,,,,,3503,3.5,,,,
19:15:20.170,,,,,,,85,,,,,,
19:15:20.407,16.78081872709307,0,7.6023966338611135,7.602381,7.602381,7.602381,,,,,0.1533553882354347,51,
19:15:20.646,,,,,,,,3750,3.8,,,,
19:15:20.890,16.79183857456826,0,7.6096421363611135,7.609627,7.609627,7.609627,,,,,0.16575144526942204,54,
19:15:21.126,,,,,,,,3650,3.6,,,,
19:15:21.370,,,,,,,85,,,,,,
19:15:21.607,16.80994397369864,0,7.621195533361114,7.62118,7.62118,7.62118,,,,,0.16530341836322002,58,
19:15:21.846,,,,,,,,4044,4,,,,
19:15:22.091,16.822467079646852,0,7.6291377134722245,7.629122,7.629122,7.629122,,,,,0.1417088642992544,59,
19:15:22.327,,,,,,,,3411,3.4,,,,
19:15:22.569,,,,,,,85,,,,,,
19:15:22.818,16.842092822625364,0,7.641432846361114,7.641417,7.641417,7.641417,,,,,0.11751612719012354,61,
19:15:23.049,,,,,,,,2620,2.6,,,,
19:15:23.294,16.854967502209373,0,7.649504512083336,7.649489,7.649489,7.649489,,,,,0.08248994161809682,61,
19:15:23.535,,,,,,,,1889,1.9,,,,
19:15:23.767,,,,,,,86,,,,,,
19:15:24.014,16.873521415757416,0,7.661297877861114,7.661282,7.661282,7.661282,,,,,,59,
19:15:24.256,,,,,,,,1429,1.4,,,,
19:15:24.488,16.885447480945807,0,7.668936696972225,7.668921,7.668921,7.668921,,,,,-0.011819149221093108,58,
19:15:24.732,,,,,,,,0,0,,,,
19:15:24.967,,,,,,,86,,,,,,
19:15:25.215,16.90238651742306,0,7.680043170861114,7.680027,7.680027,7.680027,,,,,-0.07090010334813293,55,
19:15:25.457,,,,,,,,0,0,,,,
19:15:25.688,16.912836216969428,0,7.6870165383888915,7.687,7.687,7.687,,,,,-0.09463934791100705,53,
19:15:25.931,,,,,,,,0,0,,,,
19:15:26.168,,,,,,,86,,,,,,
19:15:26.406,16.927347831063134,0,7.696987982833336,7.696971,7.696971,7.696971,,,,,-0.10654510398059307,50,
19:15:26.650,,,,,,,,0,0,,,,
19:15:26.920,16.937104203056332,0,7.703843173500002,7.703826,7.703826,7.703826,,,,,-0.11646242870977513,48,
19:15:27.163,,,,,,,,0,0,,,,
19:15:27.428,,,,,,,86,,,,,,
19:15:27.673,16.951386255743596,0,7.713886045500002,7.713869,7.713869,7.713869,,,,,-0.08065144608905626,48,
19:15:27.911,,,,,,,,0,0,,,,
19:15:28.181,16.961018467408234,0,7.720664454833335,7.720647,7.720647,7.720647,,,,,-0.05680599016309971,48,
19:15:28.422,,,,,,,,0,0,,,,
19:15:28.689,,,,,,,86,,,,,,
19:15:28.930,16.975203200593196,0,7.730654241500002,7.730637,7.730637,7.730637,,,,,-0.02244361244780052,48,
19:15:29.172,,,,,,,,1346,1.3,,,,
19:15:29.439,16.985114515944794,0,7.737562629000002,7.737545,7.737545,7.737545,,,,,0.011245153291134279,49,
19:15:29.676,,,,,,,,1782,1.8,,,,
19:15:29.930,,,,,,,86,,,,,,
19:15:30.156,16.999546659129038,0,7.747523942888891,7.747506,7.747506,7.747506,,,,,0.02281660750392096,50,
19:15:30.401,,,,,,,,1998,2,,,,
19:15:30.638,17.009247947205782,0,7.754224837333335,7.754207,7.754207,7.754207,,,,,0.023057227748428125,50,
19:15:30.886,,,,,,,,1967,2,,,,
19:15:31.121,,,,,,,86,,,,,,
19:15:31.356,17.024096734887863,0,7.764386000833335,7.764368,7.764368,7.764368,,,,,0.03503705522778528,51,
19:15:31.599,,,,,,,,1899,1.9,,,,
19:15:31.848,17.03429036212291,0,7.771366737750002,7.771349,7.771349,7.771349,,,,,0.023509461866805026,51,
19:15:32.075,,,,,,,,1732,1.7,,,,
19:15:32.321,,,,,,,86,,,,,,
19:15:32.559,17.04897720031057,0,7.7814318583333355,7.781414,7.781414,7.781414,,,,,0.011787592974539,51,
19:15:32.799,,,,,,,,1448,1.4,,,,
19:15:33.042,17.058947547971567,0,7.788269657833336,7.788252,7.788252,7.788252,,,,,0.011786795902753515,51,
19:15:33.277,,,,,,,,1545,1.5,,,,
19:15:33.519,,,,,,,86,,,,,,
19:15:33.764,17.073853164965485,0,7.798499627416669,7.798482,7.798482,7.798482,,,,,0,51,
19:15:33.996,,,,,,,,0,0,,,,
19:15:34.240,17.083703520290772,0,7.805265022500003,7.805247,7.805247,7.805247,,,,,0,51,
19:15:34.477,,,,,,,,0,0,,,,
19:15:34.717,,,,,,,86,,,,,,
19:15:34.961,17.098540051406577,0,7.815462430000003,7.815444,7.815444,7.815444,,,,,0,51,
19:15:35.196,,,,,,,,0,0,,,,
19:15:35.444,17.10819329208652,0,7.822169781388892,7.822151,7.822151,7.822151,,,,,-0.01179035093874177,50,
19:15:35.678,,,,,,,,0,0,,,,
19:15:35.918,,,,,,,86,,,,,,
19:15:36.163,17.122570949906912,0,7.832167096666669,7.832148,7.832148,7.832148,,,,,-0.0118050412332169,50,
19:15:36.404,,,,,,,,0,0,,,,
19:15:36.674,17.132455025767335,0,7.839118884555559,7.8391,7.8391,7.8391,,,,,-0.02327379228645085,49,
19:15:36.911,,,,,,,,0,0,,,,
19:15:37.181,,,,,,,86,,,,,,
19:15:37.423,17.144662703952715,0,7.848270605888892,7.848252,7.848252,7.848252,,,,,-0.08054538709592464,44,
19:15:37.658,,,,,,,,0,0,,,,
19:15:37.931,17.151397805062683,0,7.853773993388892,7.853755,7.853755,7.853755,,,,,-0.12529494218427667,39,
19:15:38.172,,,,,,,,0,0,,,,
19:15:38.444,,,,,,,86,,,,,,
19:15:38.683,17.15999662850578,0,7.861297831388892,7.861279,7.861279,7.861279,,,,,-0.15736441866983053,36,
19:15:38.921,,,,,,,,0,0,,,,
19:15:39.192,17.165495498817336,0,7.866241593055559,7.866223,7.866223,7.866223,,,,,-0.1575166980921705,35,
19:15:39.432,,,,,,,,0,0,,,,
19:15:39.700,,,,,,,86,,,,,,
19:15:39.941,17.173589294452775,0,7.873523871944448,7.873505,7.873505,7.873505,,,,,-0.10124483323750076,35,
19:15:40.181,,,,,,,,983,1,,,,
19:15:40.452,17.17940929637658,0,7.878627751944448,7.878609,7.878609,7.878609,,,,,,36,
19:15:40.686,,,,,,,,1793,1.8,,,,
19:15:40.934,,,,,,,86,,,,,,
19:15:41.169,17.188455868699897,0,7.886203154333336,7.886184,7.886184,7.886184,,,,,,38,
19:15:41.406,,,,,,,,2014,2,,,,
19:15:41.657,17.194892125745564,0,7.891484819250003,7.891466,7.891466,7.891466,,,,,0.04596084483938179,39,
19:15:41.885,,,,,,,,2113,2.1,,,,
19:15:42.136,,,,,,,86,,,,,,
19:15:42.378,17.205275017883967,0,7.899695530500003,7.899677,7.899677,7.899677,,,,,0.0697360098690736,41,
19:15:42.608,,,,,,,,2067,2.1,,,,
19:15:42.850,17.212380295140264,0,7.905223227500003,7.905205,7.905205,7.905205,,,,,0.07086773046062961,42,
19:15:43.088,,,,,,,,1985,2,,,,
19:15:43.329,,,,,,,86,,,,,,
19:15:43.570,17.223578629957032,0,7.9138029350833365,7.913785,7.913785,7.913785,,,,,0.05899676305164273,43,
19:15:43.809,,,,,,,,1967,2,,,,
19:15:44.049,17.231366768749613,0,7.9196848941944475,7.919667,7.919667,7.919667,,,,,0.05919760290929075,44,
19:15:44.287,,,,,,,,1957,2,,,,
19:15:44.536,,,,,,,86,,,,,,
19:15:44.772,17.243457277677606,0,7.928693962944448,7.928676,7.928676,7.928676,,,,,0.04732611550203544,45,
19:15:45.008,,,,,,,,1997,2,,,,
19:15:45.246,17.25169523473826,0,7.934754937000004,7.934737,7.934737,7.934737,,,,,0.04727925422731239,46,
19:15:45.491,,,,,,,,1985,2,,,,
19:15:45.726,,,,,,,86,,,,,,
19:15:45.974,17.264767326373082,0,7.944258212972226,7.94424,7.94424,7.94424,,,,,0.047126004715017836,47,
19:15:46.208,,,,,,,,1982,2,,,,
19:15:46.450,17.27368211027625,0,7.9506663849722266,7.950648,7.950648,7.950648,,,,,0.04720215701762102,48,
19:15:46.697,,,,,,,,1976,2,,,,
19:15:46.931,,,,,,,86,,,,,,
19:15:47.173,17.287437420265892,0,7.960448972277782,7.960431,7.960431,7.960431,,,,,0.04717787380489667,49,
19:15:47.409,,,,,,,,1932,1.9,,,,
19:15:47.656,17.296685745730137,0,7.967031026583338,7.967013,7.967013,7.967013,,,,,0.035262346057354364,49,
19:15:47.892,,,,,,,,1871,1.9,,,,
19:15:48.134,,,,,,,86,,,,,,
19:15:48.366,17.31065503715694,0,7.976872764083338,7.976855,7.976855,7.976855,,,,,0.035532335366847814,50,
19:15:48.607,,,,,,,,1833,1.8,,,,
19:15:48.856,17.320641760697136,0,7.983841412583338,7.983824,7.983824,7.983824,,,,,0.035308585935740364,51,
19:15:49.094,,,,,,,,1824,1.8,,,,
19:15:49.329,,,,,,,87,,,,,,
19:15:49.567,17.335033997887773,0,7.993891462666672,7.993874,7.993874,7.993874,,,,,0.02366846160620694,51,
19:15:49.813,,,,,,,,1700,1.7,,,,
19:15:50.046,17.345031846899996,0,8.000809421333338,8.000792,8.000792,8.000792,,,,,0.03555734348270054,52,
19:15:50.294,,,,,,,,1609,1.6,,,,
19:15:50.528,,,,,,,87,,,,,,
19:15:50.766,17.36005018317595,0,8.011208784333338,8.011191,8.011191,8.011191,,,,,0.023602537718253765,52,
19:15:51.012,,,,,,,,1510,1.5,,,,
19:15:51.246,17.370060243786924,0,8.01814520444445,8.018127,8.018127,8.018127,,,,,0.011852846586054925,52,
19:15:51.485,,,,,,,,1485,1.5,,,,
19:15:51.738,,,,,,,87,,,,,,
19:15:51.967,17.385072736006205,0,8.028555553888895,8.028537,8.028537,8.028537,,,,,0.011803257047306665,52,
19:15:52.211,,,,,,,,1422,1.4,,,,
19:15:52.446,17.395052003012395,0,8.035480632222228,8.035462,8.035462,8.035462,,,,,0,52,
19:15:52.687,,,,,,,,1558,1.6,,,,
19:15:52.956,,,,,,,87,,,,,,
19:15:53.199,17.410716860786184,0,8.046359266222229,8.046341,8.046341,8.046341,,,,,0,52,
19:15:53.436,,,,,,,,1496,1.5,,,,
19:15:53.683,17.42047798369047,0,8.05321064872223,8.053192,8.053192,8.053192,,,,,-0.011623709018561324,51,
19:15:53.915,,,,,,,,0,0,,,,
19:15:54.156,,,,,,,88,,,,,,
19:15:54.401,17.434954357239523,0,8.063379027305563,8.06336,8.06336,8.06336,,,,,-0.011637620952503078,51,
19:15:54.638,,,,,,,,0,0,,,,
19:15:54.883,17.444681679257858,0,8.07021654347223,8.070198,8.070198,8.070198,,,,,-0.011622259615486377,51,
19:15:55.126,,,,,,,,0,0,,,,
19:15:55.357,,,,,,,88,,,,,,
19:15:55.601,17.458709346670663,0,8.080187637916675,8.080169,8.080169,8.080169,,,,,-0.02358525512470345,50,
19:15:55.843,,,,,,,,0,0,,,,
19:15:56.110,17.46865725187433,0,8.087263982361119,8.087245,8.087245,8.087245,,,,,-0.011669429119798333,50,
19:15:56.351,,,,,,,,0,0,,,,
19:15:56.623,,,,,,,88,,,,,,
19:15:56.860,17.482832418239678,0,8.097466777333342,8.097448,8.097448,8.097448,,,,,-0.023037000502941177,49,
19:15:57.100,,,,,,,,0,0,,,,
19:15:57.373,17.492528390083315,0,8.104450890250009,8.104432,8.104432,8.104432,,,,,-0.02275489321677819,49,
19:15:57.612,,,,,,,,0,0,,,,
19:15:57.880,,,,,,,87,,,,,,
19:15:58.124,17.506255802907813,0,8.114462183583342,8.114443,8.114443,8.114443,,,,,-0.02245396167635244,48,
19:15:58.355,,,,,,,,0,0,,,,
19:15:58.597,17.514895687794542,0,8.120767806250008,8.120749,8.120749,8.120749,,,,,-0.022779340428149098,48,
19:15:58.842,,,,,,,,0,0,,,,
19:15:59.079,,,,,,,87,,,,,,
19:15:59.319,17.52808896985977,0,8.130403520916675,8.130385,8.130385,8.130385,,,,,-0.011516457461666768,48,
19:15:59.558,,,,,,,,0,0,,,,
19:15:59.829,17.537392844618292,0,8.137203624916674,8.137185,8.137185,8.137185,,,,,-0.011530969844580472,48,
19:16:00.072,,,,,,,,0,0,,,,
19:16:00.342,,,,,,,87,,,,,,
19:16:00.582,17.551105734155982,0,8.14723380758334,8.147215,8.147215,8.147215,,,,,0,48,
19:16:00.820,,,,,,,,0,0,,,,
19:16:01.092,17.56039419540655,0,8.154032911583341,8.154014,8.154014,8.154014,,,,,0,48,
19:16:01.331,,,,,,,,0,0,,,,
19:16:01.602,,,,,,,86,,,,,,
19:16:01.850,17.574304233931052,0,8.164222748916675,8.164204,8.164204,8.164204,,,,,0,48,
19:16:02.086,,,,,,,,0,0,,,,
19:16:02.318,17.582812098656337,0,8.170459802250008,8.170441,8.170441,8.170441,,,,,0,48,
19:16:02.561,,,,,,,,0,0,,,,
19:16:02.800,,,,,,,86,,,,,,
19:16:03.042,17.59544347842008,0,8.179841732055564,8.179823,8.179823,8.179823,,,,,-0.011511908981283177,47,
19:16:03.283,,,,,,,,0,0,,,,
19:16:03.552,17.604097093601027,0,8.186358682388898,8.18634,8.18634,8.18634,,,,,-0.023022352711708004,46,
19:16:03.787,,,,,,,,0,0,,,,
19:16:04.061,,,,,,,86,,,,,,
19:16:04.300,17.61632051379587,0,8.195699619888897,8.195681,8.195681,8.195681,,,,,-0.03469672141570254,45,
19:16:04.542,,,,,,,,0,0,,,,
19:16:04.810,17.624048044390587,0,8.201791588750009,8.201773,8.201773,8.201773,,,,,-0.05684078532207436,43,
19:16:05.048,,,,,,,,0,0,,,,
19:16:05.321,,,,,,,86,,,,,,
19:16:05.561,17.63452681762297,0,8.210348613333343,8.21033,8.21033,8.21033,,,,,-0.06747632556135996,41,
19:16:05.800,,,,,,,,0,0,,,,
19:16:06.071,17.641324777673947,0,8.21601088000001,8.215992,8.215992,8.215992,,,,,-0.06748895143135776,40,
19:16:06.311,,,,,,,,0,0,,,,
19:16:06.581,,,,,,,86,,,,,,
19:16:06.821,17.650430500934732,0,8.223929921666675,8.223911,8.223911,8.223911,,,,,-0.07864346162785076,38,
19:16:07.059,,,,,,,,0,0,,,,
19:16:07.332,17.656320350479703,0,8.22917909522223,8.22916,8.22916,8.22916,,,,,-0.06738971188312452,37,
19:16:07.571,,,,,,,,0,0,,,,
19:16:07.841,,,,,,,85,,,,,,
19:16:08.084,17.664094401999222,0,8.23649427897223,8.236475,8.236475,8.236475,,,,,-0.06734880489691855,35,
19:16:08.316,,,,,,,,0,0,,,,
19:16:08.556,17.668681878146106,0,8.240947584805564,8.240928,8.240928,8.240928,,,,,-0.0683801996794764,34,
19:16:08.800,,,,,,,,0,0,,,,
19:16:09.038,,,,,,,85,,,,,,
19:16:09.277,17.6752673765803,0,8.24756186647223,8.247542,8.247542,8.247542,,,,,-0.05765167851439453,33,
19:16:09.516,,,,,,,,0,0,,,,
19:16:09.790,17.679335574488906,0,8.251979579166674,8.25196,8.25196,8.25196,,,,,-0.06912800572921038,31,
19:16:10.028,,,,,,,,0,0,,,,
19:16:10.300,,,,,,,85,,,,,,
19:16:10.538,17.683924588451717,0,8.257793312500008,8.257774,8.257774,8.257774,,,,,-0.08082794238525287,28,
19:16:10.781,,,,,,,,0,0,,,,
19:16:11.051,17.68646410109198,0,8.261502026166674,8.261483,8.261483,8.261483,,,,,-0.09082004057979462,26,
19:16:11.291,,,,,,,,0,0,,,,
19:16:11.559,,,,,,,85,,,,,,
19:16:11.800,17.68838535359842,0,8.266081179500008,8.266062,8.266062,8.266062,,,,,-0.12349872272680769,22,
19:16:12.039,,,,,,,,0,0,,,,
19:16:12.313,17.68909007680906,0,8.268931390611119,8.268912,8.268912,8.268912,,,,,-0.12348078015130305,20,
19:16:12.550,,,,,,,,0,0,,,,
19:16:12.778,,,,,,,,,,,,,
19:16:12.788,,,,,,,,,,44,,,
19:16:13.030,,,,,,,85,,,,,,
19:16:13.271,17.687561434600177,0,8.272919642694452,8.2729,8.2729,8.2729,,,,,-0.13473210322953968,15,
19:16:13.503,,,,,,,,0,0,,,,
19:16:13.781,17.68614091477467,0,8.274762815916674,8.274743,8.274743,8.274743,,,,,-0.13488457920287555,13,
19:16:14.023,,,,,,,,0,0,,,,
19:16:14.287,,,,,,,85,,,,,,
19:16:14.530,17.682723759991468,0,8.27684381508334,8.276824,8.276824,8.276824,,,,,-0.1245180558662773,10,
19:16:14.771,,,,,,,,0,0,,,,
19:16:15.041,17.67948478259337,0,8.27783755161112,8.277818,8.277818,8.277818,,,,,-0.13498750707194404,7,
19:16:15.282,,,,,,,,0,0,,,,
19:16:15.551,,,,,,,85,,,,,,
19:16:15.788,17.672982366102687,0,8.278460030944453,8.27844,8.27844,8.27844,,,,,-0.13500965243132912,3,
19:16:16.031,,,,,,,,0,0,,,,
19:16:16.300,17.668534640587396,0,8.27888613161112,8.278866,8.278866,8.278866,,,,,-0.112470000312481,3,
19:16:16.540,,,,,,,,0,0,,,,
19:16:16.810,,,,,,,84,,,,,,
19:16:17.049,17.66113370973486,0,8.279094270472232,8.279074,8.279074,8.279074,,,,,-0.1011948415980985,1,
19:16:17.292,,,,,,,,0,0,,,,
19:16:17.529,17.65640022495551,0,8.279227488833342,8.279207,8.279207,8.279207,,,,,-0.06831881629995035,1,
19:16:17.768,,,,,,,,0,0,,,,
19:16:18.011,,,,,,,84,,,,,,
19:16:18.251,17.648847999089494,,8.279227488833342,8.279207,8.279207,8.279207,,,,,-0.034508591693157294,0,
19:16:18.489,,,,,,,,0,0,,,,
19:16:18.760,17.643529498196962,,8.279227488833342,8.279207,8.279207,8.279207,,,,,-0.034540216196363834,0,
19:16:18.999,,,,,,,,0,0,,,,
19:16:19.272,,,,,,,84,,,,,,
19:16:19.515,17.63565108103852,,8.279227488833342,8.279207,8.279207,8.279207,,,,,-0.011490213074246166,0,
19:16:19.749,,,,,,,,0,0,,,,
19:16:20.022,17.630359660168892,,8.279227488833342,8.279207,8.279207,8.279207,,,,,-0.011362553422406049,0,
19:16:20.261,,,,,,,,0,0,,,,
19:16:20.530,,,,,,,84,,,,,,
19:16:20.771,17.623437487019242,0,8.279643614500008,8.279623,8.279623,8.279623,,,,,0.022480116512609623,2,
19:16:21.009,,,,,,,,0,0,,,,
19:16:21.275,17.61907725959868,0,8.280063984250008,8.280043,8.280043,8.280043,,,,,0.03378076995853987,3,
19:16:21.521,,,,,,,,0,0,,,,
19:16:21.788,,,,,,,83,,,,,,
19:16:22.024,17.613942138483402,0,8.281310715416675,8.28129,8.28129,8.28129,,,,,0.06773040521705448,6,
19:16:22.275,,,,,,,,0,0,,,,
19:16:22.505,17.610923003417394,0,8.282247133805564,8.282226,8.282226,8.282226,,,,,0.07983732832669783,7,
19:16:22.750,,,,,,,,0,0,,,,
19:16:23.025,,,,,,,83,,,,,,
19:16:23.262,17.607519964472107,0,8.284350863250008,8.28433,8.28433,8.28433,,,,,0.09095361944253386,10,
19:16:23.502,,,,,,,,0,0,,,,
19:16:23.771,17.605534849084652,0,8.28590622261112,8.285885,8.285885,8.285885,,,,,0.09078719090988036,11,
19:16:24.007,,,,,,,,0,0,,,,
19:16:24.280,,,,,,,83,,,,,,
19:16:24.519,17.603502455416212,0,8.288607403055565,8.288586,8.288586,8.288586,,,,,0.0794555745803933,13,
19:16:24.761,,,,,,,,0,0,,,,
19:16:25.030,17.602416460071165,0,8.290594616722231,8.290573,8.290573,8.290573,,,,,0.07852735695693044,14,
19:16:25.272,,,,,,,,0,0,,,,
19:16:25.540,,,,,,,83,,,,,,
19:16:25.780,17.60126566559168,0,8.293720103805564,8.293698,8.293698,8.293698,,,,,0.05624164154381002,15,
19:16:26.019,,,,,,,,0,0,,,,
19:16:26.292,17.601084547919616,0,8.296133783638897,8.296112,8.296112,8.296112,,,,,0.06743409058807188,17,
19:16:26.530,,,,,,,,0,0,,,,
19:16:26.800,,,,,,,83,,,,,,
19:16:27.041,17.601702250409545,0,8.300089905055565,8.300068,8.300068,8.300068,,,,,0.06739210086051466,19,
19:16:27.280,,,,,,,,0,0,,,,
19:16:27.549,17.602719138151777,0,8.303053978638898,8.303032,8.303032,8.303032,,,,,0.07871337936799651,21,
19:16:27.791,,,,,,,,0,0,,,,
19:16:28.063,,,,,,,83,,,,,,
19:16:28.301,17.604664770403602,0,8.307647540138898,8.307626,8.307626,8.307626,,,,,0.07866382937466238,22,
19:16:28.541,,,,,,,,0,0,,,,
19:16:28.810,17.6065810740155,0,8.311042172138897,8.311021,8.311021,8.311021,,,,,0.07872687456854707,24,
19:16:29.049,,,,,,,,0,0,,,,
19:16:29.321,,,,,,,83,,,,,,
19:16:29.559,17.609837477008245,0,8.316242187416675,8.316221,8.316221,8.316221,,,,,0.06750056593647455,25,
19:16:29.799,,,,,,,,0,0,,,,
19:16:30.071,17.612667668639325,0,8.320086415916675,8.320065,8.320065,8.320065,,,,,0.06738306425589188,27,
19:16:30.312,,,,,,,,1334,1.3,,,,
19:16:30.577,,,,,,,83,,,,,,
19:16:30.816,17.61724924012829,0,8.325923054027786,8.325902,8.325902,8.325902,,,,,0.0675641103097011,28,
19:16:31.064,,,,,,,,1534,1.5,,,,
19:16:31.297,17.620422783262423,0,8.329745229055565,8.329724,8.329724,8.329724,,,,,0.05695143343523375,29,
19:16:31.538,,,,,,,,1535,1.5,,,,
19:16:31.777,,,,,,,83,,,,,,
19:16:32.017,17.626080966805798,0,8.335945282444454,8.335924,8.335924,8.335924,,,,,0.06914154987259485,31,
19:16:32.260,,,,,,,,1534,1.5,,,,
19:16:32.495,17.629837761372368,0,8.340064754472232,8.340043,8.340043,8.340043,,,,,0.04674464086865263,31,
19:16:32.742,,,,,,,,1534,1.5,,,,
19:16:32.976,,,,,,,83,,,,,,
19:16:33.217,17.636349000350044,0,8.346680887805565,8.346659,8.346659,8.346659,,,,,0.058995490047172326,33,
19:16:33.460,,,,,,,,0,0,,,,
19:16:33.730,17.640970680570835,0,8.351380426055565,8.351359,8.351359,8.351359,,,,,0.04657217068983758,33,
19:16:33.967,,,,,,,,0,0,,,,
19:16:34.220,,,,,,,83,,,,,,
19:16:34.446,17.647841869183203,0,8.35814392611112,8.358123,8.358123,8.358123,,,,,0.034984614252743615,34,
19:16:34.684,,,,,,,,0,0,,,,
19:16:34.930,17.652767928173013,0,8.362851050833342,8.36283,8.36283,8.36283,,,,,0.046536478635307646,35,
19:16:35.168,,,,,,,,0,0,,,,
19:16:35.411,,,,,,,83,,,,,,
19:16:35.649,17.660503548313105,0,8.370044741833341,8.370024,8.370024,8.370024,,,,,0.034943941138311785,36,
19:16:35.891,,,,,,,,0,0,,,,
19:16:36.158,17.666273952930446,0,8.375278541888896,8.375258,8.375258,8.375258,,,,,0.04665757199255634,37,
19:16:36.403,,,,,,,,0,0,,,,
19:16:36.671,,,,,,,83,,,,,,
19:16:36.912,17.675253405913367,0,8.383237617611119,8.383217,8.383217,8.383217,,,,,0.04594132540278591,38,
19:16:37.151,,,,,,,,0,0,,,,
19:16:37.422,17.68131677560681,0,8.388615957111119,8.388595,8.388595,8.388595,,,,,0.03410463133790493,38,
19:16:37.660,,,,,,,,0,0,,,,
19:16:37.932,,,,,,,83,,,,,,
19:16:38.170,17.690649127657373,0,8.396719243861119,8.396698,8.396698,8.396698,,,,,0.03370995762292068,39,
19:16:38.410,,,,,,,,1707,1.7,,,,
19:16:38.675,17.69724128042335,0,8.40233094497223,8.40231,8.40231,8.40231,,,,,0.03375944085541071,40,
19:16:38.927,,,,,,,,1922,1.9,,,,
19:16:39.155,,,,,,,84,,,,,,
19:16:39.401,17.707582029025996,0,8.410819323472229,8.410798,8.410798,8.410798,,,,,0.04553015930962107,42,
19:16:39.637,,,,,,,,2321,2.3,,,,
19:16:39.885,17.714730671746445,0,8.416593678805562,8.416572,8.416572,8.416572,,,,,0.05749310339427392,43,
19:16:40.120,,,,,,,,2404,2.4,,,,
19:16:40.356,,,,,,,85,,,,,,
19:16:40.601,17.725733069892193,0,8.425347773361118,8.425326,8.425326,8.425326,,,,,0.05823767229441228,44,
19:16:40.836,,,,,,,,2349,2.3,,,,
19:16:41.076,17.73328481508588,0,8.431271713361118,8.43125,8.43125,8.43125,,,,,0.05898171660511011,45,
19:16:41.322,,,,,,,,2315,2.3,,,,
19:16:41.555,,,,,,,86,,,,,,
19:16:41.795,17.74515500100476,0,8.440459826194452,8.440438,8.440438,8.440438,,,,,0.047311588433136105,46,
19:16:42.038,,,,,,,,2278,2.3,,,,
19:16:42.276,17.75336784212092,0,8.44673754308334,8.446716,8.446716,8.446716,,,,,0.04738043329699722,47,
19:16:42.523,,,,,,,,2254,2.3,,,,
19:16:42.757,,,,,,,86,,,,,,
19:16:42.998,17.766209751150058,0,8.456437872416673,8.456416,8.456416,8.456416,,,,,0.047270963595132866,48,
19:16:43.238,,,,,,,,2246,2.2,,,,
19:16:43.484,17.774759610773938,0,8.462900708416674,8.462879,8.462879,8.462879,,,,,0.03529161816795412,48,
19:16:43.721,,,,,,,,2246,2.2,,,,
19:16:43.967,,,,,,,86,,,,,,
19:16:44.197,17.788070772736432,0,8.472738208416674,8.472717,8.472717,8.472717,,,,,0.047181150727051646,50,
19:16:44.438,,,,,,,,2241,2.2,,,,
19:16:44.679,17.79712922750399,0,8.479437432027785,8.479416,8.479416,8.479416,,,,,0.03536475247168285,50,
19:16:44.924,,,,,,,,2245,2.2,,,,
19:16:45.167,,,,,,,87,,,,,,
19:16:45.398,17.81104808451164,0,8.489627974361118,8.489607,8.489607,8.489607,,,,,0.035405107604606224,51,
19:16:45.643,,,,,,,,2209,2.2,,,,
19:16:45.886,17.82083290971635,0,8.496723656027784,8.496703,8.496703,8.496703,,,,,0.047173452253228075,52,
19:16:46.118,,,,,,,,2183,2.2,,,,
19:16:46.359,,,,,,,87,,,,,,
19:16:46.595,17.834870757729963,0,8.506910609138895,8.50689,8.50689,8.50689,,,,,0.023622287226098312,52,
19:16:46.842,,,,,,,,2169,2.2,,,,
19:16:47.085,17.84490621033313,0,8.514127106805562,8.514106,8.514106,8.514106,,,,,0.0353186047352961,53,
19:16:47.315,,,,,,,,2162,2.2,,,,
19:16:47.560,,,,,,,88,,,,,,
19:16:47.798,17.85989395836398,0,8.524811911305562,8.524791,8.524791,8.524791,,,,,0.035420981343159776,54,
19:16:48.036,,,,,,,,2154,2.2,,,,
19:16:48.282,17.870081526552188,0,8.532079715805562,8.532059,8.532059,8.532059,,,,,0.023644298870453224,54,
19:16:48.517,,,,,,,,2357,2.4,,,,
19:16:48.763,,,,,,,88,,,,,,
19:16:48.997,17.8859426378188,0,8.543206376027785,8.543186,8.543186,8.543186,,,,,0.04716336102079373,56,
19:16:49.246,,,,,,,,2749,2.7,,,,
19:16:49.489,17.897124938375462,0,8.550992232444452,8.550972,8.550972,8.550972,,,,,0.047132375992235985,57,
19:16:49.718,,,,,,,,2629,2.6,,,,
19:16:49.955,,,,,,,88,,,,,,
19:16:50.206,17.913825877060905,0,8.56253759322223,8.562517,8.562517,8.562517,,,,,0.047050343915516386,58,
19:16:50.438,,,,,,,,2178,2.2,,,,
19:16:50.679,17.92519333414521,0,8.570342252527785,8.570322,8.570322,8.570322,,,,,0.059085628014018975,59,
19:16:50.914,,,,,,,,2012,2,,,,
19:16:51.156,,,,,,,88,,,,,,
19:16:51.400,17.942332861891476,0,8.582118065805563,8.582098,8.582098,8.582098,,,,,0.03536184594327489,59,
19:16:51.635,,,,,,,,1946,1.9,,,,
19:16:51.885,17.954173182261368,0,8.59019985247223,8.59018,8.59018,8.59018,,,,,0.03546248609859012,60,
19:16:52.128,,,,,,,,1942,1.9,,,,
19:16:52.360,,,,,,,88,,,,,,
19:16:52.598,17.971597904785003,0,8.602101637472229,8.602082,8.602082,8.602082,,,,,0.023678039588549516,60,
19:16:52.838,,,,,,,,1945,1.9,,,,
19:16:53.076,17.983226729781666,0,8.610050084138896,8.61003,8.61003,8.61003,,,,,0.011815451612124645,60,
19:16:53.320,,,,,,,,1941,1.9,,,,
19:16:53.558,,,,,,,88,,,,,,
19:16:53.801,18.001317158247762,0,8.62233752933334,8.622317,8.622317,8.622317,,,,,0.023598747491291417,61,
19:16:54.038,,,,,,,,1939,1.9,,,,
19:16:54.278,18.013184906968778,0,8.63040400158334,8.630383,8.630383,8.630383,,,,,0.011840627710289344,61,
19:16:54.518,,,,,,,,1939,1.9,,,,
19:16:54.791,,,,,,,88,,,,,,
19:16:55.027,18.032278115858563,0,8.643303632027784,8.643283,8.643283,8.643283,,,,,0.023328771586129882,62,
19:16:55.268,,,,,,,,2010,2,,,,
19:16:55.509,18.044558755414517,0,8.651606520472228,8.651586,8.651586,8.651586,,,,,0.02329068350922735,62,
19:16:55.747,,,,,,,,2024,2,,,,
19:16:55.992,,,,,,,88,,,,,,
19:16:56.229,18.063306566980255,0,8.664208550472228,8.664188,8.664188,8.664188,,,,,0.023334617803365505,63,
19:16:56.473,,,,,,,,2024,2,,,,
19:16:56.710,18.075825586438054,0,8.672629525972228,8.672609,8.672609,8.672609,,,,,0.02328994335309666,63,
19:16:56.947,,,,,,,,2025,2,,,,
19:16:57.192,,,,,,,88,,,,,,
19:16:57.428,18.094490075908325,0,8.685192998222227,8.685172,8.685172,8.685172,,,,,0.011796033830652879,63,
19:16:57.669,,,,,,,,2025,2,,,,
19:16:57.907,18.107222215881055,0,8.693715560000005,8.693695,8.693695,8.693695,,,,,0.023618478837802548,64,
19:16:58.151,,,,,,,,2021,2,,,,
19:16:58.418,,,,,,,87,,,,,,
19:16:58.663,18.127275791587735,0,8.707148493333339,8.707128,8.707128,8.707128,,,,,0.011636816304979904,64,
19:16:58.906,,,,,,,,1998,2,,,,
19:16:59.135,18.13979821135731,0,8.715542623111116,8.715522,8.715522,8.715522,,,,,0.011680141959197721,64,
19:16:59.379,,,,,,,,1848,1.8,,,,
19:16:59.615,,,,,,,87,,,,,,
19:16:59.863,18.159096719397745,0,8.728487935111115,8.728467,8.728467,8.728467,,,,,0.011630761353546164,64,
19:17:00.096,,,,,,,,1462,1.5,,,,
19:17:00.336,18.171343791266352,0,8.736760913111116,8.73674,8.73674,8.73674,,,,,-0.01166284795363115,63,
19:17:00.578,,,,,,,,0,0,,,,
19:17:00.818,,,,,,,87,,,,,,
19:17:01.063,18.190158000637723,0,8.749478845611115,8.749458,8.749458,8.749458,,,,,-0.011803274261853096,63,
19:17:01.306,,,,,,,,0,0,,,,
19:17:01.539,18.202194058116604,0,8.757674229500005,8.757653,8.757653,8.757653,,,,,-0.02357003151260863,62,
19:17:01.780,,,,,,,,0,0,,,,
19:17:02.019,,,,,,,87,,,,,,
19:17:02.255,18.219884877573996,0,8.769810936916672,8.76979,8.76979,8.76979,,,,,-0.03553033415732043,61,
19:17:02.501,,,,,,,,0,0,,,,
19:17:02.771,18.23234098971606,0,8.778423615250006,8.778403,8.778403,8.778403,,,,,-0.034896910920555003,60,
19:17:03.013,,,,,,,,0,0,,,,
19:17:03.275,,,,,,,87,,,,,,
19:17:03.519,18.250347012418,0,8.79088281858334,8.790862,8.790862,8.790862,,,,,-0.034600594587968346,60,
19:17:03.762,,,,,,,,1746,1.7,,,,
19:17:04.025,18.262811015325763,0,8.79945206808334,8.799431,8.799431,8.799431,,,,,,61,
19:17:04.276,,,,,,,,1800,1.8,,,,
19:17:04.508,,,,,,,86,,,,,,
19:17:04.754,18.28076260455053,0,8.811802929555563,8.811782,8.811782,8.811782,,,,,,61,
19:17:04.986,,,,,,,,1895,1.9,,,,
19:17:05.229,18.292890841809914,0,8.820095854944451,8.820075,8.820075,8.820075,,,,,0.023046794183315976,62,
19:17:05.480,,,,,,,,1908,1.9,,,,
19:17:05.709,,,,,,,86,,,,,,
19:17:05.951,18.31092229577273,0,8.832433734388896,8.832413,8.832413,8.832413,,,,,0.023288762839189278,62,
19:17:06.197,,,,,,,,1898,1.9,,,,
19:17:06.425,18.32311190322372,0,8.840724936888897,8.840704,8.840704,8.840704,,,,,0.023598691458157673,63,
19:17:06.674,,,,,,,,1880,1.9,,,,
19:17:06.908,,,,,,,86,,,,,,
19:17:07.143,18.34157114311432,0,8.853289273638897,8.853268,8.853268,8.853268,,,,,0.023706389555443016,63,
19:17:07.395,,,,,,,,1914,1.9,,,,
19:17:07.625,18.354228148998278,0,8.861855282527786,8.861834,8.861834,8.861834,,,,,0.023642250371330182,64,
19:17:07.873,,,,,,,,1946,1.9,,,,
19:17:08.110,,,,,,,86,,,,,,
19:17:08.346,18.37316815303112,0,8.87468237586112,8.874661,8.874661,8.874661,,,,,0.023652426304134395,64,
19:17:08.592,,,,,,,,2039,2,,,,
19:17:08.827,18.386046736468334,0,8.883356672805565,8.883335,8.883335,8.883335,,,,,0.023587419466167527,65,
19:17:09.073,,,,,,,,2110,2.1,,,,
19:17:09.317,,,,,,,86,,,,,,
19:17:09.556,18.40556997416449,0,8.89651558336112,8.896494,8.896494,8.896494,,,,,0.023481852224440502,65,
19:17:09.798,,,,,,,,2135,2.1,,,,
19:17:10.030,18.418245747987562,0,8.905065121833342,8.905044,8.905044,8.905044,,,,,0.011781242447542178,65,
19:17:10.268,,,,,,,,2115,2.1,,,,
19:17:10.509,,,,,,,86,,,,,,
19:17:10.746,18.437835165687375,0,8.918208066666676,8.918187,8.918187,8.918187,,,,,0.023608881082683993,66,
19:17:10.993,,,,,,,,2100,2.1,,,,
19:17:11.227,18.451225861351187,0,8.927146622277787,8.927126,8.927126,8.927126,,,,,0.02360957375748874,67,
19:17:11.470,,,,,,,,2042,2,,,,
19:17:11.710,,,,,,,87,,,,,,
19:17:11.946,18.471272767690067,0,8.940537551222231,8.940517,8.940517,8.940517,,,,,0.02370727249341679,67,
19:17:12.190,,,,,,,,1960,2,,,,
19:17:12.429,18.48471504774129,0,8.949522921222231,8.949502,8.949502,8.949502,,,,,0.023609681007647675,67,
19:17:12.669,,,,,,,,1676,1.7,,,,
19:17:12.912,,,,,,,87,,,,,,
19:17:13.148,18.50471007989924,0,8.962897634305564,8.962877,8.962877,8.962877,,,,,0.011793333602225951,67,
19:17:13.388,,,,,,,,1409,1.4,,,,
19:17:13.630,18.518119966060734,0,8.971873711777787,8.971853,8.971853,8.971853,,,,,0,67,
19:17:13.867,,,,,,,,1393,1.4,,,,
19:17:14.112,,,,,,,87,,,,,,
19:17:14.349,18.538091533389327,0,8.985251142083342,8.98523,8.98523,8.98523,,,,,0,67,
19:17:14.587,,,,,,,,1389,1.4,,,,
19:17:14.829,18.551165702180437,0,8.994065641916675,8.994044,8.994044,8.994044,,,,,-0.011802754896491593,66,
19:17:15.068,,,,,,,,1385,1.4,,,,
19:17:15.306,,,,,,,87,,,,,,
19:17:15.549,18.570705506858634,0,9.007248280250009,9.007227,9.007227,9.007227,,,,,-0.011797678737092424,66,
19:17:15.787,,,,,,,,1387,1.4,,,,
19:17:16.032,18.583829749508165,0,9.016108723416675,9.016087,9.016087,9.016087,,,,,-0.011792964369159508,66,
19:17:16.268,,,,,,,,0,0,,,,
19:17:16.509,,,,,,,87,,,,,,
19:17:16.753,18.60297632028405,0,9.029122344527787,9.029101,9.029101,9.029101,,,,,-0.023566281127742405,65,
19:17:16.985,,,,,,,,0,0,,,,
19:17:17.230,18.615720708795912,0,9.03779045925001,9.037769,9.037769,9.037769,,,,,-0.011797574074362483,65,
19:17:17.468,,,,,,,,0,0,,,,
19:17:17.705,,,,,,,88,,,,,,
19:17:17.953,18.634428331083907,0,9.05060357036112,9.050582,9.050582,9.050582,,,,,-0.02355662386803012,64,
19:17:18.196,,,,,,,,0,0,,,,
19:17:18.456,18.647474337999963,0,9.059545218361121,9.059524,9.059524,9.059524,,,,,-0.023366096790855193,64,
19:17:18.704,,,,,,,,0,0,,,,
19:17:18.971,,,,,,,88,,,,,,
19:17:19.212,18.667072040583648,0,9.072987028138899,9.072966,9.072966,9.072966,,,,,-0.011517730256605668,64,
19:17:19.451,,,,,,,,0,0,,,,
19:17:19.720,18.679932707544268,0,9.081872443138899,9.081851,9.081851,9.081851,,,,,-0.02275319423098861,63,
19:17:19.961,,,,,,,,0,0,,,,
19:17:20.230,,,,,,,88,,,,,,
19:17:20.471,18.698523385753766,0,9.094813933916676,9.094792,9.094792,9.094792,,,,,-0.022502147688004053,62,
19:17:20.713,,,,,,,,0,0,,,,
19:17:20.981,18.710829627143408,0,9.103447945083342,9.103426,9.103426,9.103426,,,,,-0.03366285809283599,61,
19:17:21.223,,,,,,,,0,0,,,,
19:17:21.490,,,,,,,87,,,,,,
19:17:21.724,18.727488854975814,0,9.115418300861121,9.115396,9.115396,9.115396,,,,,-0.06765024949707468,58,
19:17:21.973,,,,,,,,0,0,,,,
19:17:22.209,18.738068717524634,0,9.123089884944454,9.123068,9.123068,9.123068,,,,,-0.0682819145932335,57,
19:17:22.447,,,,,,,,0,0,,,,
19:17:22.688,,,,,,,87,,,,,,
19:17:22.928,18.752945668307948,0,9.13408047536112,9.134059,9.134059,9.134059,,,,,-0.0807146038550278,55,
19:17:23.172,,,,,,,,0,0,,,,
19:17:23.441,18.76297671942585,0,9.141643955194453,9.141622,9.141622,9.141622,,,,,-0.09209034271895546,53,
19:17:23.680,,,,,,,,0,0,,,,
19:17:23.951,,,,,,,86,,,,,,
19:17:24.186,18.77631092054938,0,9.152047356583342,9.152025,9.152025,9.152025,,,,,-0.09204547708836597,50,
19:17:24.437,,,,,,,,0,0,,,,
19:17:24.669,18.78454326469657,0,9.158554620555565,9.158532,9.158532,9.158532,,,,,-0.09210562586687415,49,
19:17:24.911,,,,,,,,0,0,,,,
19:17:25.148,,,,,,,86,,,,,,
19:17:25.390,18.79572788704077,0,9.16777541511112,9.167753,9.167753,9.167753,,,,,-0.10352625435417867,46,
19:17:25.633,,,,,,,,0,0,,,,
19:17:25.900,18.80334018288379,0,9.174153452611119,9.174131,9.174131,9.174131,,,,,-0.0921521503313517,45,
19:17:26.142,,,,,,,,0,0,,,,
19:17:26.406,,,,,,,86,,,,,,
19:17:26.650,18.813235433287282,0,9.182898595777786,9.182876,9.182876,9.182876,,,,,-0.09196911091756402,42,
19:17:26.890,,,,,,,,0,0,,,,
19:17:27.160,18.819385987496307,0,9.188568190222231,9.188546,9.188546,9.188546,,,,,-0.1023285350417356,40,
19:17:27.400,,,,,,,,0,0,,,,
19:17:27.670,,,,,,,86,,,,,,
19:17:27.912,18.82716404560818,0,9.196300203555564,9.196278,9.196278,9.196278,,,,,-0.10106876592627216,37,
19:17:28.149,,,,,,,,0,0,,,,
19:17:28.422,18.832138935949743,0,9.201395835555564,9.201374,9.201374,9.201374,,,,,-0.10109478578278443,36,
19:17:28.661,,,,,,,,0,0,,,,
19:17:28.930,,,,,,,86,,,,,,
19:17:29.172,18.83860657282984,0,9.20848246122223,9.208461,9.208461,9.208461,,,,,-0.08983877838488942,34,
19:17:29.407,,,,,,,,0,0,,,,
19:17:29.682,18.842708060225668,0,9.213155661805564,9.213134,9.213134,9.213134,,,,,-0.07861897377393069,33,
19:17:29.920,,,,,,,,0,0,,,,
19:17:30.189,,,,,,,85,,,,,,
19:17:30.426,18.847876445584994,0,9.219602243555563,9.219581,9.219581,9.219581,,,,,-0.0676241201843899,31,
19:17:30.667,,,,,,,,0,0,,,,
19:17:30.910,18.851175866255744,0,9.22372051433334,9.223699,9.223699,9.223699,,,,,-0.056935461882064095,31,
19:17:31.149,,,,,,,,0,0,,,,
19:17:31.390,,,,,,,85,,,,,,
19:17:31.632,18.855338265196703,0,9.22954250922223,9.229521,9.229521,9.229521,,,,,-0.05758642443432938,29,
19:17:31.870,,,,,,,,0,0,,,,
19:17:32.140,18.858264531803083,0,9.233638372555562,9.233617,9.233617,9.233617,,,,,-0.04609339709851033,29,
19:17:32.378,,,,,,,,0,0,,,,
19:17:32.648,,,,,,,85,,,,,,
19:17:32.890,18.86257663253292,0,9.239678282305562,9.239657,9.239657,9.239657,,,,,-0.022987605402377133,29,
19:17:33.133,,,,,,,,0,0,,,,
19:17:33.398,18.865495395911342,0,9.24376947744445,9.243748,9.243748,9.243748,,,,,-0.022766091481098583,29,
19:17:33.641,,,,,,,,0,0,,,,
19:17:33.910,,,,,,,85,,,,,,
19:17:34.151,18.87024828914129,0,9.250046804111117,9.250025,9.250025,9.250025,,,,,0.011242179956993446,30,
19:17:34.392,,,,,,,,0,0,,,,
19:17:34.659,18.873739771295405,0,9.254422135500006,9.2544,9.2544,9.2544,,,,,0.02248942536283164,31,
19:17:34.901,,,,,,,,0,0,,,,
19:17:35.173,,,,,,,85,,,,,,
19:17:35.410,18.879323425876287,0,9.261099477722228,9.261077,9.261077,9.261077,,,,,0.033714785850534654,32,
19:17:35.653,,,,,,,,0,0,,,,
19:17:35.922,18.883120682335978,0,9.265643762166672,9.265621,9.265621,9.265621,,,,,0.03366966182150628,32,
19:17:36.157,,,,,,,,0,0,,,,
19:17:36.429,,,,,,,84,,,,,,
19:17:36.670,18.889111288420157,0,9.272518120500004,9.272495,9.272495,9.272495,,,,,0.03374235327699811,33,
19:17:36.911,,,,,,,,0,0,,,,
19:17:37.146,18.89317171662645,0,9.277004165500005,9.276981,9.276981,9.276981,,,,,0.03416751998591988,34,
19:17:37.400,,,,,,,,0,0,,,,
19:17:37.663,,,,,,,84,,,,,,
19:17:37.902,18.900048282526143,0,9.284344535638894,9.284321,9.284321,9.284321,,,,,0.03410949935817922,35,
19:17:38.143,,,,,,,,0,0,,,,
19:17:38.412,18.904979206787246,0,9.289445467638894,9.289422,9.289422,9.289422,,,,,0.04550261089347797,36,
19:17:38.651,,,,,,,,0,0,,,,
19:17:38.944,,,,,,,83,,,,,,
19:17:39.194,18.913418405792235,0,9.297701478527783,9.297678,9.297678,9.297678,,,,,0.056094383851256986,38,
19:17:39.428,,,,,,,,0,0,,,,
19:17:39.670,18.918818474315405,0,9.302857090027782,9.302834,9.302834,9.302834,,,,,0.05611333497196459,39,
19:17:39.912,,,,,,,,1547,1.5,,,,
19:17:40.146,,,,,,,83,,,,,,
19:17:40.395,18.927448117868185,0,9.310911951138893,9.310889,9.310889,9.310889,,,,,0.05679659079196831,40,
19:17:40.629,,,,,,,,1654,1.7,,,,
19:17:40.866,18.933312437104764,0,9.316271947194448,9.316249,9.316249,9.316249,,,,,0.05770820506254168,41,
19:17:41.112,,,,,,,,1689,1.7,,,,
19:17:41.349,,,,,,,83,,,,,,
19:17:41.590,18.942794371561202,0,9.32477069852778,9.324748,9.324748,9.324748,,,,,0.04730384536238555,42,
19:17:41.826,,,,,,,,1473,1.5,,,,
19:17:42.068,18.948954835238236,0,9.330296129861114,9.330273,9.330273,9.330273,,,,,0.03544070460109333,42,
19:17:42.312,,,,,,,,1382,1.4,,,,
19:17:42.549,,,,,,,85,,,,,,
19:17:42.788,18.95830869618387,0,9.338691425861114,9.338668,9.338668,9.338668,,,,,0.023680153684469255,42,
19:17:43.029,,,,,,,,1392,1.4,,,,
19:17:43.265,18.964509756001554,0,9.344260771694447,9.344237,9.344237,9.344237,,,,,0.011807155702247822,42,
19:17:43.507,,,,,,,,1401,1.4,,,,
19:17:43.751,,,,,,,85,,,,,,
19:17:43.990,18.974330099318912,0,9.352920872555558,9.352897,9.352897,9.352897,,,,,0.011800015213965767,43,
19:17:44.233,,,,,,,,1504,1.5,,,,
19:17:44.467,18.980790228171447,0,9.358621619055558,9.358598,9.358598,9.358598,,,,,0.011805814695585296,43,
19:17:44.706,,,,,,,,1463,1.5,,,,
19:17:44.959,,,,,,,85,,,,,,
19:17:45.186,18.99051501529981,0,9.367209051111114,9.367185,9.367185,9.367185,,,,,0.01180917689177734,43,
19:17:45.429,,,,,,,,1533,1.5,,,,
19:17:45.670,18.996233106050795,0,9.372580448888892,9.372556,9.372556,9.372556,,,,,-0.023558495905230906,40,
19:17:45.905,,,,,,,,1007,1,,,,
19:17:46.152,,,,,,,86,,,,,,
19:17:46.355,19.00125106980629,0,9.378675363555558,9.378651,9.378651,9.378651,,,,,-0.13173017791587424,32,
19:17:46.602,,,,,,,,0,0,,,,
19:17:46.845,19.003207280947315,0,9.382263338277781,9.382239,9.382239,9.382239,,,,,-0.20251950663809554,26,
19:17:47.075,,,,,,,,0,0,,,,
19:17:47.320,,,,,,,86,,,,,,
19:17:47.555,19.004787974148808,0,9.38675613016667,9.386732,9.386732,9.386732,,,,,-0.23911985336887084,23,
19:17:47.796,,,,,,,,0,0,,,,
19:17:48.047,19.00590607885298,0,9.389936257750003,9.389912,9.389912,9.389912,,,,,-0.20255053182774932,23,
19:17:48.276,,,,,,,,0,0,,,,
19:17:48.522,,,,,,,86,,,,,,
19:17:48.764,19.00710263188281,0,9.39428172891667,9.394257,9.394257,9.394257,,,,,-0.1176160669858133,22,
19:17:49.002,,,,,,,,0,0,,,,
19:17:49.267,19.0079498772283,0,9.397360735861115,9.397336,9.397336,9.397336,,,,,-0.04677066352934981,22,
19:17:49.509,,,,,,,,0,0,,,,
19:17:49.780,,,,,,,86,,,,,,
19:17:50.020,19.009214302502254,0,9.401959076861115,9.401934,9.401934,9.401934,,,,,-0.011492953931291775,22,
19:17:50.260,,,,,,,,0,0,,,,
19:17:50.532,19.01007336236206,0,9.405085442472226,9.40506,9.40506,9.40506,,,,,-0.011400611755551592,22,
19:17:50.767,,,,,,,,0,0,,,,
19:17:51.041,,,,,,,86,,,,,,
19:17:51.278,19.011744490172326,0,9.409853412111115,9.409828,9.409828,9.409828,,,,,0.011266137111818843,23,
19:17:51.522,,,,,,,,0,0,,,,
19:17:51.791,19.012892498229146,0,9.413131161277782,9.413106,9.413106,9.413106,,,,,0.011225351970317356,23,
19:17:52.030,,,,,,,,0,0,,,,
19:17:52.300,,,,,,,86,,,,,,
19:17:52.540,19.015407336599925,0,9.418332335583338,9.418307,9.418307,9.418307,,,,,0.03372222215314722,25,
19:17:52.779,,,,,,,,0,0,,,,
19:17:53.051,19.017408828061075,0,9.422023631416671,9.421998,9.421998,9.421998,,,,,0.044972876960488385,26,
19:17:53.290,,,,,,,,0,0,,,,
19:17:53.561,,,,,,,86,,,,,,
19:17:53.801,19.021185331083565,0,9.427858374083337,9.427833,9.427833,9.427833,,,,,0.056128065545318746,28,
19:17:54.039,,,,,,,,0,0,,,,
19:17:54.310,19.024030441861985,0,9.431957748027783,9.431932,9.431932,9.431932,,,,,0.06746321166423283,29,
19:17:54.552,,,,,,,,0,0,,,,
19:17:54.853,,,,,,,86,,,,,,
19:17:55.092,19.029272860698626,0,9.438688633361116,9.438663,9.438663,9.438663,,,,,0.06660162272714086,31,
19:17:55.331,,,,,,,,0,0,,,,
19:17:55.600,19.033248553153754,0,9.443347934527782,9.443322,9.443322,9.443322,,,,,0.07778561746831664,33,
19:17:55.840,,,,,,,,0,0,,,,
19:17:56.113,,,,,,,86,,,,,,
19:17:56.351,19.03995824416662,0,9.450648384250005,9.450622,9.450622,9.450622,,,,,0.07776473200979074,35,
19:17:56.592,,,,,,,,0,0,,,,
19:17:56.865,19.04483655967792,0,9.455789602250006,9.455763,9.455763,9.455763,,,,,0.07760775222225538,36,
19:17:57.103,,,,,,,,0,0,,,,
19:17:57.369,,,,,,,85,,,,,,
19:17:57.607,19.05228672116286,0,9.463415286833339,9.463389,9.463389,9.463389,,,,,0.06755658232450097,37,
19:17:57.848,,,,,,,,1661,1.7,,,,
19:17:58.090,19.057396901134297,0,9.468507199222227,9.468481,9.468481,9.468481,,,,,0.05687965933490915,38,
19:17:58.333,,,,,,,,1710,1.7,,,,
19:17:58.569,,,,,,,85,,,,,,
19:17:58.806,19.06498134802487,0,9.476069600333338,9.476043,9.476043,9.476043,,,,,0.03460699905968771,38,
19:17:59.048,,,,,,,,1477,1.5,,,,
19:17:59.288,19.070351760250283,0,9.481293134666672,9.481267,9.481267,9.481267,,,,,0.03506241819167118,39,
19:17:59.535,,,,,,,,1422,1.4,,,,
19:17:59.768,,,,,,,85,,,,,,
19:18:00.006,19.078340835888806,0,9.489068924333338,9.489043,9.489043,9.489043,,,,,0.023615215060321645,39,
19:18:00.252,,,,,,,,1532,1.5,,,,
19:18:00.491,19.083731755703536,0,9.494319446666672,9.494294,9.494294,9.494294,,,,,0.011797154950677227,39,
19:18:00.725,,,,,,,,1673,1.7,,,,
19:18:00.969,,,,,,,85,,,,,,
19:18:01.206,19.092084563919492,0,9.50226972444445,9.502244,9.502244,9.502244,,,,,0.023603318528404617,40,
19:18:01.453,,,,,,,,1621,1.6,,,,
19:18:01.688,19.097705750014132,0,9.507623596666672,9.507598,9.507598,9.507598,,,,,0.0118033598434864,40,
19:18:01.927,,,,,,,,1596,1.6,,,,
19:18:02.170,,,,,,,85,,,,,,
19:18:02.405,19.106463986041113,0,9.515788957361117,9.515763,9.515763,9.515763,,,,,0.023614806536322797,41,
19:18:02.650,,,,,,,,0,0,,,,
19:18:02.898,19.11256013855601,0,9.521476297416672,9.52145,9.52145,9.52145,,,,,0.023532033887665303,41,
19:18:03.126,,,,,,,,0,0,,,,
19:18:03.373,,,,,,,85,,,,,,
19:18:03.608,19.121528423899427,0,9.52967824758334,9.529652,9.529652,9.529652,,,,,0.023592911644678832,42,
19:18:03.847,,,,,,,,1528,1.5,,,,
19:18:04.098,19.128051880866213,0,9.535534422361117,9.535508,9.535508,9.535508,,,,,0.03526470500562608,43,
19:18:04.329,,,,,,,,1781,1.8,,,,
19:18:04.573,,,,,,,85,,,,,,
19:18:04.808,19.138281932184004,0,9.544408173611117,9.544382,9.544382,9.544382,,,,,0.047158125649555196,45,
19:18:05.048,,,,,,,,2179,2.2,,,,
19:18:05.298,19.145617272495954,0,9.550674441833339,9.550648,9.550648,9.550648,,,,,0.05901341792843926,46,
19:18:05.535,,,,,,,,2185,2.2,,,,
19:18:05.766,,,,,,,86,,,,,,
19:18:06.012,19.156684952630542,0,9.559994061388894,9.559968,9.559968,9.559968,,,,,0.05890202784552057,47,
19:18:06.246,,,,,,,,1821,1.8,,,,
19:18:06.494,19.164148572359736,0,9.566283040000005,9.566257,9.566257,9.566257,,,,,0.04729050241582259,47,
19:18:06.729,,,,,,,,0,0,,,,
19:18:06.966,,,,,,,85,,,,,,
19:18:07.211,19.174855406938878,0,9.575447999500005,9.575422,9.575422,9.575422,,,,,,46,
19:18:07.449,,,,,,,,0,0,,,,
19:18:07.685,19.181668872394198,0,9.581378337000006,9.581352,9.581352,9.581352,,,,,-0.011865260686208749,45,
19:18:07.929,,,,,,,,0,0,,,,
19:18:08.166,,,,,,,86,,,,,,
19:18:08.412,19.192100051529145,0,9.590463544500006,9.590437,9.590437,9.590437,,,,,-0.023602958601942125,45,
19:18:08.649,,,,,,,,0,0,,,,
19:18:08.896,19.198765120386557,0,9.596372369277784,9.596346,9.596346,9.596346,,,,,-0.03537964285905854,44,
19:18:09.128,,,,,,,,0,0,,,,
19:18:09.370,,,,,,,86,,,,,,
19:18:09.613,19.20866121700401,0,9.60515147783334,9.605125,9.605125,9.605125,,,,,-0.023580840275000268,44,
19:18:09.852,,,,,,,,0,0,,,,
19:18:10.121,19.215361045409992,0,9.611208270305562,9.611182,9.611182,9.611182,,,,,-0.02326461492356187,43,
19:18:10.362,,,,,,,,0,0,,,,
19:18:10.630,,,,,,,86,,,,,,
19:18:10.871,19.225688474368244,0,9.62038256608334,9.620356,9.620356,9.620356,,,,,,44,
19:18:11.111,,,,,,,,0,0,,,,
19:18:11.381,19.232416650930208,0,9.626473603277784,9.626447,9.626447,9.626447,,,,,,43,
19:18:11.623,,,,,,,,0,0,,,,
19:18:11.892,,,,,,,86,,,,,,
19:18:12.133,19.24233189873315,0,9.635456193388896,9.63543,9.63543,9.63543,,,,,,43,
19:18:12.371,,,,,,,,0,0,,,,
19:18:12.640,19.24900611562138,0,9.641506836861117,9.641481,9.641481,9.641481,,,,,0,43,
19:18:12.880,,,,,,,,0,0,,,,
19:18:13.151,,,,,,,86,,,,,,
19:18:13.393,19.258923276531615,0,9.650503718500007,9.650478,9.650478,9.650478,,,,,-0.011232526802682047,43,
19:18:13.632,,,,,,,,0,0,,,,
19:18:13.899,19.26558735521714,0,9.656553616638895,9.656528,9.656528,9.656528,,,,,0,43,
19:18:14.140,,,,,,,,0,0,,,,
19:18:14.411,,,,,,,85,,,,,,
19:18:14.654,19.275503499947863,0,9.665562152472228,9.665537,9.665537,9.665537,,,,,0,43,
19:18:14.887,,,,,,,,0,0,,,,
19:18:15.129,19.28174774074632,0,9.671238732972228,9.671214,9.671214,9.671214,,,,,0,43,
19:18:15.371,,,,,,,,0,0,,,,
19:18:15.607,,,,,,,85,,,,,,
19:18:15.852,19.29124067182106,0,9.679874395500006,9.67985,9.67985,9.67985,,,,,0,43,
19:18:16.091,,,,,,,,0,0,,,,
19:18:16.362,19.29793027901211,0,9.68596404594445,9.68594,9.68594,9.68594,,,,,0,43,
19:18:16.600,,,,,,,,0,0,,,,
19:18:16.869,,,,,,,85,,,,,,
19:18:17.109,19.30649277604903,0,9.694271318166672,9.694247,9.694247,9.694247,,,,,-0.034609455793031464,40,
19:18:17.348,,,,,,,,0,0,,,,
19:18:17.623,19.311238919484744,0,9.699412122166672,9.699388,9.699388,9.699388,,,,,-0.07949956686344987,36,
19:18:17.863,,,,,,,,0,0,,,,
19:18:18.131,,,,,,,85,,,,,,
19:18:18.372,19.316077939559577,0,9.705860726666671,9.705837,9.705837,9.705837,,,,,-0.13486114990809475,31,
19:18:18.610,,,,,,,,0,0,,,,
19:18:18.882,19.319370730331233,0,9.710251840500005,9.710228,9.710228,9.710228,,,,,-0.1348541675250048,31,
19:18:19.122,,,,,,,,0,0,,,,
19:18:19.392,,,,,,,85,,,,,,
19:18:19.629,19.32377817996904,0,9.716476685500005,9.716453,9.716453,9.716453,,,,,-0.11240994097033341,30,
19:18:19.871,,,,,,,,0,0,,,,
19:18:20.140,19.326790195950636,0,9.720733652166672,9.72071,9.72071,9.72071,,,,,-0.06753204141286943,30,
19:18:20.384,,,,,,,,0,0,,,,
19:18:20.652,,,,,,,85,,,,,,
19:18:20.889,19.331205007132077,0,9.726977572166671,9.726954,9.726954,9.726954,,,,,-0.011253590905359148,30,
19:18:21.129,,,,,,,,1125,1.1,,,,
19:18:21.398,19.33475704258669,0,9.731493351722227,9.73147,9.73147,9.73147,,,,,,32,
19:18:21.644,,,,,,,,1824,1.8,,,,
19:18:21.881,,,,,,,84,,,,,,
19:18:22.118,19.341376511541366,0,9.738693265722226,9.73867,9.73867,9.73867,,,,,0.06829012921074101,36,
19:18:22.360,,,,,,,,2147,2.1,,,,
19:18:22.604,19.346454197748553,0,9.74390163016667,9.743878,9.743878,9.743878,,,,,0.09196045198695095,38,
19:18:22.839,,,,,,,,2511,2.5,,,,
19:18:23.081,,,,,,,84,,,,,,
19:18:23.319,19.354902509726553,0,9.751961458000004,9.751938,9.751938,9.751938,,,,,0.12823665760740607,41,
19:18:23.560,,,,,,,,1882,1.9,,,,
19:18:23.798,19.360615201888148,0,9.757415026305559,9.757392,9.757392,9.757392,,,,,0.10621960679828096,41,
19:18:24.037,,,,,,,,1616,1.6,,,,
19:18:24.280,,,,,,,84,,,,,,
19:18:24.519,19.369213304443765,0,9.76562855516667,9.765606,9.765606,9.765606,,,,,0.05898307990377531,41,
19:18:24.763,,,,,,,,0,0,,,,
19:18:24.997,19.374912089167353,0,9.771076045222225,9.771053,9.771053,9.771053,,,,,0.035507518190129414,41,
19:18:25.236,,,,,,,,1232,1.2,,,,
19:18:25.483,,,,,,,84,,,,,,
19:18:25.719,19.384293759447132,0,9.779690947111114,9.779668,9.779668,9.779668,,,,,0.023608492454819115,43,
19:18:25.955,,,,,,,,1816,1.8,,,,
19:18:26.209,19.391027260632125,0,9.785764954000003,9.785742,9.785742,9.785742,,,,,0.03523706280519135,44,
19:18:26.438,,,,,,,,2126,2.1,,,,
19:18:26.684,,,,,,,85,,,,,,
19:18:26.920,19.40095820086028,0,9.794574897750003,9.794552,9.794552,9.794552,,,,,0.04718298388024692,45,
19:18:27.190,,,,,,,,2112,2.1,,,,
19:18:27.425,19.408615315507134,0,9.801159839277782,9.801137,9.801137,9.801137,,,,,0.07001473732737461,47,
19:18:27.668,,,,,,,,2175,2.2,,,,
19:18:27.906,,,,,,,85,,,,,,
19:18:28.153,19.420856946689348,0,9.811267878166671,9.811245,9.811245,9.811245,,,,,0.08146413655612128,50,
19:18:28.388,,,,,,,,2728,2.7,,,,
19:18:28.625,19.42932122533377,0,9.818094773277782,9.818072,9.818072,9.818072,,,,,0.09380382706243087,52,
19:18:28.878,,,,,,,,3043,3,,,,
19:18:29.108,,,,,,,85,,,,,,
19:18:29.351,19.442737153984446,0,9.828802065888892,9.828779,9.828779,9.828779,,,,,0.09322646561172028,53,
19:18:29.598,,,,,,,,1305,1.3,,,,
19:18:29.827,19.451230192213597,0,9.835661290555558,9.835638,9.835638,9.835638,,,,,,52,
19:18:30.070,,,,,,,,631,0.6,,,,
19:18:30.308,,,,,,,85,,,,,,
19:18:30.547,19.461720910422027,0,9.844856185833336,9.844833,9.844833,9.844833,,,,,,46,
19:18:30.788,,,,,,,,0,0,,,,
19:18:31.028,19.467671443346337,0,9.85046701716667,9.850444,9.850444,9.850444,,,,,-0.11789006877178151,42,
19:18:31.270,,,,,,,,0,0,,,,
19:18:31.515,,,,,,,86,,,,,,
19:18:31.747,19.47419270282055,0,9.85765511716667,9.857632,9.857632,9.857632,,,,,-0.20100724563338393,36,
19:18:32.002,,,,,,,,0,0,,,,
19:18:32.227,19.477760152574547,0,9.862062059083337,9.862039,9.862039,9.862039,,,,,-0.22423246961591048,33,
19:18:32.466,,,,,,,,0,0,,,,
19:18:32.709,,,,,,,86,,,,,,
19:18:32.950,19.48272409015424,0,9.86848738530556,9.868464,9.868464,9.868464,,,,,-0.16503726297239563,32,
19:18:33.190,,,,,,,,0,0,,,,
19:18:33.461,19.48623003244213,0,9.87302855241667,9.873005,9.873005,9.873005,,,,,-0.11643897003608629,32,
19:18:33.700,,,,,,,,0,0,,,,
19:18:33.971,,,,,,,86,,,,,,
19:18:34.210,19.49137046742906,0,9.879691443083336,9.879668,9.879668,9.879668,,,,,-0.04599254844961585,32,
19:18:34.453,,,,,,,,0,0,,,,
19:18:34.722,19.49487522433848,0,9.884237353305558,9.884214,9.884214,9.884214,,,,,-0.01135709099846188,32,
19:18:34.961,,,,,,,,0,0,,,,
19:18:35.231,,,,,,,86,,,,,,
19:18:35.473,19.50001883097165,0,9.890913579972224,9.89089,9.89089,9.89089,,,,,0,32,
19:18:35.710,,,,,,,,0,0,,,,
19:18:35.981,19.50349517088898,0,9.89542886352778,9.895405,9.895405,9.895405,,,,,0,32,
19:18:36.224,,,,,,,,0,0,,,,
19:18:36.492,,,,,,,85,,,,,,
19:18:36.731,19.508622811611485,0,9.902093545305558,9.90207,9.90207,9.90207,,,,,0,32,
19:18:36.970,,,,,,,,0,0,,,,
19:18:37.211,19.511644215108085,0,9.906231759416668,9.906208,9.906208,9.906208,,,,,-0.011376152084866316,31,
19:18:37.455,,,,,,,,0,0,,,,
19:18:37.692,,,,,,,85,,,,,,
19:18:37.931,19.515380954513024,0,9.912032527916669,9.912009,9.912009,9.912009,,,,,-0.0345657870255396,29,
19:18:38.173,,,,,,,,0,0,,,,
19:18:38.440,19.517740011517166,0,9.915987747250002,9.915964,9.915964,9.915964,,,,,-0.04607627940650468,28,
19:18:38.680,,,,,,,,0,0,,,,
19:18:38.951,,,,,,,85,,,,,,
19:18:39.190,19.520809645085755,0,9.921617666500001,9.921594,9.921594,9.921594,,,,,-0.05758724396955361,27,
19:18:39.432,,,,,,,,0,0,,,,
19:18:39.701,19.52289642287242,0,9.925447600000002,9.925424,9.925424,9.925424,,,,,-0.04551221412798459,27,
19:18:39.941,,,,,,,,0,0,,,,
19:18:40.209,,,,,,,85,,,,,,
19:18:40.444,19.52552669983505,0,9.930817624111112,9.930794,9.930794,9.930794,,,,,-0.033810722836691856,26,
19:18:40.692,,,,,,,,0,0,,,,
19:18:40.961,19.527351780094,0,9.934546307944446,9.934523,9.934523,9.934523,,,,,-0.022471140699866738,26,
19:18:41.202,,,,,,,,0,0,,,,
19:18:41.471,,,,,,,85,,,,,,
19:18:41.711,19.52959339632883,0,9.93975809127778,9.939735,9.939735,9.939735,,,,,-0.02247236903359005,25,
19:18:41.953,,,,,,,,0,0,,,,
19:18:42.222,19.53139719670882,0,9.943448155722225,9.943425,9.943425,9.943425,,,,,,26,
19:18:42.461,,,,,,,,0,0,,,,
19:18:42.729,,,,,,,85,,,,,,
19:18:42.969,19.533624839016436,0,9.948634839055558,9.948612,9.948612,9.948612,,,,,,25,
19:18:43.211,,,,,,,,0,0,,,,
19:18:43.480,19.535147851048563,0,9.952183345305558,9.952161,9.952161,9.952161,,,,,,25,
19:18:43.722,,,,,,,,0,0,,,,
19:18:43.993,,,,,,,85,,,,,,
19:18:44.230,19.5373832790404,0,9.957395311972224,9.957373,9.957373,9.957373,,,,,0,25,
19:18:44.471,,,,,,,,0,0,,,,
19:18:44.743,19.538906770488293,0,9.96094982238889,9.960928,9.960928,9.960928,,,,,-0.011237053735588736,25,
19:18:44.981,,,,,,,,0,0,,,,
19:18:45.276,,,,,,,84,,,,,,
19:18:45.524,19.541229950875223,0,9.966373934194445,9.966352,9.966352,9.966352,,,,,0,25,
19:18:45.758,,,,,,,,0,0,,,,
19:18:45.997,19.542637004805794,0,9.969661339055556,9.969639,9.969639,9.969639,,,,,0,25,
19:18:46.242,,,,,,,,0,0,,,,
19:18:46.482,,,,,,,84,,,,,,
19:18:46.721,19.544393330270424,0,9.974487553722222,9.974465,9.974465,9.974465,,,,,-0.011374497004448054,24,
19:18:46.962,,,,,,,,0,0,,,,
19:18:47.232,19.54535715104984,0,9.977762388277778,9.97774,9.97774,9.97774,,,,,-0.02275562443453113,23,
19:18:47.470,,,,,,,,0,0,,,,
19:18:47.742,,,,,,,83,,,,,,
19:18:47.978,19.546351034055686,0,9.982311588611111,9.982289,9.982289,9.982289,,,,,-0.03462323292673694,22,
19:18:48.216,,,,,,,,0,0,,,,
19:18:48.469,19.546738808288175,0,9.985173261527779,9.985151,9.985151,9.985151,,,,,-0.045847821982654115,21,
19:18:48.697,,,,,,,,0,0,,,,
19:18:48.942,,,,,,,83,,,,,,
19:18:49.182,19.547302399507057,0,9.989335141861112,9.989313,9.989313,9.989313,,,,,-0.03452823201623507,21,
19:18:49.421,,,,,,,,0,0,,,,
19:18:49.691,19.5474275620607,0,9.992161752972223,9.99214,9.99214,9.99214,,,,,-0.03456798900997227,20,
19:18:49.931,,,,,,,,0,0,,,,
19:18:50.201,,,,,,,83,,,,,,
19:18:50.442,19.547612260612276,0,9.996335753527779,9.996314,9.996314,9.996314,,,,,-0.022993997676119458,20,
19:18:50.682,,,,,,,,0,0,,,,
19:18:50.953,19.54746028438659,0,9.99903301938889,9.999011,9.999011,9.999011,,,,,-0.022802905813217998,19,
19:18:51.186,,,,,,,,0,0,,,,
19:18:51.459,,,,,,,83,,,,,,
19:18:51.701,19.546831665616377,0,10.002774852888889,10.002753,10.002753,10.002753,,,,,-0.03372663758786558,18,
19:18:51.942,,,,,,,,0,0,,,,
19:18:52.211,19.54640359652093,0,10.005324661888888,10.005303,10.005303,10.005303,,,,,-0.02247402188026302,18,
19:18:52.452,,,,,,,,0,0,,,,
19:18:52.721,,,,,,,83,,,,,,
19:18:52.960,19.545775727625294,0,10.009067140388888,10.009045,10.009045,10.009045,,,,,-0.022499892852565342,18,
19:18:53.200,,,,,,,,0,0,,,,
19:18:53.469,19.545901179313294,0,10.0118965565,10.011874,10.011874,10.011874,,,,,,20,
19:18:53.711,,,,,,,,1629,1.6,,,,
19:18:53.983,,,,,,,83,,,,,,
19:18:54.218,19.546897045512306,0,10.016471319,10.016449,10.016449,10.016449,,,,,0.0450160125895,22,
19:18:54.457,,,,,,,,1944,1.9,,,,
19:18:54.699,19.54805734542015,0,10.019676620333334,10.019654,10.019654,10.019654,,,,,0.0683152792110959,24,
19:18:54.936,,,,,,,,2262,2.3,,,,
19:18:55.179,,,,,,,83,,,,,,
19:18:55.416,19.55134133510361,0,10.02525518088889,10.025233,10.025233,10.025233,,,,,0.11530719183639693,28,
19:18:55.658,,,,,,,,2699,2.7,,,,
19:18:55.899,19.554337129965468,0,10.029415739972222,10.029394,10.029394,10.029394,,,,,0.12820419138046946,31,
19:18:56.138,,,,,,,,2942,2.9,,,,
19:18:56.377,,,,,,,83,,,,,,
19:18:56.618,19.55995257000271,0,10.036197253416667,10.036176,10.036176,10.036176,,,,,0.1416723803586501,34,
19:18:56.854,,,,,,,,3191,3.2,,,,
19:18:57.100,19.564247631477343,0,10.041024324416666,10.041003,10.041003,10.041003,,,,,0.1415617735838003,36,
19:18:57.339,,,,,,,,3153,3.2,,,,
19:18:57.576,,,,,,,84,,,,,,
19:18:57.829,19.57198320773616,0,10.048994055666666,10.048973,10.048973,10.048973,,,,,0.12915732356102108,39,
19:18:58.058,,,,,,,,2798,2.8,,,,
19:18:58.295,19.577055095717203,0,10.054094394555555,10.054073,10.054073,10.054073,,,,,0.10642106472993862,40,
19:18:58.538,,,,,,,,2728,2.7,,,,
19:18:58.775,,,,,,,85,,,,,,
19:18:59.013,19.585853441832235,0,10.062561280722223,10.06254,10.06254,10.06254,,,,,0.09457757048190976,42,
19:18:59.260,,,,,,,,2631,2.6,,,,
19:18:59.500,19.59197832407612,0,10.068341808944446,10.068321,10.068321,10.068321,,,,,0.08262721681348931,43,
19:18:59.740,,,,,,,,2110,2.1,,,,
19:18:59.979,,,,,,,85,,,,,,
19:19:00.225,19.601092113852975,0,10.076948803611112,10.076928,10.076928,10.076928,,,,,0.047279279874987735,43,
19:19:00.459,,,,,,,,1877,1.9,,,,
19:19:00.696,19.607290878617437,0,10.082697198277778,10.082676,10.082676,10.082676,,,,,0.04719771715061624,44,
19:19:00.949,,,,,,,,1865,1.9,,,,
19:19:01.174,,,,,,,86,,,,,,
19:19:01.421,19.617275763829852,0,10.091800029527779,10.091779,10.091779,10.091779,,,,,0.035297940864269274,45,
19:19:01.668,,,,,,,,1861,1.9,,,,
19:19:01.897,19.623765663362846,0,10.097720459527778,10.097699,10.097699,10.097699,,,,,0.02362880973921759,45,
19:19:02.142,,,,,,,,1878,1.9,,,,
19:19:02.379,,,,,,,86,,,,,,
19:19:02.619,19.634108790180008,0,10.107006022083334,10.106985,10.106985,10.106985,,,,,0.035498309844246054,46,
19:19:02.860,,,,,,,,1995,2,,,,
19:19:03.097,19.64109743406477,0,10.113186234861113,10.113165,10.113165,10.113165,,,,,0.03537979458082761,47,
19:19:03.343,,,,,,,,2250,2.2,,,,
19:19:03.577,,,,,,,86,,,,,,
19:19:03.817,19.65249293559198,0,10.122982951861113,10.122962,10.122962,10.122962,,,,,0.0472819039765252,49,
19:19:04.070,,,,,,,,2501,2.5,,,,
19:19:04.297,19.660348122810998,0,10.129651124083335,10.12963,10.12963,10.12963,,,,,0.059013110557743276,50,
19:19:04.540,,,,,,,,2514,2.5,,,,
19:19:04.787,,,,,,,86,,,,,,
19:19:05.016,19.672478393470392,0,10.139825737416668,10.139805,10.139805,10.139805,,,,,0.05909642668627018,51,
19:19:05.260,,,,,,,,2525,2.5,,,,
19:19:05.497,19.680867308693546,0,10.146782719194446,10.146762,10.146762,10.146762,,,,,0.05901532123908578,52,
19:19:05.771,,,,,,,,2550,2.6,,,,
19:19:06.013,,,,,,,87,,,,,,
19:19:06.250,19.694786700555408,0,10.158079066194446,10.158058,10.158058,10.158058,,,,,0.058208169490982856,54,
19:19:06.487,,,,,,,,2571,2.6,,,,
19:19:06.729,19.703925330418777,0,10.165423827305558,10.165403,10.165403,10.165403,,,,,0.0582377848481407,55,
19:19:06.967,,,,,,,,2569,2.6,,,,
19:19:07.206,,,,,,,87,,,,,,
19:19:07.450,19.71797075760751,0,10.176608007305559,10.176587,10.176587,10.176587,,,,,0.05817596263821014,56,
19:19:07.689,,,,,,,,2403,2.4,,,,
19:19:07.925,19.72749446859119,0,10.184124812638892,10.184104,10.184104,10.184104,,,,,0.05834238652817548,57,
19:19:08.168,,,,,,,,2271,2.3,,,,
19:19:08.406,,,,,,,87,,,,,,
19:19:08.651,19.74244924850055,0,10.195829037027782,10.195808,10.195808,10.195808,,,,,0.04719585729515638,58,
19:19:08.887,,,,,,,,2178,2.2,,,,
19:19:09.124,19.752182865023748,0,10.203451881972226,10.203431,10.203431,10.203431,,,,,0.035478803878542554,58,
19:19:09.367,,,,,,,,2132,2.1,,,,
19:19:09.608,,,,,,,87,,,,,,
19:19:09.852,19.76753461964994,0,10.215377927277782,10.215357,10.215357,10.215357,,,,,0.03537663962507562,59,
19:19:10.089,,,,,,,,2046,2,,,,
19:19:10.327,19.777794392702674,0,10.223286990611115,10.223266,10.223266,10.223266,,,,,0.03537921568825168,60,
19:19:10.579,,,,,,,,1936,1.9,,,,
19:19:10.806,,,,,,,88,,,,,,
19:19:11.048,19.79350876199443,0,10.235408723944449,10.235388,10.235388,10.235388,,,,,0.023630313778045857,60,
19:19:11.296,,,,,,,,1817,1.8,,,,
19:19:11.526,19.80370613585527,0,10.243279833944449,10.243259,10.243259,10.243259,,,,,0.023586569983527976,60,
19:19:11.772,,,,,,,,1617,1.6,,,,
19:19:12.007,,,,,,,88,,,,,,
19:19:12.246,19.819234396316322,0,10.255273402277782,10.255253,10.255253,10.255253,,,,,0.011833095210472851,60,
19:19:12.489,,,,,,,,1205,1.2,,,,
19:19:12.726,19.829322906632672,0,10.263136222472227,10.263116,10.263116,10.263116,,,,,-0.011807364385352568,59,
19:19:12.973,,,,,,,,0,0,,,,
19:19:13.210,,,,,,,88,,,,,,
19:19:13.446,19.844469143540064,0,10.274948560027783,10.274928,10.274928,10.274928,,,,,-0.011812449377421048,59,
19:19:13.690,,,,,,,,0,0,,,,
19:19:13.924,19.854254191685428,0,10.282652005638894,10.282631,10.282631,10.282631,,,,,-0.023621733667997462,58,
19:19:14.167,,,,,,,,0,0,,,,
19:19:14.416,,,,,,,88,,,,,,
19:19:14.648,19.868281727713708,0,10.293911849416672,10.293891,10.293891,10.293891,,,,,-0.04716060676046415,56,
19:19:14.890,,,,,,,,0,0,,,,
19:19:15.160,19.877657832215746,0,10.301599568416671,10.301579,10.301579,10.301579,,,,,-0.05817010850354402,54,
19:19:15.400,,,,,,,,0,0,,,,
19:19:15.669,,,,,,,88,,,,,,
19:19:15.910,19.89055339442577,0,10.31242263319445,10.312402,10.312402,10.312402,,,,,-0.08049416788317164,52,
19:19:16.150,,,,,,,,0,0,,,,
19:19:16.423,19.898835197856123,0,10.319554865138894,10.319534,10.319534,10.319534,,,,,-0.0906913976030493,50,
19:19:16.661,,,,,,,,0,0,,,,
19:19:16.933,,,,,,,87,,,,,,
19:19:17.168,19.910039670513495,0,10.329484078472227,10.329463,10.329463,10.329463,,,,,-0.0899234491721476,48,
19:19:17.409,,,,,,,,0,0,,,,
19:19:17.604,,,,,,,,,,,,,
19:19:17.614,,,,,,,,,,45,,,
19:19:17.862,19.920101888827357,0,10.33854455569445,10.338523,10.338523,10.338523,,,,,-0.07338310926386597,47,
19:19:18.101,,,,,,,,0,0,,,,
19:19:18.370,,,,,,,86,,,,,,
19:19:18.607,19.930962112487304,0,10.348331151583338,10.34831,10.34831,10.34831,,,,,-0.05250877927361559,47,
19:19:18.848,,,,,,,,0,0,,,,
19:19:19.088,19.937854777988964,0,10.354546491638894,10.354525,10.354525,10.354525,,,,,-0.031888394937090524,47,
19:19:19.331,,,,,,,,0,0,,,,
19:19:19.571,,,,,,,86,,,,,,
19:19:19.811,19.948316933249128,0,10.363986608750006,10.363965,10.363965,10.363965,,,,,-0.01072014392221898,47,
19:19:20.050,,,,,,,,0,0,,,,
19:19:20.319,19.955677220836016,0,10.370632253388894,10.370611,10.370611,10.370611,,,,,0,47,
19:19:20.560,,,,,,,,0,0,,,,
19:19:20.829,,,,,,,86,,,,,,
19:19:21.072,19.966959112699307,0,10.380671282722227,10.38065,10.38065,10.38065,,,,,0.011487724637919574,48,
19:19:21.315,,,,,,,,1705,1.7,,,,
19:19:21.576,19.974855845655505,0,10.387602071388894,10.387581,10.387581,10.387581,,,,,0.02276788389688986,49,
19:19:21.817,,,,,,,,1757,1.8,,,,
19:19:22.054,,,,,,,86,,,,,,
19:19:22.298,19.986356551863246,0,10.397565468611116,10.397544,10.397544,10.397544,,,,,0.034156144449592786,50,
19:19:22.538,,,,,,,,1689,1.7,,,,
19:19:22.778,19.9938528182957,0,10.40415340019445,10.404132,10.404132,10.404132,,,,,,49,
19:19:23.026,,,,,,,,1574,1.6,,,,
19:19:23.255,,,,,,,85,,,,,,
19:19:23.503,20.0046087709204,0,10.413749921527783,10.413729,10.413729,10.413729,,,,,,48,
19:19:23.737,,,,,,,,817,0.8,,,,
19:19:23.980,20.011824600148977,0,10.420192058861117,10.420171,10.420171,10.420171,,,,,-0.011780841632611116,48,
19:19:24.222,,,,,,,,0,0,,,,
19:19:24.456,,,,,,,85,,,,,,
19:19:24.701,20.02251100626946,0,10.429738757527783,10.429718,10.429718,10.429718,,,,,-0.023580509497818484,48,
19:19:24.946,,,,,,,,0,0,,,,
19:19:25.176,20.02957876287638,0,10.436056744194449,10.436036,10.436036,10.436036,,,,,-0.01180790630682577,48,
19:19:25.431,,,,,,,,0,0,,,,
19:19:25.659,,,,,,,85,,,,,,
19:19:25.899,20.040731259991876,0,10.445888820138894,10.445868,10.445868,10.445868,,,,,0.011825319023038365,49,
19:19:26.140,,,,,,,,0,0,,,,
19:19:26.382,20.048197245027122,0,10.45247508844445,10.452454,10.452454,10.452454,,,,,0.011794439966837855,49,
19:19:26.622,,,,,,,,0,0,,,,
19:19:26.891,,,,,,,85,,,,,,
19:19:27.130,20.059736197598145,0,10.462661091388894,10.46264,10.46264,10.46264,,,,,0.011658573718941924,49,
19:19:27.371,,,,,,,,0,0,,,,
19:19:27.641,20.067329430877738,0,10.46946678605556,10.469446,10.469446,10.469446,,,,,0,48,
19:19:27.878,,,,,,,,0,0,,,,
19:19:28.151,,,,,,,85,,,,,,
19:19:28.389,20.078455512248752,0,10.479445602055561,10.479425,10.479425,10.479425,,,,,-0.011373045151374736,48,
19:19:28.631,,,,,,,,0,0,,,,
19:19:28.899,20.086032666022902,0,10.486245991388895,10.486225,10.486225,10.486225,,,,,-0.01125256356157182,48,
19:19:29.141,,,,,,,,0,0,,,,
19:19:29.409,,,,,,,85,,,,,,
19:19:29.649,20.09676302650153,0,10.496032629055561,10.496012,10.496012,10.496012,,,,,-0.022494144754447266,47,
19:19:29.891,,,,,,,,0,0,,,,
19:19:30.161,20.103545782660632,0,10.502435581555561,10.502415,10.502415,10.502415,,,,,-0.033717357011314814,45,
19:19:30.399,,,,,,,,0,0,,,,
19:19:30.673,,,,,,,85,,,,,,
19:19:30.908,20.112638512821214,0,10.511360091805562,10.51134,10.51134,10.51134,,,,,-0.05622243404890404,43,
19:19:31.150,,,,,,,,0,0,,,,
19:19:31.421,20.118331836704343,0,10.517202264944451,10.517182,10.517182,10.517182,,,,,-0.0786196845268477,41,
19:19:31.659,,,,,,,,0,0,,,,
19:19:31.931,,,,,,,85,,,,,,
19:19:32.171,20.126246722515184,0,10.525530117166674,10.52551,10.52551,10.52551,,,,,-0.07862168592647054,40,
19:19:32.410,,,,,,,,0,0,,,,
19:19:32.682,20.131366594287105,0,10.531064439250008,10.531044,10.531044,10.531044,,,,,-0.06742681892824127,39,
19:19:32.922,,,,,,,,0,0,,,,
19:19:33.189,,,,,,,85,,,,,,
19:19:33.431,20.138871997735155,0,10.539182830916674,10.539162,10.539162,10.539162,,,,,-0.04491248940262148,39,
19:19:33.672,,,,,,,,0,0,,,,
19:19:33.941,20.14370495516078,0,10.544565243805563,10.544544,10.544544,10.544544,,,,,-0.03372516921708925,38,
19:19:34.183,,,,,,,,0,0,,,,
19:19:34.452,,,,,,,84,,,,,,
19:19:34.688,20.14998170970663,0,10.552027964805562,10.552007,10.552007,10.552007,,,,,-0.04501725207778017,36,
19:19:34.931,,,,,,,,0,0,,,,
19:19:35.169,20.15377181478561,0,10.55670708758334,10.556686,10.556686,10.556686,,,,,-0.04555273706565756,35,
19:19:35.405,,,,,,,,0,0,,,,
19:19:35.651,,,,,,,84,,,,,,
19:19:35.888,20.158293117680838,0,10.563106961361118,10.563086,10.563086,10.563086,,,,,-0.08068479047150709,32,
19:19:36.126,,,,,,,,0,0,,,,
19:19:36.434,20.161140405935125,0,10.567656274694452,10.567635,10.567635,10.567635,,,,,-0.09087894783101311,30,
19:19:36.673,,,,,,,,0,0,,,,
19:19:36.940,,,,,,,83,,,,,,
19:19:37.177,20.163453783395227,0,10.573057937916674,10.573037,10.573037,10.573037,,,,,-0.1137949432078777,26,
19:19:37.421,,,,,,,,0,0,,,,
19:19:37.660,20.16442366114367,0,10.57624018058334,10.576219,10.576219,10.576219,,,,,-0.12507526834926397,24,
19:19:37.901,,,,,,,,0,0,,,,
19:19:38.140,,,,,,,83,,,,,,
19:19:38.383,20.165126106204095,0,10.580657657750008,10.580636,10.580636,10.580636,,,,,-0.11357200286544927,22,
19:19:38.620,,,,,,,,0,0,,,,
19:19:38.890,20.165081731575984,0,10.58347849108334,10.583457,10.583457,10.583457,,,,,-0.11533852289594324,20,
19:19:39.133,,,,,,,,0,0,,,,
19:19:39.398,,,,,,,83,,,,,,
19:19:39.640,20.16422264680801,0,10.58722852358334,10.587207,10.587207,10.587207,,,,,-0.09198733732189826,18,
19:19:39.879,,,,,,,,0,0,,,,
19:19:40.152,20.163094500057344,0,10.589505036472229,10.589484,10.589484,10.589484,,,,,-0.09091944007033027,16,
19:19:40.388,,,,,,,,0,0,,,,
19:19:40.661,,,,,,,83,,,,,,
19:19:40.904,20.15945541867414,0,10.591800303805561,10.591779,10.591779,10.591779,,,,,-0.12359281321269885,11,
19:19:41.141,,,,,,,,0,0,,,,
19:19:41.411,20.15646439143759,0,10.593068035305562,10.593047,10.593047,10.593047,,,,,-0.1236172128307521,9,
19:19:41.651,,,,,,,,0,0,,,,
19:19:41.923,,,,,,,83,,,,,,
19:19:42.161,20.15085177771966,0,10.594318700972229,10.594298,10.594298,10.594298,,,,,-0.13483572253065373,6,
19:19:42.402,,,,,,,,0,0,,,,
19:19:42.669,20.146786149692446,0,10.595024298055563,10.595004,10.595004,10.595004,,,,,-0.12380274092326791,5,
19:19:42.911,,,,,,,,0,0,,,,
19:19:43.182,,,,,,,83,,,,,,
19:19:43.421,20.140378981761184,0,10.595859340500008,10.595839,10.595839,10.595839,,,,,-0.07876989755904244,4,
19:19:43.658,,,,,,,,0,0,,,,
19:19:43.929,20.136046557592742,0,10.596424358611118,10.596404,10.596404,10.596404,,,,,-0.05623510063629528,4,
19:19:44.171,,,,,,,,1521,1.5,,,,
19:19:44.434,,,,,,,83,,,,,,
19:19:44.678,20.130469156573806,0,10.597670627277784,10.59765,10.59765,10.59765,,,,,,6,
19:19:44.917,,,,,,,,1534,1.5,,,,
19:19:45.162,20.12711365958711,0,10.59861260833334,10.598592,10.598592,10.598592,,,,,,7,
19:19:45.396,,,,,,,,1535,1.5,,,,
19:19:45.635,,,,,,,83,,,,,,
19:19:45.879,20.122528343309533,0,10.600206040555562,10.600185,10.600185,10.600185,,,,,0.04608908273647647,8,
19:19:46.118,,,,,,,,1535,1.5,,,,
19:19:46.359,20.11971467357649,0,10.601405688305562,10.601385,10.601385,10.601385,,,,,0.058293782741235714,9,
19:19:46.599,,,,,,,,1498,1.5,,,,
19:19:46.866,,,,,,,82,,,,,,
19:19:47.114,20.116086979314705,0,10.603712204666673,10.603692,10.603692,10.603692,,,,,0.058133879715040374,11,
19:19:47.346,,,,,,,,0,0,,,,
19:19:47.588,20.114059665431498,0,10.60529264633334,10.605272,10.605272,10.605272,,,,,0.05838034608204753,12,
19:19:47.839,,,,,,,,0,0,,,,
19:19:48.068,,,,,,,82,,,,,,
19:19:48.309,20.11210713077386,0,10.60831338383334,10.608293,10.608293,10.608293,,,,,0.0815880674090803,15,
19:19:48.548,,,,,,,,0,0,,,,
19:19:48.786,20.11133121270324,0,10.610549566666673,10.610529,10.610529,10.610529,,,,,0.09334315420780585,17,
19:19:49.027,,,,,,,,0,0,,,,
19:19:49.269,,,,,,,82,,,,,,
19:19:49.510,20.11090759830004,0,10.614372031000007,10.614351,10.614351,10.614351,,,,,0.09456022096026426,19,
19:19:49.745,,,,,,,,0,0,,,,
19:19:50.016,20.11114408733858,0,10.617320941416674,10.6173,10.6173,10.6173,,,,,0.10500642024995027,21,
19:19:50.261,,,,,,,,0,0,,,,
19:19:50.531,,,,,,,82,,,,,,
19:19:50.774,20.11229648488286,0,10.622166632527785,10.622146,10.622146,10.622146,,,,,0.0919361447835685,23,
19:19:51.009,,,,,,,,0,0,,,,
19:19:51.281,20.113599301000278,0,10.625686979750007,10.625666,10.625666,10.625666,,,,,0.09083658721062998,25,
19:19:51.522,,,,,,,,0,0,,,,
19:19:51.791,,,,,,,82,,,,,,
19:19:52.030,20.116309703499347,0,10.631303191250007,10.631282,10.631282,10.631282,,,,,0.08993289227122983,27,
19:19:52.271,,,,,,,,0,0,,,,
19:19:52.539,20.118417547382627,0,10.635260694138896,10.63524,10.63524,10.63524,,,,,0.07858590368804531,28,
19:19:52.780,,,,,,,,0,0,,,,
19:19:53.052,,,,,,,82,,,,,,
19:19:53.290,20.12192148428974,0,10.641311171166674,10.64129,10.64129,10.64129,,,,,0.06755562365409655,29,
19:19:53.529,,,,,,,,0,0,,,,
19:19:53.799,20.124832307852884,0,10.645699178111117,10.645678,10.645678,10.645678,,,,,0.06748963216213172,31,
19:19:54.038,,,,,,,,1663,1.7,,,,
19:19:54.309,,,,,,,81,,,,,,
19:19:54.549,20.12953886036296,0,10.652410795888896,10.65239,10.65239,10.65239,,,,,0.05622699639882585,32,
19:19:54.791,,,,,,,,1771,1.8,,,,
19:19:55.027,20.13273007636882,0,10.656741891888895,10.656721,10.656721,10.656721,,,,,0.05690695241524938,33,
19:19:55.271,,,,,,,,1872,1.9,,,,
19:19:55.507,,,,,,,82,,,,,,
19:19:55.746,20.137959015278344,0,10.663530599166673,10.66351,10.66351,10.66351,,,,,0.05765469197007175,34,
19:19:56.000,,,,,,,,1925,1.9,,,,
19:19:56.229,20.141717830433624,0,10.668219121388896,10.668199,10.668199,10.668199,,,,,0.04664078155780863,35,
19:19:56.470,,,,,,,,1680,1.7,,,,
19:19:56.707,,,,,,,83,,,,,,
19:19:56.946,20.147306018915277,0,10.675193881527784,10.675174,10.675174,10.675174,,,,,0.03544814992445316,35,
19:19:57.193,,,,,,,,1417,1.4,,,,
19:19:57.427,20.15104989274222,0,10.679869642361117,10.67985,10.67985,10.67985,,,,,0.023610670903737106,35,
19:19:57.665,,,,,,,,1385,1.4,,,,
19:19:57.911,,,,,,,84,,,,,,
19:19:58.146,20.15665063380766,0,10.686868866527783,10.686849,10.686849,10.686849,,,,,0.011802179024895935,35,
19:19:58.395,,,,,,,,705,0.7,,,,
19:19:58.629,20.160400145938972,0,10.691557569583338,10.691538,10.691538,10.691538,,,,,0,35,
19:19:58.867,,,,,,,,0,0,,,,
19:19:59.110,,,,,,,85,,,,,,
19:19:59.350,20.165620973118546,0,10.698362135027782,10.698343,10.698343,10.698343,,,,,-0.011784556340245545,34,
19:19:59.588,,,,,,,,0,0,,,,
19:19:59.830,20.169101267917497,0,10.702901031138893,10.702882,10.702882,10.702882,,,,,-0.011786211288476015,34,
19:20:00.065,,,,,,,,0,0,,,,
19:20:00.310,,,,,,,85,,,,,,
19:20:00.550,20.173934384077242,0,10.709499796388894,10.709481,10.709481,10.709481,,,,,-0.023568947945486505,33,
19:20:00.790,,,,,,,,0,0,,,,
19:20:01.060,20.177357932462392,0,10.714177055972227,10.714158,10.714158,10.714158,,,,,-0.023306480246723053,33,
19:20:01.299,,,,,,,,0,0,,,,
19:20:01.572,,,,,,,85,,,,,,
19:20:01.810,20.182388340142136,0,10.721054143222227,10.721035,10.721035,10.721035,,,,,-0.011512779738519975,33,
19:20:02.049,,,,,,,,0,0,,,,
19:20:02.317,20.185785106776073,0,10.725700928222228,10.725682,10.725682,10.725682,,,,,-0.011390747024276688,33,
19:20:02.560,,,,,,,,0,0,,,,
19:20:02.829,,,,,,,85,,,,,,
19:20:03.071,20.190833935036274,0,10.732612291472227,10.732593,10.732593,10.732593,,,,,0,33,
19:20:03.308,,,,,,,,0,0,,,,
19:20:03.581,20.194517105520614,0,10.737433992972226,10.737415,10.737415,10.737415,,,,,0.011233209686246873,34,
19:20:03.819,,,,,,,,0,0,,,,
19:20:04.089,,,,,,,85,,,,,,
19:20:04.329,20.199911003348713,0,10.744499881472226,10.744481,10.744481,10.744481,,,,,0.011241970249476095,34,
19:20:04.566,,,,,,,,0,0,,,,
19:20:04.841,20.203594746314632,0,10.749328679527782,10.74931,10.74931,10.74931,,,,,0.01122283329482091,34,
19:20:05.080,,,,,,,,0,0,,,,
19:20:05.349,,,,,,,86,,,,,,
19:20:05.586,20.208565854309978,0,10.756152075777782,10.756133,10.756133,10.756133,,,,,0,33,
19:20:05.826,,,,,,,,0,0,,,,
19:20:06.071,20.211805893555614,0,10.760602244027783,10.760583,10.760583,10.760583,,,,,-0.011376897325223716,33,
19:20:06.306,,,,,,,,0,0,,,,
19:20:06.551,,,,,,,85,,,,,,
19:20:06.787,20.2165806468719,0,10.767164441611117,10.767145,10.767145,10.767145,,,,,-0.011526226972479637,33,
19:20:07.026,,,,,,,,0,0,,,,
19:20:07.270,20.21981125251293,0,10.771607216027784,10.771588,10.771588,10.771588,,,,,-0.011662474841363223,33,
19:20:07.509,,,,,,,,0,0,,,,
19:20:07.753,,,,,,,85,,,,,,
19:20:07.989,20.224595423722725,0,10.778190603277784,10.778171,10.778171,10.778171,,,,,0,33,
19:20:08.230,,,,,,,,0,0,,,,
19:20:08.502,20.227742409095402,0,10.782749407722228,10.78273,10.78273,10.78273,,,,,-0.011650937442555215,32,
19:20:08.740,,,,,,,,0,0,,,,
19:20:09.013,,,,,,,85,,,,,,
19:20:09.250,20.232330298632768,0,10.789399911722228,10.789381,10.789381,10.789381,,,,,-0.011498374222917317,32,
19:20:09.489,,,,,,,,0,0,,,,
19:20:09.762,20.235199870233203,0,10.793806720166673,10.793788,10.793788,10.793788,,,,,-0.022727242016203693,31,
19:20:10.001,,,,,,,,0,0,,,,
19:20:10.271,,,,,,,85,,,,,,
19:20:10.511,20.23900840927685,0,10.800050576000006,10.800032,10.800032,10.800032,,,,,-0.033693340906595974,30,
19:20:10.751,,,,,,,,0,0,,,,
19:20:11.019,20.24158917478576,0,10.804284346000006,10.804266,10.804266,10.804266,,,,,-0.022507373171477246,30,
19:20:11.261,,,,,,,,0,0,,,,
19:20:11.531,,,,,,,85,,,,,,
19:20:11.767,20.24538161384502,0,10.810509942666673,10.810492,10.810492,10.810492,,,,,-0.022515189551033998,30,
19:20:12.011,,,,,,,,0,0,,,,
19:20:12.283,20.24799935946758,0,10.81481000933334,10.814792,10.814792,10.814792,,,,,-0.011238414444431223,30,
19:20:12.521,,,,,,,,0,0,,,,
19:20:12.788,,,,,,,85,,,,,,
19:20:13.031,20.252182351645644,0,10.821254153277785,10.821236,10.821236,10.821236,,,,,0.011242433401200172,31,
19:20:13.272,,,,,,,,0,0,,,,
19:20:13.541,20.255296136842773,0,10.825787326611119,10.825769,10.825769,10.825769,,,,,0.022465818877775448,32,
19:20:13.779,,,,,,,,0,0,,,,
19:20:14.051,,,,,,,85,,,,,,
19:20:14.289,20.260251426386255,0,10.832647625111118,10.832629,10.832629,10.832629,,,,,0.033686133664569705,33,
19:20:14.532,,,,,,,,0,0,,,,
19:20:14.800,20.263632580869512,0,10.837331692777784,10.837313,10.837313,10.837313,,,,,0.03375166772947572,33,
19:20:15.041,,,,,,,,0,0,,,,
19:20:15.311,,,,,,,85,,,,,,
19:20:15.552,20.268994859331404,0,10.84443288083334,10.844414,10.844414,10.844414,,,,,0.03370429925621834,34,
19:20:15.792,,,,,,,,0,0,,,,
19:20:16.060,20.272878257707855,0,10.849370717777784,10.849352,10.849352,10.849352,,,,,0.033731500052573866,35,
19:20:16.301,,,,,,,,0,0,,,,
19:20:16.571,,,,,,,84,,,,,,
19:20:16.808,20.278633534578358,0,10.85669348583334,10.856675,10.856675,10.856675,,,,,0.022489353046977432,35,
19:20:17.059,,,,,,,,0,0,,,,
19:20:17.321,20.28277005052686,0,10.86176596283334,10.861747,10.861747,10.861747,,,,,0.0337114380432078,36,
19:20:17.559,,,,,,,,0,0,,,,
19:20:17.802,,,,,,,83,,,,,,
19:20:18.040,20.288999795168685,0,10.869152530805563,10.869134,10.869134,10.869134,,,,,0.03416121258356209,37,
19:20:18.274,,,,,,,,0,0,,,,
19:20:18.518,20.293145298803296,0,10.874070880166673,10.874052,10.874052,10.874052,,,,,0.02304609194776493,37,
19:20:18.761,,,,,,,,0,0,,,,
19:20:19.002,,,,,,,83,,,,,,
19:20:19.242,20.299787318009965,0,10.881711842055562,10.881693,10.881693,10.881693,,,,,0.03491913234824689,38,
19:20:19.479,,,,,,,,0,0,,,,
19:20:19.750,20.304448444039643,0,10.887077414611118,10.887059,10.887059,10.887059,,,,,0.023323092492025202,38,
19:20:19.991,,,,,,,,0,0,,,,
19:20:20.262,,,,,,,83,,,,,,
19:20:20.501,20.31133283974054,0,10.89500743722223,10.894989,10.894989,10.894989,,,,,0.011507215899074653,38,
19:20:20.740,,,,,,,,0,0,,,,
19:20:21.012,20.315748338738047,0,10.90025991097223,10.900241,10.900241,10.900241,,,,,0,37,
19:20:21.252,,,,,,,,0,0,,,,
19:20:21.521,,,,,,,83,,,,,,
19:20:21.759,20.32180819149694,0,10.90772564697223,10.907707,10.907707,10.907707,,,,,-0.02250559203266084,36,
19:20:21.999,,,,,,,,0,0,,,,
19:20:22.271,20.32570028639611,0,10.91270836072223,10.91269,10.91269,10.91269,,,,,-0.0337016632558339,35,
19:20:22.510,,,,,,,,0,0,,,,
19:20:22.785,,,,,,,83,,,,,,
19:20:23.022,20.331006278032184,0,10.919794276166673,10.919776,10.919776,10.919776,,,,,-0.04495365956130768,34,
19:20:23.260,,,,,,,,0,0,,,,
19:20:23.531,20.334603056477903,0,10.92460074283334,10.924582,10.924582,10.924582,,,,,-0.033744095157786036,34,
19:20:23.772,,,,,,,,0,0,,,,
19:20:24.041,,,,,,,82,,,,,,
19:20:24.279,20.33950008025323,0,10.931458232666673,10.931439,10.931439,10.931439,,,,,-0.0337170493075265,33,
19:20:24.521,,,,,,,,0,0,,,,
19:20:24.766,20.342435342937346,0,10.935788622000006,10.935769,10.935769,10.935769,,,,,-0.0340600351659488,32,
19:20:25.000,,,,,,,,0,0,,,,
19:20:25.242,,,,,,,82,,,,,,
19:20:25.479,20.346363602052907,0,10.941933469555561,10.941914,10.941914,10.941914,,,,,-0.03457521562690024,31,
19:20:25.719,,,,,,,,0,0,,,,
19:20:25.989,20.348904894498244,0,10.946181685388895,10.946162,10.946162,10.946162,,,,,-0.046082178812927324,30,
19:20:26.231,,,,,,,,0,0,,,,
19:20:26.502,,,,,,,82,,,,,,
19:20:26.740,20.352647355252284,0,10.952441939555563,10.952422,10.952422,10.952422,,,,,-0.03452664672482085,30,
19:20:26.980,,,,,,,,0,0,,,,
19:20:27.253,20.35546433195551,0,10.956856711555563,10.956837,10.956837,10.956837,,,,,,31,
19:20:27.492,,,,,,,,0,0,,,,
19:20:27.760,,,,,,,82,,,,,,
19:20:28.001,20.35995867008866,0,10.963507393333341,10.963488,10.963488,10.963488,,,,,,32,
19:20:28.239,,,,,,,,1558,1.6,,,,
19:20:28.506,20.363245194279553,0,10.968128945250008,10.96811,10.96811,10.96811,,,,,0.03376338443373358,33,
19:20:28.746,,,,,,,,1856,1.9,,,,
19:20:28.988,,,,,,,82,,,,,,
19:20:29.230,20.368708948564933,0,10.975168774277787,10.97515,10.97515,10.97515,,,,,0.05688309295579413,35,
19:20:29.466,,,,,,,,1612,1.6,,,,
19:20:29.708,20.372099724435937,0,10.979727009777786,10.979708,10.979708,10.979708,,,,,,34,
19:20:29.959,,,,,,,,1042,1,,,,
19:20:30.190,,,,,,,83,,,,,,
19:20:30.433,20.37641607844877,0,10.986131472888898,10.986112,10.986112,10.986112,,,,,,32,
19:20:30.667,,,,,,,,0,0,,,,
19:20:30.914,20.37880125488615,0,10.990141336222232,10.990122,10.990122,10.990122,,,,,-0.03528369051257886,30,
19:20:31.150,,,,,,,,0,0,,,,
19:20:31.387,,,,,,,84,,,,,,
19:20:31.634,20.381624256790055,0,10.995736740333342,10.995717,10.995717,10.995717,,,,,-0.08248759773745495,28,
19:20:31.867,,,,,,,,0,0,,,,
19:20:32.107,20.38348068528668,0,10.999418583222232,10.999399,10.999399,10.999399,,,,,-0.07084459975062765,28,
19:20:32.353,,,,,,,,0,0,,,,
19:20:32.590,,,,,,,85,,,,,,
19:20:32.831,20.385952368944217,0,11.004863367972233,11.004844,11.004844,11.004844,,,,,-0.059074500636009025,27,
19:20:33.067,,,,,,,,0,0,,,,
19:20:33.310,20.38781921040409,0,11.00857026075001,11.008551,11.008551,11.008551,,,,,,28,
19:20:33.551,,,,,,,,0,0,,,,
19:20:33.790,,,,,,,85,,,,,,
19:20:34.029,20.390268012213312,0,11.013971503500011,11.013952,11.013952,11.013952,,,,,,27,
19:20:34.270,,,,,,,,0,0,,,,
19:20:34.538,20.391996701440558,0,11.017786827750012,11.017767,11.017767,11.017767,,,,,,27,
19:20:34.780,,,,,,,,0,0,,,,
19:20:35.051,,,,,,,85,,,,,,
19:20:35.291,20.394552728192103,0,11.023431796500011,11.023412,11.023412,11.023412,,,,,0,27,
19:20:35.528,,,,,,,,0,0,,,,
19:20:35.797,20.396270731956825,0,11.027228452500012,11.027209,11.027209,11.027209,,,,,-0.011388361918638096,27,
19:20:36.039,,,,,,,,0,0,,,,
19:20:36.310,,,,,,,85,,,,,,
19:20:36.551,20.39882793048048,0,11.032883324250012,11.032864,11.032864,11.032864,,,,,0,27,
19:20:36.790,,,,,,,,0,0,,,,
19:20:37.062,20.40056060239634,0,11.036717366250011,11.036698,11.036698,11.036698,,,,,0,27,
19:20:37.300,,,,,,,,0,0,,,,
19:20:37.572,,,,,,,85,,,,,,
19:20:37.810,20.40271020322098,0,11.0421193241389,11.0421,11.0421,11.0421,,,,,-0.011243099192882555,26,
19:20:38.053,,,,,,,,0,0,,,,
19:20:38.322,20.404179551282514,0,11.045814191361123,11.045795,11.045795,11.045795,,,,,-0.011218781680869573,26,
19:20:38.561,,,,,,,,0,0,,,,
19:20:38.832,,,,,,,85,,,,,,
19:20:39.071,20.40632971976295,0,11.051224568916679,11.051205,11.051205,11.051205,,,,,-0.011240726889243676,26,
19:20:39.310,,,,,,,,0,0,,,,
19:20:39.581,20.4077935677842,0,11.054910367916678,11.054891,11.054891,11.054891,,,,,-0.011245432317170543,26,
19:20:39.823,,,,,,,,0,0,,,,
19:20:40.090,,,,,,,84,,,,,,
19:20:40.330,20.409556155426525,0,11.060110270694455,11.060091,11.060091,11.060091,,,,,-0.011238664597475133,25,
19:20:40.567,,,,,,,,0,0,,,,
19:20:40.809,20.41044060033696,0,11.063314818694455,11.063296,11.063296,11.063296,,,,,-0.022780200545009552,24,
19:20:41.049,,,,,,,,0,0,,,,
19:20:41.287,,,,,,,84,,,,,,
19:20:41.533,20.411768041196623,0,11.068127408027788,11.068109,11.068109,11.068109,,,,,-0.023012886410684573,24,
19:20:41.771,,,,,,,,0,0,,,,
19:20:42.041,20.412441821892592,0,11.071374912833344,11.071357,11.071357,11.071357,,,,,-0.034545133533566856,23,
19:20:42.281,,,,,,,,0,0,,,,
19:20:42.544,,,,,,,84,,,,,,
19:20:42.787,20.413048516464812,0,11.075936707555567,11.075919,11.075919,11.075919,,,,,-0.0345880672806661,22,
19:20:43.032,,,,,,,,0,0,,,,
19:20:43.299,20.413202253255196,0,11.0789219613889,11.078904,11.078904,11.078904,,,,,-0.034119965651104006,21,
19:20:43.542,,,,,,,,0,0,,,,
19:20:43.811,,,,,,,83,,,,,,
19:20:44.049,20.4134271830313,0,11.0832924568889,11.083274,11.083274,11.083274,,,,,-0.03377100056130863,21,
19:20:44.287,,,,,,,,0,0,,,,
19:20:44.533,20.413572394763356,0,11.086115772722234,11.086097,11.086097,11.086097,,,,,-0.022733651762990147,21,
19:20:44.766,,,,,,,,0,0,,,,
19:20:45.007,,,,,,,83,,,,,,
19:20:45.251,20.413420488171276,0,11.090106711055567,11.090088,11.090088,11.090088,,,,,-0.0229971424002213,20,
19:20:45.490,,,,,,,,0,0,,,,
19:20:45.758,20.413313356784602,0,11.092923064944456,11.092904,11.092904,11.092904,,,,,-0.011521333819573211,20,
19:20:46.000,,,,,,,,0,0,,,,
19:20:46.272,,,,,,,83,,,,,,
19:20:46.511,20.412769500329457,0,11.0968977166389,11.096879,11.096879,11.096879,,,,,-0.02301123187015747,19,
19:20:46.754,,,,,,,,0,0,,,,
19:20:47.021,20.412401111846904,0,11.099591739305566,11.099573,11.099573,11.099573,,,,,-0.02276799095668814,19,
19:20:47.257,,,,,,,,0,0,,,,
19:20:47.527,,,,,,,83,,,,,,
19:20:47.774,20.411089583608888,0,11.103145976055567,11.103127,11.103127,11.103127,,,,,-0.03367898823685424,17,
19:20:48.011,,,,,,,,0,0,,,,
19:20:48.282,20.409945836625127,0,11.105403313833344,11.105384,11.105384,11.105384,,,,,-0.04488790066548406,16,
19:20:48.521,,,,,,,,0,0,,,,
19:20:48.793,,,,,,,83,,,,,,
19:20:49.026,20.407130817891822,0,11.108091548083344,11.108072,11.108072,11.108072,,,,,-0.06756348448031926,13,
19:20:49.272,,,,,,,,0,0,,,,
19:20:49.536,20.404423548119443,0,11.109507899472232,11.109488,11.109488,11.109488,,,,,-0.10136022856233227,10,
19:20:49.782,,,,,,,,0,0,,,,
19:20:50.050,,,,,,,83,,,,,,
19:20:50.288,20.399283971731343,0,11.110969788027788,11.11095,11.11095,11.11095,,,,,-0.11266867559311113,7,
19:20:50.527,,,,,,,,0,0,,,,
19:20:50.799,20.39553333068954,0,11.111821251527788,11.111801,11.111801,11.111801,,,,,-0.11253690609715465,6,
19:20:51.041,,,,,,,,0,0,,,,
19:20:51.310,,,,,,,82,,,,,,
19:20:51.548,20.39003903373568,0,11.113069357861121,11.113049,11.113049,11.113049,,,,,-0.07862028306558759,6,
19:20:51.790,,,,,,,,0,0,,,,
19:20:52.027,20.38676871903009,0,11.11400138336112,11.113981,11.113981,11.113981,,,,,,7,
19:20:52.297,,,,,,,,0,0,,,,
19:20:52.540,,,,,,,82,,,,,,
19:20:52.777,20.382421355540654,0,11.115875324111121,11.115855,11.115855,11.115855,,,,,,9,
19:20:53.018,,,,,,,,0,0,,,,
19:20:53.287,20.379720442541643,0,11.117294423555565,11.117274,11.117274,11.117274,,,,,0.04553041728787454,10,
19:20:53.529,,,,,,,,0,0,,,,
19:20:53.799,,,,,,,82,,,,,,
19:20:54.043,20.37688163182224,0,11.12002345072223,11.120003,11.120003,11.120003,,,,,0.07947196922556235,13,
19:20:54.281,,,,,,,,0,0,,,,
19:20:54.549,20.37523920307129,0,11.121991727055564,11.121971,11.121971,11.121971,,,,,0.07862849207106516,14,
19:20:54.788,,,,,,,,0,0,,,,
19:20:55.061,,,,,,,82,,,,,,
19:20:55.301,20.373566266265293,0,11.125332474611119,11.125312,11.125312,11.125312,,,,,0.0785479104224937,16,
19:20:55.539,,,,,,,,0,0,,,,
19:20:55.811,20.372691327547056,0,11.127740693194452,11.12772,11.12772,11.12772,,,,,0.07856724802672091,17,
19:20:56.048,,,,,,,,0,0,,,,
19:20:56.322,,,,,,,81,,,,,,
19:20:56.560,20.371784425823556,0,11.131500072194452,11.131479,11.131479,11.131479,,,,,0.056279981872467334,18,
19:20:56.798,,,,,,,,0,0,,,,
19:20:57.039,20.37145298092923,0,11.134009118250008,11.133988,11.133988,11.133988,,,,,0.05689056931139104,19,
19:20:57.281,,,,,,,,0,0,,,,
19:20:57.553,,,,,,,81,,,,,,
19:20:57.791,20.371310945995482,0,11.138190472694452,11.138169,11.138169,11.138169,,,,,0.04550263099498858,20,
19:20:58.031,,,,,,,,0,0,,,,
19:20:58.301,20.371474006458534,0,11.141169266111119,11.141148,11.141148,11.141148,,,,,0.04549238152925932,21,
19:20:58.540,,,,,,,,0,0,,,,
19:20:58.812,,,,,,,81,,,,,,
19:20:59.051,20.372474433065737,0,11.145958592527785,11.145937,11.145937,11.145937,,,,,0.056842069696115195,23,
19:20:59.290,,,,,,,,1667,1.7,,,,
19:20:59.556,20.373147696402086,0,11.149183749000008,11.149162,11.149162,11.149162,,,,,0.04500011098606109,23,
19:20:59.800,,,,,,,,1700,1.7,,,,
19:21:00.036,,,,,,,81,,,,,,
19:21:00.277,20.374472819276058,0,11.153984190333341,11.153962,11.153962,11.153962,,,,,0.045581057699468484,24,
19:21:00.527,,,,,,,,1611,1.6,,,,
19:21:00.758,20.375602373727894,0,11.157327184777786,11.157305,11.157305,11.157305,,,,,0.04612370851272662,25,
19:21:01.002,,,,,,,,1613,1.6,,,,
19:21:01.239,,,,,,,82,,,,,,
19:21:01.477,20.377289002989542,0,11.162321921583342,11.1623,11.1623,11.1623,,,,,0.023351038231243664,25,
19:21:01.722,,,,,,,,1617,1.6,,,,
19:21:01.956,20.378652889151315,0,11.165777487694452,11.165756,11.165756,11.165756,,,,,0.03541878154722034,26,
19:21:02.203,,,,,,,,1606,1.6,,,,
19:21:02.439,,,,,,,83,,,,,,
19:21:02.706,20.38117187169719,0,11.171407655194452,11.171386,11.171386,11.171386,,,,,0.03497279617844844,27,
19:21:02.945,,,,,,,,1608,1.6,,,,
19:21:03.190,20.382793403242133,0,11.175034201444452,11.175013,11.175013,11.175013,,,,,0.023294692468275834,27,
19:21:03.427,,,,,,,,1624,1.6,,,,
19:21:03.671,,,,,,,83,,,,,,
19:21:03.906,20.385556487346022,0,11.180604764888896,11.180584,11.180584,11.180584,,,,,0.034985636903030505,28,
19:21:04.145,,,,,,,,1539,1.5,,,,
19:21:04.389,20.38742002941458,0,11.184364074444451,11.184343,11.184343,11.184343,,,,,0.023277104872597584,28,
19:21:04.627,,,,,,,,1493,1.5,,,,
19:21:04.868,,,,,,,84,,,,,,
19:21:05.108,20.390190830239014,0,11.18995699433334,11.189936,11.189936,11.189936,,,,,0.011791683034815826,28,
19:21:05.348,,,,,,,,1451,1.5,,,,
19:21:05.591,20.392052581112488,0,11.193717266000005,11.193696,11.193696,11.193696,,,,,0.011796588959858505,28,
19:21:05.828,,,,,,,,1406,1.4,,,,
19:21:06.066,,,,,,,85,,,,,,
19:21:06.311,20.39482125199094,0,11.199312694222227,11.199291,11.199291,11.199291,,,,,0,28,
19:21:06.548,,,,,,,,1390,1.4,,,,
19:21:06.788,20.39667690137277,0,11.203065205222227,11.203044,11.203044,11.203044,,,,,0,28,
19:21:07.028,,,,,,,,1389,1.4,,,,
19:21:07.268,,,,,,,85,,,,,,
19:21:07.515,20.399447055376676,0,11.208670445111116,11.208649,11.208649,11.208649,,,,,0,28,
19:21:07.746,,,,,,,,1390,1.4,,,,
19:21:07.994,20.401289491964903,0,11.21240076766667,11.212379,11.212379,11.212379,,,,,0,28,
19:21:08.231,,,,,,,,1389,1.4,,,,
19:21:08.469,,,,,,,85,,,,,,
19:21:08.713,20.40405124485174,0,11.217995789888892,11.217974,11.217974,11.217974,,,,,0,28,
19:21:08.946,,,,,,,,1391,1.4,,,,
19:21:09.188,20.405872673295814,0,11.221688040222226,11.221666,11.221666,11.221666,,,,,0,28,
19:21:09.432,,,,,,,,1388,1.4,,,,
19:21:09.668,,,,,,,86,,,,,,
19:21:09.909,20.408659032616704,0,11.22733974766667,11.227318,11.227318,11.227318,,,,,0,28,
19:21:10.151,,,,,,,,1386,1.4,,,,
19:21:10.386,20.410702661718624,0,11.231135560888893,11.231114,11.231114,11.231114,,,,,0.011841121703851173,29,
19:21:10.634,,,,,,,,1391,1.4,,,,
19:21:10.868,,,,,,,86,,,,,,
19:21:11.109,20.4138606779224,0,11.237004777444449,11.236983,11.236983,11.236983,,,,,0.011822444013843126,29,
19:21:11.350,,,,,,,,1387,1.4,,,,
19:21:11.590,20.415920299290033,0,11.240834938750005,11.240813,11.240813,11.240813,,,,,0.011792805782799419,29,
19:21:11.827,,,,,,,,1390,1.4,,,,
19:21:12.102,,,,,,,86,,,,,,
19:21:12.343,20.419561574677985,0,11.247112905416673,11.247091,11.247091,11.247091,,,,,0.023268241229047987,30,
19:21:12.579,,,,,,,,1396,1.4,,,,
19:21:12.820,20.421865207777866,0,11.25108709208334,11.251065,11.251065,11.251065,,,,,0.011635954886527524,30,
19:21:13.058,,,,,,,,1388,1.4,,,,
19:21:13.302,,,,,,,86,,,,,,
19:21:13.537,20.425323114325575,0,11.257056200416674,11.257034,11.257034,11.257034,,,,,0.011667078709000297,30,
19:21:13.775,,,,,,,,1391,1.4,,,,
19:21:14.021,20.427658931749374,0,11.261090776250008,11.261069,11.261069,11.261069,,,,,0.011653227658442811,30,
19:21:14.256,,,,,,,,1373,1.4,,,,
19:21:14.500,,,,,,,87,,,,,,
19:21:14.739,20.43076105828495,0,11.266878091166674,11.266856,11.266856,11.266856,,,,,-0.01182291773888551,29,
19:21:14.977,,,,,,,,1385,1.4,,,,
19:21:15.221,20.432600545090274,0,11.27063151061112,11.270609,11.270609,11.270609,,,,,-0.023596491630687003,28,
19:21:15.459,,,,,,,,1386,1.4,,,,
19:21:15.696,,,,,,,87,,,,,,
19:21:15.939,20.43497136764962,0,11.27600988211112,11.275987,11.275987,11.275987,,,,,-0.03537372525236458,27,
19:21:16.174,,,,,,,,1383,1.4,,,,
19:21:16.424,20.436329532001576,0,11.279512120388898,11.279489,11.279489,11.279489,,,,,-0.04714939476494904,26,
19:21:16.658,,,,,,,,1386,1.4,,,,
19:21:16.897,,,,,,,87,,,,,,
19:21:17.141,20.437976326868235,0,11.284493038444452,11.28447,11.28447,11.28447,,,,,-0.04717291803034009,25,
19:21:17.378,,,,,,,,1385,1.4,,,,
19:21:17.617,20.439068119182906,0,11.287797271083342,11.287774,11.287774,11.287774,,,,,-0.035469456444385344,25,
19:21:17.858,,,,,,,,1385,1.4,,,,
19:21:18.096,,,,,,,87,,,,,,
19:21:18.336,20.44035593825831,0,11.292592481083341,11.292569,11.292569,11.292569,,,,,-0.035447014295710635,24,
19:21:18.581,,,,,,,,1385,1.4,,,,
19:21:18.852,20.441019879967218,0,11.29588930747223,11.295866,11.295866,11.295866,,,,,-0.03500111070134439,23,
19:21:19.092,,,,,,,,1386,1.4,,,,
19:21:19.359,,,,,,,88,,,,,,
19:21:19.598,20.44197855706795,0,11.300652672638897,11.300629,11.300629,11.300629,,,,,-0.023059789979329566,23,
19:21:19.834,,,,,,,,1383,1.4,,,,
19:21:20.082,20.442357621567215,0,11.303612379083342,11.303589,11.303589,11.303589,,,,,-0.034470612655044405,22,
19:21:20.320,,,,,,,,1385,1.4,,,,
19:21:20.562,,,,,,,88,,,,,,
19:21:20.798,20.442917833248327,0,11.30798910736112,11.307966,11.307966,11.307966,,,,,-0.023009135525794668,22,
19:21:21.037,,,,,,,,1386,1.4,,,,
19:21:21.288,20.443300316340956,0,11.31097911697223,11.310956,11.310956,11.310956,,,,,-0.011628252727935688,22,
19:21:21.518,,,,,,,,1387,1.4,,,,
19:21:21.757,,,,,,,88,,,,,,
19:21:22.005,20.443860677243062,0,11.315362316305563,11.315339,11.315339,11.315339,,,,,-0.01176784171098167,22,
19:21:22.234,,,,,,,,1385,1.4,,,,
19:21:22.482,20.444233380843446,0,11.318279389805564,11.318256,11.318256,11.318256,,,,,0,22,
19:21:22.717,,,,,,,,1385,1.4,,,,
19:21:22.955,,,,,,,88,,,,,,
19:21:23.208,20.444799876967974,0,11.322715914694452,11.322693,11.322693,11.322693,,,,,0,22,
19:21:23.439,,,,,,,,1537,1.5,,,,
19:21:23.710,20.445196273372503,0,11.325822223027785,11.325799,11.325799,11.325799,,,,,0,22,
19:21:23.950,,,,,,,,576,0.6,,,,
19:21:24.187,,,,,,,88,,,,,,
19:21:24.426,20.4457496245257,0,11.330161136361118,11.330138,11.330138,11.330138,,,,,0,22,
19:21:24.677,,,,,,,,0,0,,,,
19:21:24.907,20.445883125761505,0,11.332964866777784,11.332942,11.332942,11.332942,,,,,-0.011680633730799018,21,
19:21:25.152,,,,,,,,0,0,,,,
19:21:25.395,,,,,,,88,,,,,,
19:21:25.625,20.4460823657874,0,11.337151726027784,11.337129,11.337129,11.337129,,,,,-0.011720618804281694,21,
19:21:25.877,,,,,,,,0,0,,,,
19:21:26.107,20.445974684607137,0,11.339829373805562,11.339807,11.339807,11.339807,,,,,-0.02363914573658241,20,
19:21:26.354,,,,,,,,0,0,,,,
19:21:26.591,,,,,,,88,,,,,,
19:21:26.830,20.445450826677952,0,11.343648486750007,11.343626,11.343626,11.343626,,,,,-0.03535637854980365,19,
19:21:27.071,,,,,,,,0,0,,,,
19:21:27.338,20.444320057000336,0,11.345907115638896,11.345885,11.345885,11.345885,,,,,-0.058258470987389,16,
19:21:27.581,,,,,,,,0,0,,,,
19:21:27.849,,,,,,,88,,,,,,
19:21:28.091,20.4418919814275,0,11.34883560297223,11.348813,11.348813,11.348813,,,,,-0.08039519403670595,14,
19:21:28.330,,,,,,,,0,0,,,,
19:21:28.602,20.43973540072909,0,11.35053795097223,11.350515,11.350515,11.350515,,,,,-0.09082258862305409,12,
19:21:28.843,,,,,,,,0,0,,,,
19:21:29.111,,,,,,,87,,,,,,
19:21:29.350,20.435084400280246,0,11.352199559861118,11.352177,11.352177,11.352177,,,,,-0.12363465543847257,8,
19:21:29.588,,,,,,,,0,0,,,,
19:21:29.827,20.431631983418125,0,11.352996934861117,11.352974,11.352974,11.352974,,,,,-0.11380780917081496,6,
19:21:30.069,,,,,,,,0,0,,,,
19:21:30.309,,,,,,,87,,,,,,
19:21:30.553,20.426399975159995,0,11.354206054194451,11.354183,11.354183,11.354183,,,,,-0.09203459831942624,6,
19:21:30.796,,,,,,,,0,0,,,,
19:21:31.060,20.42275274002926,0,11.355049450694452,11.355026,11.355026,11.355026,,,,,-0.06915189998201877,6,
19:21:31.301,,,,,,,,0,0,,,,
19:21:31.601,,,,,,,87,,,,,,
19:21:31.843,20.41710971377665,0,11.356355200194452,11.356332,11.356332,11.356332,,,,,-0.022725137839306596,6,
19:21:32.082,,,,,,,,0,0,,,,
19:21:32.352,20.41293634720319,0,11.356920924638896,11.356898,11.356898,11.356898,,,,,-0.022435038022328,4,
19:21:32.591,,,,,,,,0,0,,,,
19:21:32.861,,,,,,,86,,,,,,
19:21:33.098,20.405711689347765,0,11.357128054555563,11.357105,11.357105,11.357105,,,,,-0.055650227272303635,1,
19:21:33.338,,,,,,,,0,0,,,,
19:21:33.578,20.400810083656317,,11.357128054555563,11.357105,11.357105,11.357105,,,,,-0.06747182244151692,0,
19:21:33.818,,,,,,,,0,0,,,,
19:21:34.061,,,,,,,86,,,,,,
19:21:34.304,20.39343844985789,,11.357128054555563,11.357105,11.357105,11.357105,,,,,-0.06906617680635276,0,
19:21:34.538,,,,,,,,0,0,,,,
19:21:34.810,20.38828471394295,,11.357128054555563,11.357105,11.357105,11.357105,,,,,-0.04609151075480993,0,
19:21:35.051,,,,,,,,0,0,,,,
19:21:35.321,,,,,,,86,,,,,,
19:21:35.558,20.381428213078607,0,11.357543621611118,11.357521,11.357521,11.357521,,,,,,2,
19:21:35.801,,,,,,,,0,0,,,,
19:21:36.102,20.376992656771964,0,11.358147325166673,11.358125,11.358125,11.358125,,,,,0.04490085270316948,4,
19:21:36.336,,,,,,,,0,0,,,,
19:21:36.612,,,,,,,85,,,,,,
19:21:36.855,20.372728011682447,0,11.360028495666674,11.360006,11.360006,11.360006,,,,,0.09993081422355651,9,
19:21:37.086,,,,,,,,0,0,,,,
19:21:37.330,20.370494606966613,0,11.361490429888896,11.361468,11.361468,11.361468,,,,,0.12367728201666561,11,
19:21:37.569,,,,,,,,0,0,,,,
19:21:37.812,,,,,,,85,,,,,,
19:21:38.052,20.36857195159708,0,11.36448660822223,11.364464,11.364464,11.364464,,,,,0.14767824284453154,15,
19:21:38.292,,,,,,,,1757,1.8,,,,
19:21:38.557,20.36772602379491,0,11.36686911808334,11.366847,11.366847,11.366847,,,,,0.14998727727573347,17,
19:21:38.801,,,,,,,,1961,2,,,,
19:21:39.044,,,,,,,85,,,,,,
19:21:39.275,20.3683091290222,0,11.37125674858334,11.371235,11.371235,11.371235,,,,,0.15215488957710813,22,
19:21:39.529,,,,,,,,2432,2.4,,,,
19:21:39.759,20.36942515974433,0,11.374620584000006,11.374599,11.374599,11.374599,,,,,0.1632183189850456,25,
19:21:40.003,,,,,,,,2596,2.6,,,,
19:21:40.239,,,,,,,85,,,,,,
19:21:40.477,20.372147315751526,0,11.380200490111116,11.380179,11.380179,11.380179,,,,,0.15185783218734986,28,
19:21:40.731,,,,,,,,2091,2.1,,,,
19:21:40.955,20.374198945616087,0,11.384053593638894,11.384032,11.384032,11.384032,,,,,0.14174041380536187,29,
19:21:41.200,,,,,,,,1941,1.9,,,,
19:21:41.447,,,,,,,85,,,,,,
19:21:41.679,20.377661534243188,0,11.390085546138895,11.390064,11.390064,11.390064,,,,,0.09426403438909622,30,
19:21:41.922,,,,,,,,1786,1.8,,,,
19:21:42.157,20.380184328403008,0,11.394201771777784,11.39418,11.39418,11.39418,,,,,0.07088536780057318,31,
19:21:42.396,,,,,,,,1687,1.7,,,,
19:21:42.640,,,,,,,85,,,,,,
19:21:42.876,20.38397594705582,0,11.400391908611118,11.40037,11.40037,11.40037,,,,,0.03542081007407011,31,
19:21:43.119,,,,,,,,1540,1.5,,,,
19:21:43.359,20.386522165448394,0,11.404551306916673,11.404529,11.404529,11.404529,,,,,0.023567822317917764,31,
19:21:43.600,,,,,,,,1532,1.5,,,,
19:21:43.845,,,,,,,85,,,,,,
19:21:44.075,20.39029769254268,0,11.41072252858334,11.4107,11.4107,11.4107,,,,,0.011819044670228864,31,
19:21:44.319,,,,,,,,0,0,,,,
19:21:44.567,20.392884911561868,0,11.41495395883334,11.414931,11.414931,11.414931,,,,,0,31,
19:21:44.797,,,,,,,,0,0,,,,
19:21:45.040,,,,,,,85,,,,,,
19:21:45.279,20.395924003123753,0,11.420687633416673,11.420665,11.420665,11.420665,,,,,-0.023576620372046896,29,
19:21:45.519,,,,,,,,0,0,,,,
19:21:45.758,20.397262568315686,0,11.424165888861117,11.424143,11.424143,11.424143,,,,,-0.05902822715263198,26,
19:21:45.996,,,,,,,,0,0,,,,
19:21:46.242,,,,,,,85,,,,,,
19:21:46.479,20.397120844613717,0,11.42816351719445,11.428141,11.428141,11.428141,,,,,-0.12962345415457963,20,
19:21:46.721,,,,,,,,0,0,,,,
19:21:46.992,20.396003396970546,0,11.430442267416673,11.43042,11.43042,11.43042,,,,,-0.17519491958581884,16,
19:21:47.233,,,,,,,,0,0,,,,
19:21:47.500,,,,,,,85,,,,,,
19:21:47.742,20.39325410008321,0,11.433151506416673,11.433129,11.433129,11.433129,,,,,-0.18396079220082295,13,
19:21:47.983,,,,,,,,0,0,,,,
19:21:48.250,20.391644838466785,0,11.435127663583339,11.435105,11.435105,11.435105,,,,,,14,
19:21:48.489,,,,,,,,0,0,,,,
19:21:48.761,,,,,,,85,,,,,,
19:21:49.002,20.389265092545426,0,11.438051792250006,11.438029,11.438029,11.438029,,,,,,14,
19:21:49.243,,,,,,,,0,0,,,,
19:21:49.511,20.387907118779307,0,11.440172657250006,11.44015,11.44015,11.44015,,,,,,15,
19:21:49.752,,,,,,,,0,0,,,,
19:21:50.020,,,,,,,85,,,,,,
19:21:50.259,20.386653414139417,0,11.44370394683334,11.443681,11.443681,11.443681,,,,,0.04501647403603583,17,
19:21:50.499,,,,,,,,0,0,,,,
19:21:50.773,20.38604596366746,0,11.44627626833334,11.446253,11.446253,11.446253,,,,,0.044904433131363844,18,
19:21:51.011,,,,,,,,0,0,,,,
19:21:51.281,,,,,,,85,,,,,,
19:21:51.521,20.38553330543146,0,11.450223528888896,11.4502,11.4502,11.4502,,,,,0.0562256860982817,19,
19:21:51.762,,,,,,,,0,0,,,,
19:21:52.031,20.385184260255052,0,11.45291270708334,11.452889,11.452889,11.452889,,,,,0.04496708681529701,19,
19:21:52.268,,,,,,,,0,0,,,,
19:21:52.543,,,,,,,85,,,,,,
19:21:52.778,20.38504205326481,0,11.457062668750007,11.457039,11.457039,11.457039,,,,,0.0337357692526325,20,
19:21:53.018,,,,,,,,0,0,,,,
19:21:53.291,20.384944418914372,0,11.459913662638895,11.45989,11.45989,11.45989,,,,,0.02250198054834847,20,
19:21:53.530,,,,,,,,0,0,,,,
19:21:53.800,,,,,,,85,,,,,,
19:21:54.042,20.384801623957507,0,11.464085984305562,11.464062,11.464062,11.464062,,,,,0.011237148243378205,20,
19:21:54.280,,,,,,,,0,0,,,,
19:21:54.550,20.38445436625419,0,11.466766138555561,11.466742,11.466742,11.466742,,,,,0,19,
19:21:54.789,,,,,,,,0,0,,,,
19:21:55.060,,,,,,,85,,,,,,
19:21:55.301,20.38319968441243,0,11.47031261244445,11.470288,11.470288,11.470288,,,,,-0.03368026436516001,17,
19:21:55.539,,,,,,,,0,0,,,,
19:21:55.810,20.38159453779368,0,11.472294214444451,11.47227,11.47227,11.47227,,,,,-0.06745775439980226,14,
19:21:56.051,,,,,,,,0,0,,,,
19:21:56.321,,,,,,,84,,,,,,
19:21:56.556,20.378146436634356,0,11.474570715166674,11.474547,11.474547,11.474547,,,,,-0.1014060836256559,11,
19:21:56.799,,,,,,,,0,0,,,,
19:21:57.039,20.375671430761074,0,11.475913887666675,11.47589,11.47589,11.47589,,,,,-0.1024017496068414,10,
19:21:57.279,,,,,,,,0,0,,,,
19:21:57.520,,,,,,,83,,,,,,
19:21:57.759,20.371637023759284,0,11.477712239166674,11.477688,11.477688,11.477688,,,,,-0.0921925400756488,9,
19:21:57.998,,,,,,,,0,0,,,,
19:21:58.243,20.3689208403125,0,11.478923706666674,11.478899,11.478899,11.478899,,,,,-0.05823226783271478,9,
19:21:58.479,,,,,,,,0,0,,,,
19:21:58.722,,,,,,,83,,,,,,
19:21:58.963,20.365241879658658,0,11.480923931666673,11.480899,11.480899,11.480899,,,,,,10,
19:21:59.204,,,,,,,,0,0,,,,
19:21:59.473,20.362888507304312,0,11.482482625250007,11.482458,11.482458,11.482458,,,,,,11,
19:21:59.712,,,,,,,,0,0,,,,
19:21:59.979,,,,,,,83,,,,,,
19:22:00.223,20.359801132944867,0,11.484981652583341,11.484957,11.484957,11.484957,,,,,0.034488234628402545,12,
19:22:00.462,,,,,,,,0,0,,,,
19:22:00.730,20.357963201549104,0,11.486813426250007,11.486789,11.486789,11.486789,,,,,0.04554787694871545,13,
19:22:00.972,,,,,,,,0,0,,,,
19:22:01.240,,,,,,,83,,,,,,
19:22:01.483,20.35560475912035,0,11.489744735750007,11.48972,11.48972,11.48972,,,,,0.0449595871886626,14,
19:22:01.722,,,,,,,,0,0,,,,
19:22:01.991,20.353770269319458,0,11.491575257805563,11.491551,11.491551,11.491551,,,,,,13,
19:22:02.232,,,,,,,,1541,1.5,,,,
19:22:02.504,,,,,,,83,,,,,,
19:22:02.740,20.350327937449,0,11.493861663416673,11.493837,11.493837,11.493837,,,,,,11,
19:22:02.978,,,,,,,,1535,1.5,,,,
19:22:03.217,20.347666539697038,0,11.495053839166674,11.495029,11.495029,11.495029,,,,,-0.045568009048300134,9,
19:22:03.457,,,,,,,,1535,1.5,,,,
19:22:03.709,,,,,,,83,,,,,,
19:22:03.940,20.343277337154948,0,11.496660934055564,11.496636,11.496636,11.496636,,,,,-0.06918098914785031,8,
19:22:04.185,,,,,,,,1534,1.5,,,,
19:22:04.454,20.34041012975297,0,11.497946882805564,11.497922,11.497922,11.497922,,,,,,9,
19:22:04.689,,,,,,,,1082,1.1,,,,
19:22:04.929,,,,,,,82,,,,,,
19:22:05.172,20.336765631626136,0,11.49993991197223,11.499915,11.499915,11.499915,,,,,,10,
19:22:05.408,,,,,,,,0,0,,,,
19:22:05.652,20.334325353419615,0,11.501275187527787,11.50125,11.50125,11.50125,,,,,,10,
19:22:05.896,,,,,,,,0,0,,,,
19:22:06.129,,,,,,,82,,,,,,
19:22:06.369,20.33103908804019,0,11.503466385083343,11.503441,11.503441,11.503441,,,,,0.03497438671870027,11,
19:22:06.610,,,,,,,,0,0,,,,
19:22:06.853,20.328822871650765,0,11.50494497300001,11.50492,11.50492,11.50492,,,,,0.02361231730640136,11,
19:22:07.089,,,,,,,,0,0,,,,
19:22:07.330,,,,,,,82,,,,,,
19:22:07.572,20.32517899485268,0,11.506942250500009,11.506917,11.506917,11.506917,,,,,,10,
19:22:07.810,,,,,,,,0,0,,,,
19:22:08.082,20.32259516796484,0,11.50835934911112,11.508334,11.508334,11.508334,,,,,0,10,
19:22:08.321,,,,,,,,0,0,,,,
19:22:08.588,,,,,,,81,,,,,,
19:22:08.832,20.318431533998265,0,11.51023418411112,11.510209,11.510209,11.510209,,,,,-0.02300129467864313,9,
19:22:09.064,,,,,,,,0,0,,,,
19:22:09.308,20.316023169484993,0,11.51155670911112,11.511532,11.511532,11.511532,,,,,,10,
19:22:09.545,,,,,,,,0,0,,,,
19:22:09.790,,,,,,,81,,,,,,
19:22:10.030,20.31272553502845,0,11.513763767138899,11.513739,11.513739,11.513739,,,,,,11,
19:22:10.271,,,,,,,,0,0,,,,
19:22:10.543,20.310638738388615,0,11.515471720805566,11.515447,11.515447,11.515447,,,,,,12,
19:22:10.781,,,,,,,,0,0,,,,
19:22:11.052,,,,,,,81,,,,,,
19:22:11.291,20.30795940310732,0,11.518174013833343,11.518149,11.518149,11.518149,,,,,0.04608259490178911,13,
19:22:11.530,,,,,,,,0,0,,,,
19:22:11.799,20.306142364555726,0,11.520007749416678,11.519983,11.519983,11.519983,,,,,0.03412229069163288,13,
19:22:12.040,,,,,,,,0,0,,,,
19:22:12.312,,,,,,,81,,,,,,
19:22:12.549,20.3030926160344,0,11.522508271750011,11.522484,11.522484,11.522484,,,,,,12,
19:22:12.789,,,,,,,,0,0,,,,
19:22:13.060,20.301016060269244,0,11.524211914083345,11.524188,11.524188,11.524188,,,,,0,12,
19:22:13.299,,,,,,,,0,0,,,,
19:22:13.571,,,,,,,81,,,,,,
19:22:13.811,20.2983357615212,0,11.526922081861123,11.526898,11.526898,11.526898,,,,,,13,
19:22:14.051,,,,,,,,0,0,,,,
19:22:14.321,20.296513759581092,0,11.528765524833345,11.528741,11.528741,11.528741,,,,,,13,
19:22:14.560,,,,,,,,0,0,,,,
19:22:14.832,,,,,,,81,,,,,,
19:22:15.071,20.29383712361455,0,11.531475329333345,11.531451,11.531451,11.531451,,,,,0.01122859593506237,13,
19:22:15.311,,,,,,,,0,0,,,,
19:22:15.581,20.291770962412127,0,11.533174429000011,11.53315,11.53315,11.53315,,,,,0,12,
19:22:15.822,,,,,,,,0,0,,,,
19:22:16.089,,,,,,,81,,,,,,
19:22:16.329,20.28728215922394,0,11.53483552077779,11.534811,11.534811,11.534811,,,,,-0.05624287664863073,8,
19:22:16.570,,,,,,,,0,0,,,,
19:22:16.843,20.28394660366624,0,11.53583489152779,11.53581,11.53581,11.53581,,,,,-0.06739882778387653,7,
19:22:17.083,,,,,,,,0,0,,,,
19:22:17.353,,,,,,,80,,,,,,
19:22:17.588,20.278027536198508,0,11.536662086861122,11.536637,11.536637,11.536637,,,,,-0.10131817982880494,4,
19:22:17.830,,,,,,,,0,0,,,,
19:22:18.071,20.273716942585672,0,11.536930494361123,11.536905,11.536905,11.536905,,,,,-0.11377454834330426,2,
19:22:18.308,,,,,,,,0,0,,,,
19:22:18.549,,,,,,,80,,,,,,
19:22:18.791,20.267289689542153,0,11.53733093502779,11.537305,11.537305,11.537305,,,,,-0.06902005353506932,2,
19:22:19.030,,,,,,,,0,0,,,,
19:22:19.301,20.262492347618252,0,11.537472709444456,11.537447,11.537447,11.537447,,,,,-0.06911995937665079,1,
19:22:19.540,,,,,,,,0,0,,,,
19:22:19.809,,,,,,,80,,,,,,
19:22:20.050,20.256191671799943,0,11.538096417361123,11.538071,11.538071,11.538071,,,,,,3,
19:22:20.287,,,,,,,,0,0,,,,
19:22:20.558,20.252162201226774,0,11.538661319472235,11.538636,11.538636,11.538636,,,,,,4,
19:22:20.802,,,,,,,,0,0,,,,
19:22:21.072,,,,,,,80,,,,,,
19:22:21.310,20.24657223868959,0,11.539705776833346,11.53968,11.53968,11.53968,,,,,,5,
19:22:21.551,,,,,,,,0,0,,,,
19:22:21.821,20.243027655193764,0,11.540556831333346,11.540531,11.540531,11.540531,,,,,0.05621315092652288,6,
19:22:22.063,,,,,,,,0,0,,,,
19:22:22.331,,,,,,,80,,,,,,
19:22:22.571,20.238921594951375,0,11.542431370333345,11.542406,11.542406,11.542406,,,,,0.06741952209144847,9,
19:22:22.811,,,,,,,,0,0,,,,
19:22:23.084,20.23636481243812,0,11.543855855611122,11.54383,11.54383,11.54383,,,,,0.0673014146469025,10,
19:22:23.321,,,,,,,,0,0,,,,
19:22:23.547,,,,,,,,,,,,,
19:22:23.557,,,,,,,,,,46,,,
19:22:23.798,,,,,,,80,,,,,,
19:22:24.042,20.233455190981076,0,11.547583668277788,11.547558,11.547558,11.547558,,,,,0.09331707135675871,14,
19:22:24.281,,,,,,,,1675,1.7,,,,
19:22:24.547,20.232906740441646,0,11.550106919277788,11.550081,11.550081,11.550081,,,,,0.124669933191687,18,
19:22:24.783,,,,,,,,1884,1.9,,,,
19:22:25.027,,,,,,,81,,,,,,
19:22:25.267,20.233874687958167,0,11.554701390333344,11.554675,11.554675,11.554675,,,,,0.1471010063347842,23,
19:22:25.521,,,,,,,,2545,2.5,,,,
19:22:25.755,20.235741395083934,0,11.558545660444455,11.558519,11.558519,11.558519,,,,,0.19087116372804153,28,
19:22:25.988,,,,,,,,2635,2.6,,,,
19:22:26.227,,,,,,,82,,,,,,
19:22:26.467,20.23806458419265,0,11.563844263444455,11.563818,11.563818,11.563818,,,,,,27,
19:22:26.712,,,,,,,,1933,1.9,,,,
19:22:26.949,20.23871147888409,0,11.566923073472234,11.566897,11.566897,11.566897,,,,,,23,
19:22:27.186,,,,,,,,1500,1.5,,,,
19:22:27.429,,,,,,,83,,,,,,
19:22:27.668,20.2375795669363,0,11.5703199213889,11.570294,11.570294,11.570294,,,,,-0.07075616599810737,17,
19:22:27.935,,,,,,,,1388,1.4,,,,
19:22:28.182,20.236273123762196,0,11.5724595888889,11.572434,11.572434,11.572434,,,,,-0.15170711604402504,15,
19:22:28.425,,,,,,,,1383,1.4,,,,
19:22:28.659,,,,,,,83,,,,,,
19:22:28.897,20.2344538133808,0,11.575440999722234,11.575415,11.575415,11.575415,,,,,-0.1398644239142126,15,
19:22:29.136,,,,,,,,1383,1.4,,,,
19:22:29.381,20.233223678396566,0,11.577458068888902,11.577432,11.577432,11.577432,,,,,-0.09318131404863784,15,
19:22:29.615,,,,,,,,1385,1.4,,,,
19:22:29.860,,,,,,,84,,,,,,
19:22:30.101,20.23139669773192,0,11.580455544722236,11.580429,11.580429,11.580429,,,,,-0.023288538813564633,15,
19:22:30.339,,,,,,,,1385,1.4,,,,
19:22:30.586,20.230164645449843,0,11.58247812055557,11.582452,11.582452,11.582452,,,,,0,15,
19:22:30.820,,,,,,,,1385,1.4,,,,
19:22:31.060,,,,,,,85,,,,,,
19:22:31.294,20.228009035911946,0,11.585252404888902,11.585226,11.585226,11.585226,,,,,-0.011817955379989312,14,
19:22:31.538,,,,,,,,1382,1.4,,,,
19:22:31.777,20.2263365387305,0,11.586975633611123,11.586949,11.586949,11.586949,,,,,-0.02364326273549078,13,
19:22:32.022,,,,,,,,1385,1.4,,,,
19:22:32.259,,,,,,,85,,,,,,
19:22:32.498,20.22379752673037,0,11.5895931861389,11.589567,11.589567,11.589567,,,,,-0.023632166985614236,13,
19:22:32.738,,,,,,,,1385,1.4,,,,
19:22:32.977,20.221905854183806,0,11.591175381805567,11.591149,11.591149,11.591149,,,,,-0.03555334160387518,12,
19:22:33.223,,,,,,,,1386,1.4,,,,
19:22:33.497,,,,,,,85,,,,,,
19:22:33.729,20.218543901155442,0,11.593474849916678,11.593448,11.593448,11.593448,,,,,-0.03490125661480485,11,
19:22:33.972,,,,,,,,1383,1.4,,,,
19:22:34.207,20.216408217303258,0,11.594936460555568,11.59491,11.59491,11.59491,,,,,-0.023309460705419068,11,
19:22:34.445,,,,,,,,1382,1.4,,,,
19:22:34.699,,,,,,,86,,,,,,
19:22:34.929,20.21318808861066,0,11.597141520250013,11.597115,11.597115,11.597115,,,,,-0.02330454163163507,11,
19:22:35.174,,,,,,,,1385,1.4,,,,
19:22:35.417,20.21123130176861,0,11.598782233250013,11.598756,11.598756,11.598756,,,,,,12,
19:22:35.650,,,,,,,,1385,1.4,,,,
19:22:35.890,,,,,,,86,,,,,,
19:22:36.126,20.209114687338676,0,11.60152102952779,11.601495,11.601495,11.601495,,,,,0.03545843600113566,14,
19:22:36.369,,,,,,,,1385,1.4,,,,
19:22:36.640,20.208067033915324,0,11.603807800194456,11.603782,11.603782,11.603782,,,,,0.058232365999635556,16,
19:22:36.882,,,,,,,,1385,1.4,,,,
19:22:37.148,,,,,,,86,,,,,,
19:22:37.392,20.206899442577622,0,11.607361904722234,11.607336,11.607336,11.607336,,,,,0.06900046054912695,17,
19:22:37.632,,,,,,,,1385,1.4,,,,
19:22:37.899,20.206358164054155,0,11.609898499722235,11.609873,11.609873,11.609873,,,,,0.06844879697080045,18,
19:22:38.141,,,,,,,,1385,1.4,,,,
19:22:38.411,,,,,,,86,,,,,,
19:22:38.650,20.205920595571524,0,11.613859649805567,11.613834,11.613834,11.613834,,,,,0.05610209877040416,19,
19:22:38.893,,,,,,,,1385,1.4,,,,
19:22:39.165,20.20562054240891,0,11.61657758502779,11.616552,11.616552,11.616552,,,,,0.0336469232477454,19,
19:22:39.399,,,,,,,,1387,1.4,,,,
19:22:39.675,,,,,,,87,,,,,,
19:22:39.913,20.205185142623506,0,11.620523920916678,11.620498,11.620498,11.620498,,,,,0.022470678103906343,19,
19:22:40.148,,,,,,,,1678,1.7,,,,
19:22:40.385,20.20491053137255,0,11.6230143833889,11.622988,11.622988,11.622988,,,,,0.011395445048717824,19,
19:22:40.630,,,,,,,,1489,1.5,,,,
19:22:40.868,,,,,,,87,,,,,,
19:22:41.115,20.203782055589297,0,11.62645899327779,11.626433,11.626433,11.626433,,,,,-0.02298615874690626,17,
19:22:41.357,,,,,,,,1386,1.4,,,,
19:22:41.590,20.202818568668935,0,11.628569758611123,11.628544,11.628544,11.628544,,,,,-0.03504947768405397,16,
19:22:41.830,,,,,,,,1382,1.4,,,,
19:22:42.069,,,,,,,88,,,,,,
19:22:42.309,20.201346272748697,0,11.631797070611123,11.631771,11.631771,11.631771,,,,,-0.03547721452641563,16,
19:22:42.552,,,,,,,,1385,1.4,,,,
19:22:42.787,20.200391583782423,0,11.633890983500011,11.633865,11.633865,11.633865,,,,,-0.0353824035149976,16,
19:22:43.032,,,,,,,,1385,1.4,,,,
19:22:43.269,,,,,,,88,,,,,,
19:22:43.505,20.199282788396552,0,11.637284210416677,11.637258,11.637258,11.637258,,,,,,17,
19:22:43.753,,,,,,,,1388,1.4,,,,
19:22:44.020,20.198489366379768,0,11.639713749833344,11.639688,11.639688,11.639688,,,,,0.011654891960971364,17,
19:22:44.257,,,,,,,,1384,1.4,,,,
19:22:44.503,,,,,,,88,,,,,,
19:22:44.740,20.197379147078117,0,11.643115379000012,11.64309,11.64309,11.64309,,,,,0.01164832334478847,17,
19:22:44.978,,,,,,,,1386,1.4,,,,
19:22:45.218,20.196872935887438,0,11.645506345500012,11.645481,11.645481,11.645481,,,,,0.02329814706428316,18,
19:22:45.456,,,,,,,,1386,1.4,,,,
19:22:45.700,,,,,,,88,,,,,,
19:22:45.940,20.19576264491326,0,11.648911881361123,11.648887,11.648887,11.648887,,,,,,17,
19:22:46.181,,,,,,,,1385,1.4,,,,
19:22:46.448,20.194980327596593,0,11.651312862666678,11.651288,11.651288,11.651288,,,,,,17,
19:22:46.690,,,,,,,,1385,1.4,,,,
19:22:46.925,,,,,,,88,,,,,,
19:22:47.170,20.19386968598911,0,11.654723512222233,11.654699,11.654699,11.654699,,,,,0,17,
19:22:47.410,,,,,,,,1385,1.4,,,,
19:22:47.681,20.1925910858681,0,11.656855203472233,11.656831,11.656831,11.656831,,,,,-0.03450217315836297,15,
19:22:47.923,,,,,,,,1384,1.4,,,,
19:22:48.190,,,,,,,88,,,,,,
19:22:48.429,20.190006443790754,0,11.659552966722233,11.659529,11.659529,11.659529,,,,,-0.045515177801830245,13,
19:22:48.672,,,,,,,,1476,1.5,,,,
19:22:48.909,20.188115689973724,0,11.661153179388899,11.661129,11.661129,11.661129,,,,,-0.05754803779954676,12,
19:22:49.156,,,,,,,,1405,1.4,,,,
19:22:49.390,,,,,,,88,,,,,,
19:22:49.636,20.183857234003888,0,11.662768292944454,11.662744,11.662744,11.662744,,,,,-0.10339590401138582,8,
19:22:49.866,,,,,,,,1383,1.4,,,,
19:22:50.109,20.180630795094807,0,11.663557110611121,11.663533,11.663533,11.663533,,,,,-0.10500494968162169,6,
19:22:50.346,,,,,,,,1385,1.4,,,,
19:22:50.590,,,,,,,89,,,,,,
19:22:50.832,20.175707119854586,0,11.664761570111121,11.664737,11.664737,11.664737,,,,,-0.08251580521306241,6,
19:22:51.068,,,,,,,,1384,1.4,,,,
19:22:51.312,20.172439947071382,0,11.665561267777788,11.665537,11.665537,11.665537,,,,,-0.07073849572391158,6,
19:22:51.548,,,,,,,,1385,1.4,,,,
19:22:51.788,,,,,,,89,,,,,,
19:22:52.029,20.167214253657114,0,11.666557487916677,11.666533,11.666533,11.666533,,,,,-0.0355091369674363,5,
19:22:52.275,,,,,,,,1385,1.4,,,,
19:22:52.509,20.163949647303955,0,11.66735749625001,11.667333,11.667333,11.667333,,,,,,6,
19:22:52.752,,,,,,,,1383,1.4,,,,
19:22:53.022,,,,,,,89,,,,,,
19:22:53.262,20.159536854100896,0,11.66903739625001,11.669013,11.669013,11.669013,,,,,,8,
19:22:53.498,,,,,,,,1388,1.4,,,,
19:22:53.735,20.157244232406057,0,11.670343900972233,11.67032,11.67032,11.67032,,,,,,10,
19:22:53.989,,,,,,,,1383,1.4,,,,
19:22:54.252,,,,,,,89,,,,,,
19:22:54.489,20.154296347366877,0,11.672855543305566,11.672832,11.672832,11.672832,,,,,0.08060708437641276,12,
19:22:54.731,,,,,,,,1386,1.4,,,,
19:22:54.969,20.152878456634006,0,11.674724081305566,11.674701,11.674701,11.674701,,,,,0.09210875948260418,14,
19:22:55.206,,,,,,,,1386,1.4,,,,
19:22:55.459,,,,,,,89,,,,,,
19:22:55.689,20.15144635446693,0,11.67792153375001,11.677898,11.677898,11.677898,,,,,0.09339777768920182,16,
19:22:55.926,,,,,,,,1385,1.4,,,,
19:22:56.168,20.150722841903033,0,11.6801838021389,11.68016,11.68016,11.68016,,,,,0.08151390362880277,17,
19:22:56.407,,,,,,,,1386,1.4,,,,
19:22:56.652,,,,,,,89,,,,,,
19:22:56.888,20.149980711197376,0,11.6837852521389,11.683761,11.683761,11.683761,,,,,0.07083587131633298,18,
19:22:57.125,,,,,,,,1385,1.4,,,,
19:22:57.376,20.14924438132829,0,11.686090002583345,11.686066,11.686066,11.686066,,,,,,17,
19:22:57.610,,,,,,,,1598,1.6,,,,
19:22:57.854,,,,,,,89,,,,,,
19:22:58.087,20.147831964288805,0,11.689249894583345,11.689226,11.689226,11.689226,,,,,,16,
19:22:58.329,,,,,,,,1433,1.4,,,,
19:22:58.569,20.146643708989515,0,11.691259150416677,11.691235,11.691235,11.691235,,,,,-0.02358941427228731,15,
19:22:58.805,,,,,,,,1500,1.5,,,,
19:22:59.055,,,,,,,89,,,,,,
19:22:59.289,20.144527254121698,0,11.694057533416677,11.694033,11.694033,11.694033,,,,,-0.04719259995227168,14,
19:22:59.528,,,,,,,,1482,1.5,,,,
19:22:59.780,20.142612127188748,0,11.69569594575001,11.695671,11.695671,11.695671,,,,,-0.0589051048348583,12,
19:23:00.007,,,,,,,,0,0,,,,
19:23:00.248,,,,,,,89,,,,,,
19:23:00.489,20.13951129774155,0,11.697862940555567,11.697838,11.697838,11.697838,,,,,-0.05895552649059785,11,
19:23:00.730,,,,,,,,0,0,,,,
19:23:00.964,20.136986071236535,0,11.699048252805566,11.699023,11.699023,11.699023,,,,,-0.0709776522983042,9,
19:23:01.210,,,,,,,,0,0,,,,
19:23:01.447,,,,,,,89,,,,,,
19:23:01.689,20.132776719127865,0,11.700660757916678,11.700636,11.700636,11.700636,,,,,-0.07080078145947524,8,
19:23:01.930,,,,,,,,0,0,,,,
19:23:02.201,20.129806403039982,0,11.701799290583345,11.701775,11.701775,11.701775,,,,,-0.046805045231830225,8,
19:23:02.441,,,,,,,,0,0,,,,
19:23:02.713,,,,,,,89,,,,,,
19:23:02.949,20.125470929065187,0,11.703462094361123,11.703438,11.703438,11.703438,,,,,-0.03454317317079947,8,
19:23:03.191,,,,,,,,0,0,,,,
19:23:03.461,20.122510157256485,0,11.704598335916678,11.704574,11.704574,11.704574,,,,,-0.011344012125063538,8,
19:23:03.694,,,,,,,,0,0,,,,
19:23:03.971,,,,,,,88,,,,,,
19:23:04.211,20.118513235553795,0,11.706480232666678,11.706456,11.706456,11.706456,,,,,0.011231395082633606,9,
19:23:04.447,,,,,,,,0,0,,,,
19:23:04.688,20.116225440235727,0,11.707796151555566,11.707772,11.707772,11.707772,,,,,0.022782807856189972,10,
19:23:04.930,,,,,,,,0,0,,,,
19:23:05.169,,,,,,,88,,,,,,
19:23:05.408,20.112747531664304,0,11.709797753222233,11.709774,11.709774,11.709774,,,,,0.023043674297138845,10,
19:23:05.652,,,,,,,,0,0,,,,
19:23:05.922,20.11026592552352,0,11.711226806000012,11.711203,11.711203,11.711203,,,,,0.02301440655421841,10,
19:23:06.158,,,,,,,,0,0,,,,
19:23:06.430,,,,,,,87,,,,,,
19:23:06.673,20.106291127470293,0,11.71310254800001,11.713079,11.713079,11.713079,,,,,0,9,
19:23:06.908,,,,,,,,0,0,,,,
19:23:07.158,20.103258526861662,0,11.714046334861122,11.714023,11.714023,11.714023,,,,,-0.03439374936237249,7,
19:23:07.389,,,,,,,,0,0,,,,
19:23:07.630,,,,,,,87,,,,,,
19:23:07.871,20.098124884757897,0,11.715036968472234,11.715014,11.715014,11.715014,,,,,-0.05749256893314975,5,
19:23:08.109,,,,,,,,0,0,,,,
19:23:08.383,20.09395113369343,0,11.7154639346389,11.715441,11.715441,11.715441,,,,,-0.080559838613707,3,
19:23:08.619,,,,,,,,0,0,,,,
19:23:08.890,,,,,,,86,,,,,,
19:23:09.127,20.087855128717685,0,11.716087918222232,11.716065,11.716065,11.716065,,,,,-0.06926100484158637,3,
19:23:09.373,,,,,,,,0,0,,,,
19:23:09.609,20.083980905901704,0,11.7164847128889,11.716462,11.716462,11.716462,,,,,-0.046234714300529695,3,
19:23:09.852,,,,,,,,0,0,,,,
19:23:10.091,,,,,,,86,,,,,,
19:23:10.330,20.077765502406503,0,11.716885858555566,11.716863,11.716863,11.716863,,,,,-0.03455208366041334,2,
19:23:10.572,,,,,,,,0,0,,,,
19:23:10.841,20.073375986866505,0,11.71716932661112,11.717146,11.717146,11.717146,,,,,-0.011527085355152504,2,
19:23:11.082,,,,,,,,0,0,,,,
19:23:11.353,,,,,,,86,,,,,,
19:23:11.592,20.067276991183444,0,11.717795100777787,11.717772,11.717772,11.717772,,,,,,3,
19:23:11.831,,,,,,,,0,0,,,,
19:23:12.101,20.063143517263505,0,11.718219461194453,11.718196,11.718196,11.718196,,,,,,3,
19:23:12.341,,,,,,,,0,0,,,,
19:23:12.613,,,,,,,85,,,,,,
19:23:12.846,20.057458260223758,0,11.719046633416674,11.719023,11.719023,11.719023,,,,,0.022522292330172597,4,
19:23:13.089,,,,,,,,0,0,,,,
19:23:13.330,20.053534858157676,0,11.719449894250008,11.719426,11.719426,11.719426,,,,,,3,
19:23:13.571,,,,,,,,0,0,,,,
19:23:13.810,,,,,,,85,,,,,,
19:23:14.050,20.04769400361766,0,11.720050581333341,11.720027,11.720027,11.720027,,,,,,3,
19:23:14.290,,,,,,,,0,0,,,,
19:23:14.560,20.04356390046613,0,11.720475579250008,11.720452,11.720452,11.720452,,,,,0,3,
19:23:14.802,,,,,,,,0,0,,,,
19:23:15.072,,,,,,,85,,,,,,
19:23:15.316,20.037447522381854,0,11.721105348333342,11.721082,11.721082,11.721082,,,,,-0.011467805739592279,3,
19:23:15.548,,,,,,,,0,0,,,,
19:23:15.821,20.033362320071483,0,11.721526230583342,11.721503,11.721503,11.721503,,,,,0,3,
19:23:16.063,,,,,,,,0,0,,,,
19:23:16.332,,,,,,,85,,,,,,
19:23:16.570,20.02801878392086,0,11.72256645572223,11.722543,11.722543,11.722543,,,,,0.02248285812351327,5,
19:23:16.811,,,,,,,,0,0,,,,
19:23:17.081,20.024372616850744,0,11.723276679055564,11.723253,11.723253,11.723253,,,,,0.022470881322907386,5,
19:23:17.321,,,,,,,,0,0,,,,
19:23:17.590,,,,,,,85,,,,,,
19:23:17.831,20.019028491568083,0,11.724318264472231,11.724295,11.724295,11.724295,,,,,0.022522428432193965,5,
19:23:18.070,,,,,,,,0,0,,,,
19:23:18.342,20.01539018471055,0,11.725027805166675,11.725005,11.725005,11.725005,,,,,0.022470513213997047,5,
19:23:18.583,,,,,,,,0,0,,,,
19:23:18.850,,,,,,,84,,,,,,
19:23:19.090,20.010070426793867,0,11.726065880722231,11.726043,11.726043,11.726043,,,,,0,5,
19:23:19.330,,,,,,,,0,0,,,,
19:23:19.569,20.006889580257493,0,11.726864345888899,11.726841,11.726841,11.726841,,,,,0.011385846916073517,6,
19:23:19.804,,,,,,,,0,0,,,,
19:23:20.048,,,,,,,84,,,,,,
19:23:20.291,20.00243971833086,0,11.728268523527788,11.728245,11.728245,11.728245,,,,,0.023033362561722948,7,
19:23:20.530,,,,,,,,0,0,,,,
19:23:20.830,19.999114712474874,0,11.7293183743889,11.729295,11.729295,11.729295,,,,,0.022764761304923692,7,
19:23:21.071,,,,,,,,0,0,,,,
19:23:21.341,,,,,,,83,,,,,,
19:23:21.582,19.99482204856405,0,11.730997507277788,11.730974,11.730974,11.730974,,,,,0.03410126177337387,8,
19:23:21.818,,,,,,,,0,0,,,,
19:23:22.056,19.992157431952887,0,11.7320404123889,11.732017,11.732017,11.732017,,,,,0.02277880552134831,8,
19:23:22.300,,,,,,,,0,0,,,,
19:23:22.541,,,,,,,83,,,,,,
19:23:22.779,19.987708052695442,0,11.733447686944455,11.733424,11.733424,11.733424,,,,,,7,
19:23:23.019,,,,,,,,0,0,,,,
19:23:23.288,19.984582292540416,0,11.734436896611122,11.734413,11.734413,11.734413,,,,,0,7,
19:23:23.530,,,,,,,,0,0,,,,
19:23:23.800,,,,,,,83,,,,,,
19:23:24.043,19.979590824379912,0,11.735694814444456,11.735671,11.735671,11.735671,,,,,-0.023020009259461946,6,
19:23:24.282,,,,,,,,0,0,,,,
19:23:24.550,19.97599816273633,0,11.736399365972233,11.736376,11.736376,11.736376,,,,,-0.03407174840060555,5,
19:23:24.789,,,,,,,,0,0,,,,
19:23:25.061,,,,,,,83,,,,,,
19:23:25.300,19.97104464514235,0,11.7376492291389,11.737626,11.737626,11.737626,,,,,,6,
19:23:25.543,,,,,,,,0,0,,,,
19:23:25.810,19.967919381876666,0,11.7386407336389,11.738618,11.738618,11.738618,,,,,,7,
19:23:26.052,,,,,,,,0,0,,,,
19:23:26.322,,,,,,,83,,,,,,
19:23:26.560,19.964032706277884,0,11.7405163131389,11.740494,11.740494,11.740494,,,,,,9,
19:23:26.800,,,,,,,,0,0,,,,
19:23:27.070,19.961392660014347,0,11.7417910696389,11.741769,11.741769,11.741769,,,,,0.044961201814844955,9,
19:23:27.312,,,,,,,,0,0,,,,
19:23:27.582,,,,,,,83,,,,,,
19:23:27.820,19.9575093287454,0,11.7436672673889,11.743645,11.743645,11.743645,,,,,0.03371376391634994,9,
19:23:28.062,,,,,,,,0,0,,,,
19:23:28.330,19.954874785992438,0,11.7449408811389,11.744919,11.744919,11.744919,,,,,0.022479723124448514,9,
19:23:28.572,,,,,,,,0,0,,,,
19:23:28.842,,,,,,,83,,,,,,
19:23:29.082,19.950989884403537,0,11.7468200723889,11.746798,11.746798,11.746798,,,,,0,9,
19:23:29.322,,,,,,,,0,0,,,,
19:23:29.589,19.948369933211968,0,11.7480881391389,11.748066,11.748066,11.748066,,,,,0,9,
19:23:29.831,,,,,,,,0,0,,,,
19:23:30.101,,,,,,,82,,,,,,
19:23:30.345,19.94446264930568,0,11.7499804078889,11.749958,11.749958,11.749958,,,,,0,9,
19:23:30.578,,,,,,,,0,0,,,,
19:23:30.819,19.942024593790368,0,11.7511618248889,11.751139,11.751139,11.751139,,,,,0,9,
19:23:31.061,,,,,,,,0,0,,,,
19:23:31.299,,,,,,,82,,,,,,
19:23:31.540,19.93864137822316,0,11.753167747666678,11.753145,11.753145,11.753145,,,,,0.01152010520667859,10,
19:23:31.782,,,,,,,,0,0,,,,
19:23:32.050,19.936252969312438,0,11.754584667944457,11.754562,11.754562,11.754562,,,,,0.011506705900219176,10,
19:23:32.292,,,,,,,,0,0,,,,
19:23:32.561,,,,,,,82,,,,,,
19:23:32.801,19.93274288981371,0,11.756668254333345,11.756646,11.756646,11.756646,,,,,0.011535809642536502,10,
19:23:33.043,,,,,,,,1214,1.2,,,,
19:23:33.304,19.93086501447279,0,11.758344141000011,11.758322,11.758322,11.758322,,,,,0.03419438822634567,12,
19:23:33.549,,,,,,,,1536,1.5,,,,
19:23:33.787,,,,,,,81,,,,,,
19:23:34.033,19.9284877769767,0,11.760975605333345,11.760953,11.760953,11.760953,,,,,0.034096599952546,13,
19:23:34.269,,,,,,,,1535,1.5,,,,
19:23:34.507,19.92716516995865,0,11.762819265333345,11.762797,11.762797,11.762797,,,,,0.04612726127546976,14,
19:23:34.750,,,,,,,,1535,1.5,,,,
19:23:34.992,,,,,,,81,,,,,,
19:23:35.232,19.92582551924868,0,11.766042162666679,11.76602,11.76602,11.76602,,,,,0.0699082988666924,16,
19:23:35.473,,,,,,,,1534,1.5,,,,
19:23:35.741,19.925125099258782,0,11.768445845083345,11.768424,11.768424,11.768424,,,,,0.058115125249281724,17,
19:23:35.974,,,,,,,,0,0,,,,
19:23:36.219,,,,,,,81,,,,,,
19:23:36.457,19.924476729745386,0,11.772027638083346,11.772006,11.772006,11.772006,,,,,0.05841235327183785,18,
19:23:36.711,,,,,,,,0,0,,,,
19:23:36.937,19.92426807216156,0,11.774561915611123,11.77454,11.77454,11.77454,,,,,0.0582666680555094,19,
19:23:37.176,,,,,,,,0,0,,,,
19:23:37.419,,,,,,,81,,,,,,
19:23:37.655,19.92395633166386,0,11.778350332472234,11.778328,11.778328,11.778328,,,,,0.03506282906606983,19,
19:23:37.897,,,,,,,,0,0,,,,
19:23:38.173,19.92397485410202,0,11.781230911361122,11.781209,11.781209,11.781209,,,,,0.0349372605361739,20,
19:23:38.409,,,,,,,,0,0,,,,
19:23:38.683,,,,,,,81,,,,,,
19:23:38.919,19.924001485486034,0,11.785375040805567,11.785353,11.785353,11.785353,,,,,0.023011132792230046,20,
19:23:39.161,,,,,,,,0,0,,,,
19:23:39.431,19.92401975967008,0,11.788220380805567,11.788198,11.788198,11.788198,,,,,0.011358071023404276,20,
19:23:39.673,,,,,,,,0,0,,,,
19:23:39.943,,,,,,,81,,,,,,
19:23:40.180,19.924046449606138,0,11.792378536361124,11.792356,11.792356,11.792356,,,,,0.0112203095268749,20,
19:23:40.421,,,,,,,,0,0,,,,
19:23:40.691,19.92406468629534,0,11.795221400250012,11.795199,11.795199,11.795199,,,,,0,20,
19:23:40.931,,,,,,,,0,0,,,,
19:23:41.202,,,,,,,81,,,,,,
19:23:41.440,19.923740117997937,0,11.799173592361123,11.799151,11.799151,11.799151,,,,,-0.011235021756922424,19,
19:23:41.682,,,,,,,,0,0,,,,
19:23:41.950,19.923040604119414,0,11.801582893750012,11.80156,11.80156,11.80156,,,,,-0.033731102380988566,17,
19:23:42.191,,,,,,,,0,0,,,,
19:23:42.462,,,,,,,82,,,,,,
19:23:42.698,19.92166703906363,0,11.804902473750012,11.80488,11.80488,11.80488,,,,,-0.04499344188003678,16,
19:23:42.937,,,,,,,,0,0,,,,
19:23:43.179,19.920557227304503,0,11.806907236666678,11.806885,11.806885,11.806885,,,,,-0.05693421448173142,15,
19:23:43.419,,,,,,,,0,0,,,,
19:23:43.660,,,,,,,82,,,,,,
19:23:43.899,19.918559460156455,0,11.809708097666679,11.809686,11.809686,11.809686,,,,,-0.0576078125741019,14,
19:23:44.140,,,,,,,,0,0,,,,
19:23:44.412,19.917135865495766,0,11.811705125333345,11.811683,11.811683,11.811683,,,,,-0.03451803678643914,14,
19:23:44.653,,,,,,,,0,0,,,,
19:23:44.919,,,,,,,82,,,,,,
19:23:45.161,19.915060502448227,0,11.814618180000013,11.814596,11.814596,11.814596,,,,,-0.022996667229428325,14,
19:23:45.400,,,,,,,,0,0,,,,
19:23:45.672,19.913408781291746,0,11.816460758111123,11.816439,11.816439,11.816439,,,,,-0.022727939543838054,13,
19:23:45.911,,,,,,,,0,0,,,,
19:23:46.182,,,,,,,82,,,,,,
19:23:46.421,19.910984491715862,0,11.819166770222235,11.819145,11.819145,11.819145,,,,,-0.011230385590198429,13,
19:23:46.662,,,,,,,,0,0,,,,
19:23:46.930,19.909324224963658,0,11.82102106927779,11.820999,11.820999,11.820999,,,,,-0.011250395936345343,13,
19:23:47.171,,,,,,,,0,0,,,,
19:23:47.442,,,,,,,82,,,,,,
19:23:47.682,19.90690836689329,0,11.823720856555568,11.823699,11.823699,11.823699,,,,,-0.011236701128574502,13,
19:23:47.921,,,,,,,,0,0,,,,
19:23:48.190,19.905268379515686,0,11.8255546636389,11.825533,11.825533,11.825533,,,,,0,13,
19:23:48.427,,,,,,,,0,0,,,,
19:23:48.701,,,,,,,83,,,,,,
19:23:48.937,19.902860037925066,0,11.828249211194457,11.828228,11.828228,11.828228,,,,,0,13,
19:23:49.177,,,,,,,,0,0,,,,
19:23:49.419,19.901300589924013,0,11.829994986250012,11.829974,11.829974,11.829974,,,,,0,13,
19:23:49.659,,,,,,,,0,0,,,,
19:23:49.898,,,,,,,83,,,,,,
19:23:50.140,19.89864080546301,0,11.832397016250013,11.832376,11.832376,11.832376,,,,,-0.011523530231362775,12,
19:23:50.379,,,,,,,,0,0,,,,
19:23:50.649,19.896762965506987,0,11.83409385291668,11.834073,11.834073,11.834073,,,,,-0.011517542457173827,12,
19:23:50.889,,,,,,,,0,0,,,,
19:23:51.161,,,,,,,83,,,,,,
19:23:51.399,19.89399662507922,0,11.83659501891668,11.836574,11.836574,11.836574,,,,,-0.011501794742984964,12,
19:23:51.640,,,,,,,,0,0,,,,
19:23:51.910,19.892116393728685,0,11.838296016916681,11.838275,11.838275,11.838275,,,,,-0.011372483051755804,12,
19:23:52.151,,,,,,,,0,0,,,,
19:23:52.420,,,,,,,83,,,,,,
19:23:52.660,19.889702211509903,0,11.84100696469446,11.840986,11.840986,11.840986,,,,,0.011238567834638365,13,
19:23:52.902,,,,,,,,0,0,,,,
19:23:53.171,19.887824932667883,0,11.842707216027794,11.842686,11.842686,11.842686,,,,,,12,
19:23:53.412,,,,,,,,0,0,,,,
19:23:53.682,,,,,,,83,,,,,,
19:23:53.922,19.88506263084361,0,11.84521050469446,11.845189,11.845189,11.845189,,,,,,12,
19:23:54.162,,,,,,,,0,0,,,,
19:23:54.429,19.883196248615256,0,11.846902874694461,11.846881,11.846881,11.846881,,,,,0,12,
19:23:54.672,,,,,,,,0,0,,,,
19:23:54.941,,,,,,,83,,,,,,
19:23:55.181,19.88113475411845,0,11.849826809694461,11.849805,11.849805,11.849805,,,,,,14,
19:23:55.421,,,,,,,,1121,1.1,,,,
19:23:55.693,19.88020978278433,0,11.852100147027794,11.852078,11.852078,11.852078,,,,,0.04491516359859962,16,
19:23:55.930,,,,,,,,1807,1.8,,,,
19:23:56.165,,,,,,,83,,,,,,
19:23:56.409,19.88024973166359,0,11.856077850916684,11.856056,11.856056,11.856056,,,,,0.09109517529029354,20,
19:23:56.648,,,,,,,,2141,2.1,,,,
19:23:56.887,19.880952094919785,0,11.859166629527795,11.859145,11.859145,11.859145,,,,,0.1267743721266081,23,
19:23:57.129,,,,,,,,2441,2.4,,,,
19:23:57.369,,,,,,,85,,,,,,
19:23:57.613,19.88300300844633,0,11.86436658258335,11.864345,11.864345,11.864345,,,,,0.13979593668162216,26,
19:23:57.847,,,,,,,,2697,2.7,,,,
19:23:58.092,19.884827038478704,0,11.868121970583351,11.8681,11.8681,11.8681,,,,,0.14168808321955229,28,
19:23:58.340,,,,,,,,2769,2.8,,,,
19:23:58.569,,,,,,,85,,,,,,
19:23:58.811,19.888531073329254,0,11.874289702166685,11.874268,11.874268,11.874268,,,,,0.12973129860494412,31,
19:23:59.048,,,,,,,,2526,2.5,,,,
19:23:59.287,19.891430500211445,0,11.87864758683335,11.878626,11.878626,11.878626,,,,,0.1180170745201,33,
19:23:59.531,,,,,,,,2453,2.5,,,,
19:23:59.767,,,,,,,85,,,,,,
19:24:00.006,19.89614766949742,0,11.885438428555574,11.885417,11.885417,11.885417,,,,,0.09467175800611582,34,
19:24:00.248,,,,,,,,2291,2.3,,,,
19:24:00.485,19.899508894084427,0,11.89009236786113,11.890071,11.890071,11.890071,,,,,0.08286703233185357,35,
19:24:00.731,,,,,,,,2058,2.1,,,,
19:24:00.969,,,,,,,85,,,,,,
19:24:01.209,19.90492529401752,0,11.89733110986113,11.89731,11.89731,11.89731,,,,,0.05906504504364886,36,
19:24:01.460,,,,,,,,1182,1.2,,,,
19:24:01.691,19.908530836423868,0,11.90215243486113,11.902131,11.902131,11.902131,,,,,0.0353526012096925,36,
19:24:01.927,,,,,,,,0,0,,,,
19:24:02.169,,,,,,,86,,,,,,
19:24:02.405,19.913206694559385,0,11.908899492138907,11.908878,11.908878,11.908878,,,,,,34,
19:24:02.653,,,,,,,,0,0,,,,
19:24:02.886,19.916127487606204,0,11.913305130555575,11.913284,11.913284,11.913284,,,,,-0.023594779627011,33,
19:24:03.137,,,,,,,,0,0,,,,
19:24:03.379,,,,,,,86,,,,,,
19:24:03.608,19.919507377549856,0,11.919321983888908,11.919301,11.919301,11.919301,,,,,-0.07083780520542181,30,
19:24:03.849,,,,,,,,0,0,,,,
19:24:04.120,19.921666646460263,0,11.923449336388908,11.923428,11.923428,11.923428,,,,,-0.08163422828255722,29,
19:24:04.362,,,,,,,,0,0,,,,
19:24:04.628,,,,,,,86,,,,,,
19:24:04.871,19.92378539138733,0,11.928875528444463,11.928854,11.928854,11.928854,,,,,-0.09190000063428003,26,
19:24:05.110,,,,,,,,0,0,,,,
19:24:05.381,19.924985549732646,0,11.932415248583352,11.932394,11.932394,11.932394,,,,,-0.0908271281343515,25,
19:24:05.622,,,,,,,,0,0,,,,
19:24:05.891,,,,,,,87,,,,,,
19:24:06.130,19.926053173576296,0,11.937199126555575,11.937178,11.937178,11.937178,,,,,-0.0786156196923598,23,
19:24:06.364,,,,,,,,0,0,,,,
19:24:06.618,19.926528037803582,0,11.940217514944463,11.940196,11.940196,11.940196,,,,,-0.07936686225841817,22,
19:24:06.848,,,,,,,,0,0,,,,
19:24:07.092,,,,,,,87,,,,,,
19:24:07.325,19.92720202288398,0,11.944503953388907,11.944482,11.944482,11.944482,,,,,-0.046173577959746345,22,
19:24:07.571,,,,,,,,0,0,,,,
19:24:07.841,19.92793672896165,0,11.947801060888906,11.947779,11.947779,11.947779,,,,,,23,
19:24:08.082,,,,,,,,1478,1.5,,,,
19:24:08.350,,,,,,,87,,,,,,
19:24:08.594,19.929007114049984,0,11.95260740347224,11.952585,11.952585,11.952585,,,,,,23,
19:24:08.829,,,,,,,,1717,1.7,,,,
19:24:09.066,19.930115538065493,0,11.955885523611128,11.955863,11.955863,11.955863,,,,,0.034713918792288585,25,
19:24:09.310,,,,,,,,1835,1.8,,,,
19:24:09.548,,,,,,,86,,,,,,
19:24:09.786,19.932140257076824,0,11.961089969611129,11.961067,11.961067,11.961067,,,,,0.04602736022742437,26,
19:24:10.029,,,,,,,,1894,1.9,,,,
19:24:10.265,19.933482888017252,0,11.964543055611129,11.96452,11.96452,11.96452,,,,,0.03506015855459384,26,
19:24:10.505,,,,,,,,1692,1.7,,,,
19:24:10.749,,,,,,,86,,,,,,
19:24:10.986,19.93517346906214,0,11.96955174797224,11.969529,11.969529,11.969529,,,,,,25,
19:24:11.240,,,,,,,,1323,1.3,,,,
19:24:11.467,19.93607883081828,0,11.972762050638906,11.972739,11.972739,11.972739,,,,,-0.011794812239151105,24,
19:24:11.714,,,,,,,,0,0,,,,
19:24:11.957,,,,,,,86,,,,,,
19:24:12.188,19.936766940174262,0,11.977168476472238,11.977145,11.977145,11.977145,,,,,-0.047170743946573106,22,
19:24:12.433,,,,,,,,0,0,,,,
19:24:12.667,19.937223017983023,0,11.980090668638905,11.980067,11.980067,11.980067,,,,,-0.047169809171801684,22,
19:24:12.909,,,,,,,,0,0,,,,
19:24:13.159,,,,,,,86,,,,,,
19:24:13.389,19.937912091268192,0,11.98450816658335,11.984484,11.984484,11.984484,,,,,-0.03535396025312576,22,
19:24:13.632,,,,,,,,0,0,,,,
19:24:13.901,19.938400170808137,0,11.987638924250016,11.987615,11.987615,11.987615,,,,,-0.023276554940977724,22,
19:24:14.142,,,,,,,,0,0,,,,
19:24:14.409,,,,,,,86,,,,,,
19:24:14.653,19.939462593304583,0,11.992439250416682,11.992415,11.992415,11.992415,,,,,0.011494978128031288,23,
19:24:14.892,,,,,,,,0,0,,,,
19:24:15.162,19.940182294293503,0,11.99569295755557,11.995669,11.995669,11.995669,,,,,0.011351742552142148,23,
19:24:15.402,,,,,,,,0,0,,,,
19:24:15.672,,,,,,,86,,,,,,
19:24:15.912,19.9415876579547,0,12.000692612222238,12.000669,12.000669,12.000669,,,,,0.02245951473035136,24,
19:24:16.152,,,,,,,,0,0,,,,
19:24:16.419,19.942537685511457,0,12.004074346888904,12.004051,12.004051,12.004051,,,,,0.022499342394590973,24,
19:24:16.661,,,,,,,,0,0,,,,
19:24:16.932,,,,,,,86,,,,,,
19:24:17.171,19.943946785420305,0,12.009093120888904,12.00907,12.00907,12.00907,,,,,0.011245297490060927,24,
19:24:17.411,,,,,,,,0,0,,,,
19:24:17.681,19.944899357972382,0,12.012487862888904,12.012465,12.012465,12.012465,,,,,0.01124353387423352,24,
19:24:17.921,,,,,,,,0,0,,,,
19:24:18.192,,,,,,,85,,,,,,
19:24:18.431,19.945955063251727,0,12.01727632680557,12.017253,12.017253,12.017253,,,,,-0.011243634293082377,23,
19:24:18.663,,,,,,,,0,0,,,,
19:24:18.918,19.94664043090818,0,12.020386787388903,12.020363,12.020363,12.020363,,,,,-0.011335520534633478,23,
19:24:19.147,,,,,,,,0,0,,,,
19:24:19.389,,,,,,,85,,,,,,
19:24:19.632,19.94764543307946,0,12.02495039755557,12.024927,12.024927,12.024927,,,,,-0.01151309887759456,23,
19:24:19.873,,,,,,,,0,0,,,,
19:24:20.140,19.948359884234936,0,12.02819647380557,12.028173,12.028173,12.028173,,,,,-0.011520536269080475,23,
19:24:20.380,,,,,,,,0,0,,,,
19:24:20.652,,,,,,,85,,,,,,
19:24:20.891,19.949415569839324,0,12.032995716416682,12.032972,12.032972,12.032972,,,,,0,23,
19:24:21.130,,,,,,,,0,0,,,,
19:24:21.402,19.95013358337034,0,12.03626176944446,12.036238,12.036238,12.036238,,,,,0,23,
19:24:21.642,,,,,,,,0,0,,,,
19:24:21.912,,,,,,,85,,,,,,
19:24:22.151,19.95118393464325,0,12.041042309861126,12.041019,12.041019,12.041019,,,,,0,23,
19:24:22.419,,,,,,,,0,0,,,,
19:24:22.690,19.95194145036015,0,12.044492091361127,12.044469,12.044469,12.044469,,,,,0,23,
19:24:22.925,,,,,,,,0,0,,,,
19:24:23.202,,,,,,,84,,,,,,
19:24:23.441,19.952998553128086,0,12.049309081027793,12.049286,12.049286,12.049286,,,,,0,23,
19:24:23.681,,,,,,,,0,0,,,,
19:24:23.916,19.95365827923663,0,12.05231700505557,12.052294,12.052294,12.052294,,,,,0,23,
19:24:24.157,,,,,,,,0,0,,,,
19:24:24.399,,,,,,,84,,,,,,
19:24:24.642,19.954342071973183,0,12.056758837444459,12.056736,12.056736,12.056736,,,,,-0.011369163642028082,22,
19:24:24.882,,,,,,,,0,0,,,,
19:24:25.152,19.954821482190106,0,12.059874797666682,12.059852,12.059852,12.059852,,,,,-0.011506826500816905,22,
19:24:25.391,,,,,,,,0,0,,,,
19:24:25.660,,,,,,,83,,,,,,
19:24:25.902,19.95518122288928,0,12.064244610666682,12.064222,12.064222,12.064222,,,,,-0.023018812926296768,21,
19:24:26.170,,,,,,,,0,0,,,,
19:24:26.405,19.955191592079505,0,12.06704268844446,12.06702,12.06702,12.06702,,,,,-0.034134260689173725,20,
19:24:26.652,,,,,,,,0,0,,,,
19:24:26.920,,,,,,,83,,,,,,
19:24:27.160,19.95451306728324,0,12.070821407444459,12.070799,12.070799,12.070799,,,,,-0.044987117705707784,18,
19:24:27.400,,,,,,,,0,0,,,,
19:24:27.672,19.95381980734,0,12.073234959777793,12.073213,12.073213,12.073213,,,,,-0.056208851826690186,17,
19:24:27.912,,,,,,,,0,0,,,,
19:24:28.179,,,,,,,83,,,,,,
19:24:28.422,19.952114709045738,0,12.076359942277792,12.076338,12.076338,12.076338,,,,,-0.06744199273812201,15,
19:24:28.661,,,,,,,,0,0,,,,
19:24:28.932,19.95072126629308,0,12.07834418444446,12.078322,12.078322,12.078322,,,,,-0.0672670438850373,14,
19:24:29.172,,,,,,,,0,0,,,,
19:24:29.441,,,,,,,83,,,,,,
19:24:29.682,19.94901750082133,0,12.081470486111126,12.081448,12.081448,12.081448,,,,,,15,
19:24:29.920,,,,,,,,0,0,,,,
19:24:30.188,19.948100719834116,0,12.083720554111126,12.083698,12.083698,12.083698,,,,,,16,
19:24:30.432,,,,,,,,0,0,,,,
19:24:30.701,,,,,,,83,,,,,,
19:24:30.942,19.947427870944818,0,12.087487833111126,12.087465,12.087465,12.087465,,,,,,18,
19:24:31.183,,,,,,,,0,0,,,,
19:24:31.456,19.946969163916645,0,12.090057625111125,12.090035,12.090035,12.090035,,,,,0.04488943722852506,18,
19:24:31.690,,,,,,,,0,0,,,,
19:24:31.961,,,,,,,82,,,,,,
19:24:32.198,19.946307365669252,0,12.093767319611125,12.093745,12.093745,12.093745,,,,,0.033775328095015544,18,
19:24:32.441,,,,,,,,0,0,,,,
19:24:32.679,19.945878796327563,0,12.096171001111125,12.096149,12.096149,12.096149,,,,,0.022746026372924114,18,
19:24:32.918,,,,,,,,0,0,,,,
19:24:33.157,,,,,,,82,,,,,,
19:24:33.401,19.945565932194473,0,12.099983522638903,12.099962,12.099962,12.099962,,,,,0.01151892416727758,19,
19:24:33.642,,,,,,,,0,0,,,,
19:24:33.913,19.94534440003681,0,12.10268461066668,12.102663,12.102663,12.102663,,,,,0.011529110331322034,19,
19:24:34.150,,,,,,,,0,0,,,,
19:24:34.422,,,,,,,82,,,,,,
19:24:34.659,19.945363079418684,0,12.10683363955557,12.106812,12.106812,12.106812,,,,,0.023016677794669236,20,
19:24:34.901,,,,,,,,0,0,,,,
19:24:35.170,19.945375848450887,0,12.10967150566668,12.10965,12.10965,12.10965,,,,,0.02273868231531256,20,
19:24:35.409,,,,,,,,0,0,,,,
19:24:35.683,,,,,,,81,,,,,,
19:24:35.918,19.945394507825153,0,12.113820863444458,12.113799,12.113799,12.113799,,,,,0.011254636771263133,20,
19:24:36.164,,,,,,,,0,0,,,,
19:24:36.401,19.9454065881557,0,12.116508726222236,12.116487,12.116487,12.116487,,,,,0.01138096794125642,20,
19:24:36.637,,,,,,,,0,0,,,,
19:24:36.882,,,,,,,81,,,,,,
19:24:37.121,19.94575345592288,0,12.120706080805569,12.120684,12.120684,12.120684,,,,,0.011509614575039486,21,
19:24:37.364,,,,,,,,0,0,,,,
19:24:37.630,19.94599873461351,0,12.123675800472235,12.123654,12.123654,12.123654,,,,,0.011517677803280137,21,
19:24:37.870,,,,,,,,0,0,,,,
19:24:38.142,,,,,,,81,,,,,,
19:24:38.381,19.946360787024737,0,12.128061888472235,12.12804,12.12804,12.12804,,,,,0.011496788848969139,21,
19:24:38.623,,,,,,,,0,0,,,,
19:24:38.892,19.94660625458884,0,12.131037323055569,12.131015,12.131015,12.131015,,,,,0.01137471488289732,21,
19:24:39.130,,,,,,,,0,0,,,,
19:24:39.399,,,,,,,81,,,,,,
19:24:39.643,19.946967555284168,0,12.135419352222236,12.135397,12.135397,12.135397,,,,,0,21,
19:24:39.910,,,,,,,,0,0,,,,
19:24:40.181,19.947471868410656,0,12.138707957444458,12.138686,12.138686,12.138686,,,,,0.01110236233367907,22,
19:24:40.419,,,,,,,,0,0,,,,
19:24:40.691,,,,,,,81,,,,,,
19:24:40.930,19.94851475534264,0,12.14349137605557,12.143469,12.143469,12.143469,,,,,0.022231366063739634,23,
19:24:41.169,,,,,,,,0,0,,,,
19:24:41.442,19.94899421886065,0,12.14662209705557,12.1466,12.1466,12.1466,,,,,,22,
19:24:41.682,,,,,,,,0,0,,,,
19:24:41.953,,,,,,,81,,,,,,
19:24:42.191,19.949694563156946,0,12.151197720000013,12.151176,12.151176,12.151176,,,,,,22,
19:24:42.430,,,,,,,,0,0,,,,
19:24:42.702,19.950172429964578,0,12.154321605111125,12.1543,12.1543,12.1543,,,,,0,22,
19:24:42.942,,,,,,,,0,0,,,,
19:24:43.211,,,,,,,80,,,,,,
19:24:43.449,19.950529536157838,0,12.158675024694459,12.158653,12.158653,12.158653,,,,,-0.02248970570276117,21,
19:24:43.688,,,,,,,,0,0,,,,
19:24:43.927,19.950540326307163,0,12.161334145250015,12.161312,12.161312,12.161312,,,,,-0.02279424181179515,20,
19:24:44.165,,,,,,,,0,0,,,,
19:24:44.409,,,,,,,80,,,,,,
19:24:44.651,19.950226784688336,0,12.165155770416682,12.165134,12.165134,12.165134,,,,,-0.034539145014788705,19,
19:24:44.890,,,,,,,,0,0,,,,
19:24:45.160,19.94977466216245,0,12.167700924416682,12.167679,12.167679,12.167679,,,,,-0.046097881065855585,18,
19:24:45.398,,,,,,,,0,0,,,,
19:24:45.670,,,,,,,80,,,,,,
19:24:45.911,19.948423606000535,0,12.171040107083348,12.171018,12.171018,12.171018,,,,,-0.057510047927793156,16,
19:24:46.154,,,,,,,,0,0,,,,
19:24:46.419,19.94681787895999,0,12.172873469277793,12.172851,12.172851,12.172851,,,,,-0.07957628824587153,13,
19:24:46.662,,,,,,,,0,0,,,,
19:24:46.930,,,,,,,80,,,,,,
19:24:47.172,19.943411398881825,0,12.174964160666681,12.174942,12.174942,12.174942,,,,,-0.10113589895579746,10,
19:24:47.409,,,,,,,,0,0,,,,
19:24:47.682,19.940173938552334,0,12.17581482016668,12.175793,12.175793,12.175793,,,,,-0.13476871468214835,6,
19:24:47.921,,,,,,,,0,0,,,,
19:24:48.191,,,,,,,80,,,,,,
19:24:48.431,19.93508542999594,0,12.176855032250014,12.176833,12.176833,12.176833,,,,,-0.12365828634683335,5,
19:24:48.673,,,,,,,,0,0,,,,
19:24:48.943,19.931377043652457,0,12.177423765583347,12.177402,12.177402,12.177402,,,,,-0.1010069763913025,4,
19:24:49.183,,,,,,,,0,0,,,,
19:24:49.451,,,,,,,80,,,,,,
19:24:49.690,19.925968116667562,0,12.178253775694458,12.178232,12.178232,12.178232,,,,,-0.06749234450141643,4,
19:24:49.930,,,,,,,,0,0,,,,
19:24:50.203,19.92248610902961,0,12.178966832500013,12.178945,12.178945,12.178945,,,,,,5,
19:24:50.442,,,,,,,,0,0,,,,
19:24:50.713,,,,,,,80,,,,,,
19:24:50.951,19.917417107797597,0,12.18000547402779,12.179984,12.179984,12.179984,,,,,,5,
19:24:51.189,,,,,,,,0,0,,,,
19:24:51.462,19.914186493907586,0,12.18085738252779,12.180836,12.180836,12.180836,,,,,0.02248631441591408,6,
19:24:51.703,,,,,,,,0,0,,,,
19:24:51.968,,,,,,,80,,,,,,
19:24:52.209,19.909806808039548,0,12.18230995077779,12.182289,12.182289,12.182289,,,,,0.03372700838174533,7,
19:24:52.449,,,,,,,,0,0,,,,
19:24:52.721,19.907041474727777,0,12.183446782555569,12.183426,12.183426,12.183426,,,,,0.03375285820557129,8,
19:24:52.960,,,,,,,,0,0,,,,
19:24:53.232,,,,,,,80,,,,,,
19:24:53.473,19.903316972233274,0,12.185328331805568,12.185308,12.185308,12.185308,,,,,0.044918358095585476,9,
19:24:53.712,,,,,,,,0,0,,,,
19:24:53.982,19.901027939713305,0,12.186743745694457,12.186723,12.186723,12.186723,,,,,0.04496031331006573,10,
19:24:54.221,,,,,,,,0,0,,,,
19:24:54.488,,,,,,,80,,,,,,
19:24:54.732,19.898002093008596,0,12.18903439852779,12.189014,12.189014,12.189014,,,,,0.04491239504599663,11,
19:24:54.973,,,,,,,,0,0,,,,
19:24:55.243,19.895945328195467,0,12.1905923181389,12.190572,12.190572,12.190572,,,,,0.033697632523273506,11,
19:24:55.481,,,,,,,,0,0,,,,
19:24:55.749,,,,,,,80,,,,,,
19:24:55.989,19.89327347498362,0,12.193081157805567,12.193061,12.193061,12.193061,,,,,0.033776995511574336,12,
19:24:56.231,,,,,,,,0,0,,,,
19:24:56.502,19.891670266438872,0,12.194934758111122,12.194915,12.194915,12.194915,,,,,0.033717409187731466,13,
19:24:56.743,,,,,,,,0,0,,,,
19:24:57.012,,,,,,,80,,,,,,
19:24:57.252,19.889669128993624,0,12.197850991555567,12.197831,12.197831,12.197831,,,,,0.03371470960461518,14,
19:24:57.494,,,,,,,,0,0,,,,
19:24:57.759,19.888317014243405,0,12.199822534166678,12.199803,12.199803,12.199803,,,,,0.03376296857079922,14,
19:24:58.002,,,,,,,,0,0,,,,
19:24:58.272,,,,,,,81,,,,,,
19:24:58.510,19.886317145897628,0,12.2027402383889,12.202721,12.202721,12.202721,,,,,0.02247241093123041,14,
19:24:58.749,,,,,,,,0,0,,,,
19:24:58.991,19.885249351325193,0,12.204752086722234,12.204733,12.204733,12.204733,,,,,0.022763454151172736,15,
19:24:59.229,,,,,,,,0,0,,,,
19:24:59.472,,,,,,,81,,,,,,
19:24:59.713,19.883657546718723,0,12.207752863805567,12.207734,12.207734,12.207734,,,,,0.011513820515337815,15,
19:24:59.952,,,,,,,,0,0,,,,
19:25:00.220,19.882307268771218,0,12.209725935916678,12.209707,12.209707,12.209707,,,,,,14,
19:25:00.463,,,,,,,,0,0,,,,
19:25:00.731,,,,,,,81,,,,,,
19:25:00.971,19.880308327181254,0,12.212648521083345,12.21263,12.21263,12.21263,,,,,0,14,
19:25:01.210,,,,,,,,1566,1.6,,,,
19:25:01.485,19.878712348395297,0,12.2145014128889,12.214483,12.214483,12.214483,,,,,-0.022714385090472994,13,
19:25:01.716,,,,,,,,1451,1.5,,,,
19:25:01.962,,,,,,,81,,,,,,
19:25:02.199,19.875849449597073,0,12.216681512055567,12.216663,12.216663,12.216663,,,,,-0.045573463714804925,11,
19:25:02.438,,,,,,,,1383,1.4,,,,
19:25:02.689,19.873661455627623,0,12.218043569555567,12.218025,12.218025,12.218025,,,,,-0.04588892086607422,10,
19:25:02.916,,,,,,,,1385,1.4,,,,
19:25:03.159,,,,,,,82,,,,,,
19:25:03.400,19.870170845437208,0,12.219820339805567,12.219802,12.219802,12.219802,,,,,-0.05832312503142194,9,
19:25:03.637,,,,,,,,1383,1.4,,,,
19:25:03.881,19.86780108791394,0,12.221027230555567,12.221009,12.221009,12.221009,,,,,-0.04728849708359907,9,
19:25:04.127,,,,,,,,1385,1.4,,,,
19:25:04.360,,,,,,,83,,,,,,
19:25:04.601,19.863950023576795,0,12.2226245778889,12.222606,12.222606,12.222606,,,,,-0.03536825124102984,8,
19:25:04.840,,,,,,,,1381,1.4,,,,
19:25:05.083,19.861365371586185,0,12.223697223444457,12.223679,12.223679,12.223679,,,,,-0.023666052997077705,8,
19:25:05.327,,,,,,,,1387,1.4,,,,
19:25:05.559,,,,,,,83,,,,,,
19:25:05.808,19.85716436574736,0,12.225104889416679,12.225087,12.225087,12.225087,,,,,-0.023524297647269633,7,
19:25:06.038,,,,,,,,1385,1.4,,,,
19:25:06.275,19.85445395124316,0,12.226013578861123,12.225996,12.225996,12.225996,,,,,-0.023662990539672604,7,
19:25:06.528,,,,,,,,1385,1.4,,,,
19:25:06.758,,,,,,,83,,,,,,
19:25:07.002,19.850239232065768,0,12.227427360694456,12.22741,12.22741,12.22741,,,,,-0.011797135788641508,7,
19:25:07.240,,,,,,,,1387,1.4,,,,
19:25:07.508,19.847311932857963,0,12.228409837333345,12.228392,12.228392,12.228392,,,,,-0.011681262353227431,7,
19:25:07.746,,,,,,,,1386,1.4,,,,
19:25:07.988,,,,,,,83,,,,,,
19:25:08.227,19.843144091311462,0,12.229809444555567,12.229792,12.229792,12.229792,,,,,0,7,
19:25:08.481,,,,,,,,1382,1.4,,,,
19:25:08.706,19.84037321300042,0,12.230740438916678,12.230723,12.230723,12.230723,,,,,0,7,
19:25:08.946,,,,,,,,1385,1.4,,,,
19:25:09.189,,,,,,,83,,,,,,
19:25:09.427,19.836202209015756,0,12.232142622916678,12.232125,12.232125,12.232125,,,,,0,7,
19:25:09.674,,,,,,,,1386,1.4,,,,
19:25:09.909,19.833419707626106,0,12.233078534972233,12.233061,12.233061,12.233061,,,,,0,7,
19:25:10.156,,,,,,,,1385,1.4,,,,
19:25:10.392,,,,,,,84,,,,,,
19:25:10.628,19.829262544946165,0,12.234477579472232,12.23446,12.23446,12.23446,,,,,0,7,
19:25:10.866,,,,,,,,1385,1.4,,,,
19:25:11.110,19.826480318484496,0,12.235414411833343,12.235397,12.235397,12.235397,,,,,0,7,
19:25:11.352,,,,,,,,1385,1.4,,,,
19:25:11.591,,,,,,,85,,,,,,
19:25:11.831,19.822318547431273,0,12.236816523888898,12.236799,12.236799,12.236799,,,,,0,7,
19:25:12.071,,,,,,,,1385,1.4,,,,
19:25:12.308,19.81933428487461,0,12.237616386055564,12.237599,12.237599,12.237599,,,,,-0.011806524776029934,6,
19:25:12.548,,,,,,,,1386,1.4,,,,
19:25:12.786,,,,,,,85,,,,,,
19:25:13.029,19.81454836494556,0,12.23861375258334,12.238596,12.238596,12.238596,,,,,-0.023595322094973066,5,
19:25:13.268,,,,,,,,1387,1.4,,,,
19:25:13.512,19.811113181594976,0,12.239150531583341,12.239133,12.239133,12.239133,,,,,-0.035374554304975894,4,
19:25:13.749,,,,,,,,1385,1.4,,,,
19:25:13.987,,,,,,,85,,,,,,
19:25:14.231,19.806004082973246,0,12.239949306805563,12.239932,12.239932,12.239932,,,,,-0.035404729972342466,4,
19:25:14.467,,,,,,,,1383,1.4,,,,
19:25:14.712,19.80258203450414,0,12.240484611250007,12.240467,12.240467,12.240467,,,,,-0.02356324737605514,4,
19:25:14.950,,,,,,,,1383,1.4,,,,
19:25:15.185,,,,,,,86,,,,,,
19:25:15.433,19.79746625516075,0,12.241285295250007,12.241268,12.241268,12.241268,,,,,-0.011780793125074686,4,
19:25:15.669,,,,,,,,1383,1.4,,,,
19:25:15.908,19.79410006602057,0,12.241812429250007,12.241795,12.241795,12.241795,,,,,0,4,
19:25:16.150,,,,,,,,1386,1.4,,,,
19:25:16.397,,,,,,,86,,,,,,
19:25:16.635,19.789271010411706,0,12.242822136333341,12.242805,12.242805,12.242805,,,,,0.011783726834423781,5,
19:25:16.869,,,,,,,,1385,1.4,,,,
19:25:17.110,19.78607662029847,0,12.243490413694452,12.243473,12.243473,12.243473,,,,,0.011813110004182592,5,
19:25:17.352,,,,,,,,1384,1.4,,,,
19:25:17.588,,,,,,,86,,,,,,
19:25:17.826,19.78136804410095,0,12.244475990638897,12.244459,12.244459,12.244459,,,,,0.011840796990014012,5,
19:25:18.068,,,,,,,,1417,1.4,,,,
19:25:18.308,19.777953642853305,0,12.24501179686112,12.244995,12.244995,12.244995,,,,,0,4,
19:25:18.554,,,,,,,,1388,1.4,,,,
19:25:18.788,,,,,,,86,,,,,,
19:25:19.029,19.77280601126516,0,12.245820029416675,12.245803,12.245803,12.245803,,,,,-0.011829840920716605,4,
19:25:19.276,,,,,,,,1381,1.4,,,,
19:25:19.506,19.769475872965128,0,12.246343177416675,12.246326,12.246326,12.246326,,,,,-0.011820358594765535,4,
19:25:19.750,,,,,,,,1387,1.4,,,,
19:25:19.997,,,,,,,87,,,,,,
19:25:20.228,19.76437015127429,0,12.247145689861119,12.247129,12.247129,12.247129,,,,,-0.011788826808967442,4,
19:25:20.501,,,,,,,,1385,1.4,,,,
19:25:20.741,19.76097798514446,0,12.247857696250009,12.247841,12.247841,12.247841,,,,,0.011641329601796008,5,
19:25:20.977,,,,,,,,1386,1.4,,,,
19:25:21.231,,,,,,,87,,,,,,
19:25:21.459,19.756228623360713,0,12.248855124305564,12.248838,12.248838,12.248838,,,,,0.01165713000075642,5,
19:25:21.704,,,,,,,,1386,1.4,,,,
19:25:21.942,19.753038491219296,0,12.249525454305564,12.249508,12.249508,12.249508,,,,,0.011629317830545329,5,
19:25:22.183,,,,,,,,1386,1.4,,,,
19:25:22.453,,,,,,,87,,,,,,
19:25:22.690,19.747759470331076,0,12.250356988194453,12.25034,12.25034,12.25034,,,,,0,4,
19:25:22.931,,,,,,,,1385,1.4,,,,
19:25:23.197,19.744188025235054,0,12.250919866638897,12.250903,12.250903,12.250903,,,,,-0.011534432333335197,4,
19:25:23.452,,,,,,,,1384,1.4,,,,
19:25:23.678,,,,,,,88,,,,,,
19:25:23.917,19.738792481772055,0,12.251519881138897,12.251503,12.251503,12.251503,,,,,-0.023050991612663243,3,
19:25:24.161,,,,,,,,1386,1.4,,,,
19:25:24.396,19.735199893417246,0,12.251919611555564,12.251903,12.251903,12.251903,,,,,-0.02307867512219323,3,
19:25:24.635,,,,,,,,1386,1.4,,,,
19:25:24.887,,,,,,,88,,,,,,
19:25:25.120,19.730109812318695,0,12.252723166444452,12.252707,12.252707,12.252707,,,,,,4,
19:25:25.360,,,,,,,,1386,1.4,,,,
19:25:25.630,19.72674164762605,0,12.253433332277785,12.253417,12.253417,12.253417,,,,,,5,
19:25:25.873,,,,,,,,1385,1.4,,,,
19:25:26.139,,,,,,,88,,,,,,
19:25:26.389,19.724102902306207,0,12.255979770277785,12.255963,12.255963,12.255963,,,,,0.10311148160682287,12,
19:25:26.618,,,,,,,,1917,1.9,,,,
19:25:26.864,19.722902750691205,0,12.257804079944451,12.257787,12.257787,12.257787,,,,,0.12627107100298104,14,
19:25:27.098,,,,,,,,1632,1.6,,,,
19:25:27.337,,,,,,,89,,,,,,
19:25:27.592,19.72168150720146,0,12.261067138611118,12.26105,12.26105,12.26105,,,,,0.1374784111267069,16,
19:25:27.851,,,,,,,,1784,1.8,,,,
19:25:28.089,19.721742571123748,0,12.263795816388896,12.263779,12.263779,12.263779,,,,,0.17278904821252045,20,
19:25:28.333,,,,,,,,2152,2.2,,,,
19:25:28.566,,,,,,,89,,,,,,
19:25:28.808,19.723116371605826,0,12.268589695722229,12.268573,12.268573,12.268573,,,,,0.14049600722233727,24,
19:25:29.050,,,,,,,,2571,2.6,,,,
19:25:29.244,,,,,,,,,,,,,
19:25:29.254,,,,,,,,,,46,,,
19:25:29.503,19.725682537328645,0,12.273991385722228,12.273975,12.273975,12.273975,,,,,0.15027074452540687,28,
19:25:29.738,,,,,,,,2971,3,,,,
19:25:29.983,,,,,,,89,,,,,,
19:25:30.221,19.729295691397322,0,12.280175121055562,12.280159,12.280159,12.280159,,,,,0.16161523098104552,31,
19:25:30.459,,,,,,,,2866,2.9,,,,
19:25:30.700,19.732135775267906,0,12.284571924638895,12.284556,12.284556,12.284556,,,,,0.14103057854592732,33,
19:25:30.937,,,,,,,,2682,2.7,,,,
19:25:31.179,,,,,,,88,,,,,,
19:25:31.424,19.73738055483724,0,12.291800041638895,12.291784,12.291784,12.291784,,,,,0.1299790990224519,36,
19:25:31.660,,,,,,,,2625,2.6,,,,
19:25:31.895,19.74101367118187,0,12.296650599805561,12.296635,12.296635,12.296635,,,,,0.10655285267429597,37,
19:25:32.138,,,,,,,,2602,2.6,,,,
19:25:32.380,,,,,,,88,,,,,,
19:25:32.624,19.747266647971397,0,12.304540589055561,12.304525,12.304525,12.304525,,,,,0.0943108892318255,39,
19:25:32.860,,,,,,,,2171,2.2,,,,
19:25:33.105,19.751607596967578,0,12.309883925722227,12.309868,12.309868,12.309868,,,,,0.08246782590337634,40,
19:25:33.338,,,,,,,,1967,2,,,,
19:25:33.576,,,,,,,88,,,,,,
19:25:33.822,19.758081334687162,0,12.317856800166672,12.317841,12.317841,12.317841,,,,,0.047235327094641684,40,
19:25:34.057,,,,,,,,1797,1.8,,,,
19:25:34.300,19.762658609272385,0,12.323365905250006,12.32335,12.32335,12.32335,,,,,0.04712869612444475,41,
19:25:34.549,,,,,,,,1653,1.7,,,,
19:25:34.779,,,,,,,87,,,,,,
19:25:35.015,19.769362819463836,0,12.331439230055562,12.331423,12.331423,12.331423,,,,,0.02369252019206153,41,
19:25:35.261,,,,,,,,1594,1.6,,,,
19:25:35.497,19.773920526184,0,12.336930610611118,12.336914,12.336914,12.336914,,,,,0.01183978583829388,41,
19:25:35.744,,,,,,,,1594,1.6,,,,
19:25:35.979,,,,,,,87,,,,,,
19:25:36.216,19.780713856710445,0,12.345119974527785,12.345103,12.345103,12.345103,,,,,0.011832444209293042,41,
19:25:36.461,,,,,,,,1590,1.6,,,,
19:25:36.699,19.785488879312954,0,12.350754292027785,12.350737,12.350737,12.350737,,,,,0.011804973830674153,42,
19:25:36.943,,,,,,,,1584,1.6,,,,
19:25:37.176,,,,,,,87,,,,,,
19:25:37.418,19.792594864838108,0,12.359143529527785,12.359126,12.359126,12.359126,,,,,0.011786355474864613,42,
19:25:37.663,,,,,,,,1589,1.6,,,,
19:25:37.897,19.797324176052978,0,12.364729871361119,12.364712,12.364712,12.364712,,,,,0.011802926045936388,42,
19:25:38.136,,,,,,,,1572,1.6,,,,
19:25:38.388,,,,,,,87,,,,,,
19:25:38.621,19.80447562177838,0,12.373181800861119,12.373164,12.373164,12.373164,,,,,0.011776285627945639,42,
19:25:38.863,,,,,,,,1471,1.5,,,,
19:25:39.096,19.808950839655985,0,12.378591381861119,12.378574,12.378574,12.378574,,,,,-0.011815517162906885,41,
19:25:39.346,,,,,,,,1462,1.5,,,,
19:25:39.589,,,,,,,87,,,,,,
19:25:39.820,19.815760806272245,0,12.386827559805564,12.38681,12.38681,12.38681,,,,,-0.011795114789105663,41,
19:25:40.057,,,,,,,,1439,1.4,,,,
19:25:40.308,19.820417782445556,0,12.392462895916674,12.392445,12.392445,12.392445,,,,,-0.011747526530946083,41,
19:25:40.539,,,,,,,,1431,1.4,,,,
19:25:40.782,,,,,,,87,,,,,,
19:25:41.017,19.827027472603454,0,12.400465437638896,12.400448,12.400448,12.400448,,,,,-0.011823709339191014,41,
19:25:41.261,,,,,,,,1424,1.4,,,,
19:25:41.502,19.831586310257745,0,12.405987865444452,12.40597,12.40597,12.40597,,,,,0,41,
19:25:41.738,,,,,,,,1420,1.4,,,,
19:25:41.985,,,,,,,88,,,,,,
19:25:42.221,19.838340138011084,0,12.414173606555563,12.414156,12.414156,12.414156,,,,,0,41,
19:25:42.457,,,,,,,,1400,1.4,,,,
19:25:42.701,19.84264262138804,0,12.41951627322223,12.419499,12.419499,12.419499,,,,,-0.011834853815451503,40,
19:25:42.938,,,,,,,,1383,1.4,,,,
19:25:43.180,,,,,,,88,,,,,,
19:25:43.420,19.8490708838386,0,12.427502905444452,12.427486,12.427486,12.427486,,,,,-0.011789702178543329,40,
19:25:43.657,,,,,,,,1378,1.4,,,,
19:25:43.895,19.85309931724561,0,12.432640336444452,12.432623,12.432623,12.432623,,,,,-0.02367754180158444,39,
19:25:44.137,,,,,,,,1490,1.5,,,,
19:25:44.378,,,,,,,88,,,,,,
19:25:44.621,19.85862329463205,0,12.440107281777784,12.44009,12.44009,12.44009,,,,,-0.04720221011231575,37,
19:25:44.859,,,,,,,,1937,1.9,,,,
19:25:45.105,19.86187230012709,0,12.444812950111118,12.444796,12.444796,12.444796,,,,,-0.05892395841155517,35,
19:25:45.340,,,,,,,,1678,1.7,,,,
19:25:45.575,,,,,,,88,,,,,,
19:25:45.822,19.865409525956874,0,12.450983422611117,12.450966,12.450966,12.450966,,,,,-0.10613093509660274,31,
19:25:46.057,,,,,,,,0,0,,,,
19:25:46.299,19.867577702181663,0,12.45500696594445,12.45499,12.45499,12.45499,,,,,-0.10603968537151133,30,
19:25:46.540,,,,,,,,0,0,,,,
19:25:46.778,,,,,,,88,,,,,,
19:25:47.020,19.869845005482773,0,12.46038933494445,12.460372,12.460372,12.460372,,,,,-0.118068102101162,27,
19:25:47.258,,,,,,,,0,0,,,,
19:25:47.502,19.870948617432667,0,12.463762646750006,12.463745,12.463745,12.463745,,,,,-0.11818530819754897,25,
19:25:47.743,,,,,,,,0,0,,,,
19:25:47.982,,,,,,,88,,,,,,
19:25:48.220,19.87225203795316,0,12.468516143416672,12.468498,12.468498,12.468498,,,,,-0.0826662957697735,24,
19:25:48.462,,,,,,,,0,0,,,,
19:25:48.727,19.872953286839433,0,12.471752328388893,12.471734,12.471734,12.471734,,,,,-0.08165563344016562,23,
19:25:48.974,,,,,,,,0,0,,,,
19:25:49.242,,,,,,,88,,,,,,
19:25:49.476,19.87365882754189,0,12.476333503277782,12.476315,12.476315,12.476315,,,,,-0.05765907424692951,22,
19:25:49.722,,,,,,,,0,0,,,,
19:25:49.991,19.873687578635597,0,12.47919140605556,12.479173,12.479173,12.479173,,,,,-0.05689710587754934,20,
19:25:50.231,,,,,,,,0,0,,,,
19:25:50.501,,,,,,,88,,,,,,
19:25:50.743,19.872398590945465,0,12.482535640277783,12.482517,12.482517,12.482517,,,,,-0.08980675917249265,16,
19:25:50.979,,,,,,,,0,0,,,,
19:25:51.252,19.871078939202615,0,12.484512254777783,12.484494,12.484494,12.484494,,,,,-0.10096876319300516,14,
19:25:51.492,,,,,,,,0,0,,,,
19:25:51.763,,,,,,,87,,,,,,
19:25:51.999,19.8678222306796,0,12.486585772277783,12.486568,12.486568,12.486568,,,,,-0.13476254864635615,10,
19:25:52.240,,,,,,,,0,0,,,,
19:25:52.479,19.864872232299046,0,12.487388097777783,12.48737,12.48737,12.48737,,,,,-0.15940283075590517,6,
19:25:52.718,,,,,,,,0,0,,,,
19:25:52.961,,,,,,,87,,,,,,
19:25:53.202,19.85949211719152,0,12.487989900527783,12.487972,12.487972,12.487972,,,,,-0.14979161497037027,3,
19:25:53.441,,,,,,,,0,0,,,,
19:25:53.714,19.85522682174535,0,12.488132147083338,12.488114,12.488114,12.488114,,,,,-0.14955927765204383,1,
19:25:53.953,,,,,,,,0,0,,,,
19:25:54.222,,,,,,,86,,,,,,
19:25:54.460,19.848656979023804,,12.488132147083338,12.488114,12.488114,12.488114,,,,,-0.11507523509607648,0,
19:25:54.706,,,,,,,,0,0,,,,
19:25:54.940,19.844488475704935,,12.488132147083338,12.488114,12.488114,12.488114,,,,,-0.06906360592481466,0,
19:25:55.187,,,,,,,,0,0,,,,
19:25:55.422,,,,,,,86,,,,,,
19:25:55.663,19.83814877560698,,12.488132147083338,12.488114,12.488114,12.488114,,,,,-0.03452550484403476,0,
19:25:55.901,,,,,,,,0,0,,,,
19:25:56.171,19.833703314806318,,12.488132147083338,12.488114,12.488114,12.488114,,,,,-0.01152778294386448,0,
19:25:56.413,,,,,,,,0,0,,,,
19:25:56.678,,,,,,,86,,,,,,
19:25:56.922,19.82713137068183,,12.488132147083338,12.488114,12.488114,12.488114,,,,,0,0,
19:25:57.162,,,,,,,,0,0,,,,
19:25:57.430,19.8226939790503,,12.488132147083338,12.488114,12.488114,12.488114,,,,,0,0,
19:25:57.674,,,,,,,,0,0,,,,
19:25:57.944,,,,,,,86,,,,,,
19:25:58.184,19.816105996083394,,12.488132147083338,12.488114,12.488114,12.488114,,,,,0,0,
19:25:58.422,,,,,,,,0,0,,,,
19:25:58.692,19.81166933817357,,12.488132147083338,12.488114,12.488114,12.488114,,,,,0,0,
19:25:58.929,,,,,,,,0,0,,,,
19:25:59.203,,,,,,,85,,,,,,
19:25:59.439,19.80515424237412,,12.488132147083338,12.488114,12.488114,12.488114,,,,,0,0,
19:25:59.679,,,,,,,,0,0,,,,
19:25:59.924,19.800926436877095,,12.488132147083338,12.488114,12.488114,12.488114,,,,,0,0,
19:26:00.157,,,,,,,,0,0,,,,
19:26:00.401,,,,,,,85,,,,,,
19:26:00.642,19.79465864990677,,12.488132147083338,12.488114,12.488114,12.488114,,,,,0,0,
19:26:00.882,,,,,,,,0,0,,,,
19:26:01.149,19.790239237468704,,12.488132147083338,12.488114,12.488114,12.488114,,,,,0,0,
19:26:01.392,,,,,,,,0,0,,,,
19:26:01.663,,,,,,,85,,,,,,
19:26:01.900,19.78369796399543,,12.488132147083338,12.488114,12.488114,12.488114,,,,,0,0,
19:26:02.142,,,,,,,,0,0,,,,
19:26:02.411,19.779251558788367,,12.488132147083338,12.488114,12.488114,12.488114,,,,,0,0,
19:26:02.652,,,,,,,,0,0,,,,
19:26:02.923,,,,,,,85,,,,,,
19:26:03.162,19.773051868009667,0,12.488340655111115,12.488323,12.488323,12.488323,,,,,0.011241847998065286,1,
19:26:03.401,,,,,,,,0,0,,,,
19:26:03.673,19.769053220963215,0,12.488624911222226,12.488607,12.488607,12.488607,,,,,0.022442863802148133,2,
19:26:03.912,,,,,,,,0,0,,,,
19:26:04.183,,,,,,,84,,,,,,
19:26:04.420,19.76384713517819,0,12.489459433333337,12.489442,12.489442,12.489442,,,,,0.04495979057165407,4,
19:26:04.656,,,,,,,,0,0,,,,
19:26:04.900,19.760559239561925,0,12.48998675855556,12.489969,12.489969,12.489969,,,,,0.04553204206916655,4,
19:26:05.146,,,,,,,,0,0,,,,
19:26:05.382,,,,,,,84,,,,,,
19:26:05.623,19.75618033430749,0,12.491193965388893,12.491176,12.491176,12.491176,,,,,0.05753060815395106,6,
19:26:05.862,,,,,,,,0,0,,,,
19:26:06.131,19.75355892651697,0,12.492322087611116,12.492304,12.492304,12.492304,,,,,0.06915170864990425,8,
19:26:06.374,,,,,,,,0,0,,,,
19:26:06.643,,,,,,,83,,,,,,
19:26:06.880,19.75035135873315,0,12.494402519000005,12.494384,12.494384,12.494384,,,,,0.06908320390366456,10,
19:26:07.120,,,,,,,,0,0,,,,
19:26:07.362,19.74870739116584,0,12.496013112333339,12.495995,12.495995,12.495995,,,,,0.09200582123836733,12,
19:26:07.600,,,,,,,,0,0,,,,
19:26:07.842,,,,,,,83,,,,,,
19:26:08.081,19.74689744937874,0,12.498803033888894,12.498785,12.498785,12.498785,,,,,0.09221852548909798,14,
19:26:08.322,,,,,,,,0,0,,,,
19:26:08.593,19.74605553658328,0,12.501079087222227,12.501061,12.501061,12.501061,,,,,0.0920550944165102,16,
19:26:08.833,,,,,,,,0,0,,,,
19:26:09.102,,,,,,,83,,,,,,
19:26:09.343,19.74515174777158,0,12.504622458611115,12.504604,12.504604,12.504604,,,,,0.08051572472115913,17,
19:26:09.581,,,,,,,,0,0,,,,
19:26:09.851,19.744985649584716,0,12.507305211638892,12.507287,12.507287,12.507287,,,,,0.07966312666683169,19,
19:26:10.091,,,,,,,,0,0,,,,
19:26:10.362,,,,,,,83,,,,,,
19:26:10.600,19.74506929111242,0,12.511461797194448,12.511444,12.511444,12.511444,,,,,0.06747021796523223,20,
19:26:10.844,,,,,,,,1085,1.1,,,,
19:26:11.116,19.745353795043247,0,12.514479216611115,12.514461,12.514461,12.514461,,,,,0.056127444943959666,21,
19:26:11.361,,,,,,,,1537,1.5,,,,
19:26:11.589,,,,,,,83,,,,,,
19:26:11.828,19.746055697109114,0,12.518821357222226,12.518803,12.518803,12.518803,,,,,0.0569965712464285,22,
19:26:12.068,,,,,,,,1536,1.5,,,,
19:26:12.308,19.746740077184853,0,12.521888892138893,12.521871,12.521871,12.521871,,,,,0.04612039472161169,23,
19:26:12.550,,,,,,,,1534,1.5,,,,
19:26:12.789,,,,,,,83,,,,,,
19:26:13.027,19.748079299362793,0,12.52668239680556,12.526665,12.526665,12.526665,,,,,0.046673442011103176,24,
19:26:13.270,,,,,,,,1535,1.5,,,,
19:26:13.508,19.748974324574164,0,12.529887662138893,12.52987,12.52987,12.52987,,,,,0.03552693098457013,24,
19:26:13.750,,,,,,,,0,0,,,,
19:26:13.989,,,,,,,82,,,,,,
19:26:14.227,19.750628081585557,0,12.53488463505556,12.534867,12.534867,12.534867,,,,,0.03541389425389436,25,
19:26:14.483,,,,,,,,0,0,,,,
19:26:14.751,19.751830391219418,0,12.538519496861115,12.538502,12.538502,12.538502,,,,,0.023190648795262298,25,
19:26:14.979,,,,,,,,0,0,,,,
19:26:15.223,,,,,,,82,,,,,,
19:26:15.459,19.753455485356447,0,12.543435182277781,12.543418,12.543418,12.543418,,,,,0.011648727169268186,25,
19:26:15.700,,,,,,,,0,0,,,,
19:26:15.972,19.75463524354411,0,12.54700569616667,12.546989,12.546989,12.546989,,,,,0.01149400418586027,25,
19:26:16.211,,,,,,,,0,0,,,,
19:26:16.481,,,,,,,82,,,,,,
19:26:16.723,19.75635659372082,0,12.552218209361113,12.552202,12.552202,12.552202,,,,,0,25,
19:26:16.961,,,,,,,,0,0,,,,
19:26:17.231,19.757298790749072,0,12.555604499361113,12.555588,12.555588,12.555588,,,,,-0.011421682440299527,24,
19:26:17.470,,,,,,,,0,0,,,,
19:26:17.742,,,,,,,82,,,,,,
19:26:17.982,19.758364729379863,0,12.560410744833336,12.560394,12.560394,12.560394,,,,,-0.022448543019995496,23,
19:26:18.223,,,,,,,,0,0,,,,
19:26:18.491,19.758862180812145,0,12.56351500166667,12.563498,12.563498,12.563498,,,,,-0.03373511433967249,22,
19:26:18.733,,,,,,,,0,0,,,,
19:26:19.001,,,,,,,82,,,,,,
19:26:19.242,19.75894124897059,0,12.567686172222224,12.567669,12.567669,12.567669,,,,,-0.056220568252189185,20,
19:26:19.482,,,,,,,,0,0,,,,
19:26:19.752,19.758772133816553,0,12.570379668694446,12.570362,12.570362,12.570362,,,,,-0.05616867913018042,19,
19:26:19.989,,,,,,,,0,0,,,,
19:26:20.262,,,,,,,81,,,,,,
19:26:20.500,19.75787282252113,0,12.57390640652778,12.573889,12.573889,12.573889,,,,,-0.06751338861689057,17,
19:26:20.738,,,,,,,,0,0,,,,
19:26:20.983,19.75729067817952,0,12.576190569500001,12.576173,12.576173,12.576173,,,,,-0.05683343607765278,17,
19:26:21.216,,,,,,,,0,0,,,,
19:26:21.462,,,,,,,81,,,,,,
19:26:21.702,19.75611244269202,0,12.579385307277779,12.579368,12.579368,12.579368,,,,,-0.04606416487423485,16,
19:26:21.935,,,,,,,,0,0,,,,
19:26:22.210,19.755278941118917,0,12.581646523722224,12.581629,12.581629,12.581629,,,,,-0.03457005766852743,16,
19:26:22.451,,,,,,,,0,0,,,,
19:26:22.721,,,,,,,81,,,,,,
19:26:22.963,19.75404666282813,0,12.584991425944446,12.584974,12.584974,12.584974,,,,,-0.011499076276736657,16,
19:26:23.202,,,,,,,,0,0,,,,
19:26:23.472,19.753435492361202,0,12.587395419083336,12.587378,12.587378,12.587378,,,,,,17,
19:26:23.712,,,,,,,,0,0,,,,
19:26:23.978,,,,,,,82,,,,,,
19:26:24.223,19.752534778770123,0,12.590940254361113,12.590923,12.590923,12.590923,,,,,0.01123294863941234,17,
19:26:24.461,,,,,,,,0,0,,,,
19:26:24.705,19.752167081701007,0,12.593348065861113,12.593331,12.593331,12.593331,,,,,0.022712865164541976,18,
19:26:24.940,,,,,,,,0,0,,,,
19:26:25.181,,,,,,,82,,,,,,
19:26:25.422,19.751619255162872,0,12.596937304361113,12.59692,12.59692,12.59692,,,,,0.023036339143927137,18,
19:26:25.663,,,,,,,,0,0,,,,
19:26:25.930,19.75145320016766,0,12.599615028722225,12.599598,12.599598,12.599598,,,,,0.02305228884876422,19,
19:26:26.171,,,,,,,,0,0,,,,
19:26:26.443,,,,,,,82,,,,,,
19:26:26.683,19.75153475518575,0,12.603802706500002,12.603786,12.603786,12.603786,,,,,0.034542097593499375,20,
19:26:26.920,,,,,,,,0,0,,,,
19:26:27.194,19.75158998250884,0,12.606640074277779,12.606623,12.606623,12.606623,,,,,0.022756714950303788,20,
19:26:27.431,,,,,,,,0,0,,,,
19:26:27.703,,,,,,,82,,,,,,
19:26:27.944,19.751671094792002,0,12.610809599833335,12.610793,12.610793,12.610793,,,,,0.0224594470587893,20,
19:26:28.181,,,,,,,,0,0,,,,
19:26:28.452,19.751725869959206,0,12.613626823722223,12.61361,12.61361,12.61361,,,,,0.01123089632526871,20,
19:26:28.691,,,,,,,,0,0,,,,
19:26:28.961,,,,,,,83,,,,,,
19:26:29.205,19.75213509603322,0,12.618024770305556,12.618008,12.618008,12.618008,,,,,0.011233184293786587,21,
19:26:29.440,,,,,,,,0,0,,,,
19:26:29.680,19.75239196607467,0,12.620786822722224,12.62077,12.62077,12.62077,,,,,0.011396239586586815,21,
19:26:29.918,,,,,,,,0,0,,,,
19:26:30.160,,,,,,,83,,,,,,
19:26:30.403,19.75278451656719,0,12.625010007305557,12.624993,12.624993,12.624993,,,,,0.011521378339452687,21,
19:26:30.641,,,,,,,,0,0,,,,
19:26:30.912,19.75306030670812,0,12.627978636722224,12.627962,12.627962,12.627962,,,,,0.011513041786900545,21,
19:26:31.152,,,,,,,,0,0,,,,
19:26:31.421,,,,,,,83,,,,,,
19:26:31.661,19.753466102523014,0,12.632349047055557,12.632332,12.632332,12.632332,,,,,0,21,
19:26:31.901,,,,,,,,0,0,,,,
19:26:32.173,19.75374303314033,0,12.635333216472224,12.635316,12.635316,12.635316,,,,,0,21,
19:26:32.411,,,,,,,,0,0,,,,
19:26:32.684,,,,,,,83,,,,,,
19:26:32.921,19.754147925161746,0,12.639698669638891,12.639681,12.639681,12.639681,,,,,0,21,
19:26:33.161,,,,,,,,0,0,,,,
19:26:33.433,19.7542025261972,0,12.642541375194448,12.642524,12.642524,12.642524,,,,,-0.011236402477490364,20,
19:26:33.672,,,,,,,,0,0,,,,
19:26:33.941,,,,,,,83,,,,,,
19:26:34.183,19.754282543628026,0,12.64670962241667,12.646692,12.646692,12.646692,,,,,-0.011231901901116587,20,
19:26:34.421,,,,,,,,0,0,,,,
19:26:34.691,19.754336689014682,0,12.649531690194449,12.649514,12.649514,12.649514,,,,,-0.011247730232412736,20,
19:26:34.931,,,,,,,,0,0,,,,
19:26:35.201,,,,,,,83,,,,,,
19:26:35.443,19.754090824618693,0,12.653498465333337,12.653481,12.653481,12.653481,,,,,-0.022466910305229845,19,
19:26:35.682,,,,,,,,0,0,,,,
19:26:35.952,19.753924189262786,0,12.656188430444448,12.656171,12.656171,12.656171,,,,,-0.011242234839188594,19,
19:26:36.193,,,,,,,,0,0,,,,
19:26:36.461,,,,,,,83,,,,,,
19:26:36.700,19.753355699709104,0,12.659927594444449,12.65991,12.65991,12.65991,,,,,-0.022506632784358743,18,
19:26:36.942,,,,,,,,0,0,,,,
19:26:37.212,19.75252290726267,0,12.662203340222227,12.662186,12.662186,12.662186,,,,,-0.044940534441152924,16,
19:26:37.451,,,,,,,,0,0,,,,
19:26:37.721,,,,,,,83,,,,,,
19:26:37.963,19.750000713243477,0,12.66470682355556,12.664689,12.664689,12.664689,,,,,-0.07866444419032834,12,
19:26:38.203,,,,,,,,0,0,,,,
19:26:38.471,19.747419039959073,0,12.665834220444449,12.665816,12.665816,12.665816,,,,,-0.12373234351367825,8,
19:26:38.712,,,,,,,,0,0,,,,
19:26:38.982,,,,,,,83,,,,,,
19:26:39.220,19.742636098426512,0,12.66687465169445,12.666856,12.666856,12.666856,,,,,-0.14615065968930788,5,
19:26:39.461,,,,,,,,0,0,,,,
19:26:39.732,19.739363311382025,0,12.667586968777783,12.667568,12.667568,12.667568,,,,,-0.1236580262399204,5,
19:26:39.971,,,,,,,,0,0,,,,
19:26:40.243,,,,,,,83,,,,,,
19:26:40.482,19.7349058160648,0,12.668836586611116,12.668818,12.668818,12.668818,,,,,,6,
19:26:40.721,,,,,,,,0,0,,,,
19:26:40.990,19.73210920109388,0,12.669823620444449,12.669805,12.669805,12.669805,,,,,,7,
19:26:41.230,,,,,,,,0,0,,,,
19:26:41.502,,,,,,,83,,,,,,
19:26:41.743,19.728290933880135,0,12.67149593755556,12.671477,12.671477,12.671477,,,,,0.03368251517859001,8,
19:26:41.981,,,,,,,,0,0,,,,
19:26:42.283,19.726019486044958,0,12.672995988666672,12.672977,12.672977,12.672977,,,,,0.05552619759919322,10,
19:26:42.522,,,,,,,,0,0,,,,
19:26:42.792,,,,,,,83,,,,,,
19:26:43.034,19.723836203603593,0,12.675707903138894,12.675689,12.675689,12.675689,,,,,0.07769808101957308,13,
19:26:43.271,,,,,,,,1630,1.6,,,,
19:26:43.536,19.723245395999225,0,12.67807812530556,12.678059,12.678059,12.678059,,,,,0.1112546185564883,17,
19:26:43.778,,,,,,,,1814,1.8,,,,
19:26:44.016,,,,,,,83,,,,,,
19:26:44.268,19.72396562196895,0,12.682553070138894,12.682534,12.682534,12.682534,,,,,0.15700682134280572,22,
19:26:44.497,,,,,,,,2479,2.5,,,,
19:26:44.744,19.72546075499164,0,12.686121281388894,12.686102,12.686102,12.686102,,,,,0.19562642142145079,27,
19:26:44.987,,,,,,,,2808,2.8,,,,
19:26:45.220,,,,,,,85,,,,,,
19:26:45.463,19.729269255697293,0,12.69250884583334,12.69249,12.69249,12.69249,,,,,0.22155986485895224,32,
19:26:45.701,,,,,,,,2672,2.7,,,,
19:26:45.941,19.732035998177686,0,12.69693590033334,12.696917,12.696917,12.696917,,,,,0.18840571093360076,33,
19:26:46.182,,,,,,,,1736,1.7,,,,
19:26:46.416,,,,,,,85,,,,,,
19:26:46.661,19.73520998326232,0,12.702904921166674,12.702886,12.702886,12.702886,,,,,,30,
19:26:46.897,,,,,,,,1415,1.4,,,,
19:26:47.139,19.736499422641593,0,12.706350153000008,12.706331,12.706331,12.706331,,,,,,26,
19:26:47.390,,,,,,,,1382,1.4,,,,
19:26:47.617,,,,,,,85,,,,,,
19:26:47.863,19.73626876703811,0,12.710182209694452,12.710163,12.710163,12.710163,,,,,-0.15339532841073933,19,
19:26:48.102,,,,,,,,1380,1.4,,,,
19:26:48.340,19.7350938931746,0,12.712029203638895,12.71201,12.71201,12.71201,,,,,-0.22438883313719024,14,
19:26:48.580,,,,,,,,1382,1.4,,,,
19:26:48.818,,,,,,,85,,,,,,
19:26:49.059,19.731458397007053,0,12.713626102305563,12.713607,12.713607,12.713607,,,,,-0.25990820209569737,8,
19:26:49.308,,,,,,,,1383,1.4,,,,
19:26:49.546,19.727916746000552,0,12.714035358638895,12.714016,12.714016,12.714016,,,,,-0.27061239831877354,3,
19:26:49.781,,,,,,,,1371,1.4,,,,
19:26:50.018,,,,,,,86,,,,,,
19:26:50.259,19.721886264858863,,12.714035358638895,12.714016,12.714016,12.714016,,,,,-0.2246290520391353,0,
19:26:50.504,,,,,,,,1383,1.4,,,,
19:26:50.737,19.717826593290706,,12.714035358638895,12.714016,12.714016,12.714016,,,,,-0.1654414770549491,0,
19:26:50.977,,,,,,,,1386,1.4,,,,
19:26:51.227,,,,,,,86,,,,,,
19:26:51.457,19.71170758692321,,12.714035358638895,12.714016,12.714016,12.714016,,,,,-0.09445964352347046,0,
19:26:51.702,,,,,,,,1385,1.4,,,,
19:26:51.940,19.70761639263326,,12.714035358638895,12.714016,12.714016,12.714016,,,,,-0.03550814728494921,0,
19:26:52.178,,,,,,,,1388,1.4,,,,
19:26:52.422,,,,,,,86,,,,,,
19:26:52.656,19.701535897652953,,12.714035358638895,12.714016,12.714016,12.714016,,,,,0,0,
19:26:52.899,,,,,,,,1386,1.4,,,,
19:26:53.139,19.697651458525062,0,12.714169426472228,12.71415,12.71415,12.71415,,,,,0.011792200935283811,1,
19:26:53.385,,,,,,,,1385,1.4,,,,
19:26:53.619,,,,,,,86,,,,,,
19:26:53.858,19.692486399077854,0,12.714768595138896,12.714749,12.714749,12.714749,,,,,0.03539994683593412,3,
19:26:54.100,,,,,,,,1380,1.4,,,,
19:26:54.348,19.68917947644244,0,12.715312962027784,12.715293,12.715293,12.715293,,,,,0.04704509844247991,4,
19:26:54.578,,,,,,,,1387,1.4,,,,
19:26:54.819,,,,,,,87,,,,,,
19:26:55.060,19.684679018415835,0,12.716302566611118,12.716283,12.716283,12.716283,,,,,0.05891038497246076,5,
19:26:55.308,,,,,,,,1386,1.4,,,,
19:26:55.543,19.681422082913766,0,12.716839247611118,12.71682,12.71682,12.71682,,,,,,4,
19:26:55.780,,,,,,,,1385,1.4,,,,
19:26:56.016,,,,,,,87,,,,,,
19:26:56.267,19.675925734112788,0,12.717241079888895,12.717222,12.717222,12.717222,,,,,,2,
19:26:56.496,,,,,,,,1396,1.4,,,,
19:26:56.742,19.67210864959988,0,12.717373208277785,12.717354,12.717354,12.717354,,,,,-0.03549037948541836,1,
19:26:56.979,,,,,,,,1382,1.4,,,,
19:26:57.220,,,,,,,87,,,,,,
19:26:57.462,19.666647489215226,0,12.717772883555563,12.717754,12.717754,12.717754,,,,,,2,
19:26:57.699,,,,,,,,1383,1.4,,,,
19:26:57.940,19.662988675349244,0,12.718040792277785,12.718022,12.718022,12.718022,,,,,,2,
19:26:58.179,,,,,,,,1385,1.4,,,,
19:26:58.418,,,,,,,88,,,,,,
19:26:58.665,19.658143327137417,0,12.718841391944451,12.718823,12.718823,12.718823,,,,,,4,
19:26:58.898,,,,,,,,1394,1.4,,,,
19:26:59.137,19.655372051352494,0,12.719629221944452,12.719611,12.719611,12.719611,,,,,0.05913341367520652,6,
19:26:59.385,,,,,,,,1382,1.4,,,,
19:26:59.621,,,,,,,88,,,,,,
19:26:59.861,19.65205309202148,0,12.721443919694451,12.721426,12.721426,12.721426,,,,,0.08265887261030383,9,
19:27:00.099,,,,,,,,1385,1.4,,,,
19:27:00.339,19.6502861599268,0,12.722898409055562,12.72288,12.72288,12.72288,,,,,0.10624626997625551,11,
19:27:00.580,,,,,,,,1384,1.4,,,,
19:27:00.818,,,,,,,88,,,,,,
19:27:01.059,19.64790508834842,0,12.725317367388895,12.725299,12.725299,12.725299,,,,,0.09463543110242305,12,
19:27:01.306,,,,,,,,1385,1.4,,,,
19:27:01.538,19.646557218933935,0,12.727024812666672,12.727006,12.727006,12.727006,,,,,0.08260209201015865,13,
19:27:01.784,,,,,,,,1388,1.4,,,,
19:27:02.027,,,,,,,89,,,,,,
19:27:02.260,19.644809206273735,0,12.729833243777783,12.729814,12.729814,12.729814,,,,,0.05902767853030442,14,
19:27:02.503,,,,,,,,1387,1.4,,,,
19:27:02.736,19.643860794420053,0,12.731818350861117,12.731799,12.731799,12.731799,,,,,0.04726501814438572,15,
19:27:02.982,,,,,,,,1385,1.4,,,,
19:27:03.219,,,,,,,89,,,,,,
19:27:03.456,19.642737340772467,0,12.735016589527783,12.734997,12.734997,12.734997,,,,,0.04727211933562577,16,
19:27:03.703,,,,,,,,1386,1.4,,,,
19:27:03.940,19.641981415318504,0,12.737169662416672,12.73715,12.73715,12.73715,,,,,0.03536818794204081,16,
19:27:04.211,,,,,,,,1385,1.4,,,,
19:27:04.455,,,,,,,89,,,,,,
19:27:04.687,19.64081636557188,0,12.740489778861116,12.74047,12.74047,12.74047,,,,,0.023337715063922293,16,
19:27:04.926,,,,,,,,1593,1.6,,,,
19:27:05.172,19.639854018052628,0,12.742507891777782,12.742488,12.742488,12.742488,,,,,0,15,
19:27:05.408,,,,,,,,1435,1.4,,,,
19:27:05.647,,,,,,,89,,,,,,
19:27:05.898,19.637788832505198,0,12.74513208405556,12.745112,12.745112,12.745112,,,,,-0.034790621752668595,13,
19:27:06.127,,,,,,,,1383,1.4,,,,
19:27:06.366,19.63626054627625,0,12.746690764055561,12.746671,12.746671,12.746671,,,,,-0.046709448533021794,12,
19:27:06.610,,,,,,,,1381,1.4,,,,
19:27:06.846,,,,,,,89,,,,,,
19:27:07.092,19.633269156424852,0,12.748706520166673,12.748687,12.748687,12.748687,,,,,-0.07068586120711316,10,
19:27:07.329,,,,,,,,1384,1.4,,,,
19:27:07.568,19.631073886294214,0,12.749913296666673,12.749894,12.749894,12.749894,,,,,-0.07091459646751534,9,
19:27:07.819,,,,,,,,1386,1.4,,,,
19:27:08.047,,,,,,,89,,,,,,
19:27:08.292,19.62689202552213,0,12.751109175500007,12.75109,12.75109,12.75109,,,,,-0.08284202108483868,6,
19:27:08.528,,,,,,,,1383,1.4,,,,
19:27:08.768,19.6241191252879,0,12.75190254133334,12.751883,12.751883,12.751883,,,,,-0.07075661965134591,6,
19:27:09.010,,,,,,,,1384,1.4,,,,
19:27:09.247,,,,,,,89,,,,,,
19:27:09.489,19.61988866392063,0,12.75311355833334,12.753094,12.753094,12.753094,,,,,-0.04726522714647551,6,
19:27:09.729,,,,,,,,1385,1.4,,,,
19:27:09.967,19.61733863451137,0,12.754033150277785,12.754014,12.754014,12.754014,,,,,,7,
19:27:10.214,,,,,,,,1385,1.4,,,,
19:27:10.448,,,,,,,89,,,,,,
19:27:10.686,19.61408006097704,0,12.755829517527784,12.75581,12.75581,12.75581,,,,,0.03549285650801205,9,
19:27:10.930,,,,,,,,1387,1.4,,,,
19:27:11.197,19.612200317987693,0,12.757390930555562,12.757371,12.757371,12.757371,,,,,0.05830464912438823,11,
19:27:11.439,,,,,,,,1385,1.4,,,,
19:27:11.682,,,,,,,89,,,,,,
19:27:11.918,19.60985615464059,0,12.759795449555563,12.759776,12.759776,12.759776,,,,,0.06995154308427441,12,
19:27:12.157,,,,,,,,1385,1.4,,,,
19:27:12.406,19.60848143577582,0,12.761555093805564,12.761536,12.761536,12.761536,,,,,0.06970490834226648,13,
19:27:12.641,,,,,,,,1386,1.4,,,,
19:27:12.907,,,,,,,89,,,,,,
19:27:13.149,19.6060666836586,0,12.764034532138897,12.764015,12.764015,12.764015,,,,,,12,
19:27:13.387,,,,,,,,1489,1.5,,,,
19:27:13.631,19.604085851901047,0,12.765377263250008,12.765358,12.765358,12.765358,,,,,,10,
19:27:13.868,,,,,,,,1408,1.4,,,,
19:27:14.108,,,,,,,89,,,,,,
19:27:14.352,19.600835594899618,0,12.767174094000007,12.767155,12.767155,12.767155,,,,,-0.03492321661876225,9,
19:27:14.586,,,,,,,,1385,1.4,,,,
19:27:14.829,19.598476139231774,0,12.768234131111118,12.768215,12.768215,12.768215,,,,,-0.058451549812264664,8,
19:27:15.071,,,,,,,,1382,1.4,,,,
19:27:15.306,,,,,,,89,,,,,,
19:27:15.552,19.59458672680615,0,12.769642468305562,12.769623,12.769623,12.769623,,,,,-0.058957887483492594,7,
19:27:15.788,,,,,,,,1385,1.4,,,,
19:27:16.028,19.5920380919696,0,12.77056578833334,12.770546,12.770546,12.770546,,,,,-0.03545209561691987,7,
19:27:16.270,,,,,,,,1384,1.4,,,,
19:27:16.509,,,,,,,89,,,,,,
19:27:16.757,19.588128366381536,0,12.771982931333339,12.771963,12.771963,12.771963,,,,,-0.02355576288958794,7,
19:27:16.990,,,,,,,,1384,1.4,,,,
19:27:17.231,19.585584952389897,0,12.772905305388894,12.772885,12.772885,12.772885,,,,,-0.01179091584029847,7,
19:27:17.473,,,,,,,,1386,1.4,,,,
19:27:17.748,,,,,,,89,,,,,,
19:27:17.978,19.581264699474055,0,12.774150030222227,12.77413,12.77413,12.77413,,,,,-0.011675171659596074,6,
19:27:18.224,,,,,,,,1385,1.4,,,,
19:27:18.467,19.578190867977046,0,12.774837791472226,12.774818,12.774818,12.774818,,,,,-0.023224715296163514,5,
19:27:18.698,,,,,,,,1386,1.4,,,,
19:27:18.943,,,,,,,89,,,,,,
19:27:19.178,19.573814681298952,0,12.775817451611115,12.775798,12.775798,12.775798,,,,,-0.023392798155774983,5,
19:27:19.417,,,,,,,,1425,1.4,,,,
19:27:19.661,19.570410720195817,0,12.776219692111114,12.7762,12.7762,12.7762,,,,,-0.04662482629318238,3,
19:27:19.896,,,,,,,,1388,1.4,,,,
19:27:20.144,,,,,,,89,,,,,,
19:27:20.379,19.56504744335726,0,12.776618361888891,12.776599,12.776599,12.776599,,,,,-0.04719267857927223,2,
19:27:20.619,,,,,,,,1424,1.4,,,,
19:27:20.870,19.561542260826666,0,12.777032997055558,12.777014,12.777014,12.777014,,,,,,3,
19:27:21.099,,,,,,,,1542,1.5,,,,
19:27:21.343,,,,,,,89,,,,,,
19:27:21.581,19.556881404352158,0,12.777815759722225,12.777797,12.777797,12.777797,,,,,,4,
19:27:21.819,,,,,,,,1522,1.5,,,,
19:27:22.058,19.554101280480193,0,12.778619844222225,12.778601,12.778601,12.778601,,,,,,6,
19:27:22.299,,,,,,,,0,0,,,,
19:27:22.537,,,,,,,89,,,,,,
19:27:22.781,19.55057700247578,0,12.780214998000003,12.780196,12.780196,12.780196,,,,,0.07074522411268107,8,
19:27:23.021,,,,,,,,0,0,,,,
19:27:23.256,19.54844759190063,0,12.781402657500003,12.781384,12.781384,12.781384,,,,,0.07124186072606942,9,
19:27:23.497,,,,,,,,0,0,,,,
19:27:23.739,,,,,,,89,,,,,,
19:27:23.981,19.5458166684586,0,12.78361684077778,12.783598,12.783598,12.783598,,,,,0.0826165578172484,11,
19:27:24.218,,,,,,,,0,0,,,,
19:27:24.494,19.54395098278541,0,12.785187826861113,12.785169,12.785169,12.785169,,,,,0.058127597457854334,11,
19:27:24.733,,,,,,,,0,0,,,,
19:27:25.000,,,,,,,89,,,,,,
19:27:25.243,19.54155325473011,0,12.78768365752778,12.787665,12.787665,12.787665,,,,,0.04601858505620048,12,
19:27:25.483,,,,,,,,0,0,,,,
19:27:25.752,19.539493590897326,0,12.789096532805557,12.789078,12.789078,12.789078,,,,,,10,
19:27:25.991,,,,,,,,0,0,,,,
19:27:26.260,,,,,,,88,,,,,,
19:27:26.494,19.53586080719196,0,12.790745477472223,12.790727,12.790727,12.790727,,,,,,8,
19:27:26.736,,,,,,,,0,0,,,,
19:27:27.012,19.53310604921759,0,12.791752840666668,12.791734,12.791734,12.791734,,,,,-0.04499763753926489,7,
19:27:27.255,,,,,,,,0,0,,,,
19:27:27.522,,,,,,,88,,,,,,
19:27:27.761,19.529122957230364,0,12.793210165805556,12.793191,12.793191,12.793191,,,,,-0.056242673399804745,7,
19:27:28.003,,,,,,,,0,0,,,,
19:27:28.273,19.526837390758963,0,12.794490240305556,12.794471,12.794471,12.794471,,,,,,9,
19:27:28.512,,,,,,,,0,0,,,,
19:27:28.782,,,,,,,87,,,,,,
19:27:29.027,19.523794298924106,0,12.796583851972223,12.796565,12.796565,12.796565,,,,,,10,
19:27:29.258,,,,,,,,0,0,,,,
19:27:29.497,19.522295974112502,0,12.798150482638889,12.798132,12.798132,12.798132,,,,,0.05698741826433713,12,
19:27:29.742,,,,,,,,0,0,,,,
19:27:29.981,,,,,,,87,,,,,,
19:27:30.217,19.520612070702875,0,12.800949942861111,12.800931,12.800931,12.800931,,,,,0.08074708631901849,14,
19:27:30.462,,,,,,,,0,0,,,,
19:27:30.732,19.51962308070496,0,12.803102376194444,12.803083,12.803083,12.803083,,,,,0.0691057830121811,15,
19:27:30.971,,,,,,,,0,0,,,,
19:27:31.243,,,,,,,86,,,,,,
19:27:31.513,19.518791827722275,0,12.806782256166667,12.806763,12.806763,12.806763,,,,,0.0797672232200761,17,
19:27:31.748,,,,,,,,0,0,,,,
19:27:31.991,19.51848355698808,0,12.809179884166667,12.809161,12.809161,12.809161,,,,,0.06815297356901204,18,
19:27:32.228,,,,,,,,0,0,,,,
19:27:32.472,,,,,,,86,,,,,,
19:27:32.713,19.518630428814053,0,12.813184539166667,12.813166,12.813166,12.813166,,,,,0.06808456395564268,20,
19:27:32.953,,,,,,,,0,0,,,,
19:27:33.221,19.5189488498468,0,12.816148406249999,12.81613,12.81613,12.81613,,,,,0.06829444034348967,21,
19:27:33.462,,,,,,,,0,0,,,,
19:27:33.730,,,,,,,86,,,,,,
19:27:33.969,19.52004946048822,0,12.820924684,12.820906,12.820906,12.820906,,,,,0.06921238581990391,23,
19:27:34.211,,,,,,,,0,0,,,,
19:27:34.483,19.520807045936138,0,12.824214104388888,12.824195,12.824195,12.824195,,,,,0.05683809813396219,23,
19:27:34.720,,,,,,,,0,0,,,,
19:27:34.989,,,,,,,85,,,,,,
19:27:35.234,19.52222630044433,0,12.829211484388889,12.829192,12.829192,12.829192,,,,,0.044948316582182776,24,
19:27:35.470,,,,,,,,0,0,,,,
19:27:35.709,19.523135278503013,0,12.832413779055555,12.832394,12.832394,12.832394,,,,,0.034149686166056105,24,
19:27:35.950,,,,,,,,0,0,,,,
19:27:36.193,,,,,,,85,,,,,,
19:27:36.431,19.524796566176008,0,12.837399676972222,12.83738,12.83738,12.83738,,,,,0.023002382717017746,25,
19:27:36.673,,,,,,,,0,0,,,,
19:27:36.940,19.525758289226356,0,12.84079149363889,12.840772,12.840772,12.840772,,,,,,24,
19:27:37.179,,,,,,,,0,0,,,,
19:27:37.450,,,,,,,85,,,,,,
19:27:37.693,19.52654423054282,0,12.845388684527778,12.845369,12.845369,12.845369,,,,,,22,
19:27:37.933,,,,,,,,0,0,,,,
19:27:38.202,19.526861236218664,0,12.848361476611112,12.848342,12.848342,12.848342,,,,,-0.034089591148639097,21,
19:27:38.439,,,,,,,,0,0,,,,
19:27:38.712,,,,,,,85,,,,,,
19:27:38.950,19.52701055656387,0,12.852515919944445,12.852496,12.852496,12.852496,,,,,-0.056236860211897534,20,
19:27:39.193,,,,,,,,0,0,,,,
19:27:39.462,19.527112794667932,0,12.855361937722222,12.855342,12.855342,12.855342,,,,,-0.044926481714456123,20,
19:27:39.702,,,,,,,,0,0,,,,
19:27:39.971,,,,,,,84,,,,,,
19:27:40.209,19.52694683892791,0,12.859301294805555,12.859281,12.859281,12.859281,,,,,-0.03376687540330122,19,
19:27:40.454,,,,,,,,0,0,,,,
19:27:40.698,19.52683677230661,0,12.86191535861111,12.861895,12.861895,12.861895,,,,,-0.022694862834468393,19,
19:27:40.930,,,,,,,,0,0,,,,
19:27:41.173,,,,,,,84,,,,,,
19:27:41.410,19.526679826720976,0,12.865644679666666,12.865624,12.865624,12.865624,,,,,-0.011511558095399615,19,
19:27:41.652,,,,,,,,0,0,,,,
19:27:41.921,19.526566541808364,0,12.868337922805555,12.868317,12.868317,12.868317,,,,,-0.011520826785851476,19,
19:27:42.160,,,,,,,,0,0,,,,
19:27:42.433,,,,,,,83,,,,,,
19:27:42.671,19.526080880395398,0,12.872112993805555,12.872092,12.872092,12.872092,,,,,-0.011503972030135099,18,
19:27:42.910,,,,,,,,0,0,,,,
19:27:43.156,19.525569041386323,0,12.874384206555554,12.874363,12.874363,12.874363,,,,,-0.023053285090131628,17,
19:27:43.392,,,,,,,,0,0,,,,
19:27:43.632,,,,,,,83,,,,,,
19:27:43.870,19.52420930059247,0,12.877356744888887,12.877336,12.877336,12.877336,,,,,-0.04606165734200251,15,
19:27:44.113,,,,,,,,0,0,,,,
19:27:44.383,19.522801363725613,0,12.879207485916664,12.879187,12.879187,12.879187,,,,,-0.06903517901355316,13,
19:27:44.623,,,,,,,,0,0,,,,
19:27:44.892,,,,,,,83,,,,,,
19:27:45.133,19.519793899799055,0,12.881291592305553,12.881271,12.881271,12.881271,,,,,-0.09205163164771876,10,
19:27:45.373,,,,,,,,0,0,,,,
19:27:45.643,19.517108872908025,0,12.882282485472219,12.882262,12.882262,12.882262,,,,,-0.1138987585031581,7,
19:27:45.881,,,,,,,,0,0,,,,
19:27:46.151,,,,,,,83,,,,,,
19:27:46.390,19.51285675451078,0,12.883528682638886,12.883508,12.883508,12.883508,,,,,-0.10116176873494981,6,
19:27:46.635,,,,,,,,0,0,,,,
19:27:46.902,19.50994622225231,0,12.884382144305553,12.884361,12.884361,12.884361,,,,,-0.07868951937887803,6,
19:27:47.143,,,,,,,,0,0,,,,
19:27:47.412,,,,,,,83,,,,,,
19:27:47.652,19.506001543053774,0,12.885840282805553,12.885819,12.885819,12.885819,,,,,,7,
19:27:47.893,,,,,,,,0,0,,,,
19:27:48.162,19.503537999476638,0,12.886972066138886,12.886951,12.886951,12.886951,,,,,,8,
19:27:48.400,,,,,,,,0,0,,,,
19:27:48.672,,,,,,,83,,,,,,
19:27:48.911,19.500857917890865,0,12.889263542749998,12.889242,12.889242,12.889242,,,,,0.05617405266965595,11,
19:27:49.153,,,,,,,,0,0,,,,
19:27:49.424,19.499243182839137,0,12.890971352416663,12.89095,12.89095,12.89095,,,,,0.06740446264901792,12,
19:27:49.662,,,,,,,,1534,1.5,,,,
19:27:49.927,,,,,,,83,,,,,,
19:27:50.168,19.49752467683109,0,12.893864561305552,12.893843,12.893843,12.893843,,,,,0.07880511467108953,14,
19:27:50.407,,,,,,,,1535,1.5,,,,
19:27:50.660,19.495958598205334,0,12.895522510638886,12.895501,12.895501,12.895501,,,,,,12,
19:27:50.886,,,,,,,,1534,1.5,,,,
19:27:51.128,,,,,,,83,,,,,,
19:27:51.371,19.492260592583673,0,12.896893136499997,12.896872,12.896872,12.896872,,,,,,7,
19:27:51.607,,,,,,,,1535,1.5,,,,
19:27:51.853,19.489326506554583,0,12.897563048166663,12.897542,12.897542,12.897542,,,,,-0.08162166340287544,5,
19:27:52.088,,,,,,,,1264,1.3,,,,
19:27:52.332,,,,,,,82,,,,,,
19:27:52.572,19.485558430437727,0,12.898961091277775,12.89894,12.89894,12.89894,,,,,,7,
19:27:52.806,,,,,,,,0,0,,,,
19:27:53.054,19.48343754204124,0,12.900166400527775,12.900145,12.900145,12.900145,,,,,,9,
19:27:53.289,,,,,,,,0,0,,,,
19:27:53.531,,,,,,,82,,,,,,
19:27:53.771,19.48058535552944,0,12.902158323305553,12.902137,12.902137,12.902137,,,,,,10,
19:27:54.008,,,,,,,,0,0,,,,
19:27:54.247,19.47909386634577,0,12.90374326297222,12.903722,12.903722,12.903722,,,,,0.08283302294618355,12,
19:27:54.492,,,,,,,,0,0,,,,
19:27:54.733,,,,,,,82,,,,,,
19:27:54.968,19.477434594679558,0,12.906552674083331,12.906531,12.906531,12.906531,,,,,0.08273772128456729,14,
19:27:55.213,,,,,,,,0,0,,,,
19:27:55.480,19.476474455865876,0,12.908684578249998,12.908663,12.908663,12.908663,,,,,0.07005349585004579,15,
19:27:55.723,,,,,,,,0,0,,,,
19:27:55.993,,,,,,,82,,,,,,
19:27:56.231,19.47569413670057,0,12.912235947666664,12.912214,12.912214,12.912214,,,,,0.08059581319932796,17,
19:27:56.473,,,,,,,,0,0,,,,
19:27:56.741,19.475379473156412,0,12.914781158166663,12.914759,12.914759,12.914759,,,,,0.06812857104608146,18,
19:27:56.982,,,,,,,,0,0,,,,
19:27:57.253,,,,,,,81,,,,,,
19:27:57.487,19.475230028285647,0,12.91874331683333,12.918721,12.918721,12.918721,,,,,0.056228367034081704,19,
19:27:57.730,,,,,,,,0,0,,,,
19:27:57.967,19.475334279058266,0,12.921379431277774,12.921357,12.921357,12.921357,,,,,0.056950457851275414,20,
19:27:58.204,,,,,,,,0,0,,,,
19:27:58.451,,,,,,,81,,,,,,
19:27:58.692,19.47579710176721,0,12.925610159527775,12.925588,12.925588,12.925588,,,,,0.04605071092021881,21,
19:27:58.931,,,,,,,,0,0,,,,
19:27:59.202,19.47633650882466,0,12.928730943249997,12.928709,12.928709,12.928709,,,,,0.04603630522226732,22,
19:27:59.441,,,,,,,,0,0,,,,
19:27:59.711,,,,,,,81,,,,,,
19:27:59.952,19.477441718639852,0,12.933521246527775,12.933499,12.933499,12.933499,,,,,0.04596528813509217,23,
19:28:00.189,,,,,,,,0,0,,,,
19:28:00.462,19.47840569496654,0,12.936918835861109,12.936897,12.936897,12.936897,,,,,0.04541321275895873,24,
19:28:00.704,,,,,,,,0,0,,,,
19:28:00.973,,,,,,,81,,,,,,
19:28:01.213,19.480140227116614,0,12.942136447666664,12.942115,12.942115,12.942115,,,,,0.04493504844817197,25,
19:28:01.452,,,,,,,,0,0,,,,
19:28:01.721,19.481311708176957,0,12.945662212249998,12.945641,12.945641,12.945641,,,,,0.03374170346753338,25,
19:28:01.963,,,,,,,,0,0,,,,
19:28:02.231,,,,,,,82,,,,,,
19:28:02.472,19.483041891786684,0,12.950872222666664,12.950851,12.950851,12.950851,,,,,0.022485526326995485,25,
19:28:02.707,,,,,,,,0,0,,,,
19:28:02.947,19.48413773560849,0,12.954173769888886,12.954153,12.954153,12.954153,,,,,0.011397698285209057,25,
19:28:03.191,,,,,,,,0,0,,,,
19:28:03.431,,,,,,,82,,,,,,
19:28:03.669,19.485499688388874,0,12.958987615222219,12.958967,12.958967,12.958967,,,,,-0.011535505215736179,24,
19:28:03.911,,,,,,,,0,0,,,,
19:28:04.181,19.486252198542633,0,12.96226350394444,12.962243,12.962243,12.962243,,,,,-0.02302333420331407,23,
19:28:04.420,,,,,,,,0,0,,,,
19:28:04.693,,,,,,,82,,,,,,
19:28:04.933,19.487040352947943,0,12.96685338044444,12.966833,12.966833,12.966833,,,,,-0.034530850170145906,22,
19:28:05.172,,,,,,,,0,0,,,,
19:28:05.443,19.48757539904276,0,12.969970902666663,12.969951,12.969951,12.969951,,,,,-0.034050856758224855,22,
19:28:05.682,,,,,,,,0,0,,,,
19:28:05.951,,,,,,,82,,,,,,
19:28:06.192,19.488361322113075,0,12.974552603722218,12.974533,12.974533,12.974533,,,,,-0.022447703317878685,22,
19:28:06.430,,,,,,,,0,0,,,,
19:28:06.702,19.488682822907734,0,12.977526753222218,12.977507,12.977507,12.977507,,,,,-0.02247382038755914,21,
19:28:06.941,,,,,,,,0,0,,,,
19:28:07.213,,,,,,,83,,,,,,
19:28:07.450,19.48915808313397,0,12.981925623805552,12.981906,12.981906,12.981906,,,,,-0.01124992408576528,21,
19:28:07.693,,,,,,,,0,0,,,,
19:28:07.931,19.489456667849055,0,12.984690652972219,12.984671,12.984671,12.984671,,,,,-0.011384102997183905,21,
19:28:08.168,,,,,,,,0,0,,,,
19:28:08.410,,,,,,,83,,,,,,
19:28:08.651,19.489610122705386,0,12.988696925194441,12.988677,12.988677,12.988677,,,,,-0.02303877493129797,20,
19:28:08.893,,,,,,,,0,0,,,,
19:28:09.163,19.489718934717054,0,12.99153915908333,12.991519,12.991519,12.991519,,,,,-0.01151088539001836,20,
19:28:09.402,,,,,,,,0,0,,,,
19:28:09.673,,,,,,,83,,,,,,
19:28:09.910,19.48987768173476,0,12.995687899638884,12.995668,12.995668,12.995668,,,,,-0.01151696083295273,20,
19:28:10.154,,,,,,,,0,0,,,,
19:28:10.422,19.489986552551134,0,12.998534654083329,12.998515,12.998515,12.998515,,,,,-0.01136927179356332,20,
19:28:10.663,,,,,,,,0,0,,,,
19:28:10.929,,,,,,,83,,,,,,
19:28:11.170,19.48983390799952,0,13.002483488472217,13.002464,13.002464,13.002464,,,,,-0.011244140431383873,19,
19:28:11.409,,,,,,,,0,0,,,,
19:28:11.682,19.489516830603655,0,13.005039780972217,13.00502,13.00502,13.00502,,,,,-0.022491672742827207,18,
19:28:11.924,,,,,,,,0,0,,,,
19:28:12.193,,,,,,,83,,,,,,
19:28:12.430,19.488741868382853,0,13.008572102361105,13.008552,13.008552,13.008552,,,,,-0.033721539664112225,17,
19:28:12.673,,,,,,,,0,0,,,,
19:28:12.942,19.487998245412733,0,13.01084899391666,13.010829,13.010829,13.010829,,,,,-0.04496467945336202,16,
19:28:13.180,,,,,,,,0,0,,,,
19:28:13.453,,,,,,,83,,,,,,
19:28:13.691,19.486912036329862,0,13.014176591694438,13.014157,13.014157,13.014157,,,,,-0.03371663190962492,16,
19:28:13.934,,,,,,,,0,0,,,,
19:28:14.201,19.48595981803929,0,13.016302997111104,13.016283,13.016283,13.016283,,,,,-0.03373027627167431,15,
19:28:14.443,,,,,,,,0,0,,,,
19:28:14.712,,,,,,,83,,,,,,
19:28:14.951,19.48424834613235,0,13.019221408722215,13.019201,13.019201,13.019201,,,,,-0.033697529629261695,14,
19:28:15.193,,,,,,,,0,0,,,,
19:28:15.430,19.48315869979387,0,13.021080429055548,13.02106,13.02106,13.02106,,,,,-0.022773565862415208,14,
19:28:15.673,,,,,,,,0,0,,,,
19:28:15.943,,,,,,,83,,,,,,
19:28:16.185,19.48143794357698,0,13.024017676499993,13.023997,13.023997,13.023997,,,,,-0.022713701144165366,14,
19:28:16.419,,,,,,,,0,0,,,,
19:28:16.690,19.480287448111316,0,13.025982545388882,13.025962,13.025962,13.025962,,,,,-0.011380728331929168,14,
19:28:16.930,,,,,,,,0,0,,,,
19:28:17.200,,,,,,,83,,,,,,
19:28:17.444,19.478259504134602,0,13.02870371802777,13.028683,13.028683,13.028683,,,,,-0.011365663746415513,13,
19:28:17.683,,,,,,,,0,0,,,,
19:28:17.951,19.476685561504013,0,13.030393427694438,13.030373,13.030373,13.030373,,,,,-0.022471592618358266,12,
19:28:18.192,,,,,,,,0,0,,,,
19:28:18.462,,,,,,,83,,,,,,
19:28:18.701,19.473733855626033,0,13.032477891583326,13.032457,13.032457,13.032457,,,,,-0.045030880216898356,10,
19:28:18.942,,,,,,,,0,0,,,,
19:28:19.213,19.47150947454409,0,13.033757332333327,13.033736,13.033736,13.033736,,,,,-0.05613793695380442,9,
19:28:19.454,,,,,,,,0,0,,,,
19:28:19.723,,,,,,,83,,,,,,
19:28:19.961,19.467638282041133,0,13.035212217194438,13.035191,13.035191,13.035191,,,,,-0.06751647032563755,7,
19:28:20.199,,,,,,,,0,0,,,,
19:28:20.473,19.464777356972075,0,13.036065834861105,13.036045,13.036045,13.036045,,,,,-0.06737360006286836,6,
19:28:20.713,,,,,,,,0,0,,,,
19:28:20.981,,,,,,,83,,,,,,
19:28:21.254,19.459448413626273,0,13.036716330194439,13.036695,13.036695,13.036695,,,,,-0.07766959908179406,3,
19:28:21.492,,,,,,,,0,0,,,,
19:28:21.765,19.455750082467915,0,13.03700021030555,13.036979,13.036979,13.036979,,,,,-0.07769505774165936,2,
19:28:22.002,,,,,,,,0,0,,,,
19:28:22.270,,,,,,,83,,,,,,
19:28:22.513,19.44971510115531,,13.03700021030555,13.036979,13.036979,13.036979,,,,,-0.0776873529482351,0,
19:28:22.753,,,,,,,,0,0,,,,
19:28:23.022,19.44561517294188,,13.03700021030555,13.036979,13.036979,13.036979,,,,,-0.06667645468114744,0,
19:28:23.263,,,,,,,,0,0,,,,
19:28:23.535,,,,,,,83,,,,,,
19:28:23.772,19.4395749583982,,13.03700021030555,13.036979,13.036979,13.036979,,,,,-0.03374529582031753,0,
19:28:24.012,,,,,,,,0,0,,,,
19:28:24.281,19.435473392875817,,13.03700021030555,13.036979,13.036979,13.036979,,,,,-0.02250973862337396,0,
19:28:24.521,,,,,,,,0,0,,,,
19:28:24.790,,,,,,,83,,,,,,
19:28:25.032,19.42943791659173,,13.03700021030555,13.036979,13.036979,13.036979,,,,,0,0,
19:28:25.274,,,,,,,,0,0,,,,
19:28:25.543,19.425536161418435,0,13.037142298277772,13.037121,13.037121,13.037121,,,,,0.011235880990527622,1,
19:28:25.783,,,,,,,,0,0,,,,
19:28:26.050,,,,,,,83,,,,,,
19:28:26.291,19.42045199237268,0,13.037765696444438,13.037744,13.037744,13.037744,,,,,0.03373482506106274,3,
19:28:26.534,,,,,,,,0,0,,,,
19:28:26.801,19.417411422487938,0,13.038473612138883,13.038452,13.038452,13.038452,,,,,0.05621506308827013,5,
19:28:27.041,,,,,,,,0,0,,,,
19:28:27.313,,,,,,,83,,,,,,
19:28:27.553,19.41354710559624,0,13.039936834388884,13.039915,13.039915,13.039915,,,,,0.07862581062744166,7,
19:28:27.793,,,,,,,,0,0,,,,
19:28:28.061,19.411149589798693,0,13.041065831055551,13.041044,13.041044,13.041044,,,,,0.07872970983634053,8,
19:28:28.303,,,,,,,,0,0,,,,
19:28:28.571,,,,,,,83,,,,,,
19:28:28.811,19.408233356389534,0,13.043148287999996,13.043126,13.043126,13.043126,,,,,0.0786749911797268,10,
19:28:29.052,,,,,,,,0,0,,,,
19:28:29.323,19.406456546129952,0,13.044710777805552,13.044688,13.044688,13.044688,,,,,0.06739772658253276,11,
19:28:29.560,,,,,,,,0,0,,,,
19:28:29.833,,,,,,,83,,,,,,
19:28:30.073,19.4038501534463,0,13.047003980499996,13.046981,13.046981,13.046981,,,,,0.04497059570802856,11,
19:28:30.311,,,,,,,,0,0,,,,
19:28:30.581,19.402085837795788,0,13.048557099527773,13.048534,13.048534,13.048534,,,,,0.033723220510398146,11,
19:28:30.823,,,,,,,,0,0,,,,
19:28:31.091,,,,,,,83,,,,,,
19:28:31.333,19.399478647213957,0,13.050853391999995,13.05083,13.05083,13.05083,,,,,0.011232851529522444,11,
19:28:31.572,,,,,,,,0,0,,,,
19:28:31.843,19.39771129775541,0,13.052410802249995,13.052387,13.052387,13.052387,,,,,0,11,
19:28:32.083,,,,,,,,0,0,,,,
19:28:32.352,,,,,,,83,,,,,,
19:28:32.590,19.395119568104914,0,13.05469585241666,13.054672,13.054672,13.054672,,,,,0,11,
19:28:32.798,,,,,,,,0,0,,,,
19:28:33.072,19.393648658170477,0,13.056302730083328,13.056279,13.056279,13.056279,,,,,0.011370462052704077,12,
19:28:33.312,,,,,,,,0,0,,,,
19:28:33.582,,,,,,,83,,,,,,
19:28:33.824,19.391666639648232,0,13.059016653777771,13.058993,13.058993,13.058993,,,,,0.022740762528393795,13,
19:28:34.060,,,,,,,,0,0,,,,
19:28:34.331,19.390330693596894,0,13.06084687791666,13.060823,13.060823,13.060823,,,,,0.022767027454748297,13,
19:28:34.572,,,,,,,,0,0,,,,
19:28:34.798,,,,,,,,,,,,,
19:28:34.808,,,,,,,,,,47,,,
19:28:35.052,,,,,,,83,,,,,,
19:28:35.292,19.38779875016563,0,13.06431769916666,13.064294,13.064294,13.064294,,,,,0.020969013887187322,13,
19:28:35.532,,,,,,,,0,0,,,,
19:28:35.800,19.386253053879045,0,13.066009851499993,13.065986,13.065986,13.065986,,,,,0,12,
19:28:36.041,,,,,,,,0,0,,,,
19:28:36.312,,,,,,,83,,,,,,
19:28:36.552,19.38365414047176,0,13.068308117249993,13.068284,13.068284,13.068284,,,,,-0.02076842946867394,11,
19:28:36.790,,,,,,,,1480,1.5,,,,
19:28:37.067,19.38166339206006,0,13.06973872391666,13.069715,13.069715,13.069715,,,,,-0.031052867156902794,10,
19:28:37.298,,,,,,,,1371,1.4,,,,
19:28:37.539,,,,,,,83,,,,,,
19:28:37.788,19.378880876148934,0,13.071739334194437,13.071716,13.071716,13.071716,,,,,-0.0340508472070691,10,
19:28:38.019,,,,,,,,1385,1.4,,,,
19:28:38.261,19.377244891926452,0,13.073188357166659,13.073165,13.073165,13.073165,,,,,,11,
19:28:38.496,,,,,,,,1388,1.4,,,,
19:28:38.739,,,,,,,85,,,,,,
19:28:38.983,19.37505595325488,0,13.075591275499992,13.075568,13.075568,13.075568,,,,,,12,
19:28:39.218,,,,,,,,1385,1.4,,,,
19:28:39.455,19.37401022886285,0,13.077429781944437,13.077407,13.077407,13.077407,,,,,0.04744502408518697,14,
19:28:39.700,,,,,,,,1386,1.4,,,,
19:28:39.938,,,,,,,86,,,,,,
19:28:40.184,19.372999362454507,0,13.08066646638888,13.080644,13.080644,13.080644,,,,,0.07092942705709411,16,
19:28:40.427,,,,,,,,1383,1.4,,,,
19:28:40.656,19.372538033882055,0,13.082898388833325,13.082876,13.082876,13.082876,,,,,0.07096376156613177,17,
19:28:40.901,,,,,,,,1386,1.4,,,,
19:28:41.136,,,,,,,86,,,,,,
19:28:41.384,19.371828453636198,0,13.086333055611103,13.086311,13.086311,13.086311,,,,,0.05898501319389535,17,
19:28:41.626,,,,,,,,1383,1.4,,,,
19:28:41.858,19.371560994010625,0,13.088704227111103,13.088682,13.088682,13.088682,,,,,0.04715973323831833,18,
19:28:42.101,,,,,,,,1385,1.4,,,,
19:28:42.337,,,,,,,85,,,,,,
19:28:42.579,19.371449815958023,0,13.092546644611103,13.092524,13.092524,13.092524,,,,,0.03547984821817962,19,
19:28:42.822,,,,,,,,1386,1.4,,,,
19:28:43.059,19.37157187920404,0,13.095172200722214,13.09515,13.09515,13.09515,,,,,0.03537431574589062,20,
19:28:43.302,,,,,,,,1384,1.4,,,,
19:28:43.538,,,,,,,85,,,,,,
19:28:43.782,19.372058669769586,0,13.099417116222213,13.099395,13.099395,13.099395,,,,,0.0472489502359249,21,
19:28:44.018,,,,,,,,1388,1.4,,,,
19:28:44.259,19.37256876185537,0,13.102305241999991,13.102283,13.102283,13.102283,,,,,0.04719126923002901,22,
19:28:44.497,,,,,,,,1383,1.4,,,,
19:28:44.746,,,,,,,85,,,,,,
19:28:44.980,19.37364298490205,0,13.106913239611103,13.106891,13.106891,13.106891,,,,,0.047181875719165295,23,
19:28:45.222,,,,,,,,1596,1.6,,,,
19:28:45.458,19.374550418819673,0,13.110098620944436,13.110076,13.110076,13.110076,,,,,0.0472219715972451,24,
19:28:45.698,,,,,,,,1759,1.8,,,,
19:28:45.941,,,,,,,85,,,,,,
19:28:46.177,19.376800934135773,0,13.115492271444436,13.11547,13.11547,13.11547,,,,,0.07094960377310967,27,
19:28:46.417,,,,,,,,2230,2.2,,,,
19:28:46.659,19.37890313813943,0,13.119511375611102,13.119489,13.119489,13.119489,,,,,0.0943971802285892,30,
19:28:46.905,,,,,,,,2509,2.5,,,,
19:28:47.142,,,,,,,86,,,,,,
19:28:47.380,19.38322324688863,0,13.126314531944436,13.126292,13.126292,13.126292,,,,,0.12984719550998103,34,
19:28:47.616,,,,,,,,2920,2.9,,,,
19:28:47.863,19.38651995098967,0,13.131152228944435,13.13113,13.13113,13.13113,,,,,0.1412993313791918,36,
19:28:48.099,,,,,,,,3196,3.2,,,,
19:28:48.343,,,,,,,86,,,,,,
19:28:48.580,19.39258021017146,0,13.13911988449999,13.139098,13.139098,13.139098,,,,,0.15320779918232258,40,
19:28:48.819,,,,,,,,3550,3.6,,,,
19:28:49.060,19.396828212963303,0,13.14458226324999,13.14456,13.14456,13.14456,,,,,0.1297895915236604,41,
19:28:49.306,,,,,,,,3164,3.2,,,,
19:28:49.537,,,,,,,86,,,,,,
19:28:49.780,19.404082422663947,0,13.153376452805546,13.153354,13.153354,13.153354,,,,,0.11802241477937142,44,
19:28:50.026,,,,,,,,3430,3.4,,,,
19:28:50.272,19.409720819204075,0,13.159887360194434,13.159865,13.159865,13.159865,,,,,0.1293372554178209,47,
19:28:50.531,,,,,,,,3716,3.7,,,,
19:28:50.766,,,,,,,87,,,,,,
19:28:51.015,19.418950332223933,0,13.170118624083322,13.170096,13.170096,13.170096,,,,,0.11634754276252778,50,
19:28:51.258,,,,,,,,3430,3.4,,,,
19:28:51.488,19.425068603703433,0,13.176820871249989,13.176798,13.176798,13.176798,,,,,0.11665468094946714,51,
19:28:51.733,,,,,,,,2496,2.5,,,,
19:28:51.967,,,,,,,87,,,,,,
19:28:52.207,19.43406907439113,0,13.186808115694433,13.186785,13.186785,13.186785,,,,,,50,
19:28:52.451,,,,,,,,1504,1.5,,,,
19:28:52.693,19.4400206669297,0,13.193502352777767,13.193479,13.193479,13.193479,,,,,,49,
19:28:52.932,,,,,,,,1709,1.7,,,,
19:28:53.167,,,,,,,88,,,,,,
19:28:53.406,19.447125927564656,0,13.202143944222211,13.202121,13.202121,13.202121,,,,,-0.07107884476400778,44,
19:28:53.663,,,,,,,,1566,1.6,,,,
19:28:53.920,19.451655305249616,0,13.207994505277767,13.207972,13.207972,13.207972,,,,,-0.1164856908517603,41,
19:28:54.156,,,,,,,,1417,1.4,,,,
19:28:54.401,,,,,,,88,,,,,,
19:28:54.641,19.456537807830397,0,13.215208883277768,13.215186,13.215186,13.215186,,,,,-0.16292370790754812,36,
19:28:54.877,,,,,,,,1383,1.4,,,,
19:28:55.129,19.45883848605608,0,13.21940624624999,13.219383,13.219383,13.219383,,,,,-0.20929212134068967,31,
19:28:55.357,,,,,,,,1383,1.4,,,,
19:28:55.604,,,,,,,88,,,,,,
19:28:55.837,19.460152984601173,0,13.22412715024999,13.224104,13.224104,13.224104,,,,,-0.23306631744574244,24,
19:28:56.078,,,,,,,,1387,1.4,,,,
19:28:56.321,19.460853695041468,0,13.227221637333322,13.227198,13.227198,13.227198,,,,,-0.21232258748218402,23,
19:28:56.559,,,,,,,,1562,1.6,,,,
19:28:56.797,,,,,,,88,,,,,,
19:28:57.039,19.462478799067938,0,13.232208328999988,13.232185,13.232185,13.232185,,,,,,25,
19:28:57.279,,,,,,,,1974,2,,,,
19:28:57.524,19.464169551590288,0,13.235979067999988,13.235956,13.235956,13.235956,,,,,,28,
19:28:57.766,,,,,,,,2253,2.3,,,,
19:28:57.999,,,,,,,88,,,,,,
19:28:58.242,19.467844238474534,0,13.2423597151111,13.242337,13.242337,13.242337,,,,,,32,
19:28:58.476,,,,,,,,2629,2.6,,,,
19:28:58.718,19.470701956180452,0,13.246908559999989,13.246886,13.246886,13.246886,,,,,0.12998414640622363,34,
19:28:58.968,,,,,,,,2808,2.8,,,,
19:28:59.199,,,,,,,89,,,,,,
19:28:59.444,19.475566212172115,0,13.254118393999988,13.254096,13.254096,13.254096,,,,,0.12954241103727368,36,
19:28:59.680,,,,,,,,2278,2.3,,,,
19:28:59.918,19.478758585254635,0,13.258852458999987,13.25883,13.25883,13.25883,,,,,0.0946604710649489,36,
19:29:00.162,,,,,,,,1704,1.7,,,,
19:29:00.399,,,,,,,88,,,,,,
19:29:00.643,19.483654646841348,0,13.266116529999987,13.266094,13.266094,13.266094,,,,,0.04719253901652647,36,
19:29:00.880,,,,,,,,1410,1.4,,,,
19:29:01.118,19.48665072203892,0,13.270718974583321,13.270696,13.270696,13.270696,,,,,0.011804736697918615,35,
19:29:01.363,,,,,,,,1380,1.4,,,,
19:29:01.597,,,,,,,88,,,,,,
19:29:01.839,19.491251155039045,0,13.277789427638877,13.277766,13.277766,13.277766,,,,,-0.01182680618575678,35,
19:29:02.080,,,,,,,,1385,1.4,,,,
19:29:02.317,19.494234436039026,0,13.282376705555544,13.282353,13.282353,13.282353,,,,,-0.011807808353666694,35,
19:29:02.566,,,,,,,,1385,1.4,,,,
19:29:02.798,,,,,,,88,,,,,,
19:29:03.039,19.498209269649895,0,13.288995991305544,13.288972,13.288972,13.288972,,,,,-0.03546387136432509,33,
19:29:03.284,,,,,,,,1385,1.4,,,,
19:29:03.523,19.5008751710828,0,13.293437697805544,13.293414,13.293414,13.293414,,,,,-0.02355378454279963,33,
19:29:03.763,,,,,,,,1385,1.4,,,,
19:29:04.031,,,,,,,88,,,,,,
19:29:04.273,19.504390815719745,0,13.299900455527766,13.299877,13.299877,13.299877,,,,,-0.04655121441353553,31,
19:29:04.512,,,,,,,,1773,1.8,,,,
19:29:04.776,19.506332963436005,0,13.303945862888877,13.303922,13.303922,13.303922,,,,,-0.06910454946013432,29,
19:29:05.021,,,,,,,,1515,1.5,,,,
19:29:05.258,,,,,,,88,,,,,,
19:29:05.503,19.5085497781152,0,13.309395054638877,13.309371,13.309371,13.309371,,,,,-0.06897843173219927,27,
19:29:05.739,,,,,,,,1391,1.4,,,,
19:29:05.983,19.50942912976535,0,13.312601365305543,13.312577,13.312577,13.312577,,,,,-0.10363349212281396,24,
19:29:06.229,,,,,,,,1382,1.4,,,,
19:29:06.458,,,,,,,88,,,,,,
19:29:06.701,19.510156706700545,0,13.316988166527766,13.316964,13.316964,13.316964,,,,,-0.10499394767732702,22,
19:29:06.941,,,,,,,,1384,1.4,,,,
19:29:07.176,19.510444609576037,0,13.3197586393611,13.319734,13.319734,13.319734,,,,,-0.0944073818249532,21,
19:29:07.422,,,,,,,,1385,1.4,,,,
19:29:07.666,,,,,,,88,,,,,,
19:29:07.898,19.5111806464112,0,13.324200429583321,13.324176,13.324176,13.324176,,,,,,22,
19:29:08.140,,,,,,,,1678,1.7,,,,
19:29:08.382,19.511867167787404,0,13.327291767583322,13.327267,13.327267,13.327267,,,,,,23,
19:29:08.622,,,,,,,,1822,1.8,,,,
19:29:08.859,,,,,,,88,,,,,,
19:29:09.100,19.51316816010609,0,13.33204500224999,13.33202,13.33202,13.33202,,,,,,24,
19:29:09.342,,,,,,,,1848,1.8,,,,
19:29:09.577,19.514231770436904,0,13.3353567258611,13.335332,13.335332,13.335332,,,,,0.04719733769674408,25,
19:29:09.823,,,,,,,,1868,1.9,,,,
19:29:10.059,,,,,,,88,,,,,,
19:29:10.306,19.5167484688341,0,13.34103321797221,13.341008,13.341008,13.341008,,,,,0.07057859916602216,28,
19:29:10.542,,,,,,,,1901,1.9,,,,
19:29:10.778,19.51856493623762,0,13.344831030583322,13.344806,13.344806,13.344806,,,,,0.07092130808735765,29,
19:29:11.018,,,,,,,,1841,1.8,,,,
19:29:11.270,,,,,,,88,,,,,,
19:29:11.496,19.5219106391235,0,13.351008984416655,13.350984,13.350984,13.350984,,,,,0.08277096483862081,31,
19:29:11.743,,,,,,,,1808,1.8,,,,
19:29:11.980,19.524363282251972,0,13.355311410194433,13.355286,13.355286,13.355286,,,,,0.082521852918154,32,
19:29:12.218,,,,,,,,1704,1.7,,,,
19:29:12.461,,,,,,,88,,,,,,
19:29:12.700,19.528008955713624,0,13.361709776416655,13.361684,13.361684,13.361684,,,,,0.04734632119166416,32,
19:29:12.944,,,,,,,,1501,1.5,,,,
19:29:13.188,19.530483090426458,0,13.366054155972211,13.366028,13.366028,13.366028,,,,,0.0352597474821866,32,
19:29:13.419,,,,,,,,1526,1.5,,,,
19:29:13.660,,,,,,,88,,,,,,
19:29:13.896,19.533490349290087,0,13.371953183472211,13.371927,13.371927,13.371927,,,,,-0.011799355559438025,30,
19:29:14.139,,,,,,,,1617,1.6,,,,
19:29:14.388,19.534981358826144,0,13.375644899472212,13.375619,13.375619,13.375619,,,,,-0.05879881191234403,27,
19:29:14.618,,,,,,,,1434,1.4,,,,
19:29:14.863,,,,,,,88,,,,,,
19:29:15.098,19.535978040756106,0,13.380176018944434,13.38015,13.38015,13.38015,,,,,-0.10630637426716577,23,
19:29:15.341,,,,,,,,1380,1.4,,,,
19:29:15.582,19.536069208254936,0,13.382867823388878,13.382842,13.382842,13.382842,,,,,-0.14199160225387347,20,
19:29:15.819,,,,,,,,1382,1.4,,,,
19:29:16.058,,,,,,,88,,,,,,
19:29:16.300,19.53474990792118,0,13.385857289222212,13.385831,13.385831,13.385831,,,,,-0.17678651942928172,15,
19:29:16.547,,,,,,,,1383,1.4,,,,
19:29:16.784,19.53346660268873,0,13.387607006888878,13.387581,13.387581,13.387581,,,,,-0.1655246758898358,13,
19:29:17.019,,,,,,,,1385,1.4,,,,
19:29:17.261,,,,,,,88,,,,,,
19:29:17.511,19.53004038127747,0,13.389236296222212,13.38921,13.38921,13.38921,,,,,-0.17601911652484079,8,
19:29:17.736,,,,,,,,1384,1.4,,,,
19:29:17.978,19.527107032346795,0,13.3897543631111,13.389728,13.389728,13.389728,,,,,-0.1891350745869635,4,
19:29:18.220,,,,,,,,1386,1.4,,,,
19:29:18.456,,,,,,,88,,,,,,
19:29:18.704,19.52199646011066,0,13.39015435449999,13.390128,13.390128,13.390128,,,,,-0.15317226995863534,2,
19:29:18.937,,,,,,,,1392,1.4,,,,
19:29:19.179,19.51881833097089,0,13.390550245083322,13.390524,13.390524,13.390524,,,,,,3,
19:29:19.421,,,,,,,,1397,1.4,,,,
19:29:19.664,,,,,,,88,,,,,,
19:29:19.902,19.51397673172534,0,13.391153642333322,13.391127,13.391127,13.391127,,,,,,3,
19:29:20.149,,,,,,,,1536,1.5,,,,
19:29:20.380,19.510785526318983,0,13.391551548333322,13.391525,13.391525,13.391525,,,,,,3,
19:29:20.624,,,,,,,,1534,1.5,,,,
19:29:20.859,,,,,,,88,,,,,,
19:29:21.100,19.505946927743672,0,13.392155158499989,13.392129,13.392129,13.392129,,,,,0.011822234303942332,3,
19:29:21.339,,,,,,,,0,0,,,,
19:29:21.576,19.502986865357784,0,13.392679517722211,13.392653,13.392653,13.392653,,,,,0.011812954816759695,4,
19:29:21.825,,,,,,,,0,0,,,,
19:29:22.062,,,,,,,88,,,,,,
19:29:22.297,19.498761771391635,0,13.393680074666655,13.393654,13.393654,13.393654,,,,,0.023656072778951823,5,
19:29:22.542,,,,,,,,0,0,,,,
19:29:22.777,19.49633432193717,0,13.394614099638877,13.394588,13.394588,13.394588,,,,,0.047267820109126446,7,
19:29:23.019,,,,,,,,0,0,,,,
19:29:23.262,,,,,,,88,,,,,,
19:29:23.502,19.493258718733088,0,13.396426439638878,13.3964,13.3964,13.3964,,,,,0.0707511143437592,9,
19:29:23.744,,,,,,,,0,0,,,,
19:29:24.012,19.491507339177343,0,13.397985606833323,13.397959,13.397959,13.397959,,,,,0.08141486814223775,11,
19:29:24.250,,,,,,,,0,0,,,,
19:29:24.522,,,,,,,88,,,,,,
19:29:24.762,19.489843293813298,0,13.400902545722213,13.400876,13.400876,13.400876,,,,,0.10341763983156249,14,
19:29:25.001,,,,,,,,0,0,,,,
19:29:25.271,19.489125254337015,0,13.403166551055547,13.40314,13.40314,13.40314,,,,,0.10221235182882007,16,
19:29:25.513,,,,,,,,0,0,,,,
19:29:25.785,,,,,,,87,,,,,,
19:29:26.020,19.488373216011116,0,13.406699915583324,13.406673,13.406673,13.406673,,,,,0.08997728998349268,17,
19:29:26.261,,,,,,,,0,0,,,,
19:29:26.498,19.488278917734988,0,13.409224184861102,13.409197,13.409197,13.409197,,,,,0.09113315556242,19,
19:29:26.739,,,,,,,,0,0,,,,
19:29:26.983,,,,,,,87,,,,,,
19:29:27.220,19.488428085212487,0,13.413236800972214,13.41321,13.41321,13.41321,,,,,0.06913800583410047,20,
19:29:27.462,,,,,,,,0,0,,,,
19:29:27.732,19.48874059479839,0,13.416225625388881,13.416199,13.416199,13.416199,,,,,0.05756545227170901,21,
19:29:27.972,,,,,,,,0,0,,,,
19:29:28.244,,,,,,,87,,,,,,
19:29:28.482,19.489501114685986,0,13.42081358727777,13.420787,13.420787,13.420787,,,,,0.05751814785065868,22,
19:29:28.724,,,,,,,,0,0,,,,
19:29:28.993,19.49022315010008,0,13.424071841388882,13.424045,13.424045,13.424045,,,,,0.045413305591171654,23,
19:29:29.230,,,,,,,,0,0,,,,
19:29:29.500,,,,,,,86,,,,,,
19:29:29.742,19.491583606033167,0,13.429059987388882,13.429033,13.429033,13.429033,,,,,0.044927509621290135,24,
19:29:29.975,,,,,,,,0,0,,,,
19:29:30.221,19.49264778812302,0,13.432388204055549,13.432361,13.432361,13.432361,,,,,0.04551086314257195,25,
19:29:30.462,,,,,,,,0,0,,,,
19:29:30.702,,,,,,,86,,,,,,
19:29:30.942,19.494248037723647,0,13.437395387388882,13.437368,13.437368,13.437368,,,,,0.03455175069849295,25,
19:29:31.181,,,,,,,,0,0,,,,
19:29:31.452,19.495586024710484,0,13.441081984444438,13.441055,13.441055,13.441055,,,,,0.03455802185646525,26,
19:29:31.695,,,,,,,,0,0,,,,
19:29:31.962,,,,,,,86,,,,,,
19:29:32.200,19.49754644112882,0,13.446486320611104,13.446459,13.446459,13.446459,,,,,0.023042569227581848,26,
19:29:32.441,,,,,,,,0,0,,,,
19:29:32.712,19.499091011839788,0,13.450320624361105,13.450293,13.450293,13.450293,,,,,0.022745768830696168,27,
19:29:32.956,,,,,,,,0,0,,,,
19:29:33.224,,,,,,,85,,,,,,
19:29:33.460,19.50134763931596,0,13.455925405861105,13.455898,13.455898,13.455898,,,,,0.022500917884234008,27,
19:29:33.701,,,,,,,,0,0,,,,
19:29:33.940,19.502797930377373,0,13.459529272111105,13.459502,13.459502,13.459502,,,,,0.011385546233847004,27,
19:29:34.186,,,,,,,,0,0,,,,
19:29:34.422,,,,,,,85,,,,,,
19:29:34.663,19.504980592293478,0,13.464955654861106,13.464928,13.464928,13.464928,,,,,0.011502131956003395,27,
19:29:34.900,,,,,,,,0,0,,,,
19:29:35.173,19.506517550536827,0,13.468778630611105,13.468751,13.468751,13.468751,,,,,0,27,
19:29:35.412,,,,,,,,0,0,,,,
19:29:35.682,,,,,,,85,,,,,,
19:29:35.923,19.508779893862734,0,13.474408757611105,13.474381,13.474381,13.474381,,,,,0,27,
19:29:36.160,,,,,,,,0,0,,,,
19:29:36.433,19.51031325894299,0,13.478226664111105,13.478199,13.478199,13.478199,,,,,0,27,
19:29:36.670,,,,,,,,0,0,,,,
19:29:36.943,,,,,,,85,,,,,,
19:29:37.183,19.51257258774038,0,13.483854988111105,13.483827,13.483827,13.483827,,,,,0,27,
19:29:37.424,,,,,,,,0,0,,,,
19:29:37.689,19.514095899548458,0,13.487651701861106,13.487624,13.487624,13.487624,,,,,0,27,
19:29:37.931,,,,,,,,0,0,,,,
19:29:38.201,,,,,,,85,,,,,,
19:29:38.442,19.51636161156733,0,13.493301638611106,13.493274,13.493274,13.493274,,,,,0,27,
19:29:38.682,,,,,,,,0,0,,,,
19:29:38.950,19.51788635339308,0,13.497105766861106,13.497078,13.497078,13.497078,,,,,0,27,
19:29:39.192,,,,,,,,0,0,,,,
19:29:39.462,,,,,,,84,,,,,,
19:29:39.700,19.52013983664582,0,13.502730895861106,13.502703,13.502703,13.502703,,,,,0,27,
19:29:39.940,,,,,,,,0,0,,,,
19:29:40.189,19.52160910729147,0,13.506400304611105,13.506372,13.506372,13.506372,,,,,0,27,
19:29:40.418,,,,,,,,0,0,,,,
19:29:40.662,,,,,,,83,,,,,,
19:29:40.901,19.523743554866268,0,13.511733519361105,13.511705,13.511705,13.511705,,,,,0,27,
19:29:41.143,,,,,,,,0,0,,,,
19:29:41.380,19.52518512735708,0,13.515337212361105,13.515309,13.515309,13.515309,,,,,0,27,
19:29:41.617,,,,,,,,0,0,,,,
19:29:41.861,,,,,,,83,,,,,,
19:29:42.098,19.527337090914735,0,13.520719352611104,13.520691,13.520691,13.520691,,,,,0,27,
19:29:42.344,,,,,,,,0,0,,,,
19:29:42.612,19.528672194651474,0,13.524433436722216,13.524405,13.524405,13.524405,,,,,-0.011690340840963957,26,
19:29:42.852,,,,,,,,0,0,,,,
19:29:43.124,,,,,,,83,,,,,,
19:29:43.362,19.530617117211584,0,13.529846700277771,13.529818,13.529818,13.529818,,,,,-0.011507891448364053,26,
19:29:43.605,,,,,,,,0,0,,,,
19:29:43.874,19.531944545497005,0,13.533543173722215,13.533514,13.533514,13.533514,,,,,-0.011357486266981734,26,
19:29:44.113,,,,,,,,0,0,,,,
19:29:44.382,,,,,,,83,,,,,,
19:29:44.624,19.533888823259414,0,13.538960119888882,13.538931,13.538931,13.538931,,,,,-0.011215407495898081,26,
19:29:44.864,,,,,,,,0,0,,,,
19:29:45.131,19.535202302706107,0,13.542621444944437,13.542592,13.542592,13.542592,,,,,0,26,
19:29:45.373,,,,,,,,0,0,,,,
19:29:45.644,,,,,,,83,,,,,,
19:29:45.883,19.53684883489112,0,13.547844827583326,13.547815,13.547815,13.547815,,,,,-0.0112357548603528,25,
19:29:46.122,,,,,,,,0,0,,,,
19:29:46.392,19.53775873597496,0,13.551238485583326,13.551209,13.551209,13.551209,,,,,-0.022496463652247774,24,
19:29:46.633,,,,,,,,0,0,,,,
19:29:46.933,,,,,,,83,,,,,,
19:29:47.173,19.538841185754194,0,13.556227540805548,13.556198,13.556198,13.556198,,,,,-0.03333691422323519,23,
19:29:47.411,,,,,,,,0,0,,,,
19:29:47.681,19.539545004699217,0,13.559473145555547,13.559444,13.559444,13.559444,,,,,-0.033323958622357895,23,
19:29:47.918,,,,,,,,0,0,,,,
19:29:48.190,,,,,,,83,,,,,,
19:29:48.465,19.540002902374,0,13.564043649722214,13.564015,13.564015,13.564015,,,,,-0.04389020875834444,21,
19:29:48.700,,,,,,,,0,0,,,,
19:29:48.970,19.540095860331714,0,13.566849818611102,13.566821,13.566821,13.566821,,,,,-0.043958550594397856,20,
19:29:49.209,,,,,,,,0,0,,,,
19:29:49.480,,,,,,,82,,,,,,
19:29:49.719,19.539631964339744,0,13.570615369611103,13.570587,13.570587,13.570587,,,,,-0.05563120520727692,18,
19:29:49.969,,,,,,,,0,0,,,,
19:29:50.199,19.538958677453675,0,13.572729480722213,13.572701,13.572701,13.572701,,,,,-0.07874486181751891,16,
19:29:50.441,,,,,,,,0,0,,,,
19:29:50.682,,,,,,,82,,,,,,
19:29:50.923,19.536774992073525,0,13.575144672055547,13.575116,13.575116,13.575116,,,,,-0.10369525629129754,12,
19:29:51.163,,,,,,,,0,0,,,,
19:29:51.428,19.534850934032704,0,13.57654682649999,13.576518,13.576518,13.576518,,,,,-0.11521139342028743,10,
19:29:51.670,,,,,,,,0,0,,,,
19:29:51.909,,,,,,,82,,,,,,
19:29:52.150,19.53123246357994,0,13.577951607111101,13.577923,13.577923,13.577923,,,,,-0.12814185358977914,7,
19:29:52.392,,,,,,,,0,0,,,,
19:29:52.662,19.528464660431805,0,13.578804987277769,13.578776,13.578776,13.578776,,,,,-0.11498832135267313,6,
19:29:52.902,,,,,,,,0,0,,,,
19:29:53.171,,,,,,,82,,,,,,
19:29:53.413,19.523809456795473,0,13.579639040611102,13.57961,13.57961,13.57961,,,,,-0.09100853317300024,4,
19:29:53.654,,,,,,,,0,0,,,,
19:29:53.923,19.520445132940587,0,13.580063974111102,13.580035,13.580035,13.580035,,,,,-0.07948071707743219,3,
19:29:54.160,,,,,,,,0,0,,,,
19:29:54.432,,,,,,,82,,,,,,
19:29:54.674,19.515191452257124,0,13.580481314944436,13.580452,13.580452,13.580452,,,,,-0.056118978109365954,2,
19:29:54.913,,,,,,,,0,0,,,,
19:29:55.180,19.511452017380144,0,13.580621889861103,13.580593,13.580593,13.580593,,,,,-0.05624960032240787,1,
19:29:55.424,,,,,,,,0,0,,,,
19:29:55.689,,,,,,,82,,,,,,
19:29:55.932,19.505599355568137,,13.580621889861103,13.580593,13.580593,13.580593,,,,,-0.04498102031291208,0,
19:29:56.172,,,,,,,,0,0,,,,
19:29:56.444,19.501820844429037,0,13.580764079055548,13.580735,13.580735,13.580735,,,,,,1,
19:29:56.682,,,,,,,,0,0,,,,
19:29:56.951,,,,,,,81,,,,,,
19:29:57.189,19.49632764623995,0,13.580970897277771,13.580942,13.580942,13.580942,,,,,,1,
19:29:57.434,,,,,,,,0,0,,,,
19:29:57.670,19.492777334303693,0,13.581104631444438,13.581076,13.581076,13.581076,,,,,,1,
19:29:57.906,,,,,,,,0,0,,,,
19:29:58.151,,,,,,,81,,,,,,
19:29:58.389,19.48747685065668,0,13.58130438716666,13.581276,13.581276,13.581276,,,,,0.011528036292203747,1,
19:29:58.660,,,,,,,,0,0,,,,
19:29:58.933,19.483470047695214,0,13.581455464861104,13.581427,13.581427,13.581427,,,,,0,1,
19:29:59.174,,,,,,,,0,0,,,,
19:29:59.443,,,,,,,81,,,,,,
19:29:59.683,19.478245452187405,0,13.581872204527771,13.581844,13.581844,13.581844,,,,,0.011356379311270304,2,
19:29:59.921,,,,,,,,0,0,,,,
19:30:00.162,19.475102764898395,0,13.582271233194438,13.582243,13.582243,13.582243,,,,,0.022739554881392735,3,
19:30:00.402,,,,,,,,0,0,,,,
19:30:00.673,,,,,,,81,,,,,,
19:30:00.912,19.470779419987203,0,13.583313048194439,13.583285,13.583285,13.583285,,,,,0.04490779519627884,5,
19:30:01.155,,,,,,,,0,0,,,,
19:30:01.420,19.468254283345537,0,13.584302055833328,13.584274,13.584274,13.584274,,,,,0.06831728937505087,7,
19:30:01.663,,,,,,,,0,0,,,,
19:30:01.930,,,,,,,81,,,,,,
19:30:02.172,19.464823752976667,0,13.585972354722218,13.585944,13.585944,13.585944,,,,,0.06827776688006382,8,
19:30:02.417,,,,,,,,0,0,,,,
19:30:02.683,19.462900832863603,0,13.58739068444444,13.587362,13.587362,13.587362,,,,,0.07864631584647042,10,
19:30:02.922,,,,,,,,0,0,,,,
19:30:03.194,,,,,,,81,,,,,,
19:30:03.432,19.46067732006618,0,13.589887411777774,13.589859,13.589859,13.589859,,,,,0.07868490711696935,12,
19:30:03.666,,,,,,,,0,0,,,,
19:30:03.944,19.45956422688663,0,13.591880651277775,13.591852,13.591852,13.591852,,,,,0.07856487894642757,14,
19:30:04.183,,,,,,,,0,0,,,,
19:30:04.452,,,,,,,82,,,,,,
19:30:04.685,19.458538514135892,0,13.595195010388887,13.595166,13.595166,13.595166,,,,,0.0901635526851099,16,
19:30:04.930,,,,,,,,0,0,,,,
19:30:05.169,19.458070493813548,0,13.59745649961111,13.597427,13.597427,13.597427,,,,,0.07973577427161652,17,
19:30:05.410,,,,,,,,0,0,,,,
19:30:05.650,,,,,,,82,,,,,,
19:30:05.894,19.457938501036214,0,13.601283464833331,13.601254,13.601254,13.601254,,,,,0.0805275065946973,19,
19:30:06.133,,,,,,,,1800,1.8,,,,
19:30:06.397,19.458246472603594,0,13.604215694833332,13.604186,13.604186,13.604186,,,,,0.08082976782606341,21,
19:30:06.646,,,,,,,,1803,1.8,,,,
19:30:06.879,,,,,,,82,,,,,,
19:30:07.116,19.45925809823748,0,13.608810035555555,13.60878,13.60878,13.60878,,,,,0.08156207410629547,23,
19:30:07.360,,,,,,,,1879,1.9,,,,
19:30:07.599,19.45993670146242,0,13.61189341236111,13.611863,13.611863,13.611863,,,,,0.06995048644675331,23,
19:30:07.841,,,,,,,,1839,1.8,,,,
19:30:08.083,,,,,,,84,,,,,,
19:30:08.319,19.46152016405574,0,13.616893001944444,13.616863,13.616863,13.616863,,,,,0.07008483993260087,25,
19:30:08.564,,,,,,,,1850,1.8,,,,
19:30:08.798,19.462764163529982,0,13.620354791444443,13.620325,13.620325,13.620325,,,,,0.058986423322779744,26,
19:30:09.039,,,,,,,,1792,1.8,,,,
19:30:09.284,,,,,,,85,,,,,,
19:30:09.520,19.464923497789556,0,13.625769559694444,13.62574,13.62574,13.62574,,,,,0.04713323869755919,27,
19:30:09.790,,,,,,,,1697,1.7,,,,
19:30:10.030,19.46665798709971,0,13.62975355525,13.629724,13.629724,13.629724,,,,,0.05826467849660062,28,
19:30:10.269,,,,,,,,1771,1.8,,,,
19:30:10.507,,,,,,,85,,,,,,
19:30:10.760,19.469137767358188,0,13.635452243583334,13.635423,13.635423,13.635423,,,,,0.03481599708541537,28,
19:30:10.987,,,,,,,,1722,1.7,,,,
19:30:11.234,19.470911500355715,0,13.639232817305556,13.639204,13.639204,13.639204,,,,,0.03488019754150709,29,
19:30:11.471,,,,,,,,1711,1.7,,,,
19:30:11.708,,,,,,,85,,,,,,
19:30:11.949,19.4739015421347,0,13.64520227313889,13.645173,13.645173,13.645173,,,,,0.0349833828306856,30,
19:30:12.188,,,,,,,,1696,1.7,,,,
19:30:12.426,19.475883219023615,0,13.649160452305557,13.649131,13.649131,13.649131,,,,,0.023643817303099286,30,
19:30:12.679,,,,,,,,1677,1.7,,,,
19:30:12.907,,,,,,,86,,,,,,
19:30:13.155,19.47921523653249,0,13.655443866416668,13.655414,13.655414,13.655414,,,,,0.03546899453166082,31,
19:30:13.389,,,,,,,,1611,1.6,,,,
19:30:13.630,19.481379924415073,0,13.659527914916668,13.659498,13.659498,13.659498,,,,,0.023651304538037463,31,
19:30:13.874,,,,,,,,1516,1.5,,,,
19:30:14.108,,,,,,,86,,,,,,
19:30:14.353,19.484968029551588,0,13.665960701583334,13.665931,13.665931,13.665931,,,,,0.023569453924611992,32,
19:30:14.598,,,,,,,,1459,1.5,,,,
19:30:14.828,19.4873192381566,0,13.670177970027778,13.670148,13.670148,13.670148,,,,,0.023583969866700038,32,
19:30:15.080,,,,,,,,1450,1.4,,,,
19:30:15.311,,,,,,,87,,,,,,
19:30:15.557,19.49093144748771,0,13.676660133583333,13.67663,13.67663,13.67663,,,,,0.011794197855109016,32,
19:30:15.801,,,,,,,,1456,1.5,,,,
19:30:16.031,19.493276388254735,0,13.680870169138888,13.68084,13.68084,13.68084,,,,,0.011797634513177158,32,
19:30:16.274,,,,,,,,1450,1.4,,,,
19:30:16.511,,,,,,,87,,,,,,
19:30:16.748,19.496825526805143,0,13.687245188694444,13.687215,13.687215,13.687215,,,,,0,32,
19:30:16.990,,,,,,,,1443,1.4,,,,
19:30:17.229,19.499202907476715,0,13.691517502472221,13.691487,13.691487,13.691487,,,,,0,32,
19:30:17.468,,,,,,,,1453,1.5,,,,
19:30:17.710,,,,,,,88,,,,,,
19:30:17.947,19.50275610643258,0,13.69790587136111,13.697875,13.697875,13.697875,,,,,0,32,
19:30:18.193,,,,,,,,1449,1.4,,,,
19:30:18.429,19.505327106160454,0,13.702321695777776,13.702291,13.702291,13.702291,,,,,0.011810696439113089,33,
19:30:18.668,,,,,,,,1443,1.4,,,,
19:30:18.915,,,,,,,88,,,,,,
19:30:19.149,19.50916737682346,0,13.708920692944442,13.70889,13.70889,13.70889,,,,,0.011797140210644224,33,
19:30:19.388,,,,,,,,1442,1.4,,,,
19:30:19.638,19.511806522436974,0,13.713457894111109,13.713427,13.713427,13.713427,,,,,0.011756778130564619,33,
19:30:19.869,,,,,,,,1410,1.4,,,,
19:30:20.112,,,,,,,88,,,,,,
19:30:20.348,19.51528093866912,0,13.719716859444443,13.719686,13.719686,13.719686,,,,,0,32,
19:30:20.588,,,,,,,,1382,1.4,,,,
19:30:20.840,19.517734964879132,0,13.724139749222221,13.724109,13.724109,13.724109,,,,,-0.011747654668530007,32,
19:30:21.071,,,,,,,,1375,1.4,,,,
19:30:21.315,,,,,,,89,,,,,,
19:30:21.558,19.520690727076595,0,13.730089705888888,13.730059,13.730059,13.730059,,,,,-0.03527733484252777,30,
19:30:21.797,,,,,,,,1514,1.5,,,,
19:30:22.033,19.522461256301423,0,13.733900221305555,13.73387,13.73387,13.73387,,,,,-0.04731254661683382,29,
19:30:22.272,,,,,,,,1729,1.7,,,,
19:30:22.507,,,,,,,89,,,,,,
19:30:22.757,19.52460045697399,0,13.739335730055556,13.739306,13.739306,13.739306,,,,,-0.05878250238954701,27,
19:30:22.986,,,,,,,,1421,1.4,,,,
19:30:23.231,19.525813881153656,0,13.742764863555555,13.742735,13.742735,13.742735,,,,,-0.07107006743331408,26,
19:30:23.471,,,,,,,,1388,1.4,,,,
19:30:23.710,,,,,,,89,,,,,,
19:30:23.952,19.527084245989037,0,13.747562352222221,13.747532,13.747532,13.747532,,,,,-0.07099135275286181,24,
19:30:24.188,,,,,,,,1383,1.4,,,,
19:30:24.436,19.527747852858518,0,13.750657032249999,13.750627,13.750627,13.750627,,,,,-0.07070980917017296,23,
19:30:24.668,,,,,,,,1384,1.4,,,,
19:30:24.905,,,,,,,89,,,,,,
19:30:25.151,19.528445875391636,0,13.755032185694443,13.755002,13.755002,13.755002,,,,,-0.05916535741260274,22,
19:30:25.388,,,,,,,,1386,1.4,,,,
19:30:25.629,19.528917605972254,0,13.757990357638887,13.75796,13.75796,13.75796,,,,,-0.04724862906800038,22,
19:30:25.872,,,,,,,,1384,1.4,,,,
19:30:26.117,,,,,,,89,,,,,,
19:30:26.354,19.529899763774637,0,13.762576461805553,13.762546,13.762546,13.762546,,,,,,23,
19:30:26.591,,,,,,,,1386,1.4,,,,
19:30:26.828,19.530735319522943,0,13.765738377805553,13.765708,13.765708,13.765708,,,,,,24,
19:30:27.073,,,,,,,,1384,1.4,,,,
19:30:27.306,,,,,,,89,,,,,,
19:30:27.549,19.53228749232705,0,13.770740511833331,13.77071,13.77071,13.77071,,,,,0.035444494879241006,25,
19:30:27.789,,,,,,,,1385,1.4,,,,
19:30:28.029,19.533511726273773,0,13.774210863277776,13.77418,13.77418,13.77418,,,,,0.04721723677704685,26,
19:30:28.273,,,,,,,,1385,1.4,,,,
19:30:28.508,,,,,,,89,,,,,,
19:30:28.746,19.53590059836047,0,13.779783446611109,13.779753,13.779753,13.779753,,,,,0.05921840961950505,28,
19:30:28.993,,,,,,,,1384,1.4,,,,
19:30:29.262,19.537826666696574,0,13.783947226333332,13.783917,13.783917,13.783917,,,,,0.058182874423075404,29,
19:30:29.497,,,,,,,,1386,1.4,,,,
19:30:29.743,,,,,,,89,,,,,,
19:30:29.977,19.54077150063342,0,13.789906313833333,13.789876,13.789876,13.789876,,,,,0.05830779364366846,30,
19:30:30.226,,,,,,,,1383,1.4,,,,
19:30:30.460,19.54313542405344,0,13.794191742277777,13.794161,13.794161,13.794161,,,,,0.06992330412372169,32,
19:30:30.703,,,,,,,,1646,1.6,,,,
19:30:30.944,,,,,,,89,,,,,,
19:30:31.187,19.547307456525207,0,13.801119295166666,13.801089,13.801089,13.801089,,,,,0.06961226041157294,34,
19:30:31.418,,,,,,,,2150,2.2,,,,
19:30:31.662,19.55034226452392,0,13.805808554166665,13.805778,13.805778,13.805778,,,,,0.08262889372119409,36,
19:30:31.897,,,,,,,,2292,2.3,,,,
19:30:32.137,,,,,,,89,,,,,,
19:30:32.379,19.555544337124942,0,13.813376911777777,13.813346,13.813346,13.813346,,,,,0.094357342766246,38,
19:30:32.619,,,,,,,,1907,1.9,,,,
19:30:32.864,19.559059354603257,0,13.818493234944443,13.818462,13.818462,13.818462,,,,,0.07069207970669932,38,
19:30:33.099,,,,,,,,1639,1.6,,,,
19:30:33.337,,,,,,,89,,,,,,
19:30:33.588,19.564312087324478,0,13.82614254522222,13.826111,13.826111,13.826111,,,,,0.04718031377199447,38,
19:30:33.818,,,,,,,,1412,1.4,,,,
19:30:34.065,19.567578390201422,0,13.83104187761111,13.83101,13.83101,13.83101,,,,,0.011787224100841775,37,
19:30:34.300,,,,,,,,1376,1.4,,,,
19:30:34.537,,,,,,,88,,,,,,
19:30:34.784,19.572220456086658,0,13.83823227261111,13.8382,13.8382,13.8382,,,,,-0.02355415961965523,36,
19:30:35.023,,,,,,,,1746,1.7,,,,
19:30:35.261,19.57495560052723,0,13.842790358888887,13.842758,13.842758,13.842758,,,,,-0.047269338553929195,34,
19:30:35.503,,,,,,,,1628,1.6,,,,
19:30:35.738,,,,,,,88,,,,,,
19:30:35.983,19.578169197666753,0,13.848958300583332,13.848926,13.848926,13.848926,,,,,-0.08280024127194768,31,
19:30:36.217,,,,,,,,1405,1.4,,,,
19:30:36.458,19.579739550910023,0,13.852652113472221,13.85262,13.85262,13.85262,,,,,-0.10653779719340715,28,
19:30:36.711,,,,,,,,1378,1.4,,,,
19:30:36.936,,,,,,,88,,,,,,
19:30:37.187,19.580432566052703,0,13.85711025336111,13.857078,13.857078,13.857078,,,,,-0.16500476096887529,22,
19:30:37.418,,,,,,,,1537,1.5,,,,
19:30:37.657,19.580325570613798,0,13.85958937336111,13.859557,13.859557,13.859557,,,,,-0.17729073002038584,19,
19:30:37.903,,,,,,,,1030,1,,,,
19:30:38.140,,,,,,,88,,,,,,
19:30:38.377,19.57931496486771,0,13.86278703336111,13.862755,13.862755,13.862755,,,,,-0.17750696549756878,16,
19:30:38.630,,,,,,,,0,0,,,,
19:30:38.859,19.578448791955253,0,13.864796267527778,13.864764,13.864764,13.864764,,,,,-0.15336972137550453,15,
19:30:39.097,,,,,,,,0,0,,,,
19:30:39.339,,,,,,,88,,,,,,
19:30:39.576,19.577442766549918,0,13.86798260263889,13.86795,13.86795,13.86795,,,,,,16,
19:30:39.822,,,,,,,,0,0,,,,
19:30:40.059,19.576954562461182,0,13.870263999805557,13.870231,13.870231,13.870231,,,,,,17,
19:30:40.302,,,,,,,,0,0,,,,
19:30:40.541,,,,,,,88,,,,,,
19:30:40.782,19.576790951876127,0,13.874082441416668,13.874049,13.874049,13.874049,,,,,,19,
19:30:41.024,,,,,,,,0,0,,,,
19:30:41.292,19.576875515378273,0,13.876915186972223,13.876882,13.876882,13.876882,,,,,0.05821384704340221,20,
19:30:41.531,,,,,,,,0,0,,,,
19:30:41.803,,,,,,,87,,,,,,
19:30:42.044,19.57758951674743,0,13.881511647583334,13.881478,13.881478,13.881478,,,,,0.06884582016631056,22,
19:30:42.289,,,,,,,,0,0,,,,
19:30:42.545,19.577868701935245,0,13.884434786916668,13.884401,13.884401,13.884401,,,,,,21,
19:30:42.793,,,,,,,,0,0,,,,
19:30:43.060,,,,,,,87,,,,,,
19:30:43.300,19.57769790876507,0,13.888418482083335,13.888385,13.888385,13.888385,,,,,,19,
19:30:43.541,,,,,,,,0,0,,,,
19:30:43.811,19.576981859398675,0,13.890690634083334,13.890657,13.890657,13.890657,,,,,-0.04497258063449231,16,
19:30:44.049,,,,,,,,0,0,,,,
19:30:44.317,,,,,,,87,,,,,,
19:30:44.561,19.575345320855494,0,13.893606453361112,13.893573,13.893573,13.893573,,,,,-0.09005064767043516,14,
19:30:44.802,,,,,,,,0,0,,,,
19:30:45.071,19.57363516497673,0,13.89516374138889,13.89513,13.89513,13.89513,,,,,-0.1121782554453628,11,
19:30:45.312,,,,,,,,0,0,,,,
19:30:45.582,,,,,,,86,,,,,,
19:30:45.822,19.569649597646812,0,13.89641476338889,13.896381,13.896381,13.896381,,,,,-0.14601946102890845,6,
19:30:46.064,,,,,,,,0,0,,,,
19:30:46.297,19.567124075056093,0,13.897207875222223,13.897174,13.897174,13.897174,,,,,-0.11392461821580839,6,
19:30:46.539,,,,,,,,0,0,,,,
19:30:46.780,,,,,,,86,,,,,,
19:30:47.021,19.563283702988507,0,13.898414466722224,13.898381,13.898381,13.898381,,,,,-0.09210732555551665,6,
19:30:47.261,,,,,,,,0,0,,,,
19:30:47.529,19.560786882944733,0,13.899403001472225,13.89937,13.89937,13.89937,,,,,,7,
19:30:47.773,,,,,,,,0,0,,,,
19:30:48.042,,,,,,,86,,,,,,
19:30:48.280,19.5579827653506,0,13.901487683416669,13.901455,13.901455,13.901455,,,,,0.04609150700477743,10,
19:30:48.519,,,,,,,,0,0,,,,
19:30:48.792,19.556671496344897,0,13.903335628000002,13.903303,13.903303,13.903303,,,,,0.07949797312900411,13,
19:30:49.031,,,,,,,,0,0,,,,
19:30:49.304,,,,,,,85,,,,,,
19:30:49.538,19.55563496300532,0,13.90665159466667,13.906619,13.906619,13.906619,,,,,0.11253165728585907,16,
19:30:49.774,,,,,,,,0,0,,,,
19:30:50.021,19.555153063694156,0,13.908931616250003,13.908899,13.908899,13.908899,,,,,0.11368228239930862,17,
19:30:50.265,,,,,,,,0,0,,,,
19:30:50.501,,,,,,,85,,,,,,
19:30:50.742,19.555278398265862,0,13.912940700694447,13.912908,13.912908,13.912908,,,,,0.11503568368649779,20,
19:30:50.982,,,,,,,,1814,1.8,,,,
19:30:51.245,19.55575784685775,0,13.916010962638891,13.915978,13.915978,13.915978,,,,,0.10390382090754234,22,
19:30:51.491,,,,,,,,1833,1.8,,,,
19:30:51.729,,,,,,,85,,,,,,
19:30:51.980,19.557032307084842,0,13.920909929305559,13.920877,13.920877,13.920877,,,,,0.09280321407067008,24,
19:30:52.210,,,,,,,,1944,1.9,,,,
19:30:52.447,19.558023784513214,0,13.924152062638893,13.924119,13.924119,13.924119,,,,,0.09341383293576092,25,
19:30:52.690,,,,,,,,1946,1.9,,,,
19:30:52.925,,,,,,,85,,,,,,
19:30:53.170,19.560127471222994,0,13.929587357638892,13.929554,13.929554,13.929554,,,,,0.08165553591989003,27,
19:30:53.408,,,,,,,,1964,2,,,,
19:30:53.648,19.56169611182632,0,13.933294104194449,13.933261,13.933261,13.933261,,,,,0.0707252252634345,28,
19:30:53.893,,,,,,,,1938,1.9,,,,
19:30:54.127,,,,,,,85,,,,,,
19:30:54.367,19.564646002302656,0,13.939334525861115,13.939301,13.939301,13.939301,,,,,0.07119035935039737,30,
19:30:54.619,,,,,,,,2000,2,,,,
19:30:54.848,19.566765771758323,0,13.943429501000004,13.943396,13.943396,13.943396,,,,,0.070763616663652,31,
19:30:55.092,,,,,,,,1995,2,,,,
19:30:55.329,,,,,,,85,,,,,,
19:30:55.566,19.570523113957872,0,13.950008898916671,13.949975,13.949975,13.949975,,,,,0.07093546939250488,33,
19:30:55.812,,,,,,,,2128,2.1,,,,
19:30:56.046,19.57322314713073,0,13.954544666083338,13.954511,13.954511,13.954511,,,,,0.0708609462506433,34,
19:30:56.294,,,,,,,,1764,1.8,,,,
19:30:56.537,,,,,,,85,,,,,,
19:30:56.775,19.577326906623913,0,13.961441795583339,13.961408,13.961408,13.961408,,,,,0.047053960749643665,34,
19:30:57.022,,,,,,,,988,1,,,,
19:30:57.248,19.580159050283836,0,13.966026172388894,13.965992,13.965992,13.965992,,,,,0.0472118792708485,35,
19:30:57.487,,,,,,,,0,0,,,,
19:30:57.731,,,,,,,85,,,,,,
19:30:57.968,19.584759726044137,0,13.973222874388894,13.973189,13.973189,13.973189,,,,,0.03538127209482905,36,
19:30:58.211,,,,,,,,0,0,,,,
19:30:58.448,19.58782780286255,0,13.978024419388893,13.977991,13.977991,13.977991,,,,,0.023588224812567584,36,
19:30:58.688,,,,,,,,0,0,,,,
19:30:58.940,,,,,,,85,,,,,,
19:30:59.170,19.59271731929097,0,13.985440871027782,13.985407,13.985407,13.985407,,,,,0.03548689059787706,37,
19:30:59.412,,,,,,,,0,0,,,,
19:30:59.679,19.596367593609667,0,13.990820930027782,13.990787,13.990787,13.990787,,,,,0.034962379917703644,38,
19:30:59.921,,,,,,,,0,0,,,,
19:31:00.193,,,,,,,86,,,,,,
19:31:00.431,19.6020442953399,0,13.998969330027782,13.998935,13.998935,13.998935,,,,,0.03449927222064682,39,
19:31:00.666,,,,,,,,0,0,,,,
19:31:00.910,19.605650545037438,0,14.004148258111115,14.004114,14.004114,14.004114,,,,,0.03452352707200496,39,
19:31:01.150,,,,,,,,0,0,,,,
19:31:01.391,,,,,,,85,,,,,,
19:31:01.630,19.61110687592393,0,14.011987746694448,14.011953,14.011953,14.011953,,,,,0.023022889761571193,39,
19:31:01.866,,,,,,,,0,0,,,,
19:31:02.109,19.614690863461366,0,14.017139511277781,14.017105,14.017105,14.017105,,,,,0.011657004789809956,39,
19:31:02.354,,,,,,,,0,0,,,,
19:31:02.593,,,,,,,85,,,,,,
19:31:02.831,19.619857136867534,0,14.024772419277781,14.024738,14.024738,14.024738,,,,,-0.011801136107618487,38,
19:31:03.072,,,,,,,,0,0,,,,
19:31:03.340,19.623295257364223,0,14.030005475222225,14.029971,14.029971,14.029971,,,,,-0.023304733369496997,37,
19:31:03.582,,,,,,,,0,0,,,,
19:31:03.853,,,,,,,85,,,,,,
19:31:04.092,19.628073370031156,0,14.037517292222224,14.037483,14.037483,14.037483,,,,,-0.03452336437176948,36,
19:31:04.330,,,,,,,,0,0,,,,
19:31:04.601,19.63111507569138,0,14.04247128652778,14.042437,14.042437,14.042437,,,,,-0.045456668745146304,35,
19:31:04.843,,,,,,,,0,0,,,,
19:31:05.112,,,,,,,85,,,,,,
19:31:05.350,19.634708573035137,0,14.049123428750002,14.049089,14.049089,14.049089,,,,,-0.06748749889428209,32,
19:31:05.593,,,,,,,,0,0,,,,
19:31:05.861,19.6365685554542,0,14.053245320388891,14.053211,14.053211,14.053211,,,,,-0.08989014650035537,29,
19:31:06.132,,,,,,,,0,0,,,,
19:31:06.401,,,,,,,85,,,,,,
19:31:06.641,19.637888793632847,0,14.058443817722225,14.058409,14.058409,14.058409,,,,,-0.13332952754359337,24,
19:31:06.886,,,,,,,,0,0,,,,
19:31:07.153,19.638556929011973,0,14.061716538833336,14.061682,14.061682,14.061682,,,,,-0.13318734197517332,23,
19:31:07.394,,,,,,,,0,0,,,,
19:31:07.661,,,,,,,85,,,,,,
19:31:07.902,19.639532886259587,0,14.066499399694447,14.066465,14.066465,14.066465,,,,,-0.0998682520983192,23,
19:31:08.144,,,,,,,,0,0,,,,
19:31:08.412,19.640197699159163,0,14.069759030611113,14.069725,14.069725,14.069725,,,,,-0.06662517330815247,23,
19:31:08.652,,,,,,,,0,0,,,,
19:31:08.924,,,,,,,85,,,,,,
19:31:09.162,19.64117461161044,0,14.074551251833336,14.074517,14.074517,14.074517,,,,,-0.011235032897596043,23,
19:31:09.431,,,,,,,,0,0,,,,
19:31:09.703,19.641878315864076,0,14.078004984222225,14.077971,14.077971,14.077971,,,,,0,23,
19:31:09.940,,,,,,,,0,0,,,,
19:31:10.212,,,,,,,85,,,,,,
19:31:10.452,19.64314325215736,0,14.082999170222225,14.082965,14.082965,14.082965,,,,,0.01110942694329439,24,
19:31:10.692,,,,,,,,0,0,,,,
19:31:10.961,19.644001638784776,0,14.086389880222224,14.086356,14.086356,14.086356,,,,,0.01111507368009196,24,
19:31:11.201,,,,,,,,0,0,,,,
19:31:11.472,,,,,,,84,,,,,,
19:31:11.707,19.645270057839337,0,14.09140270488889,14.091369,14.091369,14.091369,,,,,0.011131209332138849,24,
19:31:11.949,,,,,,,,0,0,,,,
19:31:12.191,19.646273676347242,0,14.094764325722224,14.094731,14.094731,14.094731,,,,,0.022768274624269565,25,
19:31:12.434,,,,,,,,0,0,,,,
19:31:12.674,,,,,,,84,,,,,,
19:31:12.911,19.648031597682348,0,14.099926612,14.099893,14.099893,14.099893,,,,,0.02303457820312004,26,
19:31:13.152,,,,,,,,1303,1.3,,,,
19:31:13.419,19.6494739374123,0,14.103728599750001,14.103695,14.103695,14.103695,,,,,0.03456738153796958,27,
19:31:13.657,,,,,,,,1811,1.8,,,,
19:31:13.902,,,,,,,84,,,,,,
19:31:14.138,19.652633879771933,0,14.10992484788889,14.109891,14.109891,14.109891,,,,,0.08154805232230933,31,
19:31:14.384,,,,,,,,2158,2.2,,,,
19:31:14.621,19.6551270668527,0,14.114351325805556,14.114317,14.114317,14.114317,,,,,0.09324243898919729,33,
19:31:14.862,,,,,,,,2466,2.5,,,,
19:31:15.104,,,,,,,83,,,,,,
19:31:15.338,19.65965698675505,0,14.121517987805555,14.121484,14.121484,14.121484,,,,,0.11672639993730463,36,
19:31:15.579,,,,,,,,2793,2.8,,,,
19:31:15.821,19.663083464316465,0,14.126618462861112,14.126584,14.126584,14.126584,,,,,0.12969853555499436,38,
19:31:16.057,,,,,,,,2598,2.6,,,,
19:31:16.301,,,,,,,84,,,,,,
19:31:16.541,19.66874041902022,0,14.134614319527778,14.13458,14.13458,14.13458,,,,,0.10611398000143109,40,
19:31:16.779,,,,,,,,2086,2.1,,,,
19:31:17.030,19.672582291669606,0,14.140047175083334,14.140013,14.140013,14.140013,,,,,0.082324905784473,40,
19:31:17.267,,,,,,,,2114,2.1,,,,
19:31:17.507,,,,,,,84,,,,,,
19:31:17.739,19.67869874240035,0,14.14831933175,14.148285,14.148285,14.148285,,,,,0.07078935105294644,42,
19:31:17.977,,,,,,,,1996,2,,,,
19:31:18.224,19.682878961352916,0,14.153975451916667,14.153941,14.153941,14.153941,,,,,0.04716129578615404,42,
19:31:18.459,,,,,,,,1975,2,,,,
19:31:18.700,,,,,,,85,,,,,,
19:31:18.943,19.68935758338081,0,14.162569280222222,14.162535,14.162535,14.162535,,,,,0.03537305968229816,43,
19:31:19.178,,,,,,,,1877,1.9,,,,
19:31:19.422,19.6938772374994,0,14.168454364555554,14.16842,14.16842,14.16842,,,,,0.047366657013160465,44,
19:31:19.660,,,,,,,,1793,1.8,,,,
19:31:19.899,,,,,,,85,,,,,,
19:31:20.151,19.700694621179696,0,14.177335485888888,14.177301,14.177301,14.177301,,,,,0.02348289178156873,44,
19:31:20.378,,,,,,,,1746,1.7,,,,
19:31:20.619,19.70531947126989,0,14.183256472138888,14.183222,14.183222,14.183222,,,,,0.03547308406187594,45,
19:31:20.871,,,,,,,,1696,1.7,,,,
19:31:21.097,,,,,,,85,,,,,,
19:31:21.343,19.71234120837137,0,14.192250224638888,14.192216,14.192216,14.192216,,,,,0.023605766516219706,45,
19:31:21.581,,,,,,,,1564,1.6,,,,
19:31:21.825,19.717051428713404,0,14.198286083388888,14.198252,14.198252,14.198252,,,,,0.011785536503833436,45,
19:31:22.070,,,,,,,,1488,1.5,,,,
19:31:22.299,,,,,,,85,,,,,,
19:31:22.540,19.724064240268074,0,14.207276739638889,14.207243,14.207243,14.207243,,,,,0.011858297486398241,45,
19:31:22.779,,,,,,,,1420,1.4,,,,
19:31:23.022,19.728698097654203,0,14.213220235888889,14.213186,14.213186,14.213186,,,,,0,45,
19:31:23.263,,,,,,,,1489,1.5,,,,
19:31:23.506,,,,,,,86,,,,,,
19:31:23.738,19.735674112389567,0,14.222171950888889,14.222138,14.222138,14.222138,,,,,0,45,
19:31:23.992,,,,,,,,1535,1.5,,,,
19:31:24.219,19.740167045347928,0,14.228044258111112,14.22801,14.22801,14.22801,,,,,-0.011834747503147391,44,
19:31:24.458,,,,,,,,0,0,,,,
19:31:24.699,,,,,,,86,,,,,,
19:31:24.938,19.746610913598413,0,14.236632875055555,14.236599,14.236599,14.236599,,,,,-0.023626580644618804,43,
19:31:25.186,,,,,,,,0,0,,,,
19:31:25.418,19.75091127320092,0,14.242367196194444,14.242333,14.242333,14.242333,,,,,-0.023647019897156934,43,
19:31:25.657,,,,,,,,0,0,,,,
19:31:25.900,,,,,,,86,,,,,,
19:31:26.139,19.75709182912924,0,14.250782703527777,14.250749,14.250749,14.250749,,,,,-0.035394318756101606,42,
19:31:26.380,,,,,,,,0,0,,,,
19:31:26.653,19.761297466308818,0,14.256638734666666,14.256605,14.256605,14.256605,,,,,-0.03491074723319791,41,
19:31:26.893,,,,,,,,0,0,,,,
19:31:27.162,,,,,,,86,,,,,,
19:31:27.401,19.766840076703918,0,14.264747038333333,14.264713,14.264713,14.264713,,,,,-0.045991426425966084,39,
19:31:27.676,,,,,,,,0,0,,,,
19:31:27.940,19.770622941816058,0,14.270437656555554,14.270404,14.270404,14.270404,,,,,-0.056145935407131364,38,
19:31:28.184,,,,,,,,0,0,,,,
19:31:28.455,,,,,,,86,,,,,,
19:31:28.687,19.775573776463485,0,14.278113963305554,14.27808,14.27808,14.27808,,,,,-0.05558799379751472,37,
19:31:28.932,,,,,,,,0,0,,,,
19:31:29.202,19.77878431842892,0,14.283258416305554,14.283224,14.283224,14.283224,,,,,-0.05556429645243155,36,
19:31:29.443,,,,,,,,0,0,,,,
19:31:29.710,,,,,,,86,,,,,,
19:31:29.955,19.78290628910332,0,14.290377116249998,14.290343,14.290343,14.290343,,,,,-0.0554501412208915,34,
19:31:30.192,,,,,,,,0,0,,,,
19:31:30.464,19.785293290286674,0,14.294894356249998,14.29486,14.29486,14.29486,,,,,-0.06735400964706031,32,
19:31:30.705,,,,,,,,0,0,,,,
19:31:30.970,,,,,,,86,,,,,,
19:31:31.212,19.787944121364703,0,14.300923587555554,14.300889,14.300889,14.300889,,,,,-0.08973955503590063,29,
19:31:31.454,,,,,,,,0,0,,,,
19:31:31.723,19.789360848206336,0,14.304757476555553,14.304723,14.304723,14.304723,,,,,-0.10110119661163675,27,
19:31:31.963,,,,,,,,0,0,,,,
19:31:32.230,,,,,,,86,,,,,,
19:31:32.470,19.79056941489687,0,14.309738369888887,14.309704,14.309704,14.309704,,,,,-0.11262931881041158,24,
19:31:32.714,,,,,,,,0,0,,,,
19:31:32.982,19.79100427174641,0,14.312869834611108,14.312835,14.312835,14.312835,,,,,-0.11247554707513432,22,
19:31:33.223,,,,,,,,0,0,,,,
19:31:33.492,,,,,,,85,,,,,,
19:31:33.730,19.790777501527533,0,14.316810269944442,14.316775,14.316775,14.316775,,,,,-0.11249780214958935,19,
19:31:33.970,,,,,,,,0,0,,,,
19:31:34.220,19.79044016971704,0,14.319263585444443,14.319228,14.319228,14.319228,,,,,-0.10208140781026463,18,
19:31:34.448,,,,,,,,0,0,,,,
19:31:34.693,,,,,,,85,,,,,,
19:31:34.931,19.789132311339273,0,14.322227463777775,14.322192,14.322192,14.322192,,,,,-0.10358633755800756,15,
19:31:35.172,,,,,,,,0,0,,,,
19:31:35.440,19.787807711435036,0,14.324063504694442,14.324028,14.324028,14.324028,,,,,-0.10371860352184088,13,
19:31:35.683,,,,,,,,0,0,,,,
19:31:35.951,,,,,,,85,,,,,,
19:31:36.191,19.785563760785585,0,14.326567151361107,14.326532,14.326532,14.326532,,,,,-0.08056660145327853,12,
19:31:36.432,,,,,,,,0,0,,,,
19:31:36.701,19.783843286904464,0,14.328127242249996,14.328092,14.328092,14.328092,,,,,-0.07991808220429493,11,
19:31:36.942,,,,,,,,0,0,,,,
19:31:37.212,,,,,,,85,,,,,,
19:31:37.453,19.78131156249083,0,14.330424070361108,14.330389,14.330389,14.330389,,,,,-0.04492905602381481,11,
19:31:37.691,,,,,,,,0,0,,,,
19:31:37.962,19.779599245672333,0,14.331978267388886,14.331943,14.331943,14.331943,,,,,-0.022463134862828173,11,
19:31:38.204,,,,,,,,0,0,,,,
19:31:38.470,,,,,,,85,,,,,,
19:31:38.715,19.777353733105148,0,14.334488728722219,14.334453,14.334453,14.334453,,,,,,12,
19:31:38.952,,,,,,,,0,0,,,,
19:31:39.180,,,,,,,,,,,,,
19:31:39.190,,,,,,,,,,47,,,
19:31:39.433,19.774940508876302,0,14.336681332749997,14.336646,14.336646,14.336646,,,,,,11,
19:31:39.674,,,,,,,,0,0,,,,
19:31:39.940,,,,,,,84,,,,,,
19:31:40.180,19.771842706109638,0,14.338557794499996,14.338522,14.338522,14.338522,,,,,,9,
19:31:40.429,,,,,,,,0,0,,,,
19:31:40.689,19.76975810215548,0,14.339821129249996,14.339785,14.339785,14.339785,,,,,-0.020773042161269954,9,
19:31:40.931,,,,,,,,0,0,,,,
19:31:41.173,,,,,,,84,,,,,,
19:31:41.414,19.76676706656066,0,14.341634644249996,14.341599,14.341599,14.341599,,,,,-0.03148486295270892,9,
19:31:41.648,,,,,,,,0,0,,,,
19:31:41.924,19.764860600910275,0,14.343051174805552,14.343016,14.343016,14.343016,,,,,,10,
19:31:42.164,,,,,,,,0,0,,,,
19:31:42.434,,,,,,,83,,,,,,
19:31:42.703,19.762545355643734,0,14.345648473472218,14.345613,14.345613,14.345613,,,,,0.03367097326584823,12,
19:31:42.949,,,,,,,,0,0,,,,
19:31:43.210,19.761235385286184,0,14.347476809722219,14.347441,14.347441,14.347441,,,,,0.04494388230347977,13,
19:31:43.449,,,,,,,,0,0,,,,
19:31:43.723,,,,,,,83,,,,,,
19:31:43.961,19.759578656601537,0,14.350400626499995,14.350365,14.350365,14.350365,,,,,0.055602181307101026,14,
19:31:44.204,,,,,,,,0,0,,,,
19:31:44.470,19.758652393940785,0,14.352521075249996,14.352485,14.352485,14.352485,,,,,0.0556219349718107,15,
19:31:44.714,,,,,,,,0,0,,,,
19:31:44.983,,,,,,,83,,,,,,
19:31:45.225,19.758144955198627,0,14.356294818249996,14.356259,14.356259,14.356259,,,,,0.0674009581225957,18,
19:31:45.461,,,,,,,,0,0,,,,
19:31:45.733,19.7579974048983,0,14.358982155555552,14.358946,14.358946,14.358946,,,,,0.06735856646563312,19,
19:31:45.974,,,,,,,,0,0,,,,
19:31:46.243,,,,,,,83,,,,,,
19:31:46.483,19.758066771827615,0,14.36314957944444,14.363113,14.363113,14.363113,,,,,0.06738157887217996,20,
19:31:46.723,,,,,,,,0,0,,,,
19:31:46.991,19.758501115395752,0,14.366248588055551,14.366212,14.366212,14.366212,,,,,0.07864384529764523,22,
19:31:47.231,,,,,,,,0,0,,,,
19:31:47.499,,,,,,,83,,,,,,
19:31:47.742,19.75943114630092,0,14.371048058749995,14.371011,14.371011,14.371011,,,,,0.05625309905559053,23,
19:31:47.982,,,,,,,,0,0,,,,
19:31:48.252,19.760061032731144,0,14.374300183999996,14.374263,14.374263,14.374263,,,,,0.04498613886813341,23,
19:31:48.493,,,,,,,,0,0,,,,
19:31:48.763,,,,,,,83,,,,,,
19:31:49.001,19.76070177448513,0,14.378879411277774,14.378842,14.378842,14.378842,,,,,,22,
19:31:49.239,,,,,,,,0,0,,,,
19:31:49.515,19.760944903763807,0,14.38187780469444,14.38184,14.38184,14.38184,,,,,-0.01122454015999263,21,
19:31:49.750,,,,,,,,1110,1.1,,,,
19:31:50.017,,,,,,,82,,,,,,
19:31:50.257,19.760441521161287,0,14.385623711694441,14.385586,14.385586,14.385586,,,,,-0.05631431904634705,18,
19:31:50.501,,,,,,,,1533,1.5,,,,
19:31:50.738,19.759582218496394,0,14.38759522919444,14.387558,14.387558,14.387558,,,,,-0.09114226058412253,15,
19:31:50.982,,,,,,,,1535,1.5,,,,
19:31:51.250,,,,,,,82,,,,,,
19:31:51.487,19.75679476365872,0,14.38967545808333,14.389638,14.389638,14.389638,,,,,-0.13673734213141447,10,
19:31:51.730,,,,,,,,1535,1.5,,,,
19:31:51.967,19.754639473343016,0,14.390743826305552,14.390706,14.390706,14.390706,,,,,-0.15014252750267848,8,
19:31:52.209,,,,,,,,1535,1.5,,,,
19:31:52.451,,,,,,,82,,,,,,
19:31:52.692,19.75083721663009,0,14.391952412638886,14.391915,14.391915,14.391915,,,,,-0.1396163000592779,6,
19:31:52.933,,,,,,,,0,0,,,,
19:31:53.205,19.747958470744724,0,14.392663586249997,14.392626,14.392626,14.392626,,,,,-0.11482805926070638,5,
19:31:53.439,,,,,,,,0,0,,,,
19:31:53.680,,,,,,,82,,,,,,
19:31:53.921,19.743932525433614,0,14.393658633055553,14.393621,14.393621,14.393621,,,,,-0.0581783428600483,5,
19:31:54.157,,,,,,,,0,0,,,,
19:31:54.405,19.741026958027422,0,14.394196897166664,14.394159,14.394159,14.394159,,,,,-0.0464715018115977,4,
19:31:54.636,,,,,,,,0,0,,,,
19:31:54.879,,,,,,,82,,,,,,
19:31:55.121,19.73673406677847,0,14.394992530499996,14.394955,14.394955,14.394955,,,,,-0.023322617198609168,4,
19:31:55.360,,,,,,,,0,0,,,,
19:31:55.633,19.733668466629236,0,14.395560966611107,14.395523,14.395523,14.395523,,,,,-0.011666240192430392,4,
19:31:55.872,,,,,,,,0,0,,,,
19:31:56.138,,,,,,,82,,,,,,
19:31:56.384,19.728879300721502,0,14.396187486777775,14.39615,14.39615,14.39615,,,,,-0.022997401932049834,3,
19:31:56.624,,,,,,,,0,0,,,,
19:31:56.892,19.72564616004559,0,14.396610650111109,14.396573,14.396573,14.396573,,,,,-0.011390707630779333,3,
19:31:57.130,,,,,,,,0,0,,,,
19:31:57.403,,,,,,,81,,,,,,
19:31:57.650,19.720787914958475,0,14.397246819777775,14.397209,14.397209,14.397209,,,,,-0.011198065368976025,3,
19:31:57.876,,,,,,,,0,0,,,,
19:31:58.122,19.717992490281162,0,14.397766176666664,14.397728,14.397728,14.397728,,,,,,4,
19:31:58.362,,,,,,,,0,0,,,,
19:31:58.599,,,,,,,81,,,,,,
19:31:58.842,19.713695659770405,0,14.39856483733333,14.398527,14.398527,14.398527,,,,,0.01152737620232204,4,
19:31:59.081,,,,,,,,0,0,,,,
19:31:59.353,19.71083684171512,0,14.39927452997222,14.399237,14.399237,14.399237,,,,,0.023022988005110743,5,
19:31:59.592,,,,,,,,0,0,,,,
19:31:59.865,,,,,,,81,,,,,,
19:32:00.101,19.70693835244066,0,14.400521174638886,14.400484,14.400484,14.400484,,,,,0.03467960475857177,6,
19:32:00.344,,,,,,,,0,0,,,,
19:32:00.609,19.704676521304712,0,14.40165083997222,14.401614,14.401614,14.401614,,,,,0.04555076286143012,8,
19:32:00.853,,,,,,,,0,0,,,,
19:32:01.123,,,,,,,81,,,,,,
19:32:01.361,19.701616802747697,0,14.40353153147222,14.403495,14.403495,14.403495,,,,,0.05620414298110211,9,
19:32:01.602,,,,,,,,0,0,,,,
19:32:01.873,19.69972945474997,0,14.404954055083332,14.404918,14.404918,14.404918,,,,,0.0561865079951148,10,
19:32:02.111,,,,,,,,0,0,,,,
19:32:02.378,,,,,,,81,,,,,,
19:32:02.619,19.697265905402908,0,14.407232417555553,14.407196,14.407196,14.407196,,,,,0.056238336286001916,11,
19:32:02.863,,,,,,,,0,0,,,,
19:32:03.133,19.695764005498255,0,14.40894536922222,14.408909,14.408909,14.408909,,,,,0.04489198417116849,12,
19:32:03.373,,,,,,,,0,0,,,,
19:32:03.643,,,,,,,81,,,,,,
19:32:03.881,19.6938620452572,0,14.41164763083333,14.411611,14.411611,14.411611,,,,,0.04496359988254568,13,
19:32:04.124,,,,,,,,0,0,,,,
19:32:04.390,19.69257052884962,0,14.413483463388886,14.413447,14.413447,14.413447,,,,,0.03377053485377502,13,
19:32:04.631,,,,,,,,0,0,,,,
19:32:04.900,,,,,,,81,,,,,,
19:32:05.143,19.69094434578727,0,14.416411521388886,14.416375,14.416375,14.416375,,,,,0.03367343767005867,14,
19:32:05.383,,,,,,,,0,0,,,,
19:32:05.652,19.689844941237837,0,14.418392025555553,14.418356,14.418356,14.418356,,,,,0.022489962835975357,14,
19:32:05.892,,,,,,,,0,0,,,,
19:32:06.162,,,,,,,82,,,,,,
19:32:06.404,19.688506753535137,0,14.421527103055553,14.421491,14.421491,14.421491,,,,,0.02245648148602384,15,
19:32:06.639,,,,,,,,0,0,,,,
19:32:06.878,19.687845388081296,0,14.423628883055553,14.423593,14.423593,14.423593,,,,,0.03415481141357232,16,
19:32:07.129,,,,,,,,0,0,,,,
19:32:07.362,,,,,,,82,,,,,,
19:32:07.602,19.687106879897375,0,14.42705179433333,14.427016,14.427016,14.427016,,,,,0.03455114520191088,17,
19:32:07.843,,,,,,,,0,0,,,,
19:32:08.112,19.686780869705796,0,14.429601210333331,14.429565,14.429565,14.429565,,,,,0.046057875024244854,18,
19:32:08.353,,,,,,,,0,0,,,,
19:32:08.621,,,,,,,82,,,,,,
19:32:08.860,19.68658627775057,0,14.433548172694442,14.433512,14.433512,14.433512,,,,,0.046138225336239506,19,
19:32:09.099,,,,,,,,0,0,,,,
19:32:09.375,19.686647419509228,0,14.436409301027775,14.436373,14.436373,14.436373,,,,,0.04537256871852285,20,
19:32:09.613,,,,,,,,0,0,,,,
19:32:09.883,,,,,,,83,,,,,,
19:32:10.127,19.68702121294833,0,14.440793403361107,14.440757,14.440757,14.440757,,,,,0.04487573103284587,21,
19:32:10.358,,,,,,,,0,0,,,,
19:32:10.597,19.687255170096666,0,14.44353868144444,14.443502,14.443502,14.443502,,,,,0.034188083280361534,21,
19:32:10.843,,,,,,,,0,0,,,,
19:32:11.083,,,,,,,83,,,,,,
19:32:11.322,19.687889605039338,0,14.447967517944441,14.447931,14.447931,14.447931,,,,,0.034515058879375705,22,
19:32:11.562,,,,,,,,0,0,,,,
19:32:11.832,19.688335858837146,0,14.45108416383333,14.451048,14.451048,14.451048,,,,,0.02305786309105583,22,
19:32:12.073,,,,,,,,0,0,,,,
19:32:12.343,,,,,,,83,,,,,,
19:32:12.581,19.68927473900425,0,14.455871636194441,14.455835,14.455835,14.455835,,,,,0.023083314944799368,23,
19:32:12.822,,,,,,,,0,0,,,,
19:32:13.089,19.690102491165472,0,14.459255860861107,14.459219,14.459219,14.459219,,,,,0.03410903248271998,24,
19:32:13.331,,,,,,,,0,0,,,,
19:32:13.601,,,,,,,83,,,,,,
19:32:13.842,19.691614272295332,0,14.464484208083329,14.464447,14.464447,14.464447,,,,,0.033722390772341,25,
19:32:14.081,,,,,,,,0,0,,,,
19:32:14.352,19.69263837140161,0,14.468027646972217,14.46799,14.46799,14.46799,,,,,0.03371941475752169,25,
19:32:14.590,,,,,,,,0,0,,,,
19:32:14.860,,,,,,,83,,,,,,
19:32:15.101,19.694425327965032,0,14.473441021749995,14.473403,14.473403,14.473403,,,,,0.03371672823130035,26,
19:32:15.342,,,,,,,,0,0,,,,
19:32:15.610,19.69563766888014,0,14.477115413249996,14.477077,14.477077,14.477077,,,,,0.02246819698937135,26,
19:32:15.850,,,,,,,,0,0,,,,
19:32:16.125,,,,,,,83,,,,,,
19:32:16.359,19.69770272522579,0,14.482727807249995,14.482689,14.482689,14.482689,,,,,0.022508355064309708,27,
19:32:16.602,,,,,,,,0,0,,,,
19:32:16.872,19.69911918295681,0,14.486579280749995,14.48654,14.48654,14.48654,,,,,0.02247892033418581,27,
19:32:17.111,,,,,,,,0,0,,,,
19:32:17.379,,,,,,,83,,,,,,
19:32:17.624,19.701475936141065,0,14.49242705119444,14.492388,14.492388,14.492388,,,,,0.022458597637288445,28,
19:32:17.862,,,,,,,,0,0,,,,
19:32:18.130,19.703062484361514,0,14.496365596527774,14.496327,14.496327,14.496327,,,,,0.02247998002944296,28,
19:32:18.370,,,,,,,,0,0,,,,
19:32:18.639,,,,,,,83,,,,,,
19:32:18.880,19.705692627052514,0,14.502403493194441,14.502365,14.502365,14.502365,,,,,0.022468894747453252,29,
19:32:19.122,,,,,,,,0,0,,,,
19:32:19.390,19.70748262524508,0,14.50651466369444,14.506476,14.506476,14.506476,,,,,0.02249750802699357,29,
19:32:19.633,,,,,,,,0,0,,,,
19:32:19.901,,,,,,,83,,,,,,
19:32:20.141,19.710116451304266,0,14.512566772777774,14.512528,14.512528,14.512528,,,,,0.011251090379355715,29,
19:32:20.382,,,,,,,,0,0,,,,
19:32:20.654,19.7119119132711,0,14.516694423333329,14.516656,14.516656,14.516656,,,,,0.011224209686736401,29,
19:32:20.892,,,,,,,,0,0,,,,
19:32:21.161,,,,,,,83,,,,,,
19:32:21.403,19.714534613958897,0,14.522726710916661,14.522688,14.522688,14.522688,,,,,0,29,
19:32:21.641,,,,,,,,0,0,,,,
19:32:21.910,19.71611849227717,0,14.52667044480555,14.526632,14.526632,14.526632,,,,,-0.011242135783908515,28,
19:32:22.151,,,,,,,,0,0,,,,
19:32:22.424,,,,,,,83,,,,,,
19:32:22.693,19.717973829889544,0,14.53232816180555,14.53229,14.53229,14.53229,,,,,-0.033302090315750925,26,
19:32:22.934,,,,,,,,0,0,,,,
19:32:23.201,19.7191757173187,0,14.535995014027772,14.535957,14.535957,14.535957,,,,,-0.03336237757369877,26,
19:32:23.444,,,,,,,,0,0,,,,
19:32:23.711,,,,,,,83,,,,,,
19:32:23.953,19.720389271064846,0,14.54101175869444,14.540974,14.540974,14.540974,,,,,-0.05552526152521049,24,
19:32:24.187,,,,,,,,0,0,,,,
19:32:24.461,19.72082490987803,0,14.544112394083328,14.544075,14.544075,14.544075,,,,,-0.06662276265561991,22,
19:32:24.702,,,,,,,,0,0,,,,
19:32:24.970,,,,,,,83,,,,,,
19:32:25.210,19.72090370018183,0,14.548276395194438,14.548239,14.548239,14.548239,,,,,-0.06752082113666785,20,
19:32:25.453,,,,,,,,0,0,,,,
19:32:25.715,19.72076657696931,0,14.550942975527771,14.550906,14.550906,14.550906,,,,,-0.07885439755501607,19,
19:32:25.964,,,,,,,,0,0,,,,
19:32:26.232,,,,,,,83,,,,,,
19:32:26.471,19.71970818568237,0,14.55430208930555,14.554265,14.554265,14.554265,,,,,-0.08999902451663293,16,
19:32:26.712,,,,,,,,0,0,,,,
19:32:26.982,19.71860936763744,0,14.556287517972216,14.55625,14.55625,14.55625,,,,,-0.08988239154756576,14,
19:32:27.223,,,,,,,,0,0,,,,
19:32:27.492,,,,,,,83,,,,,,
19:32:27.729,19.71672096928489,0,14.558985592861104,14.558948,14.558948,14.558948,,,,,-0.07872091710781946,13,
19:32:27.969,,,,,,,,0,0,,,,
19:32:28.243,19.71522999755933,0,14.560697965194437,14.56066,14.56066,14.56066,,,,,-0.078454323265404,12,
19:32:28.482,,,,,,,,0,0,,,,
19:32:28.754,,,,,,,83,,,,,,
19:32:28.992,19.712774508537656,0,14.562987538499993,14.56295,14.56295,14.56295,,,,,-0.05618172711783497,11,
19:32:29.232,,,,,,,,0,0,,,,
19:32:29.500,19.710921071854518,0,14.564397541555548,14.56436,14.56436,14.56436,,,,,-0.04499964272598975,10,
19:32:29.741,,,,,,,,0,0,,,,
19:32:30.012,,,,,,,83,,,,,,
19:32:30.254,19.708452755312933,0,14.566701306388882,14.566664,14.566664,14.566664,,,,,,11,
19:32:30.494,,,,,,,,0,0,,,,
19:32:30.760,19.70679656795978,0,14.568247815333327,14.568211,14.568211,14.568211,,,,,,11,
19:32:31.003,,,,,,,,0,0,,,,
19:32:31.274,,,,,,,83,,,,,,
19:32:31.509,19.704626263418163,0,14.57074667366666,14.57071,14.57071,14.57071,,,,,,12,
19:32:31.752,,,,,,,,0,0,,,,
19:32:32.024,19.703331336529082,0,14.572603672027771,14.572567,14.572567,14.572567,,,,,0.03366902548095285,13,
19:32:32.264,,,,,,,,0,0,,,,
19:32:32.529,,,,,,,83,,,,,,
19:32:32.770,19.70173322140282,0,14.575505867749994,14.575469,14.575469,14.575469,,,,,0.03377029328143952,14,
19:32:33.012,,,,,,,,0,0,,,,
19:32:33.284,19.70082566801334,0,14.577648306916661,14.577611,14.577611,14.577611,,,,,0.04489016108575886,15,
19:32:33.520,,,,,,,,0,0,,,,
19:32:33.791,,,,,,,83,,,,,,
19:32:34.031,19.700068625404377,0,14.581175242138883,14.581138,14.581138,14.581138,,,,,0.056168990999060836,17,
19:32:34.272,,,,,,,,0,0,,,,
19:32:34.541,19.699743486435718,0,14.583723732138884,14.583686,14.583686,14.583686,,,,,0.05626494122894663,18,
19:32:34.783,,,,,,,,0,0,,,,
19:32:35.052,,,,,,,83,,,,,,
19:32:35.289,19.699827770444543,0,14.587881043249995,14.587843,14.587843,14.587843,,,,,0.06746735474056446,20,
19:32:35.530,,,,,,,,1233,1.2,,,,
19:32:35.797,19.700265866069852,0,14.590984486083329,14.590946,14.590946,14.590946,,,,,0.07888124149898752,22,
19:32:36.042,,,,,,,,1764,1.8,,,,
19:32:36.278,,,,,,,83,,,,,,
19:32:36.521,19.70116167989045,0,14.59561039494444,14.595572,14.595572,14.595572,,,,,0.0682385887331823,23,
19:32:36.766,,,,,,,,1800,1.8,,,,
19:32:36.999,19.701930700068917,0,14.598791704944441,14.598753,14.598753,14.598753,,,,,0.06914354988325241,24,
19:32:37.240,,,,,,,,1836,1.8,,,,
19:32:37.478,,,,,,,84,,,,,,
19:32:37.718,19.703636407242428,0,14.60401081133333,14.603972,14.603972,14.603972,,,,,0.06997630402567051,26,
19:32:37.960,,,,,,,,1850,1.8,,,,
19:32:38.200,19.704943999462834,0,14.60759782658333,14.607559,14.607559,14.607559,,,,,0.05895797093160773,27,
19:32:38.443,,,,,,,,1856,1.9,,,,
19:32:38.680,,,,,,,85,,,,,,
19:32:38.917,19.70717499223371,0,14.613181979361107,14.613143,14.613143,14.613143,,,,,0.05910775967373204,28,
19:32:39.160,,,,,,,,1825,1.8,,,,
19:32:39.398,19.70884675713601,0,14.617051204472219,14.617012,14.617012,14.617012,,,,,0.05903079818685698,29,
19:32:39.652,,,,,,,,1746,1.7,,,,
19:32:39.878,,,,,,,85,,,,,,
19:32:40.117,19.71161807576384,0,14.623044410305551,14.623005,14.623005,14.623005,,,,,0.04722272736714517,30,
19:32:40.359,,,,,,,,1796,1.8,,,,
19:32:40.599,19.713475568811855,0,14.627063200305551,14.627024,14.627024,14.627024,,,,,0.03541105194863286,30,
19:32:40.835,,,,,,,,1761,1.8,,,,
19:32:41.080,,,,,,,85,,,,,,
19:32:41.317,19.716505694188537,0,14.633240129416663,14.633201,14.633201,14.633201,,,,,0.03542035680955757,31,
19:32:41.571,,,,,,,,1749,1.7,,,,
19:32:41.803,19.71856017661699,0,14.637430091999997,14.637391,14.637391,14.637391,,,,,0.02355255558875839,31,
19:32:42.037,,,,,,,,1700,1.7,,,,
19:32:42.282,,,,,,,85,,,,,,
19:32:42.548,19.721705026473998,0,14.643846733777774,14.643808,14.643808,14.643808,,,,,0.011650440501189257,31,
19:32:42.790,,,,,,,,1589,1.6,,,,
19:32:43.030,19.723920644145476,0,14.648135139111108,14.648096,14.648096,14.648096,,,,,0.02330631820373307,32,
19:32:43.267,,,,,,,,1588,1.6,,,,
19:32:43.516,,,,,,,86,,,,,,
19:32:43.758,19.727281330767294,0,14.654642820888887,14.654604,14.654604,14.654604,,,,,0.011602063361085414,32,
19:32:43.991,,,,,,,,1600,1.6,,,,
19:32:44.234,19.729444268190758,0,14.658833049333332,14.658794,14.658794,14.658794,,,,,0.011650986803558893,32,
19:32:44.467,,,,,,,,1609,1.6,,,,
19:32:44.708,,,,,,,86,,,,,,
19:32:44.959,19.73276776409765,0,14.66527449111111,14.665235,14.665235,14.665235,,,,,0.011750042534062036,32,
19:32:45.189,,,,,,,,1611,1.6,,,,
19:32:45.434,19.73494413138991,0,14.66949451422222,14.669455,14.669455,14.669455,,,,,0,32,
19:32:45.675,,,,,,,,1616,1.6,,,,
19:32:45.917,,,,,,,86,,,,,,
19:32:46.161,19.738276004706655,0,14.675957990666666,14.675918,14.675918,14.675918,,,,,0,32,
19:32:46.398,,,,,,,,1598,1.6,,,,
19:32:46.626,19.74057849927559,0,14.680218732499998,14.680179,14.680179,14.680179,,,,,0.011845189064819947,33,
19:32:46.879,,,,,,,,1590,1.6,,,,
19:32:47.107,,,,,,,87,,,,,,
19:32:47.353,19.744187144311176,0,14.68689946975,14.68686,14.68686,14.68686,,,,,0.01183296273062339,33,
19:32:47.588,,,,,,,,1570,1.6,,,,
19:32:47.826,19.746523471436188,0,14.691226686416666,14.691187,14.691187,14.691187,,,,,0.011837664119550277,33,
19:32:48.080,,,,,,,,1525,1.5,,,,
19:32:48.308,,,,,,,87,,,,,,
19:32:48.556,19.75013257214969,0,14.697914263833333,14.697875,14.697875,14.697875,,,,,0.01182602058938948,33,
19:32:48.799,,,,,,,,1505,1.5,,,,
19:32:49.027,19.752461448932394,0,14.702231551166665,14.702192,14.702192,14.702192,,,,,0,33,
19:32:49.271,,,,,,,,1502,1.5,,,,
19:32:49.508,,,,,,,88,,,,,,
19:32:49.750,19.756067182920237,0,14.708918880166665,14.708879,14.708879,14.708879,,,,,0,33,
19:32:49.994,,,,,,,,1487,1.5,,,,
19:32:50.226,19.758387890181783,0,14.713224876916666,14.713185,14.713185,14.713185,,,,,0,33,
19:32:50.475,,,,,,,,1466,1.5,,,,
19:32:50.706,,,,,,,88,,,,,,
19:32:50.951,19.762264560975755,0,14.720118591305555,14.720079,14.720079,14.720079,,,,,0.011827820554415945,34,
19:32:51.201,,,,,,,,1446,1.4,,,,
19:32:51.426,19.76475761646764,0,14.72455386675,14.724514,14.724514,14.724514,,,,,0.011808703774922226,34,
19:32:51.671,,,,,,,,1425,1.4,,,,
19:32:51.919,,,,,,,89,,,,,,
19:32:52.147,19.768586373152164,0,14.731368449916667,14.731329,14.731329,14.731329,,,,,0.01181483113360512,34,
19:32:52.404,,,,,,,,1389,1.4,,,,
19:32:52.662,19.771317099238527,0,14.736230952361112,14.736192,14.736192,14.736192,,,,,0.011628200217838197,34,
19:32:52.904,,,,,,,,1380,1.4,,,,
19:32:53.139,,,,,,,89,,,,,,
19:32:54.169,19.77956670489254,0,14.750932061250001,14.750893,14.750893,14.750893,,,,,0,34,
19:32:54.497,,,,,,,,1382,1.4,,,,
19:32:54.738,19.782122895852723,0,14.755691417500001,14.755652,14.755652,14.755652,,,,,-0.00855162330189516,33,
19:32:54.970,,,,,,,,1382,1.4,,,,
19:32:55.213,,,,,,,89,,,,,,
19:32:55.448,19.78561515444494,0,14.762196608500002,14.762157,14.762157,14.762157,,,,,-0.008582666156562313,33,
19:32:55.693,,,,,,,,1384,1.4,,,,
19:32:55.935,19.787832005909124,0,14.766530671611113,14.766491,14.766491,14.766491,,,,,-0.017308610061271205,32,
19:32:56.168,,,,,,,,1382,1.4,,,,
19:32:56.408,,,,,,,89,,,,,,
19:32:56.650,19.790547915974283,0,14.772486119944446,14.772446,14.772446,14.772446,,,,,-0.04566665830008428,30,
19:32:56.887,,,,,,,,1381,1.4,,,,
19:32:57.134,19.792208025892222,0,14.776388909333335,14.776349,14.776349,14.776349,,,,,-0.04728021899364842,29,
19:32:57.370,,,,,,,,1382,1.4,,,,
19:32:57.611,,,,,,,89,,,,,,
19:32:57.851,19.794134442717425,0,14.781777831833335,14.781738,14.781738,14.781738,,,,,-0.07071528745462842,27,
19:32:58.089,,,,,,,,1380,1.4,,,,
19:32:58.331,19.79524264635662,0,14.785245665611113,14.785206,14.785206,14.785206,,,,,-0.07094477914963297,26,
19:32:58.570,,,,,,,,1382,1.4,,,,
19:32:58.809,,,,,,,89,,,,,,
19:32:59.053,19.796100435388627,0,14.78984502288889,14.789805,14.789805,14.789805,,,,,-0.08251063737709526,23,
19:32:59.288,,,,,,,,1382,1.4,,,,
19:32:59.530,19.7964909863387,0,14.792758217666668,14.792718,14.792718,14.792718,,,,,-0.0827777135184288,22,
19:32:59.770,,,,,,,,1383,1.4,,,,
19:33:00.046,,,,,,,89,,,,,,
19:33:00.280,19.796548209563824,0,14.796961627666668,14.796921,14.796921,14.796921,,,,,-0.08161866305568338,20,
19:33:00.520,,,,,,,,1384,1.4,,,,
19:33:00.758,19.796408525764686,0,14.799452473305557,14.799412,14.799412,14.799412,,,,,-0.08168083510471584,19,
19:33:00.998,,,,,,,,1383,1.4,,,,
19:33:01.248,,,,,,,89,,,,,,
19:33:01.479,19.79592783735881,0,14.803054164805557,14.803014,14.803014,14.803014,,,,,-0.05838911429110272,18,
19:33:01.722,,,,,,,,1382,1.4,,,,
19:33:01.958,19.79560822590636,0,14.805450009805558,14.80541,14.80541,14.80541,,,,,-0.04666376726130052,18,
19:33:02.198,,,,,,,,1384,1.4,,,,
19:33:02.442,,,,,,,89,,,,,,
19:33:02.680,19.795126972435543,0,14.809059151805558,14.809019,14.809019,14.809019,,,,,-0.023612133267927313,18,
19:33:02.924,,,,,,,,1382,1.4,,,,
19:33:03.157,19.794631092043655,0,14.811315834750003,14.811276,14.811276,14.811276,,,,,-0.023611949232322096,17,
19:33:03.398,,,,,,,,1385,1.4,,,,
19:33:03.644,,,,,,,89,,,,,,
19:33:03.881,19.793075873599406,0,14.814128101083336,14.814088,14.814088,14.814088,,,,,-0.047169086514177935,14,
19:33:04.117,,,,,,,,1382,1.4,,,,
19:33:04.371,19.791840125346706,0,14.815898408583335,14.815858,14.815858,14.815858,,,,,-0.058690754227289525,13,
19:33:04.599,,,,,,,,1464,1.5,,,,
19:33:04.842,,,,,,,89,,,,,,
19:33:05.078,19.79005737060176,0,14.818453481666669,14.818413,14.818413,14.818413,,,,,-0.05903976534478614,13,
19:33:05.320,,,,,,,,1537,1.5,,,,
19:33:05.561,19.788842762864757,0,14.820195045805558,14.820155,14.820155,14.820155,,,,,-0.04714579855723335,13,
19:33:05.799,,,,,,,,410,0.4,,,,
19:33:06.039,,,,,,,89,,,,,,
19:33:06.288,19.78726877160267,0,14.82304665641667,14.823007,14.823007,14.823007,,,,,,14,
19:33:06.517,,,,,,,,0,0,,,,
19:33:06.763,19.78643603576847,0,14.825001616416671,14.824962,14.824962,14.824962,,,,,0.023680345713754616,15,
19:33:06.999,,,,,,,,0,0,,,,
19:33:07.241,,,,,,,88,,,,,,
19:33:07.483,19.785158723751216,0,14.828001601416672,14.827962,14.827962,14.827962,,,,,0.023559065118381493,15,
19:33:07.717,,,,,,,,0,0,,,,
19:33:07.956,19.784494959619355,0,14.830104744972227,14.830065,14.830065,14.830065,,,,,0.03547187279932056,16,
19:33:08.199,,,,,,,,0,0,,,,
19:33:08.440,,,,,,,88,,,,,,
19:33:08.682,19.783476157997168,0,14.833334264083337,14.833295,14.833295,14.833295,,,,,0.023658787623972173,16,
19:33:08.921,,,,,,,,0,0,,,,
19:33:09.194,19.782948863892788,0,14.835749351138892,14.83571,14.83571,14.83571,,,,,0.023306601061306095,17,
19:33:09.432,,,,,,,,0,0,,,,
19:33:09.701,,,,,,,88,,,,,,
19:33:09.941,19.782455310413226,0,14.839487069138892,14.839448,14.839448,14.839448,,,,,0.034566903450018664,18,
19:33:10.179,,,,,,,,0,0,,,,
19:33:10.452,19.782307516429384,0,14.842179667333337,14.842141,14.842141,14.842141,,,,,0.03405455209307592,19,
19:33:10.692,,,,,,,,0,0,,,,
19:33:10.964,,,,,,,88,,,,,,
19:33:11.202,19.782367963524297,0,14.846347433444448,14.846309,14.846309,14.846309,,,,,0.04497206118087374,20,
19:33:11.441,,,,,,,,0,0,,,,
19:33:11.711,19.78259754521214,0,14.849319535444447,14.849281,14.849281,14.849281,,,,,0.04500684106692245,21,
19:33:11.952,,,,,,,,0,0,,,,
19:33:12.222,,,,,,,87,,,,,,
19:33:12.459,19.78321042076262,0,14.853885092166669,14.853847,14.853847,14.853847,,,,,0.04500615456011436,22,
19:33:12.730,,,,,,,,0,0,,,,
19:33:13.009,19.783661787939323,0,14.857249122555558,14.857211,14.857211,14.857211,,,,,0.03322381842731756,22,
19:33:13.242,,,,,,,,0,0,,,,
19:33:13.515,,,,,,,86,,,,,,
19:33:13.754,19.783996867859045,0,14.861594872472224,14.861557,14.861557,14.861557,,,,,,21,
19:33:13.989,,,,,,,,0,0,,,,
19:33:14.230,19.78403482626603,0,14.864235490805557,14.864198,14.864198,14.864198,,,,,-0.011248004919776499,20,
19:33:14.472,,,,,,,,0,0,,,,
19:33:14.710,,,,,,,86,,,,,,
19:33:14.953,19.783821988583444,0,14.868111746250001,14.868074,14.868074,14.868074,,,,,-0.034070408283696244,19,
19:33:15.193,,,,,,,,0,0,,,,
19:33:15.458,19.78349643951498,0,14.87058098075,14.870543,14.870543,14.870543,,,,,-0.04627412299147444,18,
19:33:15.701,,,,,,,,0,0,,,,
19:33:15.970,,,,,,,86,,,,,,
19:33:16.208,19.782725050753502,0,14.874123211250001,14.874085,14.874085,14.874085,,,,,-0.04617485190537804,17,
19:33:16.476,,,,,,,,0,0,,,,
19:33:16.753,19.782163986120747,0,14.87670086363889,14.876663,14.876663,14.876663,,,,,-0.03367950882145115,17,
19:33:16.990,,,,,,,,0,0,,,,
19:33:17.264,,,,,,,86,,,,,,
19:33:17.499,19.781397769130347,0,14.880222710194445,14.880185,14.880185,14.880185,,,,,-0.022248093329835492,17,
19:33:17.743,,,,,,,,0,0,,,,
19:33:18.012,19.781060343852943,0,14.882787926194446,14.88275,14.88275,14.88275,,,,,,18,
19:33:18.249,,,,,,,,0,0,,,,
19:33:18.517,,,,,,,85,,,,,,
19:33:18.764,19.780843636439727,0,14.886755253388891,14.886717,14.886717,14.886717,,,,,0.022160373509208933,19,
19:33:18.998,,,,,,,,0,0,,,,
19:33:19.244,19.78105944654694,0,14.889553356972225,14.889515,14.889515,14.889515,,,,,0.045474840267444014,21,
19:33:19.478,,,,,,,,0,0,,,,
19:33:19.720,,,,,,,85,,,,,,
19:33:19.961,19.781911804936712,0,14.894138831194448,14.8941,14.8941,14.8941,,,,,0.06903014018926835,23,
19:33:20.202,,,,,,,,0,0,,,,
19:33:20.473,19.782896171156025,0,14.897690352027782,14.897652,14.897652,14.897652,,,,,0.08058866222366222,25,
19:33:20.712,,,,,,,,0,0,,,,
19:33:20.981,,,,,,,85,,,,,,
19:33:21.221,19.784889558877985,0,14.903307833277783,14.903269,14.903269,14.903269,,,,,0.09223418158423001,27,
19:33:21.462,,,,,,,,0,0,,,,
19:33:21.732,19.78643947605469,0,14.907287842722226,14.907249,14.907249,14.907249,,,,,0.07968567531083692,28,
19:33:21.973,,,,,,,,0,0,,,,
19:33:22.242,,,,,,,85,,,,,,
19:33:22.480,19.788974772740627,0,14.913301654083337,14.913263,14.913263,14.913263,,,,,0.06747706497697362,29,
19:33:22.721,,,,,,,,0,0,,,,
19:33:22.991,19.790707596734332,0,14.91741387744445,14.917375,14.917375,14.917375,,,,,0.044999749960260266,29,
19:33:23.234,,,,,,,,0,0,,,,
19:33:23.504,,,,,,,84,,,,,,
19:33:23.738,19.79351573772683,0,14.923635393277783,14.923597,14.923597,14.923597,,,,,0.03376966655155054,30,
19:33:23.978,,,,,,,,0,0,,,,
19:33:24.221,19.79551144100039,0,14.927798497805561,14.92776,14.92776,14.92776,,,,,0.03414584118162624,31,
19:33:24.458,,,,,,,,0,0,,,,
19:33:24.701,,,,,,,84,,,,,,
19:33:24.941,19.79848617555898,0,14.934006648222228,14.933968,14.933968,14.933968,,,,,0.02301502177393474,31,
19:33:25.183,,,,,,,,0,0,,,,
19:33:25.454,19.800788125201137,0,14.938561333555562,14.938523,14.938523,14.938523,,,,,0.03449660143607262,32,
19:33:25.692,,,,,,,,0,0,,,,
19:33:25.963,,,,,,,84,,,,,,
19:33:26.202,19.80414741292064,0,14.94521117533334,14.945173,14.945173,14.945173,,,,,0.022988267697426627,32,
19:33:26.444,,,,,,,,0,0,,,,
19:33:26.713,19.80644322075069,0,14.949757924666672,14.94972,14.94972,14.94972,,,,,0.011364500025115049,32,
19:33:26.952,,,,,,,,0,0,,,,
19:33:27.223,,,,,,,83,,,,,,
19:33:27.460,19.810065706634216,0,14.956598705500005,14.956561,14.956561,14.956561,,,,,0.022491270913669443,33,
19:33:27.704,,,,,,,,0,0,,,,
19:33:27.941,19.812396231951574,0,14.961001706666671,14.960964,14.960964,14.960964,,,,,0.011390410814118533,33,
19:33:28.176,,,,,,,,0,0,,,,
19:33:28.421,,,,,,,83,,,,,,
19:33:28.659,19.81588408822917,0,14.967594131333339,14.967556,14.967556,14.967556,,,,,0.01152702390383836,33,
19:33:28.899,,,,,,,,0,0,,,,
19:33:29.171,19.8183639495587,0,14.972283458833338,14.972245,14.972245,14.972245,,,,,0.011527002794759498,33,
19:33:29.410,,,,,,,,0,0,,,,
19:33:29.679,,,,,,,83,,,,,,
19:33:29.922,19.82200305406941,0,14.979168068250004,14.97913,14.97913,14.97913,,,,,0,33,
19:33:30.159,,,,,,,,0,0,,,,
19:33:30.435,19.824297682637123,0,14.983725377583339,14.983687,14.983687,14.983687,,,,,-0.011357855148367924,32,
19:33:30.673,,,,,,,,0,0,,,,
19:33:30.940,,,,,,,83,,,,,,
19:33:31.180,19.827358647395975,0,14.990144655222227,14.990106,14.990106,14.990106,,,,,-0.02247404773578304,31,
19:33:31.424,,,,,,,,0,0,,,,
19:33:31.691,19.82945723650963,0,14.99454772730556,14.994509,14.994509,14.994509,,,,,-0.022475474339425375,31,
19:33:31.934,,,,,,,,0,0,,,,
19:33:32.203,,,,,,,83,,,,,,
19:33:32.443,19.83226557401282,0,15.00081341730556,15.000775,15.000775,15.000775,,,,,-0.03370143603372589,30,
19:33:32.682,,,,,,,,0,0,,,,
19:33:32.950,19.83415640711884,0,15.005034010638893,15.004996,15.004996,15.004996,,,,,-0.02252334895483821,30,
19:33:33.189,,,,,,,,0,0,,,,
19:33:33.461,,,,,,,83,,,,,,
19:33:33.702,19.836688232082945,0,15.011095822638893,15.011058,15.011058,15.011058,,,,,-0.02246065541370542,29,
19:33:33.941,,,,,,,,0,0,,,,
19:33:34.212,19.838215299207224,0,15.01506019330556,15.015022,15.015022,15.015022,,,,,-0.0337129226060383,28,
19:33:34.452,,,,,,,,0,0,,,,
19:33:34.720,,,,,,,83,,,,,,
19:33:34.960,19.839905921009997,0,15.020460979027781,15.020423,15.020423,15.020423,,,,,-0.045024441740368494,26,
19:33:35.202,,,,,,,,0,0,,,,
19:33:35.474,19.84069069017946,0,15.023889253694447,15.023851,15.023851,15.023851,,,,,-0.0673290075069711,24,
19:33:35.709,,,,,,,,0,0,,,,
19:33:35.982,,,,,,,83,,,,,,
19:33:36.221,19.840734328357346,0,15.028038794250003,15.028001,15.028001,15.028001,,,,,-0.10122164984972623,20,
19:33:36.464,,,,,,,,0,0,,,,
19:33:36.733,19.840011793204415,0,15.03031908891667,15.030281,15.030281,15.030281,,,,,-0.1348146945466384,16,
19:33:36.975,,,,,,,,0,0,,,,
19:33:37.242,,,,,,,83,,,,,,
19:33:37.482,19.83758481174692,0,15.032607593694447,15.03257,15.03257,15.03257,,,,,-0.16844229359173446,11,
19:33:37.721,,,,,,,,0,0,,,,
19:33:37.992,19.835934886798306,0,15.034164096444448,15.034127,15.034127,15.034127,,,,,-0.14621553464538303,11,
19:33:38.228,,,,,,,,0,0,,,,
19:33:38.502,,,,,,,83,,,,,,
19:33:38.741,19.834059080947558,0,15.036868547472226,15.036831,15.036831,15.036831,,,,,,13,
19:33:38.981,,,,,,,,0,0,,,,
19:33:39.252,19.83315462582624,0,15.038996654138893,15.038959,15.038959,15.038959,,,,,,15,
19:33:39.492,,,,,,,,0,0,,,,
19:33:39.763,,,,,,,83,,,,,,
19:33:40.003,19.83237581660127,0,15.04254116405556,15.042504,15.042504,15.042504,,,,,0.06742660759734352,17,
19:33:40.241,,,,,,,,0,0,,,,
19:33:40.511,19.83203472712259,0,15.04508303555556,15.045046,15.045046,15.045046,,,,,0.07872358628880505,18,
19:33:40.753,,,,,,,,0,0,,,,
19:33:41.021,,,,,,,83,,,,,,
19:33:41.261,19.832080869189326,0,15.049252249444448,15.049215,15.049215,15.049215,,,,,0.07867659579351116,20,
19:33:41.502,,,,,,,,0,0,,,,
19:33:41.773,19.832112325193936,0,15.052095802777782,15.052059,15.052059,15.052059,,,,,0.05617338203499295,20,
19:33:42.012,,,,,,,,0,0,,,,
19:33:42.283,,,,,,,82,,,,,,
19:33:42.521,19.832158592381372,0,15.056280191111115,15.056243,15.056243,15.056243,,,,,0.03373861687944811,20,
19:33:42.758,,,,,,,,0,0,,,,
19:33:43.002,19.832013993573636,0,15.058787081722226,15.05875,15.05875,15.05875,,,,,0.01137146036475693,19,
19:33:43.244,,,,,,,,1460,1.5,,,,
19:33:43.477,,,,,,,82,,,,,,
19:33:43.720,19.830736789489553,0,15.061798432555559,15.061761,15.061761,15.061761,,,,,-0.05760531010727821,15,
19:33:43.961,,,,,,,,1533,1.5,,,,
19:33:44.200,19.82937631970242,0,15.063382161888892,15.063345,15.063345,15.063345,,,,,-0.0933836444007295,12,
19:33:44.443,,,,,,,,1535,1.5,,,,
19:33:44.679,,,,,,,82,,,,,,
19:33:44.927,19.82676440244873,0,15.065401282722226,15.065364,15.065364,15.065364,,,,,-0.1177563058195426,10,
19:33:45.159,,,,,,,,1536,1.5,,,,
19:33:45.399,19.824551305769607,0,15.066319161027781,15.066282,15.066282,15.066282,,,,,-0.14181155364289316,7,
19:33:45.644,,,,,,,,1535,1.5,,,,
19:33:45.881,,,,,,,82,,,,,,
19:33:46.126,19.82059956864816,0,15.067332363111115,15.067295,15.067295,15.067295,,,,,-0.11774307493839113,5,
19:33:46.361,,,,,,,,0,0,,,,
19:33:46.600,19.817872264181634,0,15.067856645333338,15.067819,15.067819,15.067819,,,,,-0.0944067603847802,4,
19:33:46.847,,,,,,,,0,0,,,,
19:33:47.083,,,,,,,82,,,,,,
19:33:47.318,19.813199020793025,0,15.068255579222226,15.068218,15.068218,15.068218,,,,,-0.09475229208630821,2,
19:33:47.558,,,,,,,,0,0,,,,
19:33:47.798,19.810250741323152,0,15.068655730388892,15.068618,15.068618,15.068618,,,,,,3,
19:33:48.047,,,,,,,,0,0,,,,
19:33:48.282,,,,,,,83,,,,,,
19:33:48.520,19.805560078643317,0,15.069056498444448,15.069019,15.069019,15.069019,,,,,,2,
19:33:48.758,,,,,,,,0,0,,,,
19:33:49.010,19.80237090850514,0,15.069329100277782,15.069292,15.069292,15.069292,,,,,,2,
19:33:49.242,,,,,,,,0,0,,,,
19:33:49.481,,,,,,,83,,,,,,
19:33:49.719,19.79750584593945,0,15.069526054333338,15.069489,15.069489,15.069489,,,,,-0.0117993481866671,1,
19:33:49.962,,,,,,,,0,0,,,,
19:33:50.231,19.79379635731715,,15.069526054333338,15.069489,15.069489,15.069489,,,,,-0.034927181255231914,0,
19:33:50.475,,,,,,,,0,0,,,,
19:33:50.740,,,,,,,83,,,,,,
19:33:50.982,19.788377425418645,,15.069526054333338,15.069489,15.069489,15.069489,,,,,-0.02300414714566564,0,
19:33:51.220,,,,,,,,0,0,,,,
19:33:51.491,19.784709726201644,,15.069526054333338,15.069489,15.069489,15.069489,,,,,-0.02283469588437291,0,
19:33:51.732,,,,,,,,0,0,,,,
19:33:52.001,,,,,,,83,,,,,,
19:33:52.242,19.780118189383042,0,15.070151305083337,15.070114,15.070114,15.070114,,,,,,3,
19:33:52.481,,,,,,,,0,0,,,,
19:33:52.754,19.777355347424788,0,15.070863531472225,15.070826,15.070826,15.070826,,,,,0.05613530468371268,5,
19:33:52.991,,,,,,,,0,0,,,,
19:33:53.261,,,,,,,83,,,,,,
19:33:53.502,19.774144961670043,0,15.072525748583336,15.072488,15.072488,15.072488,,,,,0.08992090494229105,8,
19:33:53.742,,,,,,,,0,0,,,,
19:33:54.009,19.772154682191236,0,15.073793232083336,15.073755,15.073755,15.073755,,,,,0.10123982742839562,9,
19:33:54.252,,,,,,,,0,0,,,,
19:33:54.520,,,,,,,83,,,,,,
19:33:54.761,19.769751582182508,0,15.076091209694447,15.076053,15.076053,15.076053,,,,,0.0899239166409753,11,
19:33:54.998,,,,,,,,0,0,,,,
19:33:55.275,19.768486033029554,0,15.077944819750002,15.077907,15.077907,15.077907,,,,,0.08990714433183512,13,
19:33:55.513,,,,,,,,0,0,,,,
19:33:55.780,,,,,,,83,,,,,,
19:33:56.023,19.767187061069595,0,15.081062256000001,15.081024,15.081024,15.081024,,,,,0.07866448788317795,15,
19:33:56.264,,,,,,,,0,0,,,,
19:33:56.532,19.76648890621257,0,15.083324930666668,15.083287,15.083287,15.083287,,,,,0.07859827405789849,16,
19:33:56.772,,,,,,,,0,0,,,,
19:33:57.041,,,,,,,83,,,,,,
19:33:57.286,19.765730312469678,0,15.086883012250002,15.086845,15.086845,15.086845,,,,,0.0673212251448158,17,
19:33:57.523,,,,,,,,0,0,,,,
19:33:57.793,19.765219878639364,0,15.089278231972225,15.08924,15.08924,15.08924,,,,,0.04499294695820628,17,
19:33:58.032,,,,,,,,0,0,,,,
19:33:58.301,,,,,,,83,,,,,,
19:33:58.544,19.764191473471517,0,15.092615409750003,15.092577,15.092577,15.092577,,,,,,16,
19:33:58.783,,,,,,,,0,0,,,,
19:33:59.050,19.76331464132857,0,15.094723959750004,15.094686,15.094686,15.094686,,,,,-0.011251004574805382,15,
19:33:59.291,,,,,,,,0,0,,,,
19:33:59.560,,,,,,,84,,,,,,
19:33:59.800,19.761471559226486,0,15.097430485722226,15.097393,15.097393,15.097393,,,,,-0.04507440159292393,13,
19:34:00.037,,,,,,,,0,0,,,,
19:34:00.282,19.759759646975333,0,15.098770551555559,15.098733,15.098733,15.098733,,,,,-0.07965953248542068,10,
19:34:00.527,,,,,,,,0,0,,,,
19:34:00.760,,,,,,,84,,,,,,
19:34:01.004,19.757198446493565,0,15.10077630877778,15.100739,15.100739,15.100739,,,,,-0.06908730963049102,10,
19:34:01.243,,,,,,,,0,0,,,,
19:34:01.510,19.75521728445079,0,15.10204342727778,15.102006,15.102006,15.102006,,,,,-0.06906517481338498,9,
19:34:01.753,,,,,,,,0,0,,,,
19:34:02.021,,,,,,,84,,,,,,
19:34:02.261,19.75201234662617,0,15.10371125527778,15.103674,15.103674,15.103674,,,,,-0.057539036462853285,8,
19:34:02.504,,,,,,,,0,0,,,,
19:34:02.775,19.749819818628552,0,15.104852756166668,15.104816,15.104816,15.104816,,,,,-0.022727234722023263,8,
19:34:03.014,,,,,,,,0,0,,,,
19:34:03.281,,,,,,,84,,,,,,
19:34:03.523,19.74662954233381,0,15.106514478166668,15.106478,15.106478,15.106478,,,,,-0.022490453905325242,8,
19:34:03.761,,,,,,,,0,0,,,,
19:34:04.031,19.744644719490434,0,15.107786350416667,15.10775,15.10775,15.10775,,,,,,9,
19:34:04.274,,,,,,,,0,0,,,,
19:34:04.542,,,,,,,84,,,,,,
19:34:04.780,19.74172390603329,0,15.109658859166666,15.109623,15.109623,15.109623,,,,,0.011243998940162477,9,
19:34:05.022,,,,,,,,1460,1.5,,,,
19:34:05.290,19.739185418092006,0,15.110507326166667,15.110471,15.110471,15.110471,,,,,,6,
19:34:05.526,,,,,,,,1467,1.5,,,,
19:34:05.771,,,,,,,85,,,,,,
19:34:06.007,19.73509324627509,0,15.1113036585,15.111267,15.111267,15.111267,,,,,-0.04561063637701276,4,
19:34:06.250,,,,,,,,1380,1.4,,,,
19:34:06.491,19.732505108233944,0,15.111976237944445,15.11194,15.11194,15.11194,,,,,,5,
19:34:06.727,,,,,,,,1384,1.4,,,,
19:34:06.972,,,,,,,85,,,,,,
19:34:07.209,19.728666079002608,0,15.112974321833335,15.112938,15.112938,15.112938,,,,,,5,
19:34:07.450,,,,,,,,1378,1.4,,,,
19:34:07.690,19.726102515993627,0,15.113641095444446,15.113605,15.113605,15.113605,,,,,,5,
19:34:07.930,,,,,,,,1382,1.4,,,,
19:34:08.173,,,,,,,86,,,,,,
19:34:08.411,19.72251530402385,0,15.114842812944447,15.114807,15.114807,15.114807,,,,,0.02356540866032512,6,
19:34:08.649,,,,,,,,1383,1.4,,,,
19:34:08.893,19.720290583107992,0,15.115781061444448,15.115745,15.115745,15.115745,,,,,0.023582610139651797,7,
19:34:09.130,,,,,,,,1385,1.4,,,,
19:34:09.368,,,,,,,86,,,,,,
19:34:09.611,19.717763252458077,0,15.117774546722226,15.117738,15.117738,15.117738,,,,,0.0589805498680127,10,
19:34:09.850,,,,,,,,1382,1.4,,,,
19:34:10.090,19.716239993358684,0,15.119248444972225,15.119212,15.119212,15.119212,,,,,0.07078609011219136,11,
19:34:10.329,,,,,,,,1382,1.4,,,,
19:34:10.569,,,,,,,86,,,,,,
19:34:10.811,19.71449310673807,0,15.121842032722226,15.121806,15.121806,15.121806,,,,,0.08259003243962684,13,
19:34:11.049,,,,,,,,1383,1.4,,,,
19:34:11.322,19.71342349586328,0,15.123852405111114,15.123816,15.123816,15.123816,,,,,0.08163827513840861,14,
19:34:11.566,,,,,,,,1383,1.4,,,,
19:34:11.799,,,,,,,86,,,,,,
19:34:12.047,19.71219685570138,0,15.126848015944447,15.126812,15.126812,15.126812,,,,,0.05812703443540167,15,
19:34:12.282,,,,,,,,1382,1.4,,,,
19:34:12.550,19.7113391792711,0,15.128943497194447,15.128907,15.128907,15.128907,,,,,0.046063058080645924,15,
19:34:12.786,,,,,,,,1382,1.4,,,,
19:34:13.034,,,,,,,86,,,,,,
19:34:13.268,19.710375452926392,0,15.132133186083335,15.132097,15.132097,15.132097,,,,,0.03459221810263266,16,
19:34:13.511,,,,,,,,1382,1.4,,,,
19:34:13.781,19.709686609242027,0,15.134414098972224,15.134378,15.134378,15.134378,,,,,0.023041372422781523,16,
19:34:14.025,,,,,,,,1381,1.4,,,,
19:34:14.288,,,,,,,86,,,,,,
19:34:14.534,19.708675829973465,0,15.137762545194446,15.137726,15.137726,15.137726,,,,,0.011388413658601094,16,
19:34:14.769,,,,,,,,1382,1.4,,,,
19:34:15.008,19.708041113042835,0,15.139866128750002,15.13983,15.13983,15.13983,,,,,0.011525632746362643,16,
19:34:15.252,,,,,,,,1382,1.4,,,,
19:34:15.489,,,,,,,86,,,,,,
19:34:15.736,19.706802447259093,0,15.14289860916667,15.142862,15.142862,15.142862,,,,,-0.011478431432344043,15,
19:34:15.973,,,,,,,,1382,1.4,,,,
19:34:16.244,19.705936997329843,0,15.145018336250002,15.144982,15.144982,15.144982,,,,,-0.011499096816835926,15,
19:34:16.483,,,,,,,,1382,1.4,,,,
19:34:16.753,,,,,,,86,,,,,,
19:34:16.990,19.704129786609357,0,15.147711622083335,15.147675,15.147675,15.147675,,,,,-0.03461195657861882,13,
19:34:17.231,,,,,,,,1382,1.4,,,,
19:34:17.500,19.70271030011984,0,15.149411660416668,15.149375,15.149375,15.149375,,,,,-0.04546948947122836,12,
19:34:17.740,,,,,,,,1382,1.4,,,,
19:34:18.012,,,,,,,87,,,,,,
19:34:18.255,19.700883666563154,0,15.152136447055558,15.1521,15.1521,15.1521,,,,,,13,
19:34:18.495,,,,,,,,1383,1.4,,,,
19:34:18.731,19.69973134614388,0,15.153856126055558,15.15382,15.15382,15.15382,,,,,,13,
19:34:19.005,,,,,,,,1382,1.4,,,,
19:34:19.248,,,,,,,87,,,,,,
19:34:19.478,19.6979238862431,0,15.15655470216667,15.156519,15.156519,15.156519,,,,,,13,
19:34:19.733,,,,,,,,1383,1.4,,,,
19:34:19.961,19.69675762964262,0,15.15829672130556,15.158261,15.158261,15.158261,,,,,0.011509637958868363,13,
19:34:20.197,,,,,,,,1382,1.4,,,,
19:34:20.441,,,,,,,88,,,,,,
19:34:20.678,19.69502288919865,0,15.160888998583337,15.160853,15.160853,15.160853,,,,,0,13,
19:34:20.920,,,,,,,,1383,1.4,,,,
19:34:21.160,19.693860594491532,0,15.162626603861115,15.162591,15.162591,15.162591,,,,,0,13,
19:34:21.397,,,,,,,,1382,1.4,,,,
19:34:21.643,,,,,,,88,,,,,,
19:34:21.880,19.69238180247749,0,15.165426775750005,15.165391,15.165391,15.165391,,,,,0.011794867247079286,14,
19:34:22.116,,,,,,,,1384,1.4,,,,
19:34:22.363,19.69121639269842,0,15.167170482000005,15.167135,15.167135,15.167135,,,,,,13,
19:34:22.598,,,,,,,,1384,1.4,,,,
19:34:22.842,,,,,,,88,,,,,,
19:34:23.080,19.689486648893954,0,15.169759674666672,15.169724,15.169724,15.169724,,,,,,13,
19:34:23.321,,,,,,,,1385,1.4,,,,
19:34:23.590,19.68844084721191,0,15.171742700777783,15.171707,15.171707,15.171707,,,,,,14,
19:34:23.829,,,,,,,,1382,1.4,,,,
19:34:24.069,,,,,,,88,,,,,,
19:34:24.322,19.68745908732641,0,15.175025332777782,15.17499,15.17499,15.17499,,,,,,16,
19:34:24.548,,,,,,,,1382,1.4,,,,
19:34:24.791,19.687006083052438,0,15.177234468138893,15.177199,15.177199,15.177199,,,,,0.04665960103092277,17,
19:34:25.033,,,,,,,,1383,1.4,,,,
19:34:25.304,,,,,,,89,,,,,,
19:34:25.542,19.686277727673346,0,15.180787951694448,15.180752,15.180752,15.180752,,,,,0.04601518917424479,17,
19:34:25.780,,,,,,,,1385,1.4,,,,
19:34:26.018,19.68599270407971,0,15.183134493694448,15.183099,15.183099,15.183099,,,,,0.04665982585001054,18,
19:34:26.264,,,,,,,,1382,1.4,,,,
19:34:26.498,,,,,,,89,,,,,,
19:34:26.738,19.685555203907832,0,15.186737888694449,15.186702,15.186702,15.186702,,,,,0.023447809966322203,18,
19:34:26.976,,,,,,,,1384,1.4,,,,
19:34:27.218,19.685264001278963,0,15.189137366194448,15.189101,15.189101,15.189101,,,,,0.011668798405380758,18,
19:34:27.459,,,,,,,,1383,1.4,,,,
19:34:27.700,,,,,,,89,,,,,,
19:34:27.942,19.684825333608202,0,15.192753505194448,15.192717,15.192717,15.192717,,,,,0.011803749895038103,18,
19:34:28.181,,,,,,,,1383,1.4,,,,
19:34:28.421,19.68470729682728,0,15.195281469444447,15.195245,15.195245,15.195245,,,,,0.011788682071478028,19,
19:34:28.663,,,,,,,,1382,1.4,,,,
19:34:28.927,,,,,,,89,,,,,,
19:34:29.171,19.684252684779523,0,15.199031941944448,15.198995,15.198995,15.198995,,,,,,18,
19:34:29.405,,,,,,,,1381,1.4,,,,
19:34:29.655,19.683784882499907,0,15.201319965805558,15.201283,15.201283,15.201283,,,,,,17,
19:34:29.890,,,,,,,,1382,1.4,,,,
19:34:30.128,,,,,,,89,,,,,,
19:34:30.372,19.682577316852065,0,15.204307340805558,15.20427,15.20427,15.20427,,,,,-0.03496152116610033,15,
19:34:30.607,,,,,,,,1382,1.4,,,,
19:34:30.850,19.681600142480715,0,15.206167345805557,15.20613,15.20613,15.20613,,,,,-0.05828544851343502,14,
19:34:31.094,,,,,,,,1384,1.4,,,,
19:34:31.361,,,,,,,89,,,,,,
19:34:31.598,19.679805415769774,0,15.208865937805557,15.208829,15.208829,15.208829,,,,,-0.05835285510469254,13,
19:34:31.848,,,,,,,,1383,1.4,,,,
19:34:32.080,19.678647665647386,0,15.210607526861113,15.210571,15.210571,15.210571,,,,,-0.046725236324483936,13,
19:34:32.319,,,,,,,,1382,1.4,,,,
19:34:32.560,,,,,,,89,,,,,,
19:34:32.803,19.676904368699393,0,15.213231086111113,15.213195,15.213195,15.213195,,,,,-0.02330555500196151,13,
19:34:33.042,,,,,,,,1382,1.4,,,,
19:34:33.278,19.675943095806865,0,15.215064250388892,15.215028,15.215028,15.215028,,,,,,14,
19:34:33.524,,,,,,,,1383,1.4,,,,
19:34:33.798,,,,,,,89,,,,,,
19:34:34.029,19.674681475843517,0,15.218194694972224,15.218158,15.218158,15.218158,,,,,0.02329883120731802,15,
19:34:34.267,,,,,,,,1382,1.4,,,,
19:34:34.517,19.6740378661143,0,15.22036267052778,15.220326,15.220326,15.220326,,,,,0.03486916386018055,16,
19:34:34.748,,,,,,,,1382,1.4,,,,
19:34:34.992,,,,,,,89,,,,,,
19:34:35.229,19.673098594701237,0,15.223527934972225,15.223491,15.223491,15.223491,,,,,0.035023737898710536,16,
19:34:35.471,,,,,,,,1382,1.4,,,,
19:34:35.742,19.672605811694837,0,15.225953496388891,15.225917,15.225917,15.225917,,,,,0.03448120662360321,17,
19:34:35.983,,,,,,,,1380,1.4,,,,
19:34:36.251,,,,,,,89,,,,,,
19:34:36.489,19.672158139829286,0,15.229683227888891,15.229647,15.229647,15.229647,,,,,0.0345487374742211,18,
19:34:36.732,,,,,,,,1383,1.4,,,,
19:34:36.976,19.672040014692282,0,15.232268698805559,15.232232,15.232232,15.232232,,,,,0.03455136295345844,19,
19:34:37.214,,,,,,,,1382,1.4,,,,
19:34:37.447,,,,,,,89,,,,,,
19:34:37.688,19.67212342844452,0,15.236208483250003,15.236172,15.236172,15.236172,,,,,0.04608316281898388,20,
19:34:37.931,,,,,,,,1383,1.4,,,,
19:34:38.170,19.672352966907287,0,15.239020499333336,15.238984,15.238984,15.238984,,,,,0.04667326320426262,21,
19:34:38.405,,,,,,,,1382,1.4,,,,
19:34:38.658,,,,,,,89,,,,,,
19:34:38.890,19.67269572573121,0,15.243221359166668,15.243185,15.243185,15.243185,,,,,0.03538855245755441,21,
19:34:39.131,,,,,,,,1382,1.4,,,,
19:34:39.369,19.672923478088727,0,15.246013897166668,15.245978,15.245978,15.245978,,,,,0.023680473405054983,21,
19:34:39.609,,,,,,,,1383,1.4,,,,
19:34:39.884,,,,,,,89,,,,,,
19:34:40.117,19.673547425687545,0,15.250586505500001,15.250551,15.250551,15.250551,,,,,0.023320964864569724,22,
19:34:40.360,,,,,,,,1382,1.4,,,,
19:34:40.602,19.673951499303787,0,15.253549073166667,15.253514,15.253514,15.253514,,,,,0.011647582354190422,22,
19:34:40.847,,,,,,,,1382,1.4,,,,
19:34:41.078,,,,,,,89,,,,,,
19:34:41.320,19.674549724907482,0,15.257937005555556,15.257902,15.257902,15.257902,,,,,0.0116575934485811,22,
19:34:41.562,,,,,,,,1382,1.4,,,,
19:34:41.832,19.674976862853704,0,15.261071406666668,15.261036,15.261036,15.261036,,,,,0.01149840362903659,22,
19:34:42.070,,,,,,,,1382,1.4,,,,
19:34:42.343,,,,,,,89,,,,,,
19:34:42.582,19.675332807146926,0,15.265448293750001,15.265413,15.265413,15.265413,,,,,-0.01148876415128505,21,
19:34:42.822,,,,,,,,1383,1.4,,,,
19:34:43.089,19.675391656187376,0,15.26826147152778,15.268226,15.268226,15.268226,,,,,-0.022772927781338676,20,
19:34:43.327,,,,,,,,1385,1.4,,,,
19:34:43.572,,,,,,,89,,,,,,
19:34:43.808,19.675217980052285,0,15.272053887361112,15.272018,15.272018,15.272018,,,,,-0.034152302128583605,19,
19:34:44.048,,,,,,,,1382,1.4,,,,
19:34:44.298,19.67474849322017,0,15.274370040555556,15.274334,15.274334,15.274334,,,,,-0.05742490575875981,17,
19:34:44.530,,,,,,,,1389,1.4,,,,
19:34:44.773,,,,,,,89,,,,,,
19:34:45.011,19.673302805119004,0,15.277139664444446,15.277104,15.277104,15.277104,,,,,-0.08165821613085454,14,
19:34:45.249,,,,,,,,1536,1.5,,,,
19:34:45.491,19.671985033897737,0,15.27874024777778,15.278705,15.278705,15.278705,,,,,-0.09436192815914383,12,
19:34:45.728,,,,,,,,1209,1.2,,,,
19:34:45.931,,,,,,,,,,,,,
19:34:45.941,,,,,,,,,,47,,,
19:34:46.179,,,,,,,89,,,,,,
19:34:46.419,19.668423951343513,0,15.28107351052778,15.281038,15.281038,15.281038,,,,,-0.10847450794044902,9,
19:34:46.668,,,,,,,,0,0,,,,
19:34:46.897,19.666791176886598,0,15.282385795527778,15.28235,15.28235,15.28235,,,,,,10,
19:34:47.139,,,,,,,,0,0,,,,
19:34:47.378,,,,,,,89,,,,,,
19:34:47.619,19.664552024196453,0,15.284594755944445,15.284559,15.284559,15.284559,,,,,,11,
19:34:47.860,,,,,,,,0,0,,,,
19:34:48.098,19.663071795180965,0,15.286055652805556,15.28602,15.28602,15.28602,,,,,,11,
19:34:48.345,,,,,,,,0,0,,,,
19:34:48.582,,,,,,,89,,,,,,
19:34:48.822,19.66108669332505,0,15.288472881472224,15.288437,15.288437,15.288437,,,,,0.035363675160872104,12,
19:34:49.062,,,,,,,,0,0,,,,
19:34:49.333,19.65987210979853,0,15.290316459138891,15.290281,15.290281,15.290281,,,,,0.03488120980088903,13,
19:34:49.568,,,,,,,,0,0,,,,
19:34:49.843,,,,,,,88,,,,,,
19:34:50.083,19.65835728655881,0,15.29323143802778,15.293196,15.293196,15.293196,,,,,0.03449715180514727,14,
19:34:50.319,,,,,,,,0,0,,,,
19:34:50.558,19.657567047768524,0,15.295211334694446,15.295176,15.295176,15.295176,,,,,0.046051143286602814,15,
19:34:50.800,,,,,,,,0,0,,,,
19:34:51.041,,,,,,,88,,,,,,
19:34:51.280,19.656623451250745,0,15.298423898694447,15.298389,15.298389,15.298389,,,,,0.04609282705391621,16,
19:34:51.520,,,,,,,,0,0,,,,
19:34:51.791,19.656138637313298,0,15.300838864861113,15.300804,15.300804,15.300804,,,,,0.046081179855479854,17,
19:34:52.034,,,,,,,,0,0,,,,
19:34:52.300,,,,,,,87,,,,,,
19:34:52.538,19.6556981387893,0,15.304566666861113,15.304532,15.304532,15.304532,,,,,0.0461521967065746,18,
19:34:52.784,,,,,,,,0,0,,,,
19:34:53.020,19.655413364156505,0,15.306977681861113,15.306943,15.306943,15.306943,,,,,0.03451456541521855,18,
19:34:53.259,,,,,,,,0,0,,,,
19:34:53.501,,,,,,,87,,,,,,
19:34:53.743,19.655244161030303,0,15.310798585555558,15.310764,15.310764,15.310764,,,,,0.03449901310701881,19,
19:34:53.982,,,,,,,,0,0,,,,
19:34:54.251,19.65494435224424,0,15.313338697555558,15.313304,15.313304,15.313304,,,,,,18,
19:34:54.493,,,,,,,,0,0,,,,
19:34:54.761,,,,,,,86,,,,,,
19:34:55.004,19.654500567269523,0,15.317100329055558,15.317066,15.317066,15.317066,,,,,,18,
19:34:55.248,,,,,,,,0,0,,,,
19:34:55.511,19.654382268835704,0,15.319777127166669,15.319743,15.319743,15.319743,,,,,,19,
19:34:55.756,,,,,,,,0,0,,,,
19:34:56.021,,,,,,,86,,,,,,
19:34:56.264,19.65420670781851,0,15.323751418916668,15.323717,15.323717,15.323717,,,,,,19,
19:34:56.502,,,,,,,,0,0,,,,
19:34:56.772,19.654269245580593,0,15.326572034472223,15.326538,15.326538,15.326538,,,,,0.022478215709985882,20,
19:34:57.012,,,,,,,,0,0,,,,
19:34:57.283,,,,,,,86,,,,,,
19:34:57.523,19.654361767403305,0,15.33074688113889,15.330713,15.330713,15.330713,,,,,0.0224907994524306,20,
19:34:57.764,,,,,,,,0,0,,,,
19:34:58.029,19.654424064064465,0,15.333559142250001,15.333525,15.333525,15.333525,,,,,0.011249456742484752,20,
19:34:58.271,,,,,,,,0,0,,,,
19:34:58.540,,,,,,,86,,,,,,
19:34:58.782,19.653980748100075,0,15.33732304225,15.337289,15.337289,15.337289,,,,,-0.01124865126963504,18,
19:34:59.023,,,,,,,,0,0,,,,
19:34:59.290,19.65350105059219,0,15.339721301666668,15.339687,15.339687,15.339687,,,,,-0.03374324161372925,17,
19:34:59.531,,,,,,,,0,0,,,,
19:34:59.806,,,,,,,85,,,,,,
19:35:00.044,19.651984636564457,0,15.342653021055556,15.342619,15.342619,15.342619,,,,,-0.06740902629714919,14,
19:35:00.277,,,,,,,,0,0,,,,
19:35:00.519,19.65084675051294,0,15.344389458861112,15.344355,15.344355,15.344355,,,,,-0.07963582477685498,13,
19:35:00.760,,,,,,,,0,0,,,,
19:35:01.003,,,,,,,85,,,,,,
19:35:01.244,19.648890640340877,0,15.346785776861113,15.346751,15.346751,15.346751,,,,,-0.06904142178258908,12,
19:35:01.482,,,,,,,,0,0,,,,
19:35:01.752,19.647507178431507,0,15.34848131652778,15.348447,15.348447,15.348447,,,,,-0.057519128965072185,12,
19:35:01.994,,,,,,,,0,0,,,,
19:35:02.263,,,,,,,85,,,,,,
19:35:02.503,19.645466273471627,0,15.350983723861113,15.350949,15.350949,15.350949,,,,,-0.023041060355513236,12,
19:35:02.744,,,,,,,,0,0,,,,
19:35:03.011,19.644086847482857,0,15.352675831194446,15.352641,15.352641,15.352641,,,,,-0.011368883917853788,12,
19:35:03.251,,,,,,,,0,0,,,,
19:35:03.523,,,,,,,85,,,,,,
19:35:03.763,19.64150831386862,0,15.354765993694446,15.354731,15.354731,15.354731,,,,,-0.02248589225042734,10,
19:35:04.004,,,,,,,,0,0,,,,
19:35:04.274,19.639393959461792,0,15.355902065472224,15.355867,15.355867,15.355867,,,,,-0.044923656549075895,8,
19:35:04.513,,,,,,,,0,0,,,,
19:35:04.783,,,,,,,85,,,,,,
19:35:05.023,19.636034632790423,0,15.357357144972223,15.357322,15.357322,15.357322,,,,,-0.05620968616204819,7,
19:35:05.263,,,,,,,,0,0,,,,
19:35:05.530,19.633938627562717,0,15.358484389861111,15.358449,15.358449,15.358449,,,,,,8,
19:35:05.773,,,,,,,,0,0,,,,
19:35:06.043,,,,,,,85,,,,,,
19:35:06.285,19.63108974820428,0,15.360370989361112,15.360336,15.360336,15.360336,,,,,,9,
19:35:06.523,,,,,,,,0,0,,,,
19:35:06.792,19.629354891189045,0,15.361780679916667,15.361746,15.361746,15.361746,,,,,,10,
19:35:07.035,,,,,,,,0,0,,,,
19:35:07.304,,,,,,,85,,,,,,
19:35:07.543,19.626790291208895,0,15.363865524361112,15.363831,15.363831,15.363831,,,,,0.03372175243714173,10,
19:35:07.781,,,,,,,,0,0,,,,
19:35:08.051,19.624874044630666,0,15.36513616086111,15.365102,15.365102,15.365102,,,,,,9,
19:35:08.291,,,,,,,,0,0,,,,
19:35:08.559,,,,,,,84,,,,,,
19:35:08.800,19.622045401628686,0,15.367012632611111,15.366978,15.366978,15.366978,,,,,0,9,
19:35:09.039,,,,,,,,0,0,,,,
19:35:09.278,19.620420265824265,0,15.368335574555555,15.368301,15.368301,15.368301,,,,,,10,
19:35:09.522,,,,,,,,0,0,,,,
19:35:09.762,,,,,,,84,,,,,,
19:35:10.003,19.618204421635895,0,15.370550880138888,15.370516,15.370516,15.370516,,,,,,11,
19:35:10.242,,,,,,,,0,0,,,,
19:35:10.511,19.61665073150965,0,15.372104872138888,15.37207,15.37207,15.37207,,,,,0.023024790221076345,11,
19:35:10.751,,,,,,,,0,0,,,,
19:35:11.019,,,,,,,84,,,,,,
19:35:11.262,19.6146233083671,0,15.374608591805554,15.374574,15.374574,15.374574,,,,,0.03451452476113019,12,
19:35:11.501,,,,,,,,0,0,,,,
19:35:11.769,19.61361656702834,0,15.37657660175,15.376542,15.376542,15.376542,,,,,0.045489380643621555,14,
19:35:12.012,,,,,,,,1531,1.5,,,,
19:35:12.278,,,,,,,84,,,,,,
19:35:12.515,19.61239776136101,0,15.379684028833333,15.379649,15.379649,15.379649,,,,,0.04510229557161893,15,
19:35:12.760,,,,,,,,1533,1.5,,,,
19:35:13.000,19.611777654335818,0,15.381838210611111,15.381803,15.381803,15.381803,,,,,0.0569192682404375,16,
19:35:13.243,,,,,,,,1535,1.5,,,,
19:35:13.480,,,,,,,84,,,,,,
19:35:13.719,19.6111069204759,0,15.38526325161111,15.385228,15.385228,15.385228,,,,,0.057653598265160096,17,
19:35:13.960,,,,,,,,1535,1.5,,,,
19:35:14.201,19.61066644158699,0,15.387513474083333,15.387478,15.387478,15.387478,,,,,0.03493569635139979,17,
19:35:14.443,,,,,,,,1241,1.2,,,,
19:35:14.711,,,,,,,83,,,,,,
19:35:14.951,19.609974122465772,0,15.391051778055555,15.391016,15.391016,15.391016,,,,,0.02325762636685484,17,
19:35:15.188,,,,,,,,0,0,,,,
19:35:15.431,19.60936039630883,0,15.393187062055555,15.393151,15.393151,15.393151,,,,,0,16,
19:35:15.677,,,,,,,,0,0,,,,
19:35:15.922,,,,,,,83,,,,,,
19:35:16.149,19.607935431418504,0,15.395979569333333,15.395944,15.395944,15.395944,,,,,-0.03496720524626645,14,
19:35:16.390,,,,,,,,0,0,,,,
19:35:16.631,19.606638460532505,0,15.397586119,15.397551,15.397551,15.397551,,,,,-0.05828792646174228,12,
19:35:16.868,,,,,,,,0,0,,,,
19:35:17.108,,,,,,,83,,,,,,
19:35:17.352,19.603933519353074,0,15.3993890655,15.399354,15.399354,15.399354,,,,,-0.0943768150938464,9,
19:35:17.592,,,,,,,,0,0,,,,
19:35:17.862,19.601658513806406,0,15.400381754166666,15.400347,15.400347,15.400347,,,,,-0.10485919177727882,7,
19:35:18.105,,,,,,,,0,0,,,,
19:35:18.371,,,,,,,83,,,,,,
19:35:18.611,19.59779323856842,0,15.401421918333334,15.401387,15.401387,15.401387,,,,,-0.10354488644422181,5,
19:35:18.854,,,,,,,,0,0,,,,
19:35:19.122,19.59533816554597,0,15.402273407833334,15.402238,15.402238,15.402238,,,,,,6,
19:35:19.363,,,,,,,,0,0,,,,
19:35:19.634,,,,,,,83,,,,,,
19:35:19.869,19.592012673920088,0,15.40372649213889,15.403691,15.403691,15.403691,,,,,,7,
19:35:20.111,,,,,,,,0,0,,,,
19:35:20.382,19.589915146553817,0,15.404864811472224,15.404829,15.404829,15.404829,,,,,,8,
19:35:20.623,,,,,,,,0,0,,,,
19:35:20.892,,,,,,,83,,,,,,
19:35:21.134,19.587366969880446,0,15.406954855916668,15.406919,15.406919,15.406919,,,,,0.05614038698910287,10,
19:35:21.372,,,,,,,,0,0,,,,
19:35:21.644,19.58582089241222,0,15.408512911194446,15.408477,15.408477,15.408477,,,,,0.05616081895050633,11,
19:35:21.883,,,,,,,,0,0,,,,
19:35:22.154,,,,,,,83,,,,,,
19:35:22.393,19.584344717246577,0,15.411424383472223,15.411388,15.411388,15.411388,,,,,0.07857903640290054,14,
19:35:22.630,,,,,,,,0,0,,,,
19:35:22.903,19.583339451379704,0,15.413407958694446,15.413372,15.413372,15.413372,,,,,0.06741460136310912,14,
19:35:23.141,,,,,,,,0,0,,,,
19:35:23.411,,,,,,,83,,,,,,
19:35:23.653,19.58239122183352,0,15.41674124313889,15.416705,15.416705,15.416705,,,,,0.06747513610067965,16,
19:35:23.893,,,,,,,,0,0,,,,
19:35:24.164,19.581924966528053,0,15.419158127944446,15.419122,15.419122,15.419122,,,,,0.06742695535775235,17,
19:35:24.403,,,,,,,,0,0,,,,
19:35:24.673,,,,,,,83,,,,,,
19:35:24.912,19.58150791583624,0,15.422895748944446,15.42286,15.42286,15.42286,,,,,0.04497173630532856,18,
19:35:25.151,,,,,,,,0,0,,,,
19:35:25.422,19.581223571273586,0,15.425445183944447,15.425409,15.425409,15.425409,,,,,0.044974469333314726,18,
19:35:25.664,,,,,,,,0,0,,,,
19:35:25.934,,,,,,,83,,,,,,
19:35:26.174,19.58080418680683,0,15.429207061444448,15.429171,15.429171,15.429171,,,,,0.0224664487743948,18,
19:35:26.411,,,,,,,,0,0,,,,
19:35:26.680,19.58052224766562,0,15.431737176944448,15.431701,15.431701,15.431701,,,,,0.011259790241094417,18,
19:35:26.923,,,,,,,,0,0,,,,
19:35:27.192,,,,,,,83,,,,,,
19:35:27.433,19.580102982480774,0,15.435501322944448,15.435465,15.435465,15.435465,,,,,0,18,
19:35:27.672,,,,,,,,0,0,,,,
19:35:27.965,19.579806686367387,0,15.438162662444448,15.438126,15.438126,15.438126,,,,,0,18,
19:35:28.208,,,,,,,,0,0,,,,
19:35:28.483,,,,,,,84,,,,,,
19:35:28.721,19.579120858394038,0,15.441727006638892,15.44169,15.44169,15.44169,,,,,-0.011124116564002952,17,
19:35:28.961,,,,,,,,0,0,,,,
19:35:29.201,19.578514948685886,0,15.443863628861115,15.443827,15.443827,15.443827,,,,,-0.022468900094425797,16,
19:35:29.445,,,,,,,,0,0,,,,
19:35:29.680,,,,,,,84,,,,,,
19:35:29.922,19.577098150862255,0,15.446669087305558,15.446632,15.446632,15.446632,,,,,-0.04551569525022631,14,
19:35:30.163,,,,,,,,0,0,,,,
19:35:30.433,19.575737258870458,0,15.44836993930556,15.448333,15.448333,15.448333,,,,,-0.06888392036658553,12,
19:35:30.674,,,,,,,,0,0,,,,
19:35:30.943,,,,,,,85,,,,,,
19:35:31.185,19.573466608753513,0,15.450669002861115,15.450632,15.450632,15.450632,,,,,-0.06894792660835593,11,
19:35:31.420,,,,,,,,0,0,,,,
19:35:31.664,19.571853041318178,0,15.451999673694448,15.451963,15.451963,15.451963,,,,,-0.0690198124782377,10,
19:35:31.902,,,,,,,,0,0,,,,
19:35:32.141,,,,,,,85,,,,,,
19:35:32.382,19.568678077057513,0,15.453395720638893,15.453359,15.453359,15.453359,,,,,-0.08061293418018876,7,
19:35:32.623,,,,,,,,0,0,,,,
19:35:32.888,19.56643910622671,0,15.45438063094445,15.454344,15.454344,15.454344,,,,,-0.057667692868233277,7,
19:35:33.136,,,,,,,,0,0,,,,
19:35:33.401,,,,,,,85,,,,,,
19:35:33.646,19.5630913891666,0,15.455853927166672,15.455817,15.455817,15.455817,,,,,-0.04604335444927052,7,
19:35:33.883,,,,,,,,0,0,,,,
19:35:34.151,19.561040587095736,0,15.456975099388893,15.456938,15.456938,15.456938,,,,,,8,
19:35:34.392,,,,,,,,0,0,,,,
19:35:34.663,,,,,,,85,,,,,,
19:35:34.902,19.55851677256999,0,15.45906150855556,15.459024,15.459024,15.459024,,,,,0.033722931435730734,10,
19:35:35.144,,,,,,,,0,0,,,,
19:35:35.411,19.557164959734067,0,15.46075813455556,15.460721,15.460721,15.460721,,,,,0.05614870001026025,12,
19:35:35.653,,,,,,,,0,0,,,,
19:35:35.915,,,,,,,85,,,,,,
19:35:36.164,19.555694045762703,0,15.463688365666671,15.463651,15.463651,15.463651,,,,,0.07874203796661529,14,
19:35:36.403,,,,,,,,0,0,,,,
19:35:36.673,19.554879763388403,0,15.465808821500005,15.465771,15.465771,15.465771,,,,,0.07861157086178205,15,
19:35:36.911,,,,,,,,1153,1.2,,,,
19:35:37.181,,,,,,,85,,,,,,
19:35:37.423,19.554733842079738,0,15.469761624250005,15.469724,15.469724,15.469724,,,,,0.10112365896788353,19,
19:35:37.687,,,,,,,,1810,1.8,,,,
19:35:37.929,19.555168397786563,0,15.472855129805561,15.472818,15.472818,15.472818,,,,,0.11248641442059659,22,
19:35:38.180,,,,,,,,2119,2.1,,,,
19:35:38.410,,,,,,,86,,,,,,
19:35:38.649,19.556303776888683,0,15.47770708380556,15.47767,15.47767,15.47767,,,,,0.11397692323090411,24,
19:35:38.890,,,,,,,,2045,2,,,,
19:35:39.127,19.557202671974487,0,15.480974817833339,15.480938,15.480938,15.480938,,,,,0.11541287371326067,25,
19:35:39.376,,,,,,,,1945,1.9,,,,
19:35:39.608,,,,,,,86,,,,,,
19:35:39.848,19.559084387854433,0,15.48637965983334,15.486343,15.486343,15.486343,,,,,0.09343776433951398,27,
19:35:40.093,,,,,,,,1770,1.8,,,,
19:35:40.328,19.560336201408106,0,15.489976751333339,15.48994,15.48994,15.48994,,,,,0.059046418649312093,27,
19:35:40.573,,,,,,,,1607,1.6,,,,
19:35:40.820,,,,,,,86,,,,,,
19:35:41.026,19.562158561509705,0,15.49521547508334,15.495179,15.495179,15.495179,,,,,0.035755649536961295,27,
19:35:41.260,,,,,,,,1550,1.6,,,,
19:35:41.497,19.563221541893288,0,15.498616508361117,15.49858,15.49858,15.49858,,,,,0.011953529955469857,26,
19:35:41.740,,,,,,,,981,1,,,,
19:35:41.977,,,,,,,86,,,,,,
19:35:42.217,19.56358412097134,0,15.502815977527783,15.502779,15.502779,15.502779,,,,,-0.07174205174994973,21,
19:35:42.471,,,,,,,,0,0,,,,
19:35:42.729,19.563303266780594,0,15.505378527527784,15.505342,15.505342,15.505342,,,,,-0.10613830991214343,18,
19:35:42.970,,,,,,,,0,0,,,,
19:35:43.215,,,,,,,86,,,,,,
19:35:43.449,19.561649151063783,0,15.507975913083339,15.507939,15.507939,15.507939,,,,,-0.16369203149580772,13,
19:35:43.692,,,,,,,,0,0,,,,
19:35:43.931,19.560034594153613,0,15.509314798916671,15.509278,15.509278,15.509278,,,,,-0.18621928746203179,10,
19:35:44.170,,,,,,,,0,0,,,,
19:35:44.411,,,,,,,87,,,,,,
19:35:44.650,19.55737474138118,0,15.51111270566667,15.511076,15.511076,15.511076,,,,,-0.13971488108186844,9,
19:35:44.888,,,,,,,,0,0,,,,
19:35:45.129,19.555595475777377,0,15.51231589216667,15.512279,15.512279,15.512279,,,,,-0.106229888885733,9,
19:35:45.373,,,,,,,,0,0,,,,
19:35:45.611,,,,,,,87,,,,,,
19:35:45.850,19.553692425824348,0,15.514714049833337,15.514677,15.514677,15.514677,,,,,,12,
19:35:46.091,,,,,,,,0,0,,,,
19:35:46.363,19.552695417037775,0,15.516708568777782,15.516672,15.516672,15.516672,,,,,,14,
19:35:46.602,,,,,,,,0,0,,,,
19:35:46.873,,,,,,,87,,,,,,
19:35:47.111,19.551764747186454,0,15.520035657666671,15.519999,15.519999,15.519999,,,,,0.0805468006025573,16,
19:35:47.351,,,,,,,,0,0,,,,
19:35:47.620,19.551488780977085,0,15.522577136666671,15.52254,15.52254,15.52254,,,,,0.1023572337516501,18,
19:35:47.862,,,,,,,,0,0,,,,
19:35:48.133,,,,,,,87,,,,,,
19:35:48.372,19.55160674414007,0,15.526754491111115,15.526717,15.526717,15.526717,,,,,0.08986141531302369,20,
19:35:48.612,,,,,,,,1665,1.7,,,,
19:35:48.877,19.55186264384568,0,15.529701473611114,15.529664,15.529664,15.529664,,,,,0.07885001052582133,21,
19:35:49.128,,,,,,,,1613,1.6,,,,
19:35:49.360,,,,,,,87,,,,,,
19:35:49.602,19.552483055436426,0,15.534130944444447,15.534093,15.534093,15.534093,,,,,0.06823226840882472,22,
19:35:49.840,,,,,,,,1597,1.6,,,,
19:35:50.079,19.553057064489753,0,15.537173913444446,15.537136,15.537136,15.537136,,,,,0.05759963115775107,23,
19:35:50.322,,,,,,,,1603,1.6,,,,
19:35:50.560,,,,,,,87,,,,,,
19:35:50.805,19.55418651735763,0,15.54201882077778,15.541981,15.541981,15.541981,,,,,0.04655704858892146,24,
19:35:51.038,,,,,,,,1574,1.6,,,,
19:35:51.278,19.554921372312737,0,15.54517238077778,15.545135,15.545135,15.545135,,,,,0.03539370105911765,24,
19:35:51.523,,,,,,,,1562,1.6,,,,
19:35:51.759,,,,,,,86,,,,,,
19:35:52.029,19.55608753806454,0,15.55017901077778,15.550142,15.550142,15.550142,,,,,0.023340555422635953,24,
19:35:52.276,,,,,,,,1561,1.6,,,,
19:35:52.518,19.55685479222773,0,15.553474450777781,15.553437,15.553437,15.553437,,,,,0.01161069975908663,24,
19:35:52.748,,,,,,,,1570,1.6,,,,
19:35:52.990,,,,,,,86,,,,,,
19:35:53.228,19.558439358534002,0,15.558560974500002,15.558524,15.558524,15.558524,,,,,0.023383993880135023,26,
19:35:53.475,,,,,,,,1548,1.5,,,,
19:35:53.711,19.559693920222678,0,15.562182572250002,15.562146,15.562146,15.562146,,,,,0.03493398007472855,27,
19:35:53.949,,,,,,,,1468,1.5,,,,
19:35:54.192,,,,,,,87,,,,,,
19:35:54.437,19.561595388221114,0,15.567673951500002,15.567637,15.567637,15.567637,,,,,0.03529430939822322,27,
19:35:54.672,,,,,,,,1388,1.4,,,,
19:35:54.911,19.562810598174973,0,15.571184910000001,15.571148,15.571148,15.571148,,,,,0.03551151421133535,27,
19:35:55.156,,,,,,,,1382,1.4,,,,
19:35:55.392,,,,,,,87,,,,,,
19:35:55.630,19.56442527593647,0,15.576377240000001,15.57634,15.57634,15.57634,,,,,0,26,
19:35:55.868,,,,,,,,1392,1.4,,,,
19:35:56.115,19.565514348149296,0,15.579880848333335,15.579844,15.579844,15.579844,,,,,-0.011780900430160526,26,
19:35:56.349,,,,,,,,1386,1.4,,,,
19:35:56.590,,,,,,,87,,,,,,
19:35:56.831,19.567121490545507,0,15.585053285444447,15.585016,15.585016,15.585016,,,,,-0.011829884398285686,26,
19:35:57.069,,,,,,,,1389,1.4,,,,
19:35:57.323,19.568236889067663,0,15.588644610555559,15.588607,15.588607,15.588607,,,,,-0.011745531745458618,26,
19:35:57.550,,,,,,,,1392,1.4,,,,
19:35:57.790,,,,,,,87,,,,,,
19:35:58.031,19.569812346785664,0,15.59371934255556,15.593682,15.593682,15.593682,,,,,0,26,
19:35:58.268,,,,,,,,0,0,,,,
19:35:58.513,19.570728342946694,0,15.597080239083336,15.597043,15.597043,15.597043,,,,,-0.011814208256466643,25,
19:35:58.752,,,,,,,,0,0,,,,
19:35:58.988,,,,,,,87,,,,,,
19:35:59.230,19.572082206162356,0,15.602049798111114,15.602013,15.602013,15.602013,,,,,-0.011811403166755934,25,
19:35:59.467,,,,,,,,0,0,,,,
19:35:59.718,19.573002604431355,0,15.605429674500003,15.605393,15.605393,15.605393,,,,,-0.011827616086361901,25,
19:35:59.949,,,,,,,,0,0,,,,
19:36:00.190,,,,,,,87,,,,,,
19:36:00.435,19.574360273795588,0,15.610417386305558,15.610381,15.610381,15.610381,,,,,-0.01178218677341221,25,
19:36:00.671,,,,,,,,0,0,,,,
19:36:00.943,19.575496948501137,0,15.61408595741667,15.61405,15.61405,15.61405,,,,,0.01165446852806506,26,
19:36:01.183,,,,,,,,0,0,,,,
19:36:01.452,,,,,,,87,,,,,,
19:36:01.690,19.576908179746503,0,15.619275092833336,15.619239,15.619239,15.619239,,,,,,25,
19:36:01.935,,,,,,,,0,0,,,,
19:36:02.201,19.577871874013642,0,15.62282017477778,15.622784,15.622784,15.622784,,,,,,25,
19:36:02.444,,,,,,,,0,0,,,,
19:36:02.709,,,,,,,87,,,,,,
19:36:02.953,19.57850564796488,0,15.627414984777781,15.627379,15.627379,15.627379,,,,,-0.033754711118088414,22,
19:36:03.194,,,,,,,,0,0,,,,
19:36:03.462,19.578934909576358,0,15.63052846327778,15.630492,15.630492,15.630492,,,,,-0.04497795616667828,22,
19:36:03.704,,,,,,,,0,0,,,,
19:36:03.972,,,,,,,87,,,,,,
19:36:04.208,19.579044213063977,0,15.634674299388891,15.634638,15.634638,15.634638,,,,,-0.05624342163075493,20,
19:36:04.452,,,,,,,,0,0,,,,
19:36:04.723,19.57929851424297,0,15.637675964138891,15.63764,15.63764,15.63764,,,,,,21,
19:36:04.964,,,,,,,,0,0,,,,
19:36:05.233,,,,,,,87,,,,,,
19:36:05.475,19.579669918463463,0,15.642061795472225,15.642026,15.642026,15.642026,,,,,,21,
19:36:05.713,,,,,,,,0,0,,,,
19:36:05.979,19.580094279547836,0,15.645143907472224,15.645108,15.645108,15.645108,,,,,,22,
19:36:06.223,,,,,,,,0,0,,,,
19:36:06.494,,,,,,,86,,,,,,
19:36:06.729,19.580724399526364,0,15.64972243013889,15.649687,15.649687,15.649687,,,,,0.022476674610016463,22,
19:36:06.975,,,,,,,,0,0,,,,
19:36:07.212,19.581298189045885,0,15.652807728083335,15.652772,15.652772,15.652772,,,,,0.022761025933012862,23,
19:36:07.452,,,,,,,,0,0,,,,
19:36:07.692,,,,,,,86,,,,,,
19:36:07.933,19.5821554757313,0,15.657419336055558,15.657384,15.657384,15.657384,,,,,0.023044038927737452,23,
19:36:08.175,,,,,,,,0,0,,,,
19:36:08.443,19.58293775064853,0,15.660817910722225,15.660783,15.660783,15.660783,,,,,0.022993246392642674,24,
19:36:08.684,,,,,,,,0,0,,,,
19:36:08.953,,,,,,,86,,,,,,
19:36:09.188,19.584339838929196,0,15.665993985722224,15.665959,15.665959,15.665959,,,,,0.03455101314747062,25,
19:36:09.434,,,,,,,,0,0,,,,
19:36:09.702,19.585305257073927,0,15.669559568361112,15.669525,15.669525,15.669525,,,,,0.02275196150557678,25,
19:36:09.940,,,,,,,,0,0,,,,
19:36:10.212,,,,,,,86,,,,,,
19:36:10.453,19.586717918077163,0,15.674779246833335,15.674745,15.674745,15.674745,,,,,0.02247972758455458,25,
19:36:10.693,,,,,,,,0,0,,,,
19:36:10.960,19.587846390474525,0,15.678441093333335,15.678407,15.678407,15.678407,,,,,0.02250313985151184,26,
19:36:11.205,,,,,,,,0,0,,,,
19:36:11.474,,,,,,,85,,,,,,
19:36:11.707,19.589521222184157,0,15.683878229944446,15.683844,15.683844,15.683844,,,,,0.011245016685036085,26,
19:36:11.957,,,,,,,,0,0,,,,
19:36:12.190,19.59074451824541,0,15.687447261694446,15.687413,15.687413,15.687413,,,,,0.022771080568870034,27,
19:36:12.434,,,,,,,,0,0,,,,
19:36:12.672,,,,,,,85,,,,,,
19:36:12.909,19.592344612561533,0,15.692646277305558,15.692612,15.692612,15.692612,,,,,,26,
19:36:13.154,,,,,,,,0,0,,,,
19:36:13.421,19.59348297467639,0,15.696346616805558,15.696312,15.696312,15.696312,,,,,,26,
19:36:13.658,,,,,,,,0,0,,,,
19:36:13.933,,,,,,,85,,,,,,
19:36:14.173,19.59489151046911,0,15.701565654305558,15.701531,15.701531,15.701531,,,,,-0.011488160269433941,25,
19:36:14.412,,,,,,,,0,0,,,,
19:36:14.681,19.59566688414366,0,15.704951305638891,15.704917,15.704917,15.704917,,,,,-0.03411126292097597,24,
19:36:14.921,,,,,,,,0,0,,,,
19:36:15.190,,,,,,,85,,,,,,
19:36:15.400,19.596266230337196,0,15.709347638972226,15.709313,15.709313,15.709313,,,,,-0.045482279089997975,22,
19:36:15.642,,,,,,,,0,0,,,,
19:36:15.912,19.59669220407632,0,15.712473581083337,15.712439,15.712439,15.712439,,,,,-0.04549668172316205,22,
19:36:16.145,,,,,,,,0,0,,,,
19:36:16.422,,,,,,,85,,,,,,
19:36:16.662,19.597056786445684,0,15.716849171416671,15.716815,15.716815,15.716815,,,,,-0.04552301392515687,21,
19:36:16.902,,,,,,,,0,0,,,,
19:36:17.174,19.597305825335283,0,15.719839356750004,15.719805,15.719805,15.719805,,,,,-0.03407793534245947,21,
19:36:17.409,,,,,,,,0,0,,,,
19:36:17.682,,,,,,,85,,,,,,
19:36:17.922,19.597668853782565,0,15.72420010591667,15.724166,15.724166,15.724166,,,,,-0.011232146864933812,21,
19:36:18.158,,,,,,,,0,0,,,,
19:36:18.432,19.597739874791696,0,15.72703328480556,15.726999,15.726999,15.726999,,,,,-0.02247859477447682,20,
19:36:18.704,,,,,,,,0,0,,,,
19:36:18.974,,,,,,,85,,,,,,
19:36:19.212,19.597848482398593,0,15.731367808138893,15.731334,15.731334,15.731334,,,,,-0.01110677535481535,20,
19:36:19.455,,,,,,,,0,0,,,,
19:36:19.723,19.597919557785268,0,15.734205690361115,15.734172,15.734172,15.734172,,,,,-0.011114383714572414,20,
19:36:19.964,,,,,,,,0,0,,,,
19:36:20.231,,,,,,,84,,,,,,
19:36:20.472,19.59776356995725,0,15.738186301194448,15.738153,15.738153,15.738153,,,,,-0.022215486289261434,19,
19:36:20.710,,,,,,,,0,0,,,,
19:36:20.948,19.59766640043786,0,15.740666993972226,15.740634,15.740634,15.740634,,,,,-0.011259246888799765,19,
19:36:21.193,,,,,,,,0,0,,,,
19:36:21.435,,,,,,,84,,,,,,
19:36:21.672,19.597266218486087,0,15.744289185972226,15.744256,15.744256,15.744256,,,,,-0.023032948636079187,18,
19:36:21.910,,,,,,,,0,0,,,,
19:36:22.180,19.596809411898235,0,15.746691715694448,15.746659,15.746659,15.746659,,,,,-0.03457870624489604,17,
19:36:22.423,,,,,,,,0,0,,,,
19:36:22.692,,,,,,,84,,,,,,
19:36:22.932,19.596134850855748,0,15.750241049833337,15.750208,15.750208,15.750208,,,,,-0.02302897495779891,17,
19:36:23.174,,,,,,,,0,0,,,,
19:36:23.444,19.59567540531667,0,15.75265956805556,15.752627,15.752627,15.752627,,,,,-0.022691845678113703,17,
19:36:23.680,,,,,,,,0,0,,,,
19:36:23.949,,,,,,,84,,,,,,
19:36:24.193,19.59474579536723,0,15.755985751611115,15.755953,15.755953,15.755953,,,,,-0.022471786939984313,16,
19:36:24.435,,,,,,,,0,0,,,,
19:36:24.703,19.593935168306647,0,15.758114054527782,15.758081,15.758081,15.758081,,,,,-0.02245439688389296,15,
19:36:24.944,,,,,,,,0,0,,,,
19:36:25.212,,,,,,,83,,,,,,
19:36:25.451,19.592750101383324,0,15.761226802027782,15.761194,15.761194,15.761194,,,,,-0.022490286939340163,15,
19:36:25.689,,,,,,,,0,0,,,,
19:36:25.941,19.591803674086755,0,15.763132956083338,15.7631,15.7631,15.7631,,,,,-0.0340340618295027,14,
19:36:26.169,,,,,,,,0,0,,,,
19:36:26.413,,,,,,,83,,,,,,
19:36:26.653,19.59042832569083,0,15.765904130083337,15.765871,15.765871,15.765871,,,,,-0.023023354788400046,14,
19:36:26.893,,,,,,,,0,0,,,,
19:36:27.162,19.58944610034043,0,15.767884039638892,15.767851,15.767851,15.767851,,,,,-0.011519322817127309,14,
19:36:27.401,,,,,,,,0,0,,,,
19:36:27.671,,,,,,,83,,,,,,
19:36:27.910,19.588003856903995,0,15.770792486750002,15.770759,15.770759,15.770759,,,,,-0.011517717611563845,14,
19:36:28.150,,,,,,,,0,0,,,,
19:36:28.423,19.587015055047154,0,15.772787385250002,15.772754,15.772754,15.772754,,,,,0,14,
19:36:28.663,,,,,,,,0,0,,,,
19:36:28.934,,,,,,,83,,,,,,
19:36:29.173,19.58582858881921,0,15.775912521916668,15.775879,15.775879,15.775879,,,,,0.011240236223547823,15,
19:36:29.414,,,,,,,,0,0,,,,
19:36:29.683,19.585198787349242,0,15.778176451694446,15.778143,15.778143,15.778143,,,,,0.022477878576309923,16,
19:36:29.924,,,,,,,,0,0,,,,
19:36:30.190,,,,,,,83,,,,,,
19:36:30.432,19.58427206508294,0,15.78150916102778,15.781476,15.781476,15.781476,,,,,0.022460725764091045,16,
19:36:30.675,,,,,,,,0,0,,,,
19:36:30.967,19.583796339387213,0,15.784031412305557,15.783998,15.783998,15.783998,,,,,0.0334105703511406,17,
19:36:31.212,,,,,,,,0,0,,,,
19:36:31.483,,,,,,,83,,,,,,
19:36:31.723,19.58286276266411,0,15.787391579416669,15.787358,15.787358,15.787358,,,,,,16,
19:36:31.965,,,,,,,,0,0,,,,
19:36:32.233,19.58188048366141,0,15.789377750083336,15.789344,15.789344,15.789344,,,,,,14,
19:36:32.475,,,,,,,,1257,1.3,,,,
19:36:32.744,,,,,,,83,,,,,,
19:36:32.981,19.579672455032636,0,15.79166038941667,15.791627,15.791627,15.791627,,,,,-0.05557206684994204,11,
19:36:33.223,,,,,,,,1533,1.5,,,,
19:36:33.458,19.577934511297652,0,15.79285300291667,15.79282,15.79282,15.79282,,,,,-0.0909526994817601,9,
19:36:33.702,,,,,,,,1535,1.5,,,,
19:36:33.941,,,,,,,83,,,,,,
19:36:34.180,19.575056819650012,0,15.79445737402778,15.794424,15.794424,15.794424,,,,,-0.09221199961959455,8,
19:36:34.425,,,,,,,,1534,1.5,,,,
19:36:34.659,19.57298179717048,0,15.795389520666669,15.795356,15.795356,15.795356,,,,,-0.0817023623458068,7,
19:36:34.900,,,,,,,,1535,1.5,,,,
19:36:35.150,,,,,,,83,,,,,,
19:36:35.379,19.56962177997629,0,15.79658846316667,15.796555,15.796555,15.796555,,,,,-0.059065971252455614,6,
19:36:35.619,,,,,,,,0,0,,,,
19:36:35.868,19.56716794909113,0,15.797268324555558,15.797235,15.797235,15.797235,,,,,-0.047008750268799075,5,
19:36:36.099,,,,,,,,0,0,,,,
19:36:36.344,,,,,,,83,,,,,,
19:36:36.615,19.562656426647226,0,15.797683103722225,15.79765,15.79765,15.79765,,,,,-0.06980024271082173,2,
19:36:36.845,,,,,,,,0,0,,,,
19:36:37.088,19.55960126656106,0,15.797816036138892,15.797783,15.797783,15.797783,,,,,-0.06998457982061751,1,
19:36:37.331,,,,,,,,0,0,,,,
19:36:37.571,,,,,,,83,,,,,,
19:36:37.810,19.55478028203937,,15.797816036138892,15.797783,15.797783,15.797783,,,,,-0.06991393263299624,0,
19:36:38.053,,,,,,,,0,0,,,,
19:36:38.323,19.55150792343921,0,15.797958539722226,15.797926,15.797926,15.797926,,,,,,1,
19:36:38.563,,,,,,,,0,0,,,,
19:36:38.831,,,,,,,83,,,,,,
19:36:39.071,19.546478632996113,,15.797958539722226,15.797926,15.797926,15.797926,,,,,,0,
19:36:39.312,,,,,,,,0,0,,,,
19:36:39.580,19.543231689543934,0,15.798100061000003,15.798068,15.798068,15.798068,,,,,,1,
19:36:39.822,,,,,,,,0,0,,,,
19:36:40.093,,,,,,,83,,,,,,
19:36:40.335,19.538426671074323,0,15.798309583500004,15.798278,15.798278,15.798278,,,,,,1,
19:36:40.570,,,,,,,,0,0,,,,
19:36:40.843,19.535019052857763,,15.798309583500004,15.798278,15.798278,15.798278,,,,,,0,
19:36:41.082,,,,,,,,0,0,,,,
19:36:41.354,,,,,,,83,,,,,,
19:36:41.592,19.529991367500084,,15.798309583500004,15.798278,15.798278,15.798278,,,,,0,0,
19:36:41.833,,,,,,,,0,0,,,,
19:36:42.104,19.526733846144793,0,15.798451815388892,15.79842,15.79842,15.79842,,,,,,1,
19:36:42.342,,,,,,,,0,0,,,,
19:36:42.613,,,,,,,83,,,,,,
19:36:42.854,19.521962744503444,0,15.798660224444449,15.798628,15.798628,15.798628,,,,,,1,
19:36:43.087,,,,,,,,0,0,,,,
19:36:43.364,19.518722884076883,0,15.798801807750005,15.79877,15.79877,15.79877,,,,,0.01123321102269533,1,
19:36:43.604,,,,,,,,0,0,,,,
19:36:43.873,,,,,,,83,,,,,,
19:36:44.113,19.51371016727539,,15.798801807750005,15.79877,15.79877,15.79877,,,,,0,0,
19:36:44.353,,,,,,,,0,0,,,,
19:36:44.622,19.510473525948015,0,15.798943374527783,15.798912,15.798912,15.798912,,,,,,1,
19:36:44.862,,,,,,,,0,0,,,,
19:36:45.133,,,,,,,83,,,,,,
19:36:45.373,19.505709888120112,0,15.799151820361116,15.79912,15.79912,15.79912,,,,,,1,
19:36:45.612,,,,,,,,0,0,,,,
19:36:45.884,19.50246803680167,0,15.79929373769445,15.799262,15.799262,15.799262,,,,,,1,
19:36:46.124,,,,,,,,0,0,,,,
19:36:46.390,,,,,,,84,,,,,,
19:36:46.630,19.497483515073355,,15.79929373769445,15.799262,15.799262,15.799262,,,,,0,0,
19:36:46.873,,,,,,,,0,0,,,,
19:36:47.110,19.494275843475783,,15.79929373769445,15.799262,15.799262,15.799262,,,,,-0.011387107025123484,0,
19:36:47.348,,,,,,,,0,0,,,,
19:36:47.591,,,,,,,84,,,,,,
19:36:47.832,19.489449525872665,,15.79929373769445,15.799262,15.799262,15.799262,,,,,-0.011518960236692676,0,
19:36:48.071,,,,,,,,0,0,,,,
19:36:48.343,19.486037178099753,,15.79929373769445,15.799262,15.799262,15.799262,,,,,-0.011518088075964581,0,
19:36:48.582,,,,,,,,0,0,,,,
19:36:48.853,,,,,,,85,,,,,,
19:36:49.090,19.48104441763786,,15.79929373769445,15.799262,15.799262,15.799262,,,,,0,0,
19:36:49.330,,,,,,,,0,0,,,,
19:36:49.635,19.477601230572866,0,15.799444864138895,15.799413,15.799413,15.799413,,,,,0.011215064238826195,1,
19:36:49.871,,,,,,,,0,0,,,,
19:36:50.141,,,,,,,85,,,,,,
19:36:50.382,19.473384712939083,0,15.800067735972227,15.800036,15.800036,15.800036,,,,,0.03331607645442367,3,
19:36:50.622,,,,,,,,0,0,,,,
19:36:50.893,19.470682141690993,0,15.800634686527783,15.800603,15.800603,15.800603,,,,,0.04443563907570792,4,
19:36:51.132,,,,,,,,0,0,,,,
19:36:51.401,,,,,,,85,,,,,,
19:36:51.665,19.466856172809884,0,15.801707762916672,15.801676,15.801676,15.801676,,,,,0.054989101479939476,5,
19:36:51.914,,,,,,,,0,0,,,,
19:36:52.184,19.464290741708947,0,15.80242761194445,15.802396,15.802396,15.802396,,,,,0.04446463931882042,5,
19:36:52.420,,,,,,,,0,0,,,,
19:36:52.695,,,,,,,85,,,,,,
19:36:52.931,19.460590310472092,0,15.80346638708334,15.803435,15.803435,15.803435,,,,,0.022224244166452675,5,
19:36:53.175,,,,,,,,0,0,,,,
19:36:53.442,19.45788979677681,0,15.804033869638895,15.804002,15.804002,15.804002,,,,,0,4,
19:36:53.682,,,,,,,,0,0,,,,
19:36:53.948,,,,,,,85,,,,,,
19:36:54.193,19.453920229088776,0,15.804868389638894,15.804837,15.804837,15.804837,,,,,-0.01120492743159496,4,
19:36:54.464,,,,,,,,0,0,,,,
19:36:54.733,19.451063628903633,0,15.805469196416672,15.805438,15.805438,15.805438,,,,,-0.011109849171045072,4,
19:36:54.971,,,,,,,,0,0,,,,
19:36:55.243,,,,,,,85,,,,,,
19:36:55.483,19.4476171131514,0,15.806718736583338,15.806688,15.806688,15.806688,,,,,,6,
19:36:55.721,,,,,,,,0,0,,,,
19:36:55.988,19.445471809318278,0,15.807699469638894,15.807669,15.807669,15.807669,,,,,0.03337655598911968,7,
19:36:56.232,,,,,,,,0,0,,,,
19:36:56.503,,,,,,,85,,,,,,
19:36:56.747,19.442499581159712,0,15.809388748750006,15.809358,15.809358,15.809358,,,,,0.04437482503143378,8,
19:36:56.983,,,,,,,,0,0,,,,
19:36:57.251,19.44053393762854,0,15.810506413194451,15.810476,15.810476,15.810476,,,,,0.044994848089201664,8,
19:36:57.492,,,,,,,,0,0,,,,
19:36:57.760,,,,,,,85,,,,,,
19:36:58.003,19.437855118430136,0,15.812384917694452,15.812355,15.812355,15.812355,,,,,0.03372297693789603,9,
19:36:58.243,,,,,,,,0,0,,,,
19:36:58.512,19.436212268258462,0,15.813801198250008,15.813771,15.813771,15.813771,,,,,0.03366204865753211,10,
19:36:58.754,,,,,,,,0,0,,,,
19:36:59.022,,,,,,,85,,,,,,
19:36:59.261,19.434057471069263,0,15.816087782305564,15.816058,15.816058,15.816058,,,,,0.03379711145244849,11,
19:36:59.501,,,,,,,,0,0,,,,
19:36:59.774,19.432403904247938,0,15.817514489805564,15.817485,15.817485,15.817485,,,,,,10,
19:37:00.015,,,,,,,,797,0.8,,,,
19:37:00.282,,,,,,,86,,,,,,
19:37:00.517,19.42974228926984,0,15.819383991555565,15.819355,15.819355,15.819355,,,,,,9,
19:37:00.769,,,,,,,,1447,1.4,,,,
19:37:01.000,19.427855018842244,0,15.820459668666675,15.820431,15.820431,15.820431,,,,,-0.022777371289089868,8,
19:37:01.242,,,,,,,,1375,1.4,,,,
19:37:01.487,,,,,,,86,,,,,,
19:37:01.723,19.425307439622284,0,15.822250586166675,15.822222,15.822222,15.822222,,,,,,9,
19:37:01.958,,,,,,,,1383,1.4,,,,
19:37:02.201,19.423752553635833,0,15.823594511166675,15.823566,15.823566,15.823566,,,,,,10,
19:37:02.442,,,,,,,,1376,1.4,,,,
19:37:02.681,,,,,,,86,,,,,,
19:37:02.918,19.421467165191594,0,15.825570632000009,15.825542,15.825542,15.825542,,,,,,10,
19:37:03.171,,,,,,,,1380,1.4,,,,
19:37:03.398,19.4200900968359,0,15.82703654700001,15.827008,15.827008,15.827008,,,,,0.035428439060298904,11,
19:37:03.643,,,,,,,,1383,1.4,,,,
19:37:03.877,,,,,,,86,,,,,,
19:37:04.118,19.41777884927982,0,15.829036622277787,15.829008,15.829008,15.829008,,,,,,10,
19:37:04.372,,,,,,,,1382,1.4,,,,
19:37:04.600,19.416233240823857,0,15.830374687277788,15.830346,15.830346,15.830346,,,,,,10,
19:37:04.846,,,,,,,,1384,1.4,,,,
19:37:05.079,,,,,,,86,,,,,,
19:37:05.320,19.414168118672134,0,15.832575856638899,15.832547,15.832547,15.832547,,,,,,11,
19:37:05.563,,,,,,,,1383,1.4,,,,
19:37:05.799,19.412797706132135,0,15.834037146444455,15.834008,15.834008,15.834008,,,,,,11,
19:37:06.037,,,,,,,,1382,1.4,,,,
19:37:06.290,,,,,,,86,,,,,,
19:37:06.521,19.41122059220792,0,15.8366455166389,15.836616,15.836616,15.836616,,,,,0.03536780226472451,13,
19:37:06.763,,,,,,,,1384,1.4,,,,
19:37:07.001,19.410172307393342,0,15.838379972666678,15.83835,15.83835,15.83835,,,,,0.03538794085666316,13,
19:37:07.241,,,,,,,,1378,1.4,,,,
19:37:07.483,,,,,,,86,,,,,,
19:37:07.719,19.408605528261994,0,15.8409733693889,15.840943,15.840943,15.840943,,,,,0.023613616483116003,13,
19:37:07.958,,,,,,,,1383,1.4,,,,
19:37:08.201,19.40771991577728,0,15.842844676666678,15.842814,15.842814,15.842814,,,,,0.03537736277017312,14,
19:37:08.408,,,,,,,,1383,1.4,,,,
19:37:08.651,,,,,,,86,,,,,,
19:37:08.888,19.406455102096295,0,15.845518302555567,15.845488,15.845488,15.845488,,,,,0.011965951236175274,14,
19:37:09.133,,,,,,,,1382,1.4,,,,
19:37:09.371,19.405731356477666,0,15.847530262972233,15.8475,15.8475,15.8475,,,,,0.02390624273476824,15,
19:37:09.610,,,,,,,,1383,1.4,,,,
19:37:09.861,,,,,,,86,,,,,,
19:37:10.087,19.404658463542486,0,15.850514044222233,15.850484,15.850484,15.850484,,,,,0.02392666971225143,15,
19:37:10.329,,,,,,,,1382,1.4,,,,
19:37:10.570,19.403934759601306,0,15.852527530472234,15.852497,15.852497,15.852497,,,,,0.011952985681963646,15,
19:37:10.817,,,,,,,,1383,1.4,,,,
19:37:11.053,,,,,,,86,,,,,,
19:37:11.297,19.40283847347159,0,15.855578874222234,15.855548,15.855548,15.855548,,,,,0.01175884703131009,15,
19:37:11.537,,,,,,,,1384,1.4,,,,
19:37:11.771,19.402136874765247,0,15.857532463805567,15.857502,15.857502,15.857502,,,,,0,15,
19:37:12.009,,,,,,,,1383,1.4,,,,
19:37:12.245,,,,,,,87,,,,,,
19:37:12.500,19.400788493928548,0,15.860389195694456,15.860359,15.860359,15.860359,,,,,-0.011738888323399683,14,
19:37:12.731,,,,,,,,1384,1.4,,,,
19:37:12.977,19.399924577851067,0,15.8622202716389,15.86219,15.86219,15.86219,,,,,-0.01176984897290348,14,
19:37:13.212,,,,,,,,1383,1.4,,,,
19:37:13.450,,,,,,,87,,,,,,
19:37:13.693,19.398854905080604,0,15.865202675805568,15.865172,15.865172,15.865172,,,,,,15,
19:37:13.930,,,,,,,,1382,1.4,,,,
19:37:14.176,19.398133561656845,0,15.867214705805567,15.867184,15.867184,15.867184,,,,,,15,
19:37:14.417,,,,,,,,1383,1.4,,,,
19:37:14.651,,,,,,,88,,,,,,
19:37:14.903,19.397286996793333,0,15.870475990694457,15.870445,15.870445,15.870445,,,,,0.023572592264840715,16,
19:37:15.172,,,,,,,,1382,1.4,,,,
19:37:15.402,19.39688629772093,0,15.872801236055569,15.87277,15.87277,15.87277,,,,,0.03504359340572084,17,
19:37:15.645,,,,,,,,1382,1.4,,,,
19:37:15.878,,,,,,,88,,,,,,
19:37:16.121,19.396545218199257,0,15.87639868555557,15.876367,15.876367,15.876367,,,,,0.03499072511673746,18,
19:37:16.364,,,,,,,,1382,1.4,,,,
19:37:16.633,19.3963022940792,0,15.87896193755557,15.87893,15.87893,15.87893,,,,,0.03457432233330387,18,
19:37:16.872,,,,,,,,1382,1.4,,,,
19:37:17.144,,,,,,,88,,,,,,
19:37:17.380,19.39620187965105,0,15.88290411666668,15.882872,15.882872,15.882872,,,,,0.03430590501171692,19,
19:37:17.623,,,,,,,,1384,1.4,,,,
19:37:17.887,19.396305467099822,0,15.885714290000013,15.885682,15.885682,15.885682,,,,,0.034197474824355756,20,
19:37:18.130,,,,,,,,1383,1.4,,,,
19:37:18.370,,,,,,,88,,,,,,
19:37:18.623,19.39645748046215,0,15.889839932777791,15.889808,15.889808,15.889808,,,,,0.022641767774372806,20,
19:37:18.881,,,,,,,,1383,1.4,,,,
19:37:19.121,19.396558122285185,0,15.89257249555557,15.892541,15.892541,15.892541,,,,,0.022771581245517765,20,
19:37:19.359,,,,,,,,1382,1.4,,,,
19:37:19.633,,,,,,,89,,,,,,
19:37:19.867,19.396963522147622,0,15.896923895638903,15.896892,15.896892,15.896892,,,,,0.022780212453366557,21,
19:37:20.117,,,,,,,,1383,1.4,,,,
19:37:20.360,19.397403766077122,0,15.899973816750014,15.899942,15.899942,15.899942,,,,,0.02290048654614614,22,
19:37:20.590,,,,,,,,1383,1.4,,,,
19:37:20.833,,,,,,,89,,,,,,
19:37:21.072,19.39826549540574,0,15.904484473888903,15.904453,15.904453,15.904453,,,,,0.03469903362900265,23,
19:37:21.311,,,,,,,,1382,1.4,,,,
19:37:21.584,19.399236551584316,0,15.908038280833347,15.908007,15.908007,15.908007,,,,,0.057515480323070044,25,
19:37:21.821,,,,,,,,1412,1.4,,,,
19:37:22.060,,,,,,,89,,,,,,
19:37:22.311,19.401354504389644,0,15.91369384916668,15.913663,15.913663,15.913663,,,,,0.08112894529321549,28,
19:37:22.539,,,,,,,,1882,1.9,,,,
19:37:22.775,19.403334937807486,0,15.917820460722236,15.91779,15.91779,15.91779,,,,,0.11729356902525896,32,
19:37:23.026,,,,,,,,2407,2.4,,,,
19:37:23.258,,,,,,,89,,,,,,
19:37:23.501,19.407923116392592,0,15.925513593444458,15.925483,15.925483,15.925483,,,,,0.17490296684125886,38,
19:37:23.740,,,,,,,,2927,2.9,,,,
19:37:23.978,19.411549508735263,0,15.931046483277791,15.931016,15.931016,15.931016,,,,,0.2010681721142353,42,
19:37:24.223,,,,,,,,3106,3.1,,,,
19:37:24.459,,,,,,,89,,,,,,
19:37:24.697,19.41728824118293,0,15.939634142277791,15.939604,15.939604,15.939604,,,,,0.17805202527578615,43,
19:37:24.942,,,,,,,,1797,1.8,,,,
19:37:25.177,19.420626770572877,0,15.94496102116668,15.944931,15.944931,15.944931,,,,,,40,
19:37:25.424,,,,,,,,1472,1.5,,,,
19:37:25.659,,,,,,,88,,,,,,
19:37:25.901,19.424473469894995,0,15.952058004222236,15.952028,15.952028,15.952028,,,,,,35,
19:37:26.151,,,,,,,,1382,1.4,,,,
19:37:26.378,19.426158605777687,0,15.955984370888903,15.955954,15.955954,15.955954,,,,,-0.14165634447423642,30,
19:37:26.615,,,,,,,,1378,1.4,,,,
19:37:26.859,,,,,,,88,,,,,,
19:37:27.098,19.42727215168186,0,15.960784806888903,15.960754,15.960754,15.960754,,,,,-0.22418521549117273,24,
19:37:27.342,,,,,,,,1382,1.4,,,,
19:37:27.579,19.427527955829945,0,15.963591444638903,15.963561,15.963561,15.963561,,,,,-0.22402416506592396,21,
19:37:27.819,,,,,,,,1383,1.4,,,,
19:37:28.070,,,,,,,88,,,,,,
19:37:28.298,19.42669544235163,0,15.966785546861125,15.966755,15.966755,15.966755,,,,,-0.22450453744935703,16,
19:37:28.547,,,,,,,,1383,1.4,,,,
19:37:28.778,19.425814106308366,0,15.968654606750015,15.968624,15.968624,15.968624,,,,,-0.18879557949093076,14,
19:37:29.024,,,,,,,,1385,1.4,,,,
19:37:29.288,,,,,,,88,,,,,,
19:37:29.538,19.423893732153058,0,15.971206276416682,15.971176,15.971176,15.971176,,,,,-0.13931242494031304,12,
19:37:29.771,,,,,,,,1385,1.4,,,,
19:37:30.015,19.42255335633976,0,15.972645661250015,15.972615,15.972615,15.972615,,,,,-0.11628455612313744,11,
19:37:30.253,,,,,,,,1382,1.4,,,,
19:37:30.517,,,,,,,88,,,,,,
19:37:30.763,19.420173683082723,0,15.974723103472236,15.974692,15.974692,15.974692,,,,,-0.06894468767132728,10,
19:37:30.999,,,,,,,,1384,1.4,,,,
19:37:31.239,19.418659250760598,0,15.976045741527791,15.976015,15.976015,15.976015,,,,,-0.04604628290768104,10,
19:37:31.491,,,,,,,,1382,1.4,,,,
19:37:31.719,,,,,,,88,,,,,,
19:37:31.956,19.41662283316038,0,15.978235376472236,15.978205,15.978205,15.978205,,,,,,11,
19:37:32.209,,,,,,,,1385,1.4,,,,
19:37:32.441,19.415078756348148,0,15.97958496091668,15.979555,15.979555,15.979555,,,,,,10,
19:37:32.681,,,,,,,,1382,1.4,,,,
19:37:32.919,,,,,,,88,,,,,,
19:37:33.161,19.41301917657502,0,15.981801348777791,15.981771,15.981771,15.981771,,,,,,11,
19:37:33.402,,,,,,,,1383,1.4,,,,
19:37:33.638,19.411841906589004,0,15.983370496444458,15.98334,15.98334,15.98334,,,,,,12,
19:37:33.881,,,,,,,,1383,1.4,,,,
19:37:34.119,,,,,,,88,,,,,,
19:37:34.357,19.410528868957357,0,15.986167977222236,15.986137,15.986137,15.986137,,,,,,14,
19:37:34.603,,,,,,,,1382,1.4,,,,
19:37:34.875,19.40975844099419,0,15.988326295555568,15.988295,15.988295,15.988295,,,,,0.05819996256460814,15,
19:37:35.111,,,,,,,,1383,1.4,,,,
19:37:35.351,,,,,,,88,,,,,,
19:37:35.588,19.409179329195783,0,15.991692380555568,15.991661,15.991661,15.991661,,,,,0.07003049818355768,17,
19:37:35.829,,,,,,,,1383,1.4,,,,
19:37:36.071,19.408786545301453,0,15.99397635652779,15.993945,15.993945,15.993945,,,,,0.05819164079430688,17,
19:37:36.309,,,,,,,,1382,1.4,,,,
19:37:36.580,,,,,,,88,,,,,,
19:37:36.832,19.408423152176226,0,15.99780349452779,15.997772,15.997772,15.997772,,,,,0.045785762907790205,18,
19:37:37.059,,,,,,,,1383,1.4,,,,
19:37:37.305,19.40835872560451,0,16.000274347416678,16.000243,16.000243,16.000243,,,,,0.04662500472908794,19,
19:37:37.541,,,,,,,,1382,1.4,,,,
19:37:37.779,,,,,,,88,,,,,,
19:37:38.024,19.40850195850794,0,16.004266968527787,16.004236,16.004236,16.004236,,,,,0.03488439013798113,20,
19:37:38.259,,,,,,,,1383,1.4,,,,
19:37:38.500,19.408760603955898,0,16.00708167027779,16.007051,16.007051,16.007051,,,,,0.04664611008792428,21,
19:37:38.743,,,,,,,,1382,1.4,,,,
19:37:38.982,,,,,,,88,,,,,,
19:37:39.224,19.408903605520305,0,16.011072165833344,16.011041,16.011041,16.011041,,,,,,20,
19:37:39.460,,,,,,,,1384,1.4,,,,
19:37:39.700,19.408838155004247,0,16.013581362305565,16.01355,16.01355,16.01355,,,,,,19,
19:37:39.942,,,,,,,,1382,1.4,,,,
19:37:40.180,,,,,,,88,,,,,,
19:37:40.419,19.408738390027423,0,16.01740762875001,16.017376,16.017376,16.017376,,,,,-0.011824810056910145,19,
19:37:40.693,,,,,,,,1382,1.4,,,,
19:37:40.929,19.40849938277214,0,16.01992833275001,16.019897,16.019897,16.019897,,,,,-0.03498897317509168,18,
19:37:41.172,,,,,,,,1384,1.4,,,,
19:37:41.439,,,,,,,88,,,,,,
19:37:41.679,19.40814396302596,0,16.02367837025001,16.023647,16.023647,16.023647,,,,,-0.02307741815865174,18,
19:37:41.918,,,,,,,,1383,1.4,,,,
19:37:42.165,19.407750287027742,0,16.025973221972233,16.025942,16.025942,16.025942,,,,,-0.02298112904917649,17,
19:37:42.401,,,,,,,,1382,1.4,,,,
19:37:42.640,,,,,,,88,,,,,,
19:37:42.889,19.40740469428455,0,16.02962300747223,16.029592,16.029592,16.029592,,,,,,18,
19:37:43.120,,,,,,,,1384,1.4,,,,
19:37:43.363,19.40718308992444,0,16.03196430197223,16.031933,16.031933,16.031933,,,,,,18,
19:37:43.600,,,,,,,,1381,1.4,,,,
19:37:43.840,,,,,,,88,,,,,,
19:37:44.091,19.40683612883125,0,16.03563149697223,16.0356,16.0356,16.0356,,,,,,18,
19:37:44.319,,,,,,,,1382,1.4,,,,
19:37:44.559,19.406772213021732,0,16.038098342444453,16.038067,16.038067,16.038067,,,,,0.023660095872189577,19,
19:37:44.801,,,,,,,,1383,1.4,,,,
19:37:45.040,,,,,,,88,,,,,,
19:37:45.284,19.40667379336039,0,16.04189838836112,16.041867,16.041867,16.041867,,,,,0.011826737546840863,19,
19:37:45.520,,,,,,,,1382,1.4,,,,
19:37:45.757,19.406609190926428,0,16.04439372961112,16.044362,16.044362,16.044362,,,,,0.011833448669362078,19,
19:37:46.002,,,,,,,,1385,1.4,,,,
19:37:46.240,,,,,,,88,,,,,,
19:37:46.482,19.40626613658361,0,16.04802402161112,16.047992,16.047992,16.047992,,,,,0,18,
19:37:46.720,,,,,,,,1383,1.4,,,,
19:37:46.956,19.40588366390754,0,16.050258902055564,16.050227,16.050227,16.050227,,,,,-0.023635612949938784,17,
19:37:47.203,,,,,,,,1382,1.4,,,,
19:37:47.439,,,,,,,89,,,,,,
19:37:47.681,19.404803652069578,0,16.0533007803889,16.053269,16.053269,16.053269,,,,,-0.047263320563815346,15,
19:37:47.923,,,,,,,,1382,1.4,,,,
19:37:48.159,19.40378786913915,0,16.055006715138898,16.054975,16.054975,16.054975,,,,,-0.07076076466167756,13,
19:37:48.396,,,,,,,,1383,1.4,,,,
19:37:48.641,,,,,,,89,,,,,,
19:37:48.884,19.401492275811748,0,16.057027044305563,16.056995,16.056995,16.056995,,,,,-0.0943324903839355,10,
19:37:49.121,,,,,,,,1538,1.5,,,,
19:37:49.356,19.40000794059982,0,16.05833391847223,16.058302,16.058302,16.058302,,,,,-0.08260693403244333,10,
19:37:49.603,,,,,,,,1504,1.5,,,,
19:37:49.841,,,,,,,89,,,,,,
19:37:50.078,19.397491431490177,0,16.060136981972228,16.060105,16.060105,16.060105,,,,,-0.07092110979819041,9,
19:37:50.321,,,,,,,,0,0,,,,
19:37:50.559,19.39581267184134,0,16.061340288472227,16.061308,16.061308,16.061308,,,,,-0.04720249918552697,9,
19:37:50.797,,,,,,,,0,0,,,,
19:37:51.042,,,,,,,89,,,,,,
19:37:51.275,19.393314839739844,0,16.063131411722228,16.063099,16.063099,16.063099,,,,,-0.011843910223918057,9,
19:37:51.525,,,,,,,,0,0,,,,
19:37:51.718,,,,,,,,,,,,,
19:37:51.728,,,,,,,,,,48,,,
19:37:51.969,19.391112084985515,0,16.065074208111117,16.065042,16.065042,16.065042,,,,,,10,
19:37:52.212,,,,,,,,0,0,,,,
19:37:52.482,,,,,,,89,,,,,,
19:37:52.722,19.389010084715153,0,16.06735767519445,16.067325,16.067325,16.067325,,,,,0.021427136854288376,11,
19:37:52.961,,,,,,,,0,0,,,,
19:37:53.232,19.38757100154457,0,16.06892165519445,16.068889,16.068889,16.068889,,,,,0.02119004177420184,11,
19:37:53.474,,,,,,,,0,0,,,,
19:37:53.739,,,,,,,88,,,,,,
19:37:53.980,19.38547352571641,0,16.07120213058334,16.071169,16.071169,16.071169,,,,,0.02094447418725956,11,
19:37:54.217,,,,,,,,0,0,,,,
19:37:54.460,19.384121692286875,0,16.072672512805564,16.072639,16.072639,16.072639,,,,,0.011369755990852163,11,
19:37:54.699,,,,,,,,0,0,,,,
19:37:54.938,,,,,,,88,,,,,,
19:37:55.182,19.381854215111407,0,16.07467650586112,16.074643,16.074643,16.074643,,,,,-0.011510353549973507,10,
19:37:55.424,,,,,,,,0,0,,,,
19:37:55.692,19.380594623495263,0,16.07637500986112,16.076342,16.076342,16.076342,,,,,,12,
19:37:55.933,,,,,,,,0,0,,,,
19:37:56.204,,,,,,,88,,,,,,
19:37:56.445,19.378733876531218,0,16.078885206527787,16.078852,16.078852,16.078852,,,,,,12,
19:37:56.680,,,,,,,,0,0,,,,
19:37:56.952,19.3776519121534,0,16.08071510097223,16.080682,16.080682,16.080682,,,,,,13,
19:37:57.193,,,,,,,,0,0,,,,
19:37:57.461,,,,,,,87,,,,,,
19:37:57.702,19.37605230910656,0,16.08342160022223,16.083388,16.083388,16.083388,,,,,0.03372925205942399,13,
19:37:57.948,,,,,,,,0,0,,,,
19:37:58.178,19.37518817956343,0,16.08528981311112,16.085256,16.085256,16.085256,,,,,0.022788303853083315,14,
19:37:58.417,,,,,,,,0,0,,,,
19:37:58.662,,,,,,,87,,,,,,
19:37:58.904,19.37364705874933,0,16.087899419388897,16.087866,16.087866,16.087866,,,,,,13,
19:37:59.143,,,,,,,,0,0,,,,
19:37:59.412,19.372734631701455,0,16.089873744888898,16.08984,16.08984,16.08984,,,,,,14,
19:37:59.652,,,,,,,,0,0,,,,
19:37:59.924,,,,,,,87,,,,,,
19:38:00.159,19.371392214596362,0,16.09277970972223,16.092746,16.092746,16.092746,,,,,,14,
19:38:00.400,,,,,,,,0,0,,,,
19:38:00.673,19.37064102546373,0,16.094921444305562,16.094888,16.094888,16.094888,,,,,,15,
19:38:00.913,,,,,,,,0,0,,,,
19:38:01.182,,,,,,,86,,,,,,
19:38:01.424,19.369545667939615,0,16.09804576597223,16.098012,16.098012,16.098012,,,,,0.02248821926661387,15,
19:38:01.660,,,,,,,,0,0,,,,
19:38:01.900,19.368846042922165,0,16.1000421476389,16.100008,16.100008,16.100008,,,,,0.01138342314627589,15,
19:38:02.139,,,,,,,,0,0,,,,
19:38:02.382,,,,,,,86,,,,,,
19:38:02.623,19.368034448888174,0,16.103246981861123,16.103213,16.103213,16.103213,,,,,0.022990781034532993,16,
19:38:02.862,,,,,,,,0,0,,,,
19:38:03.132,19.367462082774786,0,16.10550807830557,16.105474,16.105474,16.105474,,,,,0.011519863451016412,16,
19:38:03.374,,,,,,,,0,0,,,,
19:38:03.644,,,,,,,86,,,,,,
19:38:03.884,19.366365050900217,0,16.108642029138903,16.108608,16.108608,16.108608,,,,,,15,
19:38:04.123,,,,,,,,0,0,,,,
19:38:04.393,19.365453293503105,0,16.11062087391668,16.110587,16.110587,16.110587,,,,,-0.011364334059207384,14,
19:38:04.633,,,,,,,,0,0,,,,
19:38:04.902,,,,,,,86,,,,,,
19:38:05.144,19.363606494101763,0,16.113124647250014,16.113091,16.113091,16.113091,,,,,-0.04494563487119355,12,
19:38:05.383,,,,,,,,0,0,,,,
19:38:05.653,19.36201609987212,0,16.114538255027792,16.114505,16.114505,16.114505,,,,,-0.06741656956824689,10,
19:38:05.895,,,,,,,,0,0,,,,
19:38:06.161,,,,,,,85,,,,,,
19:38:06.399,19.359438984104823,0,16.11640166102779,16.116368,16.116368,16.116368,,,,,-0.06758288252137924,9,
19:38:06.643,,,,,,,,0,0,,,,
19:38:06.877,19.357627559513087,0,16.117463840583348,16.11743,16.11743,16.11743,,,,,-0.06841649713626986,8,
19:38:07.118,,,,,,,,0,0,,,,
19:38:07.361,,,,,,,85,,,,,,
19:38:07.604,19.354872752647772,0,16.119079848361125,16.119046,16.119046,16.119046,,,,,-0.046067493066400386,8,
19:38:07.844,,,,,,,,0,0,,,,
19:38:08.110,19.352954997529164,0,16.12020529302779,16.120171,16.120171,16.120171,,,,,-0.023055941216463406,8,
19:38:08.353,,,,,,,,0,0,,,,
19:38:08.620,,,,,,,85,,,,,,
19:38:08.862,19.350861936499598,0,16.122501793583346,16.122468,16.122468,16.122468,,,,,,11,
19:38:09.100,,,,,,,,0,0,,,,
19:38:09.373,19.349610175844738,0,16.12420461991668,16.124171,16.124171,16.124171,,,,,0.04539923765032831,12,
19:38:09.613,,,,,,,,0,0,,,,
19:38:09.883,,,,,,,85,,,,,,
19:38:10.122,19.347775306391398,0,16.12670172391668,16.126668,16.126668,16.126668,,,,,0.04499656353324081,12,
19:38:10.362,,,,,,,,0,0,,,,
19:38:10.635,19.346347266117217,0,16.12827046477779,16.128237,16.128237,16.128237,,,,,,11,
19:38:10.872,,,,,,,,0,0,,,,
19:38:11.143,,,,,,,85,,,,,,
19:38:11.382,19.344270279811724,0,16.130553048805567,16.13052,16.13052,16.13052,,,,,0,11,
19:38:11.620,,,,,,,,0,0,,,,
19:38:11.895,19.343014524443742,0,16.132264280472235,16.132231,16.132231,16.132231,,,,,,12,
19:38:12.131,,,,,,,,0,0,,,,
19:38:12.403,,,,,,,85,,,,,,
19:38:12.644,19.341433867605833,0,16.13496677391668,16.134933,16.134933,16.134933,,,,,,13,
19:38:12.883,,,,,,,,0,0,,,,
19:38:13.150,19.34036438410261,0,16.136796064222235,16.136762,16.136762,16.136762,,,,,0.022522089075611162,13,
19:38:13.394,,,,,,,,0,0,,,,
19:38:13.661,,,,,,,85,,,,,,
19:38:13.904,19.33752118041586,0,16.13846997577779,16.138436,16.138436,16.138436,,,,,,8,
19:38:14.142,,,,,,,,0,0,,,,
19:38:14.411,19.335271595715497,0,16.13931469677779,16.139281,16.139281,16.139281,,,,,-0.06757339704613646,6,
19:38:14.652,,,,,,,,0,0,,,,
19:38:14.927,,,,,,,85,,,,,,
19:38:15.160,19.331695339497067,0,16.14035614066668,16.140322,16.140322,16.140322,,,,,-0.09004864372804045,5,
19:38:15.405,,,,,,,,0,0,,,,
19:38:15.672,19.329256865100078,0,16.141066548444456,16.141032,16.141032,16.141032,,,,,-0.08987009689634394,5,
19:38:15.912,,,,,,,,1521,1.5,,,,
19:38:16.209,,,,,,,85,,,,,,
19:38:16.453,19.32605504072122,0,16.142584956555567,16.14255,16.14255,16.14255,,,,,,7,
19:38:16.689,,,,,,,,1534,1.5,,,,
19:38:16.927,19.324430451063055,0,16.143767861805568,16.143733,16.143733,16.143733,,,,,,9,
19:38:17.171,,,,,,,,1534,1.5,,,,
19:38:17.407,,,,,,,85,,,,,,
19:38:17.655,19.32289870908354,0,16.146398801805567,16.146364,16.146364,16.146364,,,,,0.09083328468417799,13,
19:38:17.889,,,,,,,,1657,1.7,,,,
19:38:18.130,19.322216570169157,0,16.148376959722235,16.148342,16.148342,16.148342,,,,,0.11524158936109008,15,
19:38:18.372,,,,,,,,1715,1.7,,,,
19:38:18.608,,,,,,,85,,,,,,
19:38:18.846,19.321902124755663,0,16.151955372222236,16.15192,16.15192,16.15192,,,,,0.13024815163661024,18,
19:38:19.090,,,,,,,,1860,1.9,,,,
19:38:19.328,19.322010781197047,0,16.154634774444457,16.154599,16.154599,16.154599,,,,,0.1297540377987827,20,
19:38:19.576,,,,,,,,1892,1.9,,,,
19:38:19.817,,,,,,,85,,,,,,
19:38:20.050,19.32265877040749,0,16.159086532500012,16.159051,16.159051,16.159051,,,,,0.10642616062034667,22,
19:38:20.300,,,,,,,,1902,1.9,,,,
19:38:20.526,19.32338921377686,0,16.16222138050001,16.162186,16.162186,16.162186,,,,,0.10636701259522374,24,
19:38:20.774,,,,,,,,1903,1.9,,,,
19:38:21.008,,,,,,,86,,,,,,
19:38:21.248,19.324988272647396,0,16.167430970166677,16.167396,16.167396,16.167396,,,,,0.09432668277686848,26,
19:38:21.494,,,,,,,,1917,1.9,,,,
19:38:21.730,19.3262169436035,0,16.171047662916678,16.171013,16.171013,16.171013,,,,,0.08253838302582674,27,
19:38:21.971,,,,,,,,1891,1.9,,,,
19:38:22.210,,,,,,,86,,,,,,
19:38:22.449,19.32852389166492,0,16.176835740694454,16.176801,16.176801,16.176801,,,,,0.08268020830681383,29,
19:38:22.694,,,,,,,,1967,2,,,,
19:38:22.938,19.330276356721118,0,16.180959680694453,16.180925,16.180925,16.180925,,,,,0.07048998581678098,30,
19:38:23.171,,,,,,,,1969,2,,,,
19:38:23.422,,,,,,,86,,,,,,
19:38:23.651,19.333250305031978,0,16.18724872158334,16.187214,16.187214,16.187214,,,,,0.07072169947887239,32,
19:38:23.890,,,,,,,,1943,1.9,,,,
19:38:24.129,19.335417812501234,0,16.19163146808334,16.191597,16.191597,16.191597,,,,,0.07084335944956732,33,
19:38:24.370,,,,,,,,1866,1.9,,,,
19:38:24.613,,,,,,,87,,,,,,
19:38:24.850,19.338924219593938,0,16.198440924805563,16.198406,16.198406,16.198406,,,,,0.05897394577809894,34,
19:38:25.088,,,,,,,,1696,1.7,,,,
19:38:25.342,19.341521541050515,0,16.20330371008334,16.203269,16.203269,16.203269,,,,,0.05889332288309265,35,
19:38:25.600,,,,,,,,805,0.8,,,,
19:38:25.841,,,,,,,87,,,,,,
19:38:26.081,19.34507162819593,0,16.210203679527783,16.210169,16.210169,16.210169,,,,,,34,
19:38:26.320,,,,,,,,0,0,,,,
19:38:26.557,19.347384897131658,0,16.214701561250006,16.214667,16.214667,16.214667,,,,,,34,
19:38:26.799,,,,,,,,0,0,,,,
19:38:27.040,,,,,,,88,,,,,,
19:38:27.285,19.351159201186917,0,16.221776284305562,16.221742,16.221742,16.221742,,,,,,35,
19:38:27.529,,,,,,,,0,0,,,,
19:38:27.760,19.353779448058802,0,16.226526578305563,16.226492,16.226492,16.226492,,,,,,36,
19:38:28.005,,,,,,,,0,0,,,,
19:38:28.244,,,,,,,88,,,,,,
19:38:28.483,19.357776112662457,0,16.233775086305563,16.233741,16.233741,16.233741,,,,,0.023584864328610167,36,
19:38:28.725,,,,,,,,0,0,,,,
19:38:28.993,19.36058059921298,0,16.238863492305562,16.238829,16.238829,16.238829,,,,,0.023257151828318074,36,
19:38:29.233,,,,,,,,0,0,,,,
19:38:29.502,,,,,,,88,,,,,,
19:38:29.743,19.364464865099993,0,16.246156413138895,16.246122,16.246122,16.246122,,,,,0,35,
19:38:29.983,,,,,,,,0,0,,,,
19:38:30.249,19.367082272742376,0,16.25107278244445,16.251038,16.251038,16.251038,,,,,-0.011380571493882677,35,
19:38:30.491,,,,,,,,0,0,,,,
19:38:30.764,,,,,,,88,,,,,,
19:38:31.003,19.37073273323294,0,16.258191829000005,16.258157,16.258157,16.258157,,,,,-0.022483326574947275,34,
19:38:31.241,,,,,,,,0,0,,,,
19:38:31.514,19.373041746162688,0,16.262885012916673,16.26285,16.26285,16.26285,,,,,-0.03370252806446653,33,
19:38:31.753,,,,,,,,0,0,,,,
19:38:32.024,,,,,,,87,,,,,,
19:38:32.259,19.375904134781937,0,16.26929313658334,16.269258,16.269258,16.269258,,,,,-0.04503057596727837,31,
19:38:32.500,,,,,,,,0,0,,,,
19:38:32.751,19.377633250841505,0,16.27339357991667,16.273358,16.273358,16.273358,,,,,-0.05659447602839571,30,
19:38:32.983,,,,,,,,0,0,,,,
19:38:33.251,,,,,,,87,,,,,,
19:38:33.492,19.379502280684278,0,16.278954850916673,16.278919,16.278919,16.278919,,,,,-0.07964136490998251,27,
19:38:33.734,,,,,,,,0,0,,,,
19:38:34.002,19.380617058079164,0,16.282632987861117,16.282597,16.282597,16.282597,,,,,-0.07971883150735895,26,
19:38:34.244,,,,,,,,0,0,,,,
19:38:34.514,,,,,,,87,,,,,,
19:38:34.751,19.38225661683896,0,16.288044858972228,16.288009,16.288009,16.288009,,,,,-0.056839090402190436,26,
19:38:34.994,,,,,,,,0,0,,,,
19:38:35.260,19.383370819878976,0,16.29172416158334,16.291688,16.291688,16.291688,,,,,-0.04515689497438136,26,
19:38:35.503,,,,,,,,0,0,,,,
19:38:35.772,,,,,,,87,,,,,,
19:38:36.010,19.385010766949684,0,16.297141822027783,16.297106,16.297106,16.297106,,,,,-0.011247893256628094,26,
19:38:36.253,,,,,,,,0,0,,,,
19:38:36.521,19.38629557713925,0,16.30097229252778,16.300936,16.300936,16.300936,,,,,0.01124174538032056,27,
19:38:36.760,,,,,,,,0,0,,,,
19:38:37.032,,,,,,,86,,,,,,
19:38:37.270,19.388671379168255,0,16.306999879694448,16.306964,16.306964,16.306964,,,,,0.03373369745754743,29,
19:38:37.514,,,,,,,,1572,1.6,,,,
19:38:37.754,19.390368701212783,0,16.31103643802778,16.311001,16.311001,16.311001,,,,,0.0454285297464499,30,
19:38:37.987,,,,,,,,1757,1.8,,,,
19:38:38.232,,,,,,,86,,,,,,
19:38:38.469,19.393345278761537,0,16.317392129583336,16.317357,16.317357,16.317357,,,,,0.06911603809133454,32,
19:38:38.714,,,,,,,,2159,2.2,,,,
19:38:38.948,19.395813844644145,0,16.322050882361115,16.322016,16.322016,16.322016,,,,,0.09337396679762883,35,
19:38:39.196,,,,,,,,2479,2.5,,,,
19:38:39.434,,,,,,,86,,,,,,
19:38:39.669,19.40023647535201,0,16.329654557805558,16.32962,16.32962,16.32962,,,,,0.10626380776841302,38,
19:38:39.908,,,,,,,,2215,2.2,,,,
19:38:40.149,19.403028847848095,0,16.334596607722226,16.334562,16.334562,16.334562,,,,,,37,
19:38:40.421,,,,,,,,1273,1.3,,,,
19:38:40.660,,,,,,,86,,,,,,
19:38:40.908,19.40592966163918,0,16.341126176472226,16.341092,16.341092,16.341092,,,,,,31,
19:38:41.139,,,,,,,,0,0,,,,
19:38:41.385,19.407595993650624,0,16.345100248972226,16.345066,16.345066,16.345066,,,,,-0.05812510449629371,30,
19:38:41.618,,,,,,,,0,0,,,,
19:38:41.856,,,,,,,86,,,,,,
19:38:42.097,19.4093899877705,0,16.350474574222225,16.35044,16.35044,16.35044,,,,,-0.1283282298570214,27,
19:38:42.338,,,,,,,,0,0,,,,
19:38:42.582,19.409965170823945,0,16.353578803083337,16.353544,16.353544,16.353544,,,,,-0.1630461465873889,23,
19:38:42.821,,,,,,,,0,0,,,,
19:38:43.062,,,,,,,86,,,,,,
19:38:43.302,19.409397032443387,0,16.356956204888892,16.356921,16.356921,16.356921,,,,,-0.16564630985612752,17,
19:38:43.542,,,,,,,,0,0,,,,
19:38:43.813,19.408822483228953,0,16.35922885866667,16.359194,16.359194,16.359194,,,,,-0.16327587128843968,16,
19:38:44.052,,,,,,,,0,0,,,,
19:38:44.321,,,,,,,86,,,,,,
19:38:44.560,19.40798370278404,0,16.362548066222224,16.362513,16.362513,16.362513,,,,,-0.12649077875894743,16,
19:38:44.804,,,,,,,,0,0,,,,
19:38:45.072,19.407746161546832,0,16.365108760222224,16.365074,16.365074,16.365074,,,,,,18,
19:38:45.313,,,,,,,,1659,1.7,,,,
19:38:45.583,,,,,,,86,,,,,,
19:38:45.823,19.40838615167423,0,16.36968985688889,16.369655,16.369655,16.369655,,,,,,22,
19:38:46.059,,,,,,,,1979,2,,,,
19:38:46.300,19.409117340718467,0,16.372913862222223,16.372879,16.372879,16.372879,,,,,0.0911140607202368,24,
19:38:46.543,,,,,,,,1664,1.7,,,,
19:38:46.780,,,,,,,86,,,,,,
19:38:47.019,19.4102030386091,0,16.377702885555557,16.377668,16.377668,16.377668,,,,,0.09217579201338508,24,
19:38:47.258,,,,,,,,1554,1.6,,,,
19:38:47.498,19.41091843246379,0,16.38085973288889,16.380825,16.380825,16.380825,,,,,0.07006337559811117,24,
19:38:47.744,,,,,,,,1513,1.5,,,,
19:38:47.978,,,,,,,85,,,,,,
19:38:48.219,19.41201887097867,0,16.385717604222222,16.385683,16.385683,16.385683,,,,,0.023635441367429365,24,
19:38:48.462,,,,,,,,0,0,,,,
19:38:48.702,19.412892930407168,0,16.389018932694444,16.388984,16.388984,16.388984,,,,,0.011794019101509482,25,
19:38:48.948,,,,,,,,0,0,,,,
19:38:49.179,,,,,,,85,,,,,,
19:38:49.420,19.414212848150637,0,16.39400622922222,16.393971,16.393971,16.393971,,,,,0.011793896334318776,25,
19:38:49.664,,,,,,,,0,0,,,,
19:38:49.897,19.415246489928634,0,16.397452657055553,16.397417,16.397417,16.397417,,,,,0.023610499683168397,26,
19:38:50.144,,,,,,,,0,0,,,,
19:38:50.384,,,,,,,85,,,,,,
19:38:50.619,19.417046564627224,0,16.402865798555553,16.40283,16.40283,16.40283,,,,,0.035418058184095956,27,
19:38:50.862,,,,,,,,0,0,,,,
19:38:51.130,19.418322097113197,0,16.406703105305553,16.406667,16.406667,16.406667,,,,,0.023330355848366388,27,
19:38:51.372,,,,,,,,0,0,,,,
19:38:51.643,,,,,,,85,,,,,,
19:38:51.883,19.420198991318724,0,16.412351894555552,16.412316,16.412316,16.412316,,,,,0.022999299119579725,27,
19:38:52.123,,,,,,,,0,0,,,,
19:38:52.393,19.421468512889177,0,16.416174292805554,16.416138,16.416138,16.416138,,,,,0.011349924927600254,27,
19:38:52.633,,,,,,,,0,0,,,,
19:38:52.902,,,,,,,85,,,,,,
19:38:53.142,19.42308805162515,0,16.421585978305554,16.42155,16.42155,16.42155,,,,,-0.011223413606308567,26,
19:38:53.383,,,,,,,,0,0,,,,
19:38:53.652,19.424189953968426,0,16.425269506638887,16.425234,16.425234,16.425234,,,,,-0.011230662548002344,26,
19:38:53.892,,,,,,,,0,0,,,,
19:38:54.164,,,,,,,85,,,,,,
19:38:54.401,19.42580645552378,0,16.430675513305555,16.43064,16.43064,16.43064,,,,,-0.011251652163354633,26,
19:38:54.645,,,,,,,,0,0,,,,
19:38:54.912,19.426741600005325,0,16.434223532055555,16.434188,16.434188,16.434188,,,,,-0.022491560229215734,25,
19:38:55.150,,,,,,,,0,0,,,,
19:38:55.455,,,,,,,85,,,,,,
19:38:55.695,19.42817386777258,0,16.439659988305554,16.439624,16.439624,16.439624,,,,,-0.011098035434277738,25,
19:38:55.932,,,,,,,,0,0,,,,
19:38:56.201,19.42909896113478,0,16.443172849416666,16.443137,16.443137,16.443137,,,,,-0.01111590244976389,25,
19:38:56.439,,,,,,,,0,0,,,,
19:38:56.715,,,,,,,85,,,,,,
19:38:56.952,19.430720434520072,0,16.44860408186111,16.448568,16.448568,16.448568,,,,,,26,
19:38:57.193,,,,,,,,0,0,,,,
19:38:57.463,19.43182057850968,0,16.452290613916666,16.452255,16.452255,16.452255,,,,,0.011103033398686209,26,
19:38:57.703,,,,,,,,0,0,,,,
19:38:57.975,,,,,,,85,,,,,,
19:38:58.212,19.433680924319027,0,16.457911252666666,16.457876,16.457876,16.457876,,,,,0.02250278677429012,27,
19:38:58.452,,,,,,,,0,0,,,,
19:38:58.718,19.434934636130762,0,16.461700635166665,16.461665,16.461665,16.461665,,,,,0.022506943955619325,27,
19:38:58.962,,,,,,,,0,0,,,,
19:38:59.233,,,,,,,85,,,,,,
19:38:59.473,19.437056316683446,0,16.467576970277776,16.467541,16.467541,16.467541,,,,,0.022475227345706356,28,
19:38:59.713,,,,,,,,0,0,,,,
19:38:59.983,19.438657285777722,0,16.471690941694444,16.471655,16.471655,16.471655,,,,,0.03372471414180054,29,
19:39:00.223,,,,,,,,0,0,,,,
19:39:00.492,,,,,,,84,,,,,,
19:39:00.730,19.441236986199762,0,16.47790176836111,16.477866,16.477866,16.477866,,,,,0.03375437189385531,30,
19:39:00.975,,,,,,,,0,0,,,,
19:39:01.209,19.442896362535162,0,16.48189844836111,16.481863,16.481863,16.481863,,,,,0.03410458479998536,30,
19:39:01.451,,,,,,,,0,0,,,,
19:39:01.689,,,,,,,84,,,,,,
19:39:01.931,19.445156418440273,0,16.4877133165,16.487678,16.487678,16.487678,,,,,,29,
19:39:02.173,,,,,,,,0,0,,,,
19:39:02.442,19.4467563726074,0,16.491831480833334,16.491796,16.491796,16.491796,,,,,0,29,
19:39:02.682,,,,,,,,0,0,,,,
19:39:02.952,,,,,,,84,,,,,,
19:39:03.194,19.448862328423594,0,16.49767945038889,16.497644,16.497644,16.497644,,,,,-0.022990702659373672,28,
19:39:03.434,,,,,,,,0,0,,,,
19:39:03.703,19.450288708421887,0,16.50164196138889,16.501607,16.501607,16.501607,,,,,-0.022715479854575133,28,
19:39:03.943,,,,,,,,0,0,,,,
19:39:04.211,,,,,,,83,,,,,,
19:39:04.450,19.45237577217431,0,16.507442247722224,16.507407,16.507407,16.507407,,,,,-0.01124527740020546,28,
19:39:04.690,,,,,,,,0,0,,,,
19:39:04.939,19.453744017901176,0,16.511246360388892,16.511211,16.511211,16.511211,,,,,-0.011345331607654595,28,
19:39:05.170,,,,,,,,0,0,,,,
19:39:05.414,,,,,,,83,,,,,,
19:39:05.654,19.45574533611986,0,16.51681278916667,16.516777,16.516777,16.516777,,,,,0,28,
19:39:05.890,,,,,,,,0,0,,,,
19:39:06.161,19.456996842434854,0,16.520615829166672,16.52058,16.52058,16.52058,,,,,-0.011525100011660412,27,
19:39:06.405,,,,,,,,0,0,,,,
19:39:06.673,,,,,,,83,,,,,,
19:39:06.915,19.458609971243614,0,16.52605988755556,16.526024,16.526024,16.526024,,,,,-0.022981641802262694,26,
19:39:07.153,,,,,,,,0,0,,,,
19:39:07.424,19.459532520903647,0,16.529595306305563,16.529559,16.529559,16.529559,,,,,-0.034193700251017006,25,
19:39:07.664,,,,,,,,0,0,,,,
19:39:07.934,,,,,,,83,,,,,,
19:39:08.173,19.460644770416543,0,16.53459046297223,16.534554,16.534554,16.534554,,,,,-0.04497504061562351,24,
19:39:08.411,,,,,,,,0,0,,,,
19:39:08.683,19.461402088077772,0,16.537993007638896,16.537957,16.537957,16.537957,,,,,-0.03368876990727619,24,
19:39:08.923,,,,,,,,0,0,,,,
19:39:09.192,,,,,,,83,,,,,,
19:39:09.433,19.46251322501656,0,16.54298727897223,16.542951,16.542951,16.542951,,,,,-0.022498408643554988,24,
19:39:09.671,,,,,,,,0,0,,,,
19:39:09.946,19.46327742902682,0,16.54642359697223,16.546387,16.546387,16.546387,,,,,-0.011230147827032865,24,
19:39:10.184,,,,,,,,0,0,,,,
19:39:10.453,,,,,,,83,,,,,,
19:39:10.691,19.464621658606546,0,16.551584840027786,16.551548,16.551548,16.551548,,,,,0.01124908682715268,25,
19:39:10.932,,,,,,,,1628,1.6,,,,
19:39:11.197,19.465711712048915,0,16.555273057027787,16.555236,16.555236,16.555236,,,,,0.022538742137374817,26,
19:39:11.440,,,,,,,,1665,1.7,,,,
19:39:11.678,,,,,,,83,,,,,,
19:39:11.922,19.467481432182527,0,16.560668091277787,16.560631,16.560631,16.560631,,,,,0.03413703885209058,27,
19:39:12.159,,,,,,,,1584,1.6,,,,
19:39:12.406,19.468671459661067,0,16.564297344277787,16.56426,16.56426,16.56426,,,,,0.03454702670248335,27,
19:39:12.638,,,,,,,,1572,1.6,,,,
19:39:12.878,,,,,,,83,,,,,,
19:39:13.123,19.4706682310003,0,16.56987443950001,16.569837,16.569837,16.569837,,,,,0.03494465676071576,28,
19:39:13.367,,,,,,,,1554,1.6,,,,
19:39:13.601,19.47200944495535,0,16.573621992166675,16.573585,16.573585,16.573585,,,,,0.023568721438615218,28,
19:39:13.850,,,,,,,,1553,1.6,,,,
19:39:14.079,,,,,,,84,,,,,,
19:39:14.325,19.47401511262799,0,16.579228327944453,16.579191,16.579191,16.579191,,,,,0.011785822395160591,28,
19:39:14.560,,,,,,,,1655,1.7,,,,
19:39:14.799,19.475485574239514,0,16.583040018666676,16.583003,16.583003,16.583003,,,,,0.023674731627674823,29,
19:39:15.041,,,,,,,,1608,1.6,,,,
19:39:15.279,,,,,,,85,,,,,,
19:39:15.519,19.47774315870089,0,16.588894359027787,16.588857,16.588857,16.588857,,,,,0.011819546728527922,29,
19:39:15.760,,,,,,,,1665,1.7,,,,
19:39:15.999,19.479368917072648,0,16.592842696527786,16.592805,16.592805,16.592805,,,,,0.023617728532178806,30,
19:39:16.244,,,,,,,,1622,1.6,,,,
19:39:16.479,,,,,,,85,,,,,,
19:39:16.721,19.48185893338519,0,16.598892348194454,16.598855,16.598855,16.598855,,,,,0.023643589354901295,30,
19:39:16.971,,,,,,,,1574,1.6,,,,
19:39:17.201,19.483488915518087,0,16.602854044027787,16.602817,16.602817,16.602817,,,,,0.011792975170862405,30,
19:39:17.445,,,,,,,,1567,1.6,,,,
19:39:17.681,,,,,,,85,,,,,,
19:39:17.916,19.486174540038753,0,16.609015784000007,16.608979,16.608979,16.608979,,,,,0.023636186881952126,31,
19:39:18.162,,,,,,,,1554,1.6,,,,
19:39:18.402,19.487996253622526,0,16.613197053666674,16.61316,16.61316,16.61316,,,,,0.011790313149691811,31,
19:39:18.636,,,,,,,,1503,1.5,,,,
19:39:18.880,,,,,,,86,,,,,,
19:39:19.118,19.490682531643785,0,16.61936512108334,16.619328,16.619328,16.619328,,,,,0.011818324207255693,31,
19:39:19.363,,,,,,,,1440,1.4,,,,
19:39:19.600,19.492488578199936,0,16.62351367369445,16.623477,16.623477,16.623477,,,,,0.011806261007833944,31,
19:39:19.838,,,,,,,,0,0,,,,
19:39:20.080,,,,,,,86,,,,,,
19:39:20.320,19.494951943215607,0,16.629513069527786,16.629476,16.629476,16.629476,,,,,-0.011784907395606834,30,
19:39:20.565,,,,,,,,0,0,,,,
19:39:20.798,19.496277321327952,0,16.63323566719445,16.633199,16.633199,16.633199,,,,,-0.03545692392573238,28,
19:39:21.037,,,,,,,,0,0,,,,
19:39:21.281,,,,,,,86,,,,,,
19:39:21.518,19.4973327753782,0,16.63803527519445,16.637999,16.637999,16.637999,,,,,-0.0826070441632197,24,
19:39:21.763,,,,,,,,0,0,,,,
19:39:22.032,19.497751781139023,0,16.641178960916672,16.641143,16.641143,16.641143,,,,,-0.10480688653835668,22,
19:39:22.274,,,,,,,,0,0,,,,
19:39:22.544,,,,,,,87,,,,,,
19:39:22.779,19.49763027918837,0,16.645138363000004,16.645102,16.645102,16.645102,,,,,-0.12667460966707278,19,
19:39:23.028,,,,,,,,0,0,,,,
19:39:23.297,19.497207021040253,0,16.64759819405556,16.647562,16.647562,16.647562,,,,,-0.1246756928841164,17,
19:39:23.534,,,,,,,,0,0,,,,
19:39:23.772,,,,,,,87,,,,,,
19:39:24.012,19.496401232972914,0,16.65074665805556,16.65071,16.65071,16.65071,,,,,-0.09088239947697492,16,
19:39:24.254,,,,,,,,0,0,,,,
19:39:24.521,19.495821903843684,0,16.653011173611116,16.652975,16.652975,16.652975,,,,,-0.06828130831535316,16,
19:39:24.762,,,,,,,,0,0,,,,
19:39:25.036,,,,,,,87,,,,,,
19:39:25.302,19.49468014455086,0,16.65626592819445,16.65623,16.65623,16.65623,,,,,-0.04490850896568155,15,
19:39:25.542,,,,,,,,0,0,,,,
19:39:25.811,19.493937123748456,0,16.658384907777783,16.658349,16.658349,16.658349,,,,,-0.022539315150315157,15,
19:39:26.055,,,,,,,,0,0,,,,
19:39:26.321,,,,,,,86,,,,,,
19:39:26.560,19.491869005776305,0,16.660674183166673,16.660638,16.660638,16.660638,,,,,-0.05556427901290614,11,
19:39:26.807,,,,,,,,0,0,,,,
19:39:27.041,19.49038848443311,0,16.662007611777785,16.661971,16.661971,16.661971,,,,,-0.0674562871407491,10,
19:39:27.277,,,,,,,,0,0,,,,
19:39:27.522,,,,,,,86,,,,,,
19:39:27.764,19.488155117012287,0,16.664019877055562,16.663983,16.663983,16.663983,,,,,-0.057520988502317,10,
19:39:28.004,,,,,,,,0,0,,,,
19:39:28.273,19.486408421326978,0,16.665301741305562,16.665265,16.665265,16.665265,,,,,-0.06902181666471986,9,
19:39:28.512,,,,,,,,0,0,,,,
19:39:28.784,,,,,,,86,,,,,,
19:39:29.023,19.483141030446735,0,16.666545232305563,16.666508,16.666508,16.666508,,,,,-0.057506398102755554,6,
19:39:29.263,,,,,,,,0,0,,,,
19:39:29.534,19.4807414677193,0,16.66725399022223,16.667217,16.667217,16.667217,,,,,-0.056808738118985805,5,
19:39:29.773,,,,,,,,1537,1.5,,,,
19:39:30.045,,,,,,,86,,,,,,
19:39:30.279,19.476998646342242,0,16.668081610111116,16.668045,16.668045,16.668045,,,,,-0.06758696236330533,4,
19:39:30.517,,,,,,,,1535,1.5,,,,
19:39:30.760,19.47458264426013,0,16.668616053777782,16.668579,16.668579,16.668579,,,,,-0.05694829153317725,4,
19:39:30.997,,,,,,,,1535,1.5,,,,
19:39:31.244,,,,,,,86,,,,,,
19:39:31.482,19.471193031985287,0,16.66961846766667,16.669581,16.669581,16.669581,,,,,,5,
19:39:31.717,,,,,,,,1534,1.5,,,,
19:39:31.997,19.468774408351607,0,16.670334017111113,16.670297,16.670297,16.670297,,,,,,5,
19:39:32.232,,,,,,,,732,0.7,,,,
19:39:32.469,,,,,,,86,,,,,,
19:39:32.711,19.4658870743139,0,16.671722298722223,16.671685,16.671685,16.671685,,,,,0.03494296259367279,7,
19:39:32.948,,,,,,,,0,0,,,,
19:39:33.189,19.464088515572755,0,16.672797231611113,16.67276,16.67276,16.67276,,,,,0.04665041604550836,8,
19:39:33.432,,,,,,,,0,0,,,,
19:39:33.669,,,,,,,86,,,,,,
19:39:33.916,19.461641273959454,0,16.674600639361113,16.674563,16.674563,16.674563,,,,,0.04654054261384046,9,
19:39:34.149,,,,,,,,0,0,,,,
19:39:34.389,19.460038408967847,0,16.675782271111114,16.675745,16.675745,16.675745,,,,,0.047373321317505976,9,
19:39:34.632,,,,,,,,0,0,,,,
19:39:34.872,,,,,,,85,,,,,,
19:39:35.108,19.45710759940379,0,16.677193543833337,16.677156,16.677156,16.677156,,,,,,7,
19:39:35.353,,,,,,,,0,0,,,,
19:39:35.590,19.45518581618785,0,16.67811930063889,16.678082,16.678082,16.678082,,,,,-0.0117940264676222,7,
19:39:35.833,,,,,,,,0,0,,,,
19:39:36.070,,,,,,,85,,,,,,
19:39:36.310,19.452279749468705,0,16.67951974688889,16.679482,16.679482,16.679482,,,,,-0.02366153274048152,7,
19:39:36.554,,,,,,,,0,0,,,,
19:39:36.822,19.450382146118514,0,16.680656558444444,16.680619,16.680619,16.680619,,,,,,8,
19:39:37.059,,,,,,,,0,0,,,,
19:39:37.332,,,,,,,85,,,,,,
19:39:37.574,19.447594070959877,0,16.682327515333334,16.68229,16.68229,16.68229,,,,,0.011486319194442473,8,
19:39:37.811,,,,,,,,0,0,,,,
19:39:38.083,19.445872767414013,0,16.683599687833333,16.683562,16.683562,16.683562,,,,,0.022731771694541377,9,
19:39:38.322,,,,,,,,0,0,,,,
19:39:38.592,,,,,,,85,,,,,,
19:39:38.833,19.44382100052015,0,16.685892898777777,16.685855,16.685855,16.685855,,,,,0.04491031930055174,11,
19:39:39.073,,,,,,,,0,0,,,,
19:39:39.341,19.44276096915746,0,16.687728413555554,16.687691,16.687691,16.687691,,,,,0.05621029519788152,13,
19:39:39.581,,,,,,,,0,0,,,,
19:39:39.854,,,,,,,85,,,,,,
19:39:40.094,19.441922241834657,0,16.691074822444442,16.691037,16.691037,16.691037,,,,,0.08990036368760035,16,
19:39:40.331,,,,,,,,0,0,,,,
19:39:40.604,19.4415199101723,0,16.693479838416664,16.693442,16.693442,16.693442,,,,,0.08988707644868871,17,
19:39:40.842,,,,,,,,0,0,,,,
19:39:41.111,,,,,,,85,,,,,,
19:39:41.353,19.440928514858395,0,16.69701645844444,16.696979,16.696979,16.696979,,,,,0.06745410243532944,17,
19:39:41.593,,,,,,,,0,0,,,,
19:39:41.864,19.440525004208805,0,16.699430487722218,16.699393,16.699393,16.699393,,,,,0.04491972399746045,17,
19:39:42.105,,,,,,,,0,0,,,,
19:39:42.373,,,,,,,85,,,,,,
19:39:42.614,19.4401755686304,0,16.703182099222218,16.703145,16.703145,16.703145,,,,,0.022482566355057305,18,
19:39:42.855,,,,,,,,0,0,,,,
19:39:43.122,19.439939217932118,0,16.70572064072222,16.705684,16.705684,16.705684,,,,,0.011248262200109225,18,
19:39:43.362,,,,,,,,0,0,,,,
19:39:43.635,,,,,,,85,,,,,,
19:39:43.875,19.43958870740268,0,16.70948685872222,16.70945,16.70945,16.70945,,,,,0.011229551237198567,18,
19:39:44.113,,,,,,,,0,0,,,,
19:39:44.382,19.43951666697065,0,16.712163749194442,16.712127,16.712127,16.712127,,,,,0.02249350169335695,19,
19:39:44.621,,,,,,,,0,0,,,,
19:39:44.893,,,,,,,85,,,,,,
19:39:45.135,19.439652934496007,0,16.716345060305553,16.716308,16.716308,16.716308,,,,,0.022476086051212058,20,
19:39:45.374,,,,,,,,0,0,,,,
19:39:45.641,19.43974452770225,0,16.71915670197222,16.71912,16.71912,16.71912,,,,,0.022488688834218413,20,
19:39:45.883,,,,,,,,0,0,,,,
19:39:46.151,,,,,,,85,,,,,,
19:39:46.394,19.439637646587297,0,16.723129381361108,16.723093,16.723093,16.723093,,,,,,19,
19:39:46.634,,,,,,,,0,0,,,,
19:39:46.903,19.4395653477487,0,16.725817762611108,16.725781,16.725781,16.725781,,,,,0,19,
19:39:47.145,,,,,,,,0,0,,,,
19:39:47.410,,,,,,,85,,,,,,
19:39:47.651,19.438976102939865,0,16.72935152994444,16.729315,16.729315,16.729315,,,,,-0.03376417191838797,17,
19:39:47.895,,,,,,,,0,0,,,,
19:39:48.163,19.438408740920682,0,16.731623635277774,16.731587,16.731587,16.731587,,,,,-0.04492902573610737,16,
19:39:48.404,,,,,,,,0,0,,,,
19:39:48.670,,,,,,,85,,,,,,
19:39:48.911,19.437336911612935,0,16.734742322777773,16.734706,16.734706,16.734706,,,,,-0.04500746323180785,15,
19:39:49.152,,,,,,,,0,0,,,,
19:39:49.423,19.436439126356305,0,16.73673285055555,16.736697,16.736697,16.736697,,,,,-0.05620360099029867,14,
19:39:49.664,,,,,,,,0,0,,,,
19:39:49.930,,,,,,,84,,,,,,
19:39:50.169,19.434890744987552,0,16.73942645669444,16.739391,16.739391,16.739391,,,,,-0.04499664216089425,13,
19:39:50.407,,,,,,,,0,0,,,,
19:39:50.652,19.433734571041377,0,16.74103397469444,16.740999,16.740999,16.740999,,,,,-0.045522256711710896,12,
19:39:50.892,,,,,,,,0,0,,,,
19:39:51.133,,,,,,,84,,,,,,
19:39:51.372,19.432007607529762,0,16.743436037027774,16.743401,16.743401,16.743401,,,,,-0.03453450446344272,12,
19:39:51.612,,,,,,,,0,0,,,,
19:39:51.883,19.43078205458537,0,16.745141356361106,16.745106,16.745106,16.745106,,,,,-0.023025035404136196,12,
19:39:52.122,,,,,,,,0,0,,,,
19:39:52.393,,,,,,,84,,,,,,
19:39:52.635,19.429224353699336,0,16.74785571591666,16.74782,16.74782,16.74782,,,,,,13,
19:39:52.873,,,,,,,,0,0,,,,
19:39:53.142,19.428336811866195,0,16.74982883741666,16.749793,16.749793,16.749793,,,,,0.02274399907058056,14,
19:39:53.382,,,,,,,,0,0,,,,
19:39:53.652,,,,,,,84,,,,,,
19:39:53.888,19.427511095123634,0,16.753151964527774,16.753116,16.753116,16.753116,,,,,0.04501869912808631,16,
19:39:54.135,,,,,,,,0,0,,,,
19:39:54.399,19.427113112690336,0,16.755555785777773,16.75552,16.75552,16.75552,,,,,0.056297080326791774,17,
19:39:54.644,,,,,,,,0,0,,,,
19:39:54.907,,,,,,,84,,,,,,
19:39:55.148,19.426768874430895,0,16.759301447777773,16.759266,16.759266,16.759266,,,,,0.05636345611297283,18,
19:39:55.393,,,,,,,,0,0,,,,
19:39:55.660,19.426863364460004,0,16.762145994999994,16.762111,16.762111,16.762111,,,,,0.06750058470304506,20,
19:39:55.902,,,,,,,,0,0,,,,
19:39:56.173,,,,,,,84,,,,,,
19:39:56.409,19.427242329169008,0,16.766511989499993,16.766477,16.766477,16.766477,,,,,0.056196185910926594,21,
19:39:56.651,,,,,,,,0,0,,,,
19:39:56.923,19.42766836144606,0,16.769656621222214,16.769622,16.769622,16.769622,,,,,0.05610605259995574,22,
19:39:57.161,,,,,,,,0,0,,,,
19:39:57.432,,,,,,,84,,,,,,
19:39:57.674,19.42828977460872,0,16.774245267555546,16.774211,16.774211,16.774211,,,,,0.044846763831787505,22,
19:39:57.912,,,,,,,,0,0,,,,
19:39:58.183,19.42854726438457,0,16.777216156222213,16.777182,16.777182,16.777182,,,,,,21,
19:39:58.423,,,,,,,,0,0,,,,
19:39:58.693,,,,,,,84,,,,,,
19:39:58.935,19.428926881711554,0,16.781597915305547,16.781564,16.781564,16.781564,,,,,0,21,
19:39:59.174,,,,,,,,0,0,,,,
19:39:59.444,19.42902037502575,0,16.784426534194434,16.784393,16.784393,16.784393,,,,,-0.022476465043878208,20,
19:39:59.683,,,,,,,,0,0,,,,
19:39:59.950,,,,,,,84,,,,,,
19:40:00.193,19.428917053921964,0,16.788380427333323,16.788347,16.788347,16.788347,,,,,-0.0337380569600094,19,
19:40:00.434,,,,,,,,0,0,,,,
19:40:00.703,19.428846739293792,0,16.79107231777777,16.791039,16.791039,16.791039,,,,,-0.02248599221207007,19,
19:40:00.943,,,,,,,,0,0,,,,
19:40:01.213,,,,,,,84,,,,,,
19:40:01.451,19.428262691700148,0,16.79460604402777,16.794573,16.794573,16.794573,,,,,-0.04502130369529305,17,
19:40:01.692,,,,,,,,0,0,,,,
19:40:01.994,19.427839203487963,0,16.797169383833324,16.797136,16.797136,16.797136,,,,,-0.03331886803734226,17,
19:40:02.234,,,,,,,,0,0,,,,
19:40:02.500,,,,,,,84,,,,,,
19:40:02.743,19.427014848884262,0,16.800496972722215,16.800464,16.800464,16.800464,,,,,-0.03332452448414339,16,
19:40:02.979,,,,,,,,0,0,,,,
19:40:03.256,19.426449585235382,0,16.802779640722214,16.802747,16.802747,16.802747,,,,,-0.03328473105365857,16,
19:40:03.493,,,,,,,,0,0,,,,
19:40:03.762,,,,,,,84,,,,,,
19:40:04.005,19.42586668963035,0,16.80631277763888,16.80628,16.80628,16.80628,,,,,,17,
19:40:04.244,,,,,,,,0,0,,,,
19:40:04.512,19.425471277732075,0,16.808710476055545,16.808678,16.808678,16.808678,,,,,,17,
19:40:04.754,,,,,,,,0,0,,,,
19:40:05.020,,,,,,,84,,,,,,
19:40:05.262,19.425128417302684,0,16.812457605555544,16.812425,16.812425,16.812425,,,,,0.02248938875845225,18,
19:40:05.501,,,,,,,,0,0,,,,
19:40:05.774,19.42473021701603,0,16.8148739251111,16.814841,16.814841,16.814841,,,,,,17,
19:40:06.014,,,,,,,,0,0,,,,
19:40:06.284,,,,,,,84,,,,,,
19:40:06.521,19.424148856912193,0,16.818403102444435,16.81837,16.81837,16.81837,,,,,,17,
19:40:06.795,,,,,,,,0,0,,,,
19:40:07.062,19.42338087261863,0,16.82065802702777,16.820625,16.820625,16.820625,,,,,-0.022219828196978847,15,
19:40:07.302,,,,,,,,0,0,,,,
19:40:07.572,,,,,,,85,,,,,,
19:40:07.810,19.421832014848516,0,16.823373303805546,16.82334,16.82334,16.82334,,,,,-0.055571233891902515,13,
19:40:08.051,,,,,,,,0,0,,,,
19:40:08.292,19.420695417756225,0,16.824965388138878,16.824932,16.824932,16.824932,,,,,-0.05623528373420729,12,
19:40:08.535,,,,,,,,0,0,,,,
19:40:08.768,,,,,,,85,,,,,,
19:40:09.013,19.41897939191219,0,16.82737002947221,16.827337,16.827337,16.827337,,,,,-0.05683035735022225,12,
19:40:09.251,,,,,,,,0,0,,,,
19:40:09.522,19.417767946466967,0,16.829068279805544,16.829035,16.829035,16.829035,,,,,-0.034537221827979456,12,
19:40:09.760,,,,,,,,0,0,,,,
19:40:10.033,,,,,,,85,,,,,,
19:40:10.306,19.415653959683905,0,16.83146307208332,16.83143,16.83143,16.83143,,,,,-0.02269861289879998,11,
19:40:10.545,,,,,,,,0,0,,,,
19:40:10.811,19.414292938228026,0,16.833005517749985,16.832972,16.832972,16.832972,,,,,-0.011244593048668568,11,
19:40:11.053,,,,,,,,0,0,,,,
19:40:11.321,,,,,,,85,,,,,,
19:40:11.566,19.41171866813603,0,16.834934882249986,16.834901,16.834901,16.834901,,,,,-0.033281531975570516,9,
19:40:11.832,,,,,,,,0,0,,,,
19:40:12.102,19.409821260499836,0,16.836088652249984,16.836055,16.836055,16.836055,,,,,-0.04392299086311338,8,
19:40:12.344,,,,,,,,0,0,,,,
19:40:12.611,,,,,,,85,,,,,,
19:40:12.855,19.406349011931788,0,16.837133965722206,16.8371,16.8371,16.8371,,,,,-0.06669078490567967,5,
19:40:13.094,,,,,,,,0,0,,,,
19:40:13.366,19.4036645747932,0,16.83755991505554,16.837526,16.837526,16.837526,,,,,-0.08870034758318063,3,
19:40:13.603,,,,,,,,792,0.8,,,,
19:40:13.873,,,,,,,85,,,,,,
19:40:14.111,19.399994487907502,0,16.83838711627776,16.838353,16.838353,16.838353,,,,,,4,
19:40:14.345,,,,,,,,1533,1.5,,,,
19:40:14.591,19.397475558823785,0,16.83878711544443,16.838753,16.838753,16.838753,,,,,,3,
19:40:14.830,,,,,,,,1534,1.5,,,,
19:40:15.072,,,,,,,85,,,,,,
19:40:15.311,19.393695872800947,0,16.839387550027762,16.839353,16.839353,16.839353,,,,,,3,
19:40:15.550,,,,,,,,1535,1.5,,,,
19:40:15.792,19.391330846800113,0,16.83992123558332,16.839887,16.839887,16.839887,,,,,,4,
19:40:16.032,,,,,,,,1535,1.5,,,,
19:40:16.271,,,,,,,85,,,,,,
19:40:16.507,19.388495039997164,0,16.841312752749985,16.841279,16.841279,16.841279,,,,,,7,
19:40:16.753,,,,,,,,0,0,,,,
19:40:17.020,19.386791211728937,0,16.842595138749985,16.842561,16.842561,16.842561,,,,,0.06995562597825719,9,
19:40:17.263,,,,,,,,0,0,,,,
19:40:17.498,,,,,,,85,,,,,,
19:40:17.735,19.384873961432884,0,16.84478027255554,16.844746,16.844746,16.844746,,,,,0.09347971334113092,11,
19:40:17.980,,,,,,,,0,0,,,,
19:40:18.218,19.38373439835849,0,16.84638960555554,16.846355,16.846355,16.846355,,,,,0.0933861920794784,12,
19:40:18.460,,,,,,,,0,0,,,,
19:40:18.703,,,,,,,85,,,,,,
19:40:18.943,19.382486780014155,0,16.849209911388872,16.849175,16.849175,16.849175,,,,,0.08141338389025912,14,
19:40:19.182,,,,,,,,0,0,,,,
19:40:19.451,19.381774513187803,0,16.851329511805538,16.851295,16.851295,16.851295,,,,,0.06990697898841788,15,
19:40:19.695,,,,,,,,0,0,,,,
19:40:19.963,,,,,,,85,,,,,,
19:40:20.201,19.380964963405734,0,16.854660426472204,16.854626,16.854626,16.854626,,,,,0.057444214514515805,16,
19:40:20.444,,,,,,,,0,0,,,,
19:40:20.712,19.380739666250832,0,16.857214662472206,16.85718,16.85718,16.85718,,,,,0.06815549076606557,18,
19:40:20.955,,,,,,,,0,0,,,,
19:40:21.224,,,,,,,85,,,,,,
19:40:21.464,19.380648264860955,0,16.861182903249983,16.861148,16.861148,16.861148,,,,,0.0561801002449235,19,
19:40:21.708,,,,,,,,0,0,,,,
19:40:21.973,19.380911691577328,0,16.86415544741665,16.864121,16.864121,16.864121,,,,,0.0673930522230503,21,
19:40:22.212,,,,,,,,0,0,,,,
19:40:22.483,,,,,,,85,,,,,,
19:40:22.722,19.381298639835563,0,16.86852358041665,16.868489,16.868489,16.868489,,,,,0.05617497064073593,21,
19:40:22.963,,,,,,,,0,0,,,,
19:40:23.230,19.381561130484332,0,16.871487940999984,16.871453,16.871453,16.871453,,,,,0.03374125062542678,21,
19:40:23.469,,,,,,,,0,0,,,,
19:40:23.744,,,,,,,85,,,,,,
19:40:23.982,19.381949876803407,0,16.87587989966665,16.875845,16.875845,16.875845,,,,,0.022494575268668323,21,
19:40:24.222,,,,,,,,0,0,,,,
19:40:24.491,19.382050008748397,0,16.878701647999982,16.878667,16.878667,16.878667,,,,,-0.011250997871380007,20,
19:40:24.735,,,,,,,,0,0,,,,
19:40:25.004,,,,,,,86,,,,,,
19:40:25.244,19.382198346074155,0,16.88288351966665,16.882849,16.882849,16.882849,,,,,-0.011230040079999436,20,
19:40:25.480,,,,,,,,0,0,,,,
19:40:25.721,19.381987946501134,0,16.885270543166648,16.885236,16.885236,16.885236,,,,,-0.03411998346105281,18,
19:40:25.958,,,,,,,,0,0,,,,
19:40:26.202,,,,,,,86,,,,,,
19:40:26.442,19.380520545469796,0,16.88787517152776,16.887841,16.887841,16.887841,,,,,-0.09210059455718693,13,
19:40:26.683,,,,,,,,0,0,,,,
19:40:26.951,19.37867483530743,0,16.889005933972204,16.888972,16.888972,16.888972,,,,,-0.13814042627936812,8,
19:40:27.191,,,,,,,,0,0,,,,
19:40:27.463,,,,,,,86,,,,,,
19:40:27.702,19.374996251631284,0,16.889840009972204,16.889806,16.889806,16.889806,,,,,-0.18440589948222239,4,
19:40:27.940,,,,,,,,0,0,,,,
19:40:28.213,19.372494805053435,0,16.890407411861094,16.890373,16.890373,16.890373,,,,,-0.15913774000030423,4,
19:40:28.450,,,,,,,,0,0,,,,
19:40:28.721,,,,,,,86,,,,,,
19:40:28.964,19.36929627902757,0,16.891658958861093,16.891625,16.891625,16.891625,,,,,,6,
19:40:29.200,,,,,,,,0,0,,,,
19:40:29.473,19.367450032280026,0,16.89279207686109,16.892758,16.892758,16.892758,,,,,,8,
19:40:29.715,,,,,,,,0,0,,,,
19:40:29.982,,,,,,,86,,,,,,
19:40:30.223,19.365452824603256,0,16.89508270952776,16.895049,16.895049,16.895049,,,,,0.07864834979861188,11,
19:40:30.463,,,,,,,,0,0,,,,
19:40:30.733,19.36441811604524,0,16.896926600999983,16.896893,16.896893,16.896893,,,,,0.10115118805750592,13,
19:40:30.973,,,,,,,,0,0,,,,
19:40:31.243,,,,,,,86,,,,,,
19:40:31.483,19.363615493340152,0,16.900258012999984,16.900224,16.900224,16.900224,,,,,0.11245104183984847,16,
19:40:31.725,,,,,,,,1648,1.6,,,,
19:40:31.985,19.363233806744613,0,16.902654394861095,16.90262,16.90262,16.90262,,,,,0.10150202825419648,17,
19:40:32.230,,,,,,,,1806,1.8,,,,
19:40:32.470,,,,,,,86,,,,,,
19:40:32.711,19.36337961954851,0,16.90665312541665,16.906619,16.906619,16.906619,,,,,0.10245825703540822,20,
19:40:32.949,,,,,,,,1923,1.9,,,,
19:40:33.194,19.363784176490892,0,16.909600924361094,16.909567,16.909567,16.909567,,,,,0.1036047597017328,22,
19:40:33.429,,,,,,,,1994,2,,,,
19:40:33.666,,,,,,,86,,,,,,
19:40:33.913,19.364616713365745,0,16.914200568499982,16.914167,16.914167,16.914167,,,,,0.08156408384308388,23,
19:40:34.157,,,,,,,,1908,1.9,,,,
19:40:34.394,19.365324988428597,0,16.91740415516665,16.917371,16.917371,16.917371,,,,,0.08230944168559005,24,
19:40:34.628,,,,,,,,1807,1.8,,,,
19:40:34.867,,,,,,,87,,,,,,
19:40:35.113,19.366843931138696,0,16.922605354055538,16.922572,16.922572,16.922572,,,,,0.07075342358195472,26,
19:40:35.348,,,,,,,,1782,1.8,,,,
19:40:35.588,19.367993463668537,0,16.926158840555537,16.926125,16.926125,16.926125,,,,,0.05914699623126971,27,
19:40:35.832,,,,,,,,1735,1.7,,,,
19:40:36.071,,,,,,,86,,,,,,
19:40:36.307,19.369964597325016,0,16.93174785599998,16.931714,16.931714,16.931714,,,,,0.05918085628771925,28,
19:40:36.551,,,,,,,,1756,1.8,,,,
19:40:36.786,19.3714324980004,0,16.93561246849998,16.935579,16.935579,16.935579,,,,,0.05919994373847606,29,
19:40:37.044,,,,,,,,1709,1.7,,,,
19:40:37.269,,,,,,,86,,,,,,
19:40:37.507,19.37386498397346,0,16.94161639599998,16.941583,16.941583,16.941583,,,,,0.04733572870398884,30,
19:40:37.760,,,,,,,,1694,1.7,,,,
19:40:37.989,19.375491408424757,0,16.945632314333313,16.945599,16.945599,16.945599,,,,,0.03539635332821402,30,
19:40:38.233,,,,,,,,1690,1.7,,,,
19:40:38.467,,,,,,,87,,,,,,
19:40:38.707,19.378142757043765,0,16.951817575555534,16.951784,16.951784,16.951784,,,,,0.035400884777459146,31,
19:40:38.953,,,,,,,,1634,1.6,,,,
19:40:39.188,19.380072219573027,0,16.95609747511109,16.956064,16.956064,16.956064,,,,,0.03537503879598397,32,
19:40:39.437,,,,,,,,1625,1.6,,,,
19:40:39.670,,,,,,,87,,,,,,
19:40:39.908,19.382954917601126,0,16.962494263555534,16.962461,16.962461,16.962461,,,,,0.02359152730785018,32,
19:40:40.149,,,,,,,,1625,1.6,,,,
19:40:40.390,19.385038225651584,0,16.966913230305533,16.96688,16.96688,16.96688,,,,,0.0353849877850316,33,
19:40:40.631,,,,,,,,1629,1.6,,,,
19:40:40.874,,,,,,,88,,,,,,
19:40:41.108,19.388138006767313,0,16.973490771972198,16.973458,16.973458,16.973458,,,,,0.023597127552961804,33,
19:40:41.354,,,,,,,,1618,1.6,,,,
19:40:41.600,19.390449575325512,0,16.978200370749978,16.978168,16.978168,16.978168,,,,,0.023488803822347533,34,
19:40:41.829,,,,,,,,1608,1.6,,,,
19:40:42.071,,,,,,,88,,,,,,
19:40:42.309,19.39392852875779,0,16.985032040194422,16.985,16.985,16.985,,,,,0.03539253058984074,35,
19:40:42.550,,,,,,,,1604,1.6,,,,
19:40:42.789,19.396301511630973,0,16.989693647416644,16.989662,16.989662,16.989662,,,,,0.023620797997103267,35,
19:40:43.030,,,,,,,,1589,1.6,,,,
19:40:43.272,,,,,,,88,,,,,,
19:40:43.510,19.40009833358756,0,16.996906114416642,16.996874,16.996874,16.996874,,,,,0.03537624639972288,36,
19:40:43.748,,,,,,,,1573,1.6,,,,
19:40:43.993,19.402642712555433,0,17.001741279416642,17.001709,17.001709,17.001709,,,,,0.023673476170505664,36,
19:40:44.229,,,,,,,,1578,1.6,,,,
19:40:44.473,,,,,,,89,,,,,,
19:40:44.712,19.40642135462956,0,17.00892469041664,17.008892,17.008892,17.008892,,,,,0.011789545152011338,36,
19:40:44.947,,,,,,,,1558,1.6,,,,
19:40:45.193,19.40910655125347,0,17.013874874166643,17.013842,17.013842,17.013842,,,,,0.023557796427944675,37,
19:40:45.439,,,,,,,,1552,1.6,,,,
19:40:45.670,,,,,,,89,,,,,,
19:40:45.917,19.413139331110106,0,17.021312179416643,17.021279,17.021279,17.021279,,,,,0.011767416386513001,37,
19:40:46.150,,,,,,,,1547,1.5,,,,
19:40:46.393,19.4157934377816,0,17.026208778944422,17.026176,17.026176,17.026176,,,,,0.01180237179546659,37,
19:40:46.629,,,,,,,,1553,1.6,,,,
19:40:46.870,,,,,,,89,,,,,,
19:40:47.119,19.420064881240183,0,17.03386962749998,17.033837,17.033837,17.033837,,,,,0.02353198305831993,38,
19:40:47.350,,,,,,,,1550,1.6,,,,
19:40:47.592,19.4228666501504,0,17.038896522944423,17.038864,17.038864,17.038864,,,,,0.01180889478944315,38,
19:40:47.829,,,,,,,,1551,1.6,,,,
19:40:48.071,,,,,,,89,,,,,,
19:40:48.315,19.427099053897894,0,17.04649311983331,17.046461,17.046461,17.046461,,,,,0.011811599686543271,38,
19:40:48.550,,,,,,,,1539,1.5,,,,
19:40:48.792,19.43007372263653,0,17.05169476974998,17.051663,17.051663,17.051663,,,,,0.023617025533161414,39,
19:40:49.029,,,,,,,,1530,1.5,,,,
19:40:49.269,,,,,,,88,,,,,,
19:40:49.518,19.434548392278693,0,17.05952237308331,17.059491,17.059491,17.059491,,,,,0.011808766297036137,39,
19:40:49.752,,,,,,,,1484,1.5,,,,
19:40:49.993,19.43752092174612,0,17.064724240749978,17.064693,17.064693,17.064693,,,,,0.011797858093036621,39,
19:40:50.234,,,,,,,,1461,1.5,,,,
19:40:50.469,,,,,,,88,,,,,,
19:40:50.712,19.44195221830166,0,17.072481857499977,17.072451,17.072451,17.072451,,,,,0.011818044133110495,39,
19:40:50.960,,,,,,,,1427,1.4,,,,
19:40:51.192,19.444757606064478,0,17.077526921166644,17.077496,17.077496,17.077496,,,,,-0.011802640307827137,38,
19:40:51.466,,,,,,,,1402,1.4,,,,
19:40:51.700,,,,,,,88,,,,,,
19:40:51.939,19.44890714262004,0,17.08520972244442,17.085179,17.085179,17.085179,,,,,-0.023392954641759844,37,
19:40:52.183,,,,,,,,1378,1.4,,,,
19:40:52.419,19.451568820561743,0,17.090139689805532,17.090109,17.090109,17.090109,,,,,-0.023348824666466834,37,
19:40:52.667,,,,,,,,1372,1.4,,,,
19:40:52.908,,,,,,,88,,,,,,
19:40:53.140,19.455341497979934,0,17.097352181805533,17.097321,17.097321,17.097321,,,,,-0.03499029143721156,36,
19:40:53.386,,,,,,,,1383,1.4,,,,
19:40:53.620,19.457849120555107,0,17.102147999805535,17.102117,17.102117,17.102117,,,,,-0.02333231798012803,36,
19:40:53.860,,,,,,,,1383,1.4,,,,
19:40:54.102,,,,,,,89,,,,,,
19:40:54.337,19.461370062719173,0,17.10911859786109,17.109088,17.109088,17.109088,,,,,-0.02362937052816414,35,
19:40:54.579,,,,,,,,1381,1.4,,,,
19:40:54.821,19.463592728209786,0,17.113688955305534,17.113658,17.113658,17.113658,,,,,-0.03538122053443593,34,
19:40:55.059,,,,,,,,1383,1.4,,,,
19:40:55.306,,,,,,,88,,,,,,
19:40:55.543,19.46667985834359,0,17.120307845055535,17.120277,17.120277,17.120277,,,,,-0.035369339135808114,33,
19:40:55.781,,,,,,,,1382,1.4,,,,
19:40:56.033,19.468641690514946,0,17.124713732166647,17.124683,17.124683,17.124683,,,,,-0.04695996133925858,32,
19:40:56.261,,,,,,,,1383,1.4,,,,
19:40:56.498,,,,,,,88,,,,,,
19:40:56.741,19.470755275893747,0,17.130371524222202,17.130341,17.130341,17.130341,,,,,-0.0706964377186716,29,
19:40:56.982,,,,,,,,1383,1.4,,,,
19:40:57.225,19.471753141558004,0,17.133868018666647,17.133837,17.133837,17.133837,,,,,-0.09425401664384006,26,
19:40:57.462,,,,,,,,1383,1.4,,,,
19:40:57.690,,,,,,,,,,,,,
19:40:57.700,,,,,,,,,,48,,,
19:40:57.945,,,,,,,88,,,,,,
19:40:58.182,19.472517458078723,0,17.139722091555534,17.139691,17.139691,17.139691,,,,,-0.11804855084204914,22,
19:40:58.423,,,,,,,,1382,1.4,,,,
19:40:58.697,19.472602979780607,0,17.142576724888865,17.142546,17.142546,17.142546,,,,,-0.1275864338649686,20,
19:40:58.931,,,,,,,,1385,1.4,,,,
19:40:59.167,,,,,,,88,,,,,,
19:40:59.411,19.47317265103119,0,17.146943124777753,17.146912,17.146912,17.146912,,,,,,22,
19:40:59.678,,,,,,,,1646,1.6,,,,
19:40:59.919,19.473906197633685,0,17.150368162777752,17.150337,17.150337,17.150337,,,,,,24,
19:41:00.161,,,,,,,,1945,1.9,,,,
19:41:00.399,,,,,,,88,,,,,,
19:41:00.643,19.476062414011476,0,17.156150376916642,17.156119,17.156119,17.156119,,,,,,29,
19:41:00.883,,,,,,,,2372,2.4,,,,
19:41:01.116,19.4777801714906,0,17.160221423499976,17.16019,17.16019,17.16019,,,,,0.12881349432368816,31,
19:41:01.363,,,,,,,,2021,2,,,,
19:41:01.602,,,,,,,88,,,,,,
19:41:01.837,19.48062656139218,0,17.166631234166644,17.1666,17.1666,17.1666,,,,,0.11678638965017334,32,
19:41:02.081,,,,,,,,1689,1.7,,,,
19:41:02.321,19.482691542299932,0,17.171073677666644,17.171042,17.171042,17.171042,,,,,0.10612118900984609,33,
19:41:02.562,,,,,,,,1631,1.6,,,,
19:41:02.801,,,,,,,88,,,,,,
19:41:03.036,19.486187005800907,0,17.178023965027755,17.177992,17.177992,17.177992,,,,,0.07100791539241122,35,
19:41:03.283,,,,,,,,1621,1.6,,,,
19:41:03.521,19.488553694601137,0,17.182731605027755,17.1827,17.1827,17.1827,,,,,0.04711411170041525,35,
19:41:03.761,,,,,,,,1628,1.6,,,,
19:41:03.999,,,,,,,88,,,,,,
19:41:04.242,19.492306350622513,0,17.189947122027753,17.189916,17.189916,17.189916,,,,,0.0471047057942116,36,
19:41:04.483,,,,,,,,1632,1.6,,,,
19:41:04.720,19.49494146081114,0,17.19485900769442,17.194828,17.194828,17.194828,,,,,0.04723718809286243,37,
19:41:04.958,,,,,,,,1636,1.6,,,,
19:41:05.201,,,,,,,87,,,,,,
19:41:05.439,19.499129332025888,0,17.202445856527753,17.202415,17.202415,17.202415,,,,,0.03537079222009537,38,
19:41:05.683,,,,,,,,1546,1.5,,,,
19:41:05.921,19.502090315816414,0,17.207670871777754,17.20764,17.20764,17.20764,,,,,0.04719861960687468,39,
19:41:06.159,,,,,,,,1474,1.5,,,,
19:41:06.402,,,,,,,88,,,,,,
19:41:06.637,19.50648658427311,0,17.21543154894442,17.215401,17.215401,17.215401,,,,,0.03547599261438692,39,
19:41:06.877,,,,,,,,1431,1.4,,,,
19:41:07.119,19.509443355719434,0,17.220653069361084,17.220623,17.220623,17.220623,,,,,0.023610462290501018,39,
19:41:07.368,,,,,,,,1424,1.4,,,,
19:41:07.600,,,,,,,88,,,,,,
19:41:07.839,19.51385894075918,0,17.22845373669442,17.228424,17.228424,17.228424,,,,,0.011798900430984386,39,
19:41:08.081,,,,,,,,1536,1.5,,,,
19:41:08.321,19.516657845433524,0,17.233534094972196,17.233504,17.233504,17.233504,,,,,-0.011803831056545477,38,
19:41:08.563,,,,,,,,1535,1.5,,,,
19:41:08.804,,,,,,,88,,,,,,
19:41:09.037,19.520373117258686,0,17.240700718972196,17.240671,17.240671,17.240671,,,,,-0.03540683950575213,36,
19:41:09.281,,,,,,,,0,0,,,,
19:41:09.522,19.522577978892777,0,17.24527408352775,17.245244,17.245244,17.245244,,,,,-0.0589554847699705,34,
19:41:09.758,,,,,,,,0,0,,,,
19:41:10.036,,,,,,,88,,,,,,
19:41:10.271,19.525283976522328,0,17.251731816666638,17.251702,17.251702,17.251702,,,,,-0.09319014310874335,31,
19:41:10.510,,,,,,,,0,0,,,,
19:41:10.749,19.526875805645297,0,17.25576062666664,17.255731,17.255731,17.255731,,,,,-0.09331404882601965,30,
19:41:10.991,,,,,,,,0,0,,,,
19:41:11.231,,,,,,,88,,,,,,
19:41:11.472,19.528788028148206,0,17.261346000555527,17.261316,17.261316,17.261316,,,,,-0.0930575960212983,28,
19:41:11.711,,,,,,,,0,0,,,,
19:41:11.983,19.530310110591774,0,17.265466024916638,17.265436,17.265436,17.265436,,,,,,29,
19:41:12.223,,,,,,,,0,0,,,,
19:41:12.494,,,,,,,88,,,,,,
19:41:12.733,19.532305315989532,0,17.27129845602775,17.271268,17.271268,17.271268,,,,,,28,
19:41:12.973,,,,,,,,0,0,,,,
19:41:13.242,19.53349714672774,0,17.27510940027775,17.275079,17.275079,17.275079,,,,,,27,
19:41:13.482,,,,,,,,0,0,,,,
19:41:13.753,,,,,,,87,,,,,,
19:41:14.003,19.535053712742897,0,17.280645664055527,17.280615,17.280615,17.280615,,,,,-0.022386298270452222,26,
19:41:14.261,,,,,,,,0,0,,,,
19:41:14.502,19.535744404381266,0,17.283930334055526,17.2839,17.2839,17.2839,,,,,-0.056229652902497776,24,
19:41:14.743,,,,,,,,0,0,,,,
19:41:14.981,,,,,,,87,,,,,,
19:41:15.224,19.536530743334506,0,17.28855030061108,17.28852,17.28852,17.28852,,,,,-0.056846153615588695,23,
19:41:15.462,,,,,,,,0,0,,,,
19:41:15.731,19.536922203527272,0,17.291644464333302,17.291614,17.291614,17.291614,,,,,-0.05690830838146707,22,
19:41:15.971,,,,,,,,0,0,,,,
19:41:16.244,,,,,,,86,,,,,,
19:41:16.483,19.537267501472975,0,17.29603207949997,17.296002,17.296002,17.296002,,,,,-0.057106818718920385,21,
19:41:16.722,,,,,,,,0,0,,,,
19:41:16.962,19.537487252519274,0,17.29882548024997,17.298795,17.298795,17.298795,,,,,-0.03454676967999041,21,
19:41:17.196,,,,,,,,0,0,,,,
19:41:17.442,,,,,,,86,,,,,,
19:41:17.685,19.537818806194,0,17.30304166716664,17.303011,17.303011,17.303011,,,,,-0.0230265477937142,21,
19:41:17.923,,,,,,,,0,0,,,,
19:41:18.196,19.538213905171535,0,17.30616864388886,17.306138,17.306138,17.306138,,,,,,22,
19:41:18.433,,,,,,,,0,0,,,,
19:41:18.702,,,,,,,86,,,,,,
19:41:18.941,19.539022037373137,0,17.310925581833306,17.310895,17.310895,17.310895,,,,,0.02305107133735226,23,
19:41:19.181,,,,,,,,0,0,,,,
19:41:19.454,19.539739351910917,0,17.314345203833305,17.314315,17.314315,17.314315,,,,,0.03409741263496764,24,
19:41:19.694,,,,,,,,0,0,,,,
19:41:19.964,,,,,,,86,,,,,,
19:41:20.201,19.541018034939523,0,17.319534142722194,17.319504,17.319504,17.319504,,,,,0.04502588925293304,25,
19:41:20.443,,,,,,,,0,0,,,,
19:41:20.714,19.542055837614033,0,17.323237391333304,17.323207,17.323207,17.323207,,,,,0.04500486205335054,26,
19:41:20.953,,,,,,,,0,0,,,,
19:41:21.224,,,,,,,85,,,,,,
19:41:21.460,19.543811387076143,0,17.328872713583305,17.328842,17.328842,17.328842,,,,,0.04497190231257565,27,
19:41:21.703,,,,,,,,0,0,,,,
19:41:21.941,19.54507139279601,0,17.332572542583303,17.332542,17.332542,17.332542,,,,,0.04554766637929831,28,
19:41:22.183,,,,,,,,0,0,,,,
19:41:22.422,,,,,,,85,,,,,,
19:41:22.662,19.54720725549014,0,17.33838335636108,17.338353,17.338353,17.338353,,,,,0.046034922943921065,29,
19:41:22.903,,,,,,,,0,0,,,,
19:41:23.172,19.548715234704098,0,17.34248753624997,17.342457,17.342457,17.342457,,,,,0.03457234459077797,29,
19:41:23.412,,,,,,,,0,0,,,,
19:41:23.683,,,,,,,85,,,,,,
19:41:23.925,19.55117920977187,0,17.348763543749968,17.348733,17.348733,17.348733,,,,,0.03447939201087921,30,
19:41:24.162,,,,,,,,0,0,,,,
19:41:24.434,19.55300320154618,0,17.353146716416635,17.353116,17.353116,17.353116,,,,,0.034093783226965504,31,
19:41:24.674,,,,,,,,0,0,,,,
19:41:24.941,,,,,,,85,,,,,,
19:41:25.185,19.555693140259095,0,17.359613366361078,17.359583,17.359583,17.359583,,,,,0.022457703766228267,31,
19:41:25.421,,,,,,,,0,0,,,,
19:41:25.693,19.557670685319042,0,17.36412819747219,17.364098,17.364098,17.364098,,,,,0.03370720173963842,32,
19:41:25.933,,,,,,,,0,0,,,,
19:41:26.202,,,,,,,85,,,,,,
19:41:26.443,19.56059219704237,0,17.370800777027746,17.370771,17.370771,17.370771,,,,,0.022493449892813773,32,
19:41:26.684,,,,,,,,0,0,,,,
19:41:26.953,19.562575713321475,0,17.375332810805524,17.375303,17.375303,17.375303,,,,,0.011242757362370005,32,
19:41:27.194,,,,,,,,0,0,,,,
19:41:27.463,,,,,,,85,,,,,,
19:41:27.705,19.56573465490055,0,17.382224865388856,17.382195,17.382195,17.382195,,,,,0.022478522528258313,33,
19:41:27.944,,,,,,,,0,0,,,,
19:41:28.214,19.56787075560484,0,17.386887163138855,17.386857,17.386857,17.386857,,,,,0.011235856031681719,33,
19:41:28.454,,,,,,,,0,0,,,,
19:41:28.723,,,,,,,85,,,,,,
19:41:28.964,19.57101931680763,0,17.39376198255552,17.393732,17.393732,17.393732,,,,,0.011238919666946809,33,
19:41:29.200,,,,,,,,0,0,,,,
19:41:29.472,19.57299337664907,0,17.39827974966663,17.39825,17.39825,17.39825,,,,,0,32,
19:41:29.713,,,,,,,,0,0,,,,
19:41:29.983,,,,,,,85,,,,,,
19:41:30.224,19.57568019265369,0,17.404760396111076,17.404731,17.404731,17.404731,,,,,-0.022486128768250496,31,
19:41:30.461,,,,,,,,0,0,,,,
19:41:30.733,19.577178634342598,0,17.408860624749966,17.408831,17.408831,17.408831,,,,,-0.044977965094236884,29,
19:41:30.972,,,,,,,,0,0,,,,
19:41:31.240,,,,,,,84,,,,,,
19:41:31.482,19.579146016953185,0,17.41467778419441,17.414648,17.414648,17.414648,,,,,-0.05624569548160742,28,
19:41:31.723,,,,,,,,0,0,,,,
19:41:31.972,19.5804503722154,0,17.41853600219441,17.418506,17.418506,17.418506,,,,,-0.04532223615237375,28,
19:41:32.200,,,,,,,,0,0,,,,
19:41:32.441,,,,,,,84,,,,,,
19:41:32.681,19.582300021529818,0,17.424009222861077,17.423979,17.423979,17.423979,,,,,-0.03458827986640569,28,
19:41:32.922,,,,,,,,0,0,,,,
19:41:33.195,19.583810455536998,0,17.428148351777743,17.428118,17.428118,17.428118,,,,,,29,
19:41:33.431,,,,,,,,0,0,,,,
19:41:33.702,,,,,,,84,,,,,,
19:41:33.944,19.586012629141088,0,17.434185474305522,17.434155,17.434155,17.434155,,,,,0.011501463620910157,29,
19:41:34.180,,,,,,,,0,0,,,,
19:41:34.422,19.58741534087527,0,17.438032394388856,17.438002,17.438002,17.438002,,,,,0.01155885498293112,29,
19:41:34.658,,,,,,,,0,0,,,,
19:41:34.928,,,,,,,84,,,,,,
19:41:35.174,19.58985792522273,0,17.44429903105552,17.444269,17.444269,17.444269,,,,,0.022722856323516352,30,
19:41:35.411,,,,,,,,0,0,,,,
19:41:35.681,19.591345422826205,0,17.44838174530552,17.448352,17.448352,17.448352,,,,,,29,
19:41:35.924,,,,,,,,0,0,,,,
19:41:36.192,,,,,,,84,,,,,,
19:41:36.435,19.59308705245644,0,17.45403597205552,17.454006,17.454006,17.454006,,,,,,27,
19:41:36.675,,,,,,,,1521,1.5,,,,
19:41:36.940,19.59393722741717,0,17.457538327611076,17.457508,17.457508,17.457508,,,,,-0.04500983047612534,25,
19:41:37.193,,,,,,,,1534,1.5,,,,
19:41:37.451,,,,,,,84,,,,,,
19:41:37.690,19.594032177520827,0,17.461706014833297,17.461676,17.461676,17.461676,,,,,-0.11260216813865277,20,
19:41:37.934,,,,,,,,1535,1.5,,,,
19:41:38.168,19.59379436490246,0,17.464099539833295,17.46407,17.46407,17.46407,,,,,-0.12524825309069867,18,
19:41:38.417,,,,,,,,1536,1.5,,,,
19:41:38.653,,,,,,,84,,,,,,
19:41:38.888,19.592764594454753,0,17.467097218999964,17.467068,17.467068,17.467068,,,,,-0.1385633335965313,15,
19:41:39.133,,,,,,,,1353,1.4,,,,
19:41:39.379,19.59174446458575,0,17.468890810222184,17.468862,17.468862,17.468862,,,,,-0.13933833516497107,13,
19:41:39.610,,,,,,,,0,0,,,,
19:41:39.861,,,,,,,83,,,,,,
19:41:40.089,19.58963873965205,0,17.470848715222186,17.47082,17.47082,17.47082,,,,,-0.11803793181036473,10,
19:41:40.331,,,,,,,,0,0,,,,
19:41:40.606,19.588096457659258,0,17.47228327605552,17.472255,17.472255,17.472255,,,,,-0.09296916594280315,10,
19:41:40.840,,,,,,,,0,0,,,,
19:41:41.082,,,,,,,83,,,,,,
19:41:41.322,19.586180660881414,0,17.4744725470833,17.474444,17.474444,17.474444,,,,,,11,
19:41:41.559,,,,,,,,0,0,,,,
19:41:41.834,19.584811061230887,0,17.47603825194441,17.47601,17.47601,17.47601,,,,,,11,
19:41:42.071,,,,,,,,0,0,,,,
19:41:42.343,,,,,,,83,,,,,,
19:41:42.579,19.583283895663623,0,17.4787292320833,17.478701,17.478701,17.478701,,,,,0.03412724461891248,13,
19:41:42.823,,,,,,,,0,0,,,,
19:41:43.095,19.582227340892082,0,17.480591691527746,17.480563,17.480563,17.480563,,,,,0.03413767517812232,13,
19:41:43.332,,,,,,,,0,0,,,,
19:41:43.608,,,,,,,83,,,,,,
19:41:43.847,19.580922279262975,0,17.483514141749968,17.483485,17.483485,17.483485,,,,,0.0336637249118593,14,
19:41:44.084,,,,,,,,0,0,,,,
19:41:44.353,19.580042630713773,0,17.485484727305522,17.485456,17.485456,17.485456,,,,,0.03373229542387514,14,
19:41:44.593,,,,,,,,0,0,,,,
19:41:44.864,,,,,,,83,,,,,,
19:41:45.104,19.579207173689543,0,17.488819922861076,17.488791,17.488791,17.488791,,,,,0.033662168670193365,16,
19:41:45.341,,,,,,,,0,0,,,,
19:41:45.614,19.578639681086102,0,17.49108627619441,17.491057,17.491057,17.491057,,,,,0.033738784323081514,16,
19:41:45.853,,,,,,,,0,0,,,,
19:41:46.123,,,,,,,83,,,,,,
19:41:46.363,19.577805910656593,0,17.494417347749966,17.494388,17.494388,17.494388,,,,,0.022510955974036965,16,
19:41:46.602,,,,,,,,0,0,,,,
19:41:46.873,19.57723862879301,0,17.49668463441663,17.496655,17.496655,17.496655,,,,,0.022479984489650964,16,
19:41:47.112,,,,,,,,0,0,,,,
19:41:47.384,,,,,,,83,,,,,,
19:41:47.622,19.576174313473764,0,17.499802542749965,17.499773,17.499773,17.499773,,,,,-0.011249881639026689,15,
19:41:47.861,,,,,,,,0,0,,,,
19:41:48.135,19.57512571934027,0,17.50165586969441,17.501626,17.501626,17.501626,,,,,-0.033705154841932386,13,
19:41:48.373,,,,,,,,0,0,,,,
19:41:48.643,,,,,,,83,,,,,,
19:41:48.882,19.573135705133904,0,17.503938753166633,17.503909,17.503909,17.503909,,,,,-0.05622773081885333,11,
19:41:49.121,,,,,,,,0,0,,,,
19:41:49.392,19.571462485181772,0,17.505212654666632,17.505183,17.505183,17.505183,,,,,-0.07873781664031566,9,
19:41:49.633,,,,,,,,0,0,,,,
19:41:49.902,,,,,,,83,,,,,,
19:41:50.143,19.568295318802885,0,17.506465336999966,17.506436,17.506436,17.506436,,,,,-0.10110313325079252,6,
19:41:50.384,,,,,,,,0,0,,,,
19:41:50.651,19.565996759154327,0,17.507171217277744,17.507142,17.507142,17.507142,,,,,-0.09005244771615922,5,
19:41:50.888,,,,,,,,0,0,,,,
19:41:51.167,,,,,,,83,,,,,,
19:41:51.400,19.562610150524208,0,17.50821163991663,17.508182,17.508182,17.508182,,,,,-0.06748377939805507,5,
19:41:51.642,,,,,,,,0,0,,,,
19:41:51.913,19.560133802547423,0,17.508781375472186,17.508752,17.508752,17.508752,,,,,-0.05616856774927672,4,
19:41:52.154,,,,,,,,0,0,,,,
19:41:52.418,,,,,,,84,,,,,,
19:41:52.661,19.556506902072766,0,17.509616147027742,17.509587,17.509587,17.509587,,,,,-0.02250355640749325,4,
19:41:52.901,,,,,,,,0,0,,,,
19:41:53.138,19.55437184019714,0,17.510272855083297,17.510244,17.510244,17.510244,,,,,,5,
19:41:53.384,,,,,,,,0,0,,,,
19:41:53.623,,,,,,,84,,,,,,
19:41:53.861,19.55132948486939,0,17.511479080083298,17.51145,17.51145,17.51145,,,,,,6,
19:41:54.104,,,,,,,,0,0,,,,
19:41:54.371,19.54934344674895,0,17.512471307333296,17.512442,17.512442,17.512442,,,,,0.034566339604460795,7,
19:41:54.615,,,,,,,,0,0,,,,
19:41:54.881,,,,,,,84,,,,,,
19:41:55.124,19.546650611692325,0,17.51414262488885,17.514113,17.514113,17.514113,,,,,0.04600229611633193,8,
19:41:55.362,,,,,,,,0,0,,,,
19:41:55.630,19.545151015806788,0,17.515550317944406,17.515521,17.515521,17.515521,,,,,0.05682194386353628,10,
19:41:55.871,,,,,,,,0,0,,,,
19:41:56.141,,,,,,,84,,,,,,
19:41:56.385,19.543385236315626,0,17.518067624944408,17.518038,17.518038,17.518038,,,,,0.06732354526331744,12,
19:41:56.623,,,,,,,,0,0,,,,
19:41:56.891,19.542516293221645,0,17.520035052722186,17.520005,17.520005,17.520005,,,,,0.07868267144185913,14,
19:41:57.131,,,,,,,,0,0,,,,
19:41:57.401,,,,,,,84,,,,,,
19:41:57.644,19.541457900314036,0,17.523169041055517,17.523139,17.523139,17.523139,,,,,0.07868065132515359,15,
19:41:57.885,,,,,,,,0,0,,,,
19:41:58.152,19.540900498469412,0,17.52542759438885,17.525398,17.525398,17.525398,,,,,0.06740668958933144,16,
19:41:58.395,,,,,,,,0,0,,,,
19:41:58.661,,,,,,,85,,,,,,
19:41:58.900,19.539606160686407,0,17.528361328999964,17.528332,17.528332,17.528332,,,,,,14,
19:41:59.142,,,,,,,,0,0,,,,
19:41:59.379,19.538502667871203,0,17.529937092999962,17.529908,17.529908,17.529908,,,,,,12,
19:41:59.623,,,,,,,,0,0,,,,
19:41:59.859,,,,,,,85,,,,,,
19:42:00.104,19.536362732101278,0,17.531950386333296,17.531921,17.531921,17.531921,,,,,-0.057570139254105306,10,
19:42:00.343,,,,,,,,0,0,,,,
19:42:00.615,19.534377953636536,0,17.532945090222185,17.532916,17.532916,17.532916,,,,,-0.1034856032551432,7,
19:42:00.852,,,,,,,,0,0,,,,
19:42:01.119,,,,,,,85,,,,,,
19:42:01.362,19.530789637052937,0,17.533774582777742,17.533745,17.533745,17.533745,,,,,-0.11508634410403042,4,
19:42:01.602,,,,,,,,0,0,,,,
19:42:01.873,19.528174501501205,0,17.534200716777743,17.534171,17.534171,17.534171,,,,,-0.10222634071548041,3,
19:42:02.115,,,,,,,,0,0,,,,
19:42:02.383,,,,,,,85,,,,,,
19:42:02.623,19.52410695908481,0,17.53461753866663,17.534588,17.534588,17.534588,,,,,-0.08993116124483547,2,
19:42:02.862,,,,,,,,0,0,,,,
19:42:03.135,19.521491244856573,0,17.535044105833297,17.535015,17.535015,17.535015,,,,,,3,
19:42:03.373,,,,,,,,0,0,,,,
19:42:03.641,,,,,,,85,,,,,,
19:42:03.884,19.51836003497633,0,17.536292446999962,17.536263,17.536263,17.536263,,,,,,6,
19:42:04.124,,,,,,,,0,0,,,,
19:42:04.392,19.51655108537332,0,17.53742143277774,17.537392,17.537392,17.537392,,,,,,8,
19:42:04.634,,,,,,,,0,0,,,,
19:42:04.902,,,,,,,85,,,,,,
19:42:05.145,19.514569885499196,0,17.53972139619441,17.539692,17.539692,17.539692,,,,,0.10109615688608328,11,
19:42:05.380,,,,,,,,0,0,,,,
19:42:05.655,19.513543533063814,0,17.541562533833297,17.541533,17.541533,17.541533,,,,,0.11242117936295891,13,
19:42:05.894,,,,,,,,1264,1.3,,,,
19:42:06.157,,,,,,,85,,,,,,
19:42:06.406,19.51296056275464,0,17.54510774263885,17.545078,17.545078,17.545078,,,,,0.1235479471879745,17,
19:42:06.640,,,,,,,,1760,1.8,,,,
19:42:06.881,19.512885293199435,0,17.547614922999962,17.547585,17.547585,17.547585,,,,,0.12518833859303286,19,
19:42:07.120,,,,,,,,1880,1.9,,,,
19:42:07.361,,,,,,,86,,,,,,
19:42:07.601,19.513216003602263,0,17.551815566999963,17.551786,17.551786,17.551786,,,,,0.11531619548382957,21,
19:42:07.836,,,,,,,,1764,1.8,,,,
19:42:08.093,19.513751936284116,0,17.554995902861073,17.554966,17.554966,17.554966,,,,,0.11617221234596714,23,
19:42:08.322,,,,,,,,1687,1.7,,,,
19:42:08.561,,,,,,,86,,,,,,
19:42:08.801,19.51472355869603,0,17.55967303352774,17.559643,17.559643,17.559643,,,,,0.08280512038572062,24,
19:42:09.048,,,,,,,,1657,1.7,,,,
19:42:09.284,19.515393244013307,0,17.56289789952774,17.562868,17.562868,17.562868,,,,,0.058932515489586515,24,
19:42:09.519,,,,,,,,1548,1.5,,,,
19:42:09.758,,,,,,,86,,,,,,
19:42:10.001,19.515942805569303,0,17.567278123361074,17.567248,17.567248,17.567248,,,,,,22,
19:42:10.239,,,,,,,,0,0,,,,
19:42:10.476,19.516013663451755,0,17.56991384780552,17.569884,17.569884,17.569884,,,,,-0.03566616841076347,20,
19:42:10.721,,,,,,,,0,0,,,,
19:42:10.959,,,,,,,86,,,,,,
19:42:11.203,19.51522460055245,0,17.573147230027743,17.573117,17.573117,17.573117,,,,,-0.09432280750993416,16,
19:42:11.439,,,,,,,,0,0,,,,
19:42:11.679,19.51485057810529,0,17.5754239540833,17.575394,17.575394,17.575394,,,,,,17,
19:42:11.922,,,,,,,,993,1,,,,
19:42:12.163,,,,,,,86,,,,,,
19:42:12.403,19.51451460532206,0,17.5790201530833,17.57899,17.57899,17.57899,,,,,,18,
19:42:12.638,,,,,,,,1781,1.8,,,,
19:42:12.878,19.514731346236335,0,17.581780680666633,17.581751,17.581751,17.581751,,,,,,21,
19:42:13.123,,,,,,,,2036,2,,,,
19:42:13.365,,,,,,,86,,,,,,
19:42:13.598,19.515735918589517,0,17.586624651999966,17.586595,17.586595,17.586595,,,,,0.09460201505934265,24,
19:42:13.840,,,,,,,,2203,2.2,,,,
19:42:14.078,19.5166824594527,0,17.59004533622219,17.590016,17.590016,17.590016,,,,,0.10628580019040963,26,
19:42:14.323,,,,,,,,2197,2.2,,,,
19:42:14.560,,,,,,,86,,,,,,
19:42:14.807,19.51858856175598,0,17.595716824888857,17.595687,17.595687,17.595687,,,,,0.1178286607597197,28,
19:42:15.040,,,,,,,,1862,1.9,,,,
19:42:15.282,19.51997447038984,0,17.59953874536108,17.599509,17.599509,17.599509,,,,,0.09426774012202697,29,
19:42:15.523,,,,,,,,1744,1.7,,,,
19:42:15.758,,,,,,,87,,,,,,
19:42:15.999,19.52250979027369,0,17.605712787166635,17.605683,17.605683,17.605683,,,,,0.08261053408428157,31,
19:42:16.243,,,,,,,,1582,1.6,,,,
19:42:16.479,19.524207464223522,0,17.60984850836108,17.609819,17.609819,17.609819,,,,,0.058989543533982496,31,
19:42:16.717,,,,,,,,1559,1.6,,,,
19:42:16.959,,,,,,,87,,,,,,
19:42:17.197,19.526966869848035,0,17.616233725249966,17.616204,17.616204,17.616204,,,,,0.04739698136729711,32,
19:42:17.442,,,,,,,,1413,1.4,,,,
19:42:17.679,19.528669227046343,0,17.6203840000833,17.620354,17.620354,17.620354,,,,,,31,
19:42:17.922,,,,,,,,1513,1.5,,,,
19:42:18.161,,,,,,,87,,,,,,
19:42:18.399,19.53098987070456,0,17.6263842150833,17.626354,17.626354,17.626354,,,,,,30,
19:42:18.645,,,,,,,,0,0,,,,
19:42:18.878,19.532386530437748,0,17.630245101888853,17.630215,17.630215,17.630215,,,,,-0.023608596743572383,29,
19:42:19.118,,,,,,,,0,0,,,,
19:42:19.363,,,,,,,88,,,,,,
19:42:19.599,19.53448559921915,0,17.636049851444408,17.63602,17.63602,17.63602,,,,,-0.03537944105639188,29,
19:42:19.838,,,,,,,,0,0,,,,
19:42:20.082,19.535892653221996,0,17.639942349861077,17.639912,17.639912,17.639912,,,,,-0.02357392042669408,29,
19:42:20.318,,,,,,,,0,0,,,,
19:42:20.561,,,,,,,88,,,,,,
19:42:20.804,19.538217510089925,0,17.645962061527744,17.645932,17.645932,17.645932,,,,,,30,
19:42:21.043,,,,,,,,0,0,,,,
19:42:21.309,19.539998219770965,0,17.65031247494441,17.650282,17.650282,17.650282,,,,,0.023305318189462687,31,
19:42:21.553,,,,,,,,0,0,,,,
19:42:21.822,,,,,,,88,,,,,,
19:42:22.061,19.542647837116075,0,17.656788200999966,17.656758,17.656758,17.656758,,,,,0.02300805432405483,31,
19:42:22.302,,,,,,,,0,0,,,,
19:42:22.574,19.544609813920907,0,17.66134242944441,17.661312,17.661312,17.661312,,,,,0.03410878741244759,32,
19:42:22.813,,,,,,,,0,0,,,,
19:42:23.082,,,,,,,88,,,,,,
19:42:23.322,19.547473111194623,0,17.667991418777742,17.667961,17.667961,17.667961,,,,,0.022502034175774923,32,
19:42:23.564,,,,,,,,0,0,,,,
19:42:23.832,19.549270718222157,0,17.672390073361075,17.67236,17.67236,17.67236,,,,,,31,
19:42:24.073,,,,,,,,0,0,,,,
19:42:24.342,,,,,,,87,,,,,,
19:42:24.577,19.55190762431052,0,17.67884495019441,17.678815,17.678815,17.678815,,,,,0,31,
19:42:24.820,,,,,,,,0,0,,,,
19:42:25.060,19.553732111583034,0,17.683086420416632,17.683056,17.683056,17.683056,,,,,,32,
19:42:25.302,,,,,,,,0,0,,,,
19:42:25.543,,,,,,,87,,,,,,
19:42:25.783,19.556499403845486,0,17.689522047083297,17.689492,17.689492,17.689492,,,,,,32,
19:42:26.023,,,,,,,,0,0,,,,
19:42:26.294,19.558449329078964,0,17.694058520861077,17.694028,17.694028,17.694028,,,,,0.011509015513742912,32,
19:42:26.537,,,,,,,,0,0,,,,
19:42:26.803,,,,,,,87,,,,,,
19:42:27.042,19.561307669495577,0,17.700710980416634,17.70068,17.70068,17.70068,,,,,0.01149196214861344,32,
19:42:27.284,,,,,,,,0,0,,,,
19:42:27.554,19.563262926308912,0,17.70526337774997,17.705232,17.705232,17.705232,,,,,0,32,
19:42:27.794,,,,,,,,0,0,,,,
19:42:28.061,,,,,,,86,,,,,,
19:42:28.298,19.566122104168112,0,17.711922939527746,17.711892,17.711892,17.711892,,,,,0,32,
19:42:28.542,,,,,,,,0,0,,,,
19:42:28.780,19.56793735699516,0,17.716152593749968,17.716122,17.716122,17.716122,,,,,0,32,
19:42:29.023,,,,,,,,0,0,,,,
19:42:29.263,,,,,,,86,,,,,,
19:42:29.502,19.570693475327076,0,17.72257688619441,17.722546,17.722546,17.722546,,,,,0,32,
19:42:29.742,,,,,,,,0,0,,,,
19:42:30.011,19.572648799870045,0,17.72713631997219,17.727105,17.727105,17.727105,,,,,0,32,
19:42:30.253,,,,,,,,0,0,,,,
19:42:30.523,,,,,,,86,,,,,,
19:42:30.763,19.575497840042075,0,17.733782292416635,17.733751,17.733751,17.733751,,,,,0,32,
19:42:31.003,,,,,,,,0,0,,,,
19:42:31.273,19.57744186369454,0,17.738318877305524,17.738288,17.738288,17.738288,,,,,0,32,
19:42:31.515,,,,,,,,0,0,,,,
19:42:31.782,,,,,,,85,,,,,,
19:42:32.020,19.58029943919458,0,17.744989910194413,17.744959,17.744959,17.744959,,,,,0,32,
19:42:32.261,,,,,,,,0,0,,,,
19:42:32.499,19.582255036530864,0,17.74934874361108,17.749318,17.749318,17.749318,,,,,0.01138135618465639,33,
19:42:32.741,,,,,,,,0,0,,,,
19:42:32.983,,,,,,,85,,,,,,
19:42:33.224,19.585237532497203,0,17.755998879777746,17.755968,17.755968,17.755968,,,,,0.011506266056672165,33,
19:42:33.465,,,,,,,,0,0,,,,
19:42:33.733,19.587332111392307,0,17.760670975777746,17.76064,17.76064,17.76064,,,,,0.011513106364940691,33,
19:42:33.973,,,,,,,,0,0,,,,
19:42:34.244,,,,,,,85,,,,,,
19:42:34.483,19.590411501039227,0,17.767542407194412,17.767511,17.767511,17.767511,,,,,0.011502396789506932,33,
19:42:34.724,,,,,,,,0,0,,,,
19:42:34.991,19.592496497414512,0,17.772196715277744,17.772165,17.772165,17.772165,,,,,0,33,
19:42:35.231,,,,,,,,0,0,,,,
19:42:35.499,,,,,,,85,,,,,,
19:42:35.744,19.595584355997435,0,17.779092358611077,17.779061,17.779061,17.779061,,,,,0,33,
19:42:35.981,,,,,,,,0,0,,,,
19:42:36.252,19.597671722078456,0,17.78375555469441,17.783724,17.783724,17.783724,,,,,0,33,
19:42:36.490,,,,,,,,0,0,,,,
19:42:36.763,,,,,,,85,,,,,,
19:42:37.003,19.60052007180963,0,17.790426061361075,17.790395,17.790395,17.790395,,,,,-0.011240250496854034,32,
19:42:37.242,,,,,,,,0,0,,,,
19:42:37.513,19.602301390816486,0,17.794823552583296,17.794792,17.794792,17.794792,,,,,-0.02246100004575232,31,
19:42:37.753,,,,,,,,0,0,,,,
19:42:38.019,,,,,,,85,,,,,,
19:42:38.261,19.60445151009025,0,17.800848108444406,17.800817,17.800817,17.800817,,,,,-0.04500396288427363,29,
19:42:38.500,,,,,,,,0,0,,,,
19:42:38.773,19.605764589364867,0,17.804825092333296,17.804794,17.804794,17.804794,,,,,-0.0561955281261993,28,
19:42:39.014,,,,,,,,0,0,,,,
19:42:39.283,,,,,,,84,,,,,,
19:42:39.519,19.607223290386337,0,17.810212800055517,17.810182,17.810182,17.810182,,,,,-0.06753067825351557,26,
19:42:39.758,,,,,,,,0,0,,,,
19:42:39.999,19.60817006239484,0,17.813711015555516,17.81368,17.81368,17.81368,,,,,-0.0569767049150412,26,
19:42:40.239,,,,,,,,0,0,,,,
19:42:40.483,,,,,,,84,,,,,,
19:42:40.722,19.609354921221787,0,17.818703114861073,17.818672,17.818672,17.818672,,,,,-0.04604746188108737,25,
19:42:40.963,,,,,,,,0,0,,,,
19:42:41.232,19.61035264705612,0,17.82239221513885,17.822361,17.822361,17.822361,,,,,,26,
19:42:41.472,,,,,,,,0,0,,,,
19:42:41.743,,,,,,,84,,,,,,
19:42:41.983,19.611819291614975,0,17.82781723863885,17.827786,17.827786,17.827786,,,,,,26,
19:42:42.222,,,,,,,,0,0,,,,
19:42:42.493,19.6129682242056,0,17.831634647138852,17.831603,17.831603,17.831603,,,,,,27,
19:42:42.733,,,,,,,,0,0,,,,
19:42:42.997,,,,,,,84,,,,,,
19:42:43.245,19.614895670202003,0,17.837486314249965,17.837455,17.837455,17.837455,,,,,0.03367527920374796,28,
19:42:43.485,,,,,,,,0,0,,,,
19:42:43.751,19.616345396745572,0,17.84156067730552,17.841529,17.841529,17.841529,,,,,0.03373139561266376,29,
19:42:43.992,,,,,,,,0,0,,,,
19:42:44.262,,,,,,,84,,,,,,
19:42:44.505,19.61873555496224,0,17.847842886472186,17.847811,17.847811,17.847811,,,,,0.04492566405439465,30,
19:42:44.744,,,,,,,,0,0,,,,
19:42:45.015,19.620352575824917,0,17.852094648972187,17.852063,17.852063,17.852063,,,,,0.033692826573851864,30,
19:42:45.253,,,,,,,,0,0,,,,
19:42:45.523,,,,,,,84,,,,,,
19:42:45.763,19.622950749930848,0,17.858536084722186,17.858504,17.858504,17.858504,,,,,0.03374920660599943,31,
19:42:46.004,,,,,,,,0,0,,,,
19:42:46.275,19.62472828465467,0,17.862944673083298,17.862913,17.862913,17.862913,,,,,0.02244503430073499,31,
19:42:46.511,,,,,,,,0,0,,,,
19:42:46.782,,,,,,,83,,,,,,
19:42:47.016,19.627298829375956,0,17.86932249855552,17.869291,17.869291,17.869291,,,,,0.011278840666101615,31,
19:42:47.261,,,,,,,,0,0,,,,
19:42:47.499,19.628972968704932,0,17.87347778677774,17.873446,17.873446,17.873446,,,,,0.011404040005862775,31,
19:42:47.744,,,,,,,,0,0,,,,
19:42:47.983,,,,,,,83,,,,,,
19:42:48.224,19.6317107924519,0,17.879927751222187,17.879896,17.879896,17.879896,,,,,0.01151119647139911,32,
19:42:48.465,,,,,,,,0,0,,,,
19:42:48.733,19.63363279154413,0,17.88445744277774,17.884426,17.884426,17.884426,,,,,0.011526119566379833,32,
19:42:48.974,,,,,,,,0,0,,,,
19:42:49.243,,,,,,,83,,,,,,
19:42:49.483,19.63646201723913,0,17.891127812555517,17.891096,17.891096,17.891096,,,,,0.011483574517199084,32,
19:42:49.725,,,,,,,,0,0,,,,
19:42:49.993,19.6385368647724,0,17.895796777222184,17.895765,17.895765,17.895765,,,,,0.022710506904484062,33,
19:42:50.234,,,,,,,,0,0,,,,
19:42:50.503,,,,,,,83,,,,,,
19:42:50.742,19.64158496868784,0,17.90265846080552,17.902627,17.902627,17.902627,,,,,0.011249095315275261,33,
19:42:50.984,,,,,,,,0,0,,,,
19:42:51.253,19.643663861754398,0,17.907340119472185,17.907309,17.907309,17.907309,,,,,0.011240244252278106,33,
19:42:51.494,,,,,,,,0,0,,,,
19:42:51.762,,,,,,,83,,,,,,
19:42:52.003,19.64694759446607,0,17.914431177416628,17.9144,17.9144,17.9144,,,,,0.022475724013683914,34,
19:42:52.244,,,,,,,,0,0,,,,
19:42:52.513,19.64917593537467,0,17.91924501736107,17.919214,17.919214,17.919214,,,,,0.011241022647531667,34,
19:42:52.754,,,,,,,,0,0,,,,
19:42:53.022,,,,,,,83,,,,,,
19:42:53.261,19.65267242202983,0,17.92651682736107,17.926486,17.926486,17.926486,,,,,0.022487644385448854,35,
19:42:53.503,,,,,,,,0,0,,,,
19:42:53.773,19.6550662049816,0,17.931497202916624,17.931466,17.931466,17.931466,,,,,0.022474287570855768,35,
19:42:54.009,,,,,,,,0,0,,,,
19:42:54.284,,,,,,,83,,,,,,
19:42:54.523,19.65856992465111,0,17.938789655138848,17.938758,17.938758,17.938758,,,,,0.011240516789869771,35,
19:42:54.764,,,,,,,,0,0,,,,
19:42:55.033,19.66110320427784,0,17.943883012138848,17.943851,17.943851,17.943851,,,,,0.0224839735161641,36,
19:42:55.275,,,,,,,,0,0,,,,
19:42:55.541,,,,,,,83,,,,,,
19:42:55.782,19.664826589601226,0,17.95137203713885,17.95134,17.95134,17.95134,,,,,0.01123769793575916,36,
19:42:56.024,,,,,,,,0,0,,,,
19:42:56.293,19.66736647380245,0,17.95648258813885,17.956451,17.956451,17.956451,,,,,0.011242930506298128,36,
19:42:56.530,,,,,,,,0,0,,,,
19:42:56.802,,,,,,,83,,,,,,
19:42:57.037,19.671062652904155,0,17.96392258313885,17.963891,17.963891,17.963891,,,,,0.011270321214166523,36,
19:42:57.281,,,,,,,,1425,1.4,,,,
19:42:57.560,19.67365666358784,0,17.96914604813885,17.969114,17.969114,17.969114,,,,,0,36,
19:42:57.789,,,,,,,,1384,1.4,,,,
19:42:58.033,,,,,,,83,,,,,,
19:42:58.270,19.677181971670308,0,17.97624749413885,17.976215,17.976215,17.976215,,,,,0,36,
19:42:58.507,,,,,,,,1383,1.4,,,,
19:42:58.751,19.679725847408918,0,17.98121203388885,17.98118,17.98118,17.98118,,,,,0.011520783675985484,37,
19:42:58.988,,,,,,,,1385,1.4,,,,
19:42:59.227,,,,,,,83,,,,,,
19:42:59.473,19.683301275302508,0,17.98841975788885,17.988388,17.988388,17.988388,,,,,,36,
19:42:59.709,,,,,,,,1385,1.4,,,,
19:42:59.952,19.685691700017397,0,17.99324038988885,17.993209,17.993209,17.993209,,,,,,36,
19:43:00.192,,,,,,,,1386,1.4,,,,
19:43:00.459,,,,,,,85,,,,,,
19:43:00.701,19.689412436232796,0,18.00074659588885,18.000715,18.000715,18.000715,,,,,0,36,
19:43:00.940,,,,,,,,1386,1.4,,,,
19:43:01.181,19.69162115432544,0,18.005363351583295,18.005332,18.005332,18.005332,,,,,-0.023315067912645253,35,
19:43:01.419,,,,,,,,1386,1.4,,,,
19:43:01.664,,,,,,,85,,,,,,
19:43:01.900,19.694966077578684,0,18.012357588249962,18.012326,18.012326,18.012326,,,,,-0.011673808503498835,35,
19:43:02.142,,,,,,,,1383,1.4,,,,
19:43:02.413,19.697190926931768,0,18.01719455952774,18.017163,18.017163,18.017163,,,,,-0.023022184304019352,34,
19:43:02.652,,,,,,,,1386,1.4,,,,
19:43:02.891,,,,,,,85,,,,,,
19:43:03.126,19.700290707211582,0,18.023936198527743,18.023905,18.023905,18.023905,,,,,-0.02335509110463703,34,
19:43:03.368,,,,,,,,1385,1.4,,,,
19:43:03.609,19.702237755785358,0,18.02835687944441,18.028326,18.028326,18.028326,,,,,-0.02333592601207765,33,
19:43:03.851,,,,,,,,1389,1.4,,,,
19:43:04.102,,,,,,,85,,,,,,
19:43:04.329,19.705143855040625,0,18.034957447777742,18.034927,18.034927,18.034927,,,,,-0.02332409595285652,33,
19:43:04.571,,,,,,,,1383,1.4,,,,
19:43:04.813,19.706949114719116,0,18.03925840866663,18.039228,18.039228,18.039228,,,,,-0.02360454590117266,32,
19:43:05.050,,,,,,,,1385,1.4,,,,
19:43:05.293,,,,,,,85,,,,,,
19:43:05.532,19.709631524447445,0,18.045651478888853,18.045621,18.045621,18.045621,,,,,-0.023551690991177016,32,
19:43:05.772,,,,,,,,1385,1.4,,,,
19:43:06.013,19.711426354988216,0,18.04993071266663,18.0499,18.0499,18.0499,,,,,-0.011783467515253372,32,
19:43:06.252,,,,,,,,1385,1.4,,,,
19:43:06.524,,,,,,,86,,,,,,
19:43:06.766,19.714005295737042,0,18.056417366222185,18.056387,18.056387,18.056387,,,,,-0.02323968282008678,31,
19:43:07.000,,,,,,,,1386,1.4,,,,
19:43:07.235,19.715609669875352,0,18.060454247361072,18.060424,18.060424,18.060424,,,,,-0.011691316010359025,31,
19:43:07.490,,,,,,,,1385,1.4,,,,
19:43:07.718,,,,,,,86,,,,,,
19:43:07.963,19.717879920162847,0,18.066522040694405,18.066492,18.066492,18.066492,,,,,-0.02329765170848074,30,
19:43:08.199,,,,,,,,1385,1.4,,,,
19:43:08.440,19.719364915796188,0,18.070492500694407,18.070462,18.070462,18.070462,,,,,-0.023338292887250693,30,
19:43:08.683,,,,,,,,1385,1.4,,,,
19:43:08.954,,,,,,,86,,,,,,
19:43:09.192,19.721482025155336,0,18.076556229111073,18.076526,18.076526,18.076526,,,,,-0.023354994820548893,29,
19:43:09.425,,,,,,,,1385,1.4,,,,
19:43:09.670,19.722825852342282,0,18.080406593749963,18.080376,18.080376,18.080376,,,,,-0.02326862829283685,29,
19:43:09.912,,,,,,,,1384,1.4,,,,
19:43:10.176,,,,,,,87,,,,,,
19:43:10.421,19.72470655474342,0,18.086240154972185,18.08621,18.08621,18.08621,,,,,-0.023054934424708774,28,
19:43:10.660,,,,,,,,1385,1.4,,,,
19:43:10.911,19.72595152317062,0,18.090103255861074,18.090073,18.090073,18.090073,,,,,-0.022922269219610915,28,
19:43:11.139,,,,,,,,1382,1.4,,,,
19:43:11.384,,,,,,,87,,,,,,
19:43:11.620,19.727500326058998,0,18.095376517111074,18.095346,18.095346,18.095346,,,,,-0.0233287571759994,27,
19:43:11.860,,,,,,,,1385,1.4,,,,
19:43:12.103,19.728416329378092,0,18.098859799944407,18.098829,18.098829,18.098829,,,,,-0.034930539412056545,26,
19:43:12.339,,,,,,,,1385,1.4,,,,
19:43:12.584,,,,,,,88,,,,,,
19:43:12.823,19.72912998768462,0,18.103463572583294,18.103433,18.103433,18.103433,,,,,-0.05894539747398901,23,
19:43:13.061,,,,,,,,1385,1.4,,,,
19:43:13.300,19.72931401263661,0,18.10625426199996,18.106224,18.106224,18.106224,,,,,-0.08302027828276642,21,
19:43:13.539,,,,,,,,1386,1.4,,,,
19:43:13.780,,,,,,,88,,,,,,
19:43:14.020,19.72915544545062,0,18.110046219194405,18.110016,18.110016,18.110016,,,,,-0.0944277326107424,19,
19:43:14.258,,,,,,,,1386,1.4,,,,
19:43:14.505,19.7289020372307,0,18.112467994694406,18.112438,18.112438,18.112438,,,,,-0.09434679059012897,18,
19:43:14.743,,,,,,,,1385,1.4,,,,
19:43:15.008,,,,,,,88,,,,,,
19:43:15.254,19.727827143272822,0,18.11559890052774,18.115569,18.115569,18.115569,,,,,-0.09324538952250563,15,
19:43:15.491,,,,,,,,1384,1.4,,,,
19:43:15.729,19.72686539628248,0,18.117305630805518,18.117276,18.117276,18.117276,,,,,-0.0932917439164989,13,
19:43:15.972,,,,,,,,1386,1.4,,,,
19:43:16.211,,,,,,,88,,,,,,
19:43:16.452,19.724946180776676,0,18.11952786180552,18.119498,18.119498,18.119498,,,,,-0.0931697361072848,11,
19:43:16.690,,,,,,,,1386,1.4,,,,
19:43:16.930,19.72340776443492,0,18.12071394355552,18.120684,18.120684,18.120684,,,,,-0.10509142416680618,9,
19:43:17.172,,,,,,,,1385,1.4,,,,
19:43:17.446,,,,,,,88,,,,,,
19:43:17.680,19.720296981687436,0,18.12196377305552,18.121934,18.121934,18.121934,,,,,-0.10505141359001119,6,
19:43:17.925,,,,,,,,1385,1.4,,,,
19:43:18.194,19.718013416258106,0,18.122676668888854,18.122647,18.122647,18.122647,,,,,-0.09193345555121935,5,
19:43:18.430,,,,,,,,1382,1.4,,,,
19:43:18.698,,,,,,,88,,,,,,
19:43:18.941,19.714448525293744,0,18.1235106693333,18.123481,18.123481,18.123481,,,,,-0.07968161478036438,4,
19:43:19.182,,,,,,,,1385,1.4,,,,
19:43:19.418,19.712339955169053,0,18.124169439611077,18.12414,18.12414,18.12414,,,,,,5,
19:43:19.670,,,,,,,,1385,1.4,,,,
19:43:19.903,,,,,,,88,,,,,,
19:43:20.144,19.709548998090288,0,18.12558276119441,18.125553,18.125553,18.125553,,,,,,7,
19:43:20.382,,,,,,,,1388,1.4,,,,
19:43:20.653,19.707753499742132,0,18.126711040749964,18.126681,18.126681,18.126681,,,,,,8,
19:43:20.891,,,,,,,,1386,1.4,,,,
19:43:21.129,,,,,,,89,,,,,,
19:43:21.369,19.70522126047675,0,18.128302871861074,18.128273,18.128273,18.128273,,,,,0.046653103350500984,8,
19:43:21.614,,,,,,,,1385,1.4,,,,
19:43:21.849,19.703525264341557,0,18.129369404083295,18.12934,18.12934,18.12934,,,,,0.034957629263109836,8,
19:43:22.087,,,,,,,,1386,1.4,,,,
19:43:22.330,,,,,,,89,,,,,,
19:43:22.568,19.700554294755015,0,18.130566558249964,18.130537,18.130537,18.130537,,,,,-0.011688455138647224,6,
19:43:22.814,,,,,,,,1386,1.4,,,,
19:43:23.051,19.698410666076526,0,18.131237650333297,18.131208,18.131208,18.131208,,,,,-0.035439888703417,5,
19:43:23.289,,,,,,,,1385,1.4,,,,
19:43:23.563,,,,,,,89,,,,,,
19:43:23.800,19.694860388459777,0,18.13207048944441,18.132041,18.132041,18.132041,,,,,-0.04660763378203829,4,
19:43:24.036,,,,,,,,1384,1.4,,,,
19:43:24.285,19.692420486593367,0,18.132474198777743,18.132445,18.132445,18.132445,,,,,-0.058151533610678395,3,
19:43:24.519,,,,,,,,1385,1.4,,,,
19:43:24.765,,,,,,,89,,,,,,
19:43:25.009,19.688771920379246,0,18.13307811552774,18.133049,18.133049,18.133049,,,,,-0.03479936680348972,3,
19:43:25.247,,,,,,,,1407,1.4,,,,
19:43:25.483,19.686530276891695,0,18.133604559972184,18.133575,18.133575,18.133575,,,,,,4,
19:43:25.721,,,,,,,,1376,1.4,,,,
19:43:25.962,,,,,,,89,,,,,,
19:43:26.203,19.683996069481626,0,18.13520285041663,18.135173,18.135173,18.135173,,,,,,8,
19:43:26.441,,,,,,,,1385,1.4,,,,
19:43:26.686,19.682584645059297,0,18.13654584874996,18.136516,18.136516,18.136516,,,,,0.08257429664225663,10,
19:43:26.920,,,,,,,,1388,1.4,,,,
19:43:27.156,,,,,,,89,,,,,,
19:43:27.403,19.68114032205722,0,18.139135429972182,18.139106,18.139106,18.139106,,,,,0.11833767542001165,13,
19:43:27.640,,,,,,,,1385,1.4,,,,
19:43:27.881,19.680459274890087,0,18.14114705163885,18.141118,18.141118,18.141118,,,,,0.1299057822154872,15,
19:43:28.130,,,,,,,,1414,1.4,,,,
19:43:28.358,,,,,,,89,,,,,,
19:43:28.604,19.679879628185706,0,18.144536480472183,18.144507,18.144507,18.144507,,,,,0.10617320504727212,17,
19:43:28.849,,,,,,,,1689,1.7,,,,
19:43:29.080,19.67978207914929,0,18.147050278111074,18.147021,18.147021,18.147021,,,,,0.1064882657141608,19,
19:43:29.332,,,,,,,,1760,1.8,,,,
19:43:29.560,,,,,,,89,,,,,,
19:43:29.799,19.680070304511514,0,18.151278779194406,18.15125,18.15125,18.15125,,,,,0.09457601918501396,21,
19:43:30.049,,,,,,,,1791,1.8,,,,
19:43:30.283,19.680408320629898,0,18.154235628083295,18.154207,18.154207,18.154207,,,,,0.08255733965174869,22,
19:43:30.525,,,,,,,,1811,1.8,,,,
19:43:30.761,,,,,,,89,,,,,,
19:43:30.998,19.68133086478501,0,18.158964878749963,18.158936,18.158936,18.158936,,,,,0.0828055284453865,24,
19:43:31.250,,,,,,,,1828,1.8,,,,
19:43:31.479,19.68210100335911,0,18.162305332222186,18.162276,18.162276,18.162276,,,,,0.07083859650651357,25,
19:43:31.726,,,,,,,,1818,1.8,,,,
19:43:31.961,,,,,,,89,,,,,,
19:43:32.198,19.683683391044283,0,18.167694028222186,18.167665,18.167665,18.167665,,,,,0.07085822524918728,27,
19:43:32.444,,,,,,,,1764,1.8,,,,
19:43:32.681,19.684893995220815,0,18.171456609111075,18.171428,18.171428,18.171428,,,,,0.07085968469629761,28,
19:43:32.922,,,,,,,,1710,1.7,,,,
19:43:33.161,,,,,,,89,,,,,,
19:43:33.399,19.686904446184325,0,18.177235627611076,18.177207,18.177207,18.177207,,,,,0.05899493957576723,29,
19:43:33.645,,,,,,,,1620,1.6,,,,
19:43:33.878,19.688391021741715,0,18.181228930111075,18.1812,18.1812,18.1812,,,,,0.05903982687421427,30,
19:43:34.127,,,,,,,,1614,1.6,,,,
19:43:34.362,,,,,,,88,,,,,,
19:43:34.598,19.690840515105066,0,18.187429343444407,18.1874,18.1874,18.1874,,,,,0.04720088671350411,31,
19:43:34.841,,,,,,,,1607,1.6,,,,
19:43:35.087,19.692504227318903,0,18.19164223741663,18.191613,18.191613,18.191613,,,,,0.03532020192879279,31,
19:43:35.319,,,,,,,,1617,1.6,,,,
19:43:35.564,,,,,,,88,,,,,,
19:43:35.799,19.69513695980952,0,18.197967096972185,18.197938,18.197938,18.197938,,,,,0.0354063379155888,32,
19:43:36.047,,,,,,,,1620,1.6,,,,
19:43:36.289,19.696951290188764,0,18.202327408083296,18.202298,18.202298,18.202298,,,,,0.023493159917033355,32,
19:43:36.521,,,,,,,,1598,1.6,,,,
19:43:36.764,,,,,,,88,,,,,,
19:43:37.001,19.69958403731879,0,18.20865687652774,18.208627,18.208627,18.208627,,,,,0.011785741481113575,32,
19:43:37.238,,,,,,,,1401,1.4,,,,
19:43:37.483,19.701363075285162,0,18.212935450749963,18.212906,18.212906,18.212906,,,,,0.011825107730131833,32,
19:43:37.722,,,,,,,,1374,1.4,,,,
19:43:37.956,,,,,,,88,,,,,,
19:43:38.198,19.703576770369615,0,18.21889805991663,18.218869,18.218869,18.218869,,,,,-0.023610820477760388,30,
19:43:38.440,,,,,,,,1687,1.7,,,,
19:43:38.709,19.704865051628758,0,18.22291895091663,18.22289,18.22289,18.22289,,,,,-0.046820891919260754,28,
19:43:38.959,,,,,,,,1725,1.7,,,,
19:43:39.191,,,,,,,88,,,,,,
19:43:39.431,19.7062213535198,0,18.22810053713885,18.228072,18.228072,18.228072,,,,,-0.06995331669476061,26,
19:43:39.669,,,,,,,,1421,1.4,,,,
19:43:39.908,19.707119963226237,0,18.23153479624996,18.231506,18.231506,18.231506,,,,,-0.07006836418222698,26,
19:43:40.161,,,,,,,,1532,1.5,,,,
19:43:40.390,,,,,,,88,,,,,,
19:43:40.634,19.708710108465297,0,18.23698228399996,18.236953,18.236953,18.236953,,,,,,27,
19:43:40.873,,,,,,,,1399,1.4,,,,
19:43:41.109,19.70989090089216,0,18.240672621777737,18.240643,18.240643,18.240643,,,,,,28,
19:43:41.359,,,,,,,,1721,1.7,,,,
19:43:41.590,,,,,,,88,,,,,,
19:43:41.831,19.71191631535672,0,18.24652513513885,18.246496,18.246496,18.246496,,,,,0.035408453542303306,29,
19:43:42.078,,,,,,,,1785,1.8,,,,
19:43:42.309,19.713519850727522,0,18.25060206311107,18.250573,18.250573,18.250573,,,,,0.05899156570539193,31,
19:43:42.554,,,,,,,,1894,1.9,,,,
19:43:42.788,,,,,,,88,,,,,,
19:43:43.028,19.71616960106679,0,18.25699255288885,18.256963,18.256963,18.256963,,,,,0.059171220763401706,32,
19:43:43.274,,,,,,,,1857,1.9,,,,
19:43:43.508,19.71793797684146,0,18.26125893688885,18.261229,18.261229,18.261229,,,,,0.04723134761064332,32,
19:43:43.755,,,,,,,,1856,1.9,,,,
19:43:43.997,,,,,,,88,,,,,,
19:43:44.229,19.721028374265398,0,18.268073931833296,18.268044,18.268044,18.268044,,,,,0.05904438779249126,34,
19:43:44.477,,,,,,,,1835,1.8,,,,
19:43:44.710,19.723231366615163,0,18.272749266833298,18.272719,18.272719,18.272719,,,,,0.047182241170790604,35,
19:43:44.951,,,,,,,,1827,1.8,,,,
19:43:45.200,,,,,,,88,,,,,,
19:43:45.428,19.726517470908032,0,18.279725759472186,18.279695,18.279695,18.279695,,,,,0.03540667722502648,35,
19:43:45.671,,,,,,,,1732,1.7,,,,
19:43:45.911,19.72887527136172,0,18.284559810472185,18.284529,18.284529,18.284529,,,,,0.04714106919237483,36,
19:43:46.148,,,,,,,,1642,1.6,,,,
19:43:46.393,,,,,,,88,,,,,,
19:43:46.627,19.732365520862604,0,18.291718223472184,18.291687,18.291687,18.291687,,,,,0.023626959028916983,36,
19:43:46.869,,,,,,,,1412,1.4,,,,
19:43:47.117,19.734753092830253,0,18.296616842472183,18.296586,18.296586,18.296586,,,,,0.011769480719860274,36,
19:43:47.351,,,,,,,,0,0,,,,
19:43:47.603,,,,,,,88,,,,,,
19:43:47.831,19.738016931130183,0,18.303556288583295,18.303525,18.303525,18.303525,,,,,0,35,
19:43:48.077,,,,,,,,0,0,,,,
19:43:48.320,19.740251244671942,0,18.308308510805517,18.308277,18.308277,18.308277,,,,,-0.011761670676504766,35,
19:43:48.548,,,,,,,,0,0,,,,
19:43:48.794,,,,,,,88,,,,,,
19:43:49.028,19.7434898037339,0,18.315199161083296,18.315168,18.315168,18.315168,,,,,-0.011796480877510127,35,
19:43:49.271,,,,,,,,0,0,,,,
19:43:49.543,19.745841855105873,0,18.32020543177774,18.320174,18.320174,18.320174,,,,,-0.01167724659664608,35,
19:43:49.783,,,,,,,,0,0,,,,
19:43:50.053,,,,,,,88,,,,,,
19:43:50.294,19.749494782184566,0,18.32771355377774,18.327682,18.327682,18.327682,,,,,0.011501492575817491,36,
19:43:50.534,,,,,,,,0,0,,,,
19:43:50.800,19.752109828111234,0,18.33291947227774,18.332888,18.332888,18.332888,,,,,0.022839203125254778,37,
19:43:51.040,,,,,,,,1636,1.6,,,,
19:43:51.307,,,,,,,88,,,,,,
19:43:51.550,19.756425523107477,0,18.34103744794441,18.341006,18.341006,18.341006,,,,,0.044932020853516386,39,
19:43:51.789,,,,,,,,1960,2,,,,
19:43:52.032,19.759346876420175,0,18.346397081277743,18.346366,18.346366,18.346366,,,,,0.05688740213111985,40,
19:43:52.269,,,,,,,,2251,2.3,,,,
19:43:52.508,,,,,,,87,,,,,,
19:43:52.758,19.7642258896503,0,18.354953799611078,18.354923,18.354923,18.354923,,,,,0.06894941192218332,42,
19:43:52.996,,,,,,,,2157,2.2,,,,
19:43:53.233,19.767472785685296,0,18.36053482336108,18.360504,18.360504,18.360504,,,,,0.0698678165353292,43,
19:43:53.480,,,,,,,,2105,2.1,,,,
19:43:53.707,,,,,,,87,,,,,,
19:43:53.953,19.77269263648263,0,18.369340034916632,18.369309,18.369309,18.369309,,,,,0.05892619674237866,44,
19:43:54.187,,,,,,,,2094,2.1,,,,
19:43:54.434,19.776319624220797,0,18.37535146616663,18.37532,18.37532,18.37532,,,,,0.05896213136503627,45,
19:43:54.669,,,,,,,,2091,2.1,,,,
19:43:54.910,,,,,,,87,,,,,,
19:43:55.160,19.782007858219057,0,18.38462458955552,18.384593,18.384593,18.384593,,,,,0.047178606554329254,46,
19:43:55.388,,,,,,,,2103,2.1,,,,
19:43:55.628,19.785815188375405,0,18.39073552172219,18.390704,18.390704,18.390704,,,,,0.04729503872579425,47,
19:43:55.877,,,,,,,,2106,2.1,,,,
19:43:56.108,,,,,,,87,,,,,,
19:43:56.362,19.792001372001526,0,18.40051998305552,18.400488,18.400488,18.400488,,,,,0.047041326722848546,48,
19:43:56.590,,,,,,,,2096,2.1,,,,
19:43:56.829,19.796077719510976,0,18.406878655888853,18.406847,18.406847,18.406847,,,,,0.047310602631033996,49,
19:43:57.070,,,,,,,,2057,2.1,,,,
19:43:57.310,,,,,,,87,,,,,,
19:43:57.557,19.802643853698925,0,18.416987740611077,18.416956,18.416956,18.416956,,,,,0.04726779447388279,50,
19:43:57.789,,,,,,,,1941,1.9,,,,
19:43:58.030,19.806909298854272,0,18.4235570878333,18.423525,18.423525,18.423525,,,,,0.03537963696697725,50,
19:43:58.272,,,,,,,,1876,1.9,,,,
19:43:58.509,,,,,,,87,,,,,,
19:43:58.751,19.813661995792494,0,18.433828728666633,18.433797,18.433797,18.433797,,,,,0.035567064806993516,51,
19:43:58.998,,,,,,,,1702,1.7,,,,
19:43:59.230,19.818087390231415,0,18.440562683666634,18.440531,18.440531,18.440531,,,,,0.02359286841239846,51,
19:43:59.474,,,,,,,,1657,1.7,,,,
19:43:59.710,,,,,,,87,,,,,,
19:43:59.951,19.82505615088239,0,18.451042496444412,18.451011,18.451011,18.451011,,,,,0.02366010773008578,52,
19:44:00.192,,,,,,,,1629,1.6,,,,
19:44:00.430,19.829604952531867,0,18.457885557777747,18.457854,18.457854,18.457854,,,,,0.023607681788759577,52,
19:44:00.675,,,,,,,,1593,1.6,,,,
19:44:00.920,,,,,,,87,,,,,,
19:44:01.158,19.836592726530444,0,18.46840149611108,18.46837,18.46837,18.46837,,,,,0.011770571363537409,52,
19:44:01.393,,,,,,,,1536,1.5,,,,
19:44:01.633,19.841149695644987,0,18.47526176511108,18.47523,18.47523,18.47523,,,,,0.011790995352943113,52,
19:44:01.869,,,,,,,,1507,1.5,,,,
19:44:02.110,,,,,,,87,,,,,,
19:44:02.348,19.848015149800577,0,18.485601004555527,18.485569,18.485569,18.485569,,,,,0,52,
19:44:02.595,,,,,,,,1479,1.5,,,,
19:44:02.785,,,,,,,,,,,,,
19:44:02.795,,,,,,,,,,48,,,
19:44:03.042,19.85488367885443,0,18.495830084055527,18.495798,18.495798,18.495798,,,,,0.01084419494512657,53,
19:44:03.281,,,,,,,,1458,1.5,,,,
19:44:03.520,,,,,,,88,,,,,,
19:44:03.764,19.862004836821725,0,18.506439872861083,18.506408,18.506408,18.506408,,,,,0.010868183238722365,53,
19:44:03.999,,,,,,,,1404,1.4,,,,
19:44:04.236,19.866527567932316,0,18.513259274194418,18.513227,18.513227,18.513227,,,,,,52,
19:44:04.491,,,,,,,,0,0,,,,
19:44:04.721,,,,,,,88,,,,,,
19:44:04.961,19.873479387432717,0,18.52374501352775,18.523713,18.523713,18.523713,,,,,0,52,
19:44:05.201,,,,,,,,0,0,,,,
19:44:05.437,19.87802699383409,0,18.530606826638863,18.530575,18.530575,18.530575,,,,,-0.011825598454692526,52,
19:44:05.690,,,,,,,,0,0,,,,
19:44:05.921,,,,,,,88,,,,,,
19:44:06.166,19.884785887556617,0,18.54093418780553,18.540902,18.540902,18.540902,,,,,-0.023584060193472818,51,
19:44:06.400,,,,,,,,0,0,,,,
19:44:06.641,19.889337434748303,0,18.547806831361086,18.547775,18.547775,18.547775,,,,,,52,
19:44:06.883,,,,,,,,0,0,,,,
19:44:07.152,,,,,,,88,,,,,,
19:44:07.392,19.89651286113321,0,18.558645379138863,18.558614,18.558614,18.558614,,,,,,52,
19:44:07.635,,,,,,,,0,0,,,,
19:44:07.902,19.90139349292198,0,18.566020387472197,18.565989,18.565989,18.565989,,,,,,52,
19:44:08.141,,,,,,,,0,0,,,,
19:44:08.413,,,,,,,88,,,,,,
19:44:08.651,19.908551172753715,0,18.576840247027754,18.576809,18.576809,18.576809,,,,,0.011397482735652541,52,
19:44:08.892,,,,,,,,0,0,,,,
19:44:09.163,19.91344099527323,0,18.584234690361086,18.584203,18.584203,18.584203,,,,,0,52,
19:44:09.403,,,,,,,,0,0,,,,
19:44:09.673,,,,,,,88,,,,,,
19:44:09.912,19.920592577295423,0,18.59505345069442,18.595022,18.595022,18.595022,,,,,0,52,
19:44:10.155,,,,,,,,0,0,,,,
19:44:10.422,19.92545519662,0,18.602412272583308,18.602381,18.602381,18.602381,,,,,0,52,
19:44:10.664,,,,,,,,0,0,,,,
19:44:10.932,,,,,,,87,,,,,,
19:44:11.179,19.932736344880716,0,18.613435336583308,18.613404,18.613404,18.613404,,,,,0,52,
19:44:11.413,,,,,,,,0,0,,,,
19:44:11.654,19.93720856005788,0,18.620208387138863,18.620177,18.620177,18.620177,,,,,0,52,
19:44:11.890,,,,,,,,0,0,,,,
19:44:12.131,,,,,,,87,,,,,,
19:44:12.373,19.944071799138428,0,18.63060625513886,18.630575,18.630575,18.630575,,,,,0,52,
19:44:12.612,,,,,,,,0,0,,,,
19:44:12.883,19.94893080944244,0,18.63797039113886,18.637939,18.637939,18.637939,,,,,0,52,
19:44:13.118,,,,,,,,0,0,,,,
19:44:13.394,,,,,,,87,,,,,,
19:44:13.633,19.956072444418364,0,18.64879804202775,18.648767,18.648767,18.648767,,,,,0,52,
19:44:13.869,,,,,,,,0,0,,,,
19:44:14.144,19.96094077629708,0,18.656181835472193,18.656151,18.656151,18.656151,,,,,0,52,
19:44:14.385,,,,,,,,0,0,,,,
19:44:14.649,,,,,,,86,,,,,,
19:44:14.894,19.967853492924046,0,18.666799985888858,18.666769,18.666769,18.666769,,,,,-0.011237616793679012,51,
19:44:15.130,,,,,,,,0,0,,,,
19:44:15.371,19.97227912649748,0,18.673600382555524,18.673569,18.673569,18.673569,,,,,-0.011386470298768195,51,
19:44:15.611,,,,,,,,0,0,,,,
19:44:15.852,,,,,,,86,,,,,,
19:44:16.094,19.978919003110864,0,18.683806808555524,18.683775,18.683775,18.683775,,,,,-0.011508586715811177,51,
19:44:16.334,,,,,,,,0,0,,,,
19:44:16.608,19.9836561414311,0,18.691091128638856,18.691059,18.691059,18.691059,,,,,-0.011495261759079462,51,
19:44:16.844,,,,,,,,0,0,,,,
19:44:17.110,,,,,,,86,,,,,,
19:44:17.353,19.99029379254905,0,18.701434982805523,18.701403,18.701403,18.701403,,,,,-0.011519260043170209,50,
19:44:17.595,,,,,,,,0,0,,,,
19:44:17.864,19.994846595016153,0,18.70853253697219,18.708501,18.708501,18.708501,,,,,-0.011361679719520793,50,
19:44:18.101,,,,,,,,0,0,,,,
19:44:18.374,,,,,,,86,,,,,,
19:44:18.614,20.00152307876376,0,18.71894468280552,18.718913,18.718913,18.718913,,,,,-0.011242024683441527,50,
19:44:18.852,,,,,,,,0,0,,,,
19:44:19.124,20.006067261503027,0,18.726034102249965,18.726002,18.726002,18.726002,,,,,-0.011258176450239934,50,
19:44:19.363,,,,,,,,0,0,,,,
19:44:19.635,,,,,,,86,,,,,,
19:44:19.875,20.012745849699908,0,18.736457325861075,18.736425,18.736425,18.736425,,,,,0,50,
19:44:20.110,,,,,,,,0,0,,,,
19:44:20.379,20.01708691759596,0,18.743328507388853,18.743296,18.743296,18.743296,,,,,-0.011260384229009482,49,
19:44:20.621,,,,,,,,0,0,,,,
19:44:20.895,,,,,,,85,,,,,,
19:44:21.132,20.0235511561091,0,18.75356412691663,18.753532,18.753532,18.753532,,,,,-0.01124832652203144,49,
19:44:21.368,,,,,,,,0,0,,,,
19:44:21.612,20.027690419967488,0,18.760120728444406,18.760089,18.760089,18.760089,,,,,-0.01138766233060514,49,
19:44:21.850,,,,,,,,0,0,,,,
19:44:22.092,,,,,,,85,,,,,,
19:44:22.334,20.033885396508254,0,18.76993708355552,18.769905,18.769905,18.769905,,,,,-0.011515486898754484,49,
19:44:22.571,,,,,,,,0,0,,,,
19:44:22.843,20.038249422879122,0,18.77685469666663,18.776823,18.776823,18.776823,,,,,0,49,
19:44:23.081,,,,,,,,0,0,,,,
19:44:23.352,,,,,,,85,,,,,,
19:44:23.591,20.04467149753617,0,18.78703840613885,18.787007,18.787007,18.787007,,,,,0,49,
19:44:23.828,,,,,,,,0,0,,,,
19:44:24.105,20.04907912358607,0,18.79403034816663,18.793999,18.793999,18.793999,,,,,0,49,
19:44:24.345,,,,,,,,0,0,,,,
19:44:24.611,,,,,,,85,,,,,,
19:44:24.853,20.055501770892505,0,18.804222587722183,18.804191,18.804191,18.804191,,,,,0,49,
19:44:25.096,,,,,,,,0,0,,,,
19:44:25.363,20.05987031021036,0,18.811157703361072,18.811126,18.811126,18.811126,,,,,0,49,
19:44:25.604,,,,,,,,0,0,,,,
19:44:25.872,,,,,,,85,,,,,,
19:44:26.114,20.066305527843415,0,18.821377513583293,18.821346,18.821346,18.821346,,,,,0,49,
19:44:26.352,,,,,,,,0,0,,,,
19:44:26.621,20.070654014574224,0,18.82828594736107,18.828254,18.828254,18.828254,,,,,0,49,
19:44:26.864,,,,,,,,0,0,,,,
19:44:27.132,,,,,,,85,,,,,,
19:44:27.373,20.07686668257386,0,18.838304488694405,18.838273,18.838273,18.838273,,,,,-0.011243417836908774,48,
19:44:27.614,,,,,,,,0,0,,,,
19:44:27.882,20.081080870087778,0,18.845102820694404,18.845071,18.845071,18.845071,,,,,-0.011241705226060852,48,
19:44:28.122,,,,,,,,0,0,,,,
19:44:28.387,,,,,,,85,,,,,,
19:44:28.633,20.087060770473943,0,18.85490318236107,18.854871,18.854871,18.854871,,,,,-0.02248521217784334,47,
19:44:28.873,,,,,,,,0,0,,,,
19:44:29.143,20.090968971208873,0,18.861416337694404,18.861384,18.861384,18.861384,,,,,-0.033697927845940175,46,
19:44:29.386,,,,,,,,0,0,,,,
19:44:29.651,,,,,,,84,,,,,,
19:44:29.894,20.0967233305019,0,18.871009759083293,18.870977,18.870977,18.870977,,,,,-0.022466581529391103,46,
19:44:30.132,,,,,,,,0,0,,,,
19:44:30.370,20.10025069382314,0,18.876995771583292,18.876963,18.876963,18.876963,,,,,-0.03415559667039536,45,
19:44:30.607,,,,,,,,0,0,,,,
19:44:30.853,,,,,,,84,,,,,,
19:44:31.094,20.10556146694985,0,18.886011469083293,18.885979,18.885979,18.885979,,,,,-0.023022335870828265,45,
19:44:31.332,,,,,,,,0,0,,,,
19:44:31.603,20.109308180358934,0,18.892374295333294,18.892342,18.892342,18.892342,,,,,-0.011514751945493838,45,
19:44:31.843,,,,,,,,0,0,,,,
19:44:32.114,,,,,,,84,,,,,,
19:44:32.354,20.11483635931691,0,18.901765980333295,18.901734,18.901734,18.901734,,,,,-0.011514663944641226,45,
19:44:32.590,,,,,,,,0,0,,,,
19:44:32.862,20.11857457569745,0,18.908119107833294,18.908087,18.908087,18.908087,,,,,0,45,
19:44:33.100,,,,,,,,0,0,,,,
19:44:33.374,,,,,,,84,,,,,,
19:44:33.612,20.124304132823447,0,18.917691885444405,18.91766,18.91766,18.91766,,,,,0.011250315504470827,46,
19:44:33.855,,,,,,,,0,0,,,,
19:44:34.122,20.12820602195497,0,18.92421347538885,18.924182,18.924182,18.924182,,,,,0.011243972606227259,46,
19:44:34.362,,,,,,,,0,0,,,,
19:44:34.663,,,,,,,83,,,,,,
19:44:34.899,20.133908144234198,0,18.93391531913885,18.933884,18.933884,18.933884,,,,,,45,
19:44:35.143,,,,,,,,0,0,,,,
19:44:35.389,20.1375532896287,0,18.94011966288885,18.940088,18.940088,18.940088,,,,,0,45,
19:44:35.620,,,,,,,,0,0,,,,
19:44:35.860,,,,,,,83,,,,,,
19:44:36.101,20.1425322749958,0,18.948756310444406,18.948725,18.948725,18.948725,,,,,-0.022755731379066585,44,
19:44:36.342,,,,,,,,0,0,,,,
19:44:36.610,20.146121150117605,0,18.95498388099996,18.954953,18.954953,18.954953,,,,,-0.022765351357014796,44,
19:44:36.853,,,,,,,,0,0,,,,
19:44:37.119,,,,,,,83,,,,,,
19:44:37.361,20.151182169946207,0,18.963945257777738,18.963914,18.963914,18.963914,,,,,-0.02300695079941122,43,
19:44:37.603,,,,,,,,0,0,,,,
19:44:37.871,20.15447248595044,0,18.969898485944405,18.969867,18.969867,18.969867,,,,,-0.034235677469267256,42,
19:44:38.114,,,,,,,,0,0,,,,
19:44:38.384,,,,,,,83,,,,,,
19:44:38.622,20.15909311674899,0,18.978454314694407,18.978423,18.978423,18.978423,,,,,-0.033703267263748324,41,
19:44:38.864,,,,,,,,0,0,,,,
19:44:39.134,20.162238880347868,0,18.98428136452774,18.98425,18.98425,18.98425,,,,,-0.033672571685078284,41,
19:44:39.372,,,,,,,,0,0,,,,
19:44:39.642,,,,,,,83,,,,,,
19:44:39.881,20.1666113972587,0,18.992584650083295,18.992553,18.992553,18.992553,,,,,-0.033714787188185436,40,
19:44:40.123,,,,,,,,0,0,,,,
19:44:40.392,20.169449875083043,0,18.998121187583294,18.99809,18.99809,18.99809,,,,,-0.03370402922099576,39,
19:44:40.632,,,,,,,,0,0,,,,
19:44:40.898,,,,,,,83,,,,,,
19:44:41.140,20.173600494662274,0,19.006220103083294,19.006189,19.006189,19.006189,,,,,-0.022502127130586295,39,
19:44:41.381,,,,,,,,0,0,,,,
19:44:41.654,20.17630416056369,0,19.01165074536107,19.01162,19.01162,19.01162,,,,,-0.03371514434474355,38,
19:44:41.893,,,,,,,,0,0,,,,
19:44:42.158,,,,,,,83,,,,,,
19:44:42.401,20.18000774598633,0,19.019327479666625,19.019297,19.019297,19.019297,,,,,-0.03372084783577663,37,
19:44:42.644,,,,,,,,0,0,,,,
19:44:42.909,20.182525648577148,0,19.024548479777735,19.024518,19.024518,19.024518,,,,,-0.022507192541142022,37,
19:44:43.152,,,,,,,,0,0,,,,
19:44:43.422,,,,,,,83,,,,,,
19:44:43.661,20.186026361179053,0,19.032060500777735,19.03203,19.03203,19.03203,,,,,-0.03371282095612524,36,
19:44:43.901,,,,,,,,0,0,,,,
19:44:44.173,20.188411386417073,0,19.037180323777736,19.03715,19.03715,19.03715,,,,,-0.022497441913142516,36,
19:44:44.410,,,,,,,,0,0,,,,
19:44:44.686,,,,,,,84,,,,,,
19:44:44.916,20.191872176153403,0,19.044612187777737,19.044582,19.044582,19.044582,,,,,-0.011263186261786646,36,
19:44:45.160,,,,,,,,0,0,,,,
19:44:45.399,20.19397558490405,0,19.049301928194403,19.049272,19.049272,19.049272,,,,,-0.022758451033026837,35,
19:44:45.639,,,,,,,,0,0,,,,
19:44:45.881,,,,,,,84,,,,,,
19:44:46.122,20.197131596292245,0,19.056341041666624,19.056311,19.056311,19.056311,,,,,-0.011506983565850467,35,
19:44:46.365,,,,,,,,0,0,,,,
19:44:46.633,20.1993590111961,0,19.061310836527735,19.061281,19.061281,19.061281,,,,,-0.011511571194754891,35,
19:44:46.874,,,,,,,,0,0,,,,
19:44:47.143,,,,,,,85,,,,,,
19:44:47.379,20.20260344056838,0,19.068552464861067,19.068523,19.068523,19.068523,,,,,-0.011503191363195242,35,
19:44:47.625,,,,,,,,0,0,,,,
19:44:47.871,20.204764414408544,0,19.0733775619444,19.073348,19.073348,19.073348,,,,,0,35,
19:44:48.102,,,,,,,,0,0,,,,
19:44:48.341,,,,,,,85,,,,,,
19:44:48.583,20.20764012480987,0,19.08006961383329,19.08004,19.08004,19.08004,,,,,-0.011510311453915949,34,
19:44:48.855,,,,,,,,0,0,,,,
19:44:49.121,20.20982179173737,0,19.085148422388848,19.085119,19.085119,19.085119,,,,,-0.011386856171157029,34,
19:44:49.364,,,,,,,,0,0,,,,
19:44:49.634,,,,,,,85,,,,,,
19:44:49.873,20.21287218483783,0,19.092252275666624,19.092223,19.092223,19.092223,,,,,-0.011355995501653202,34,
19:44:50.113,,,,,,,,0,0,,,,
19:44:50.382,20.21493584142276,0,19.09705996822218,19.097031,19.097031,19.097031,,,,,-0.011280249698145322,34,
19:44:50.625,,,,,,,,0,0,,,,
19:44:50.894,,,,,,,85,,,,,,
19:44:51.136,20.21799150494573,0,19.104181379666624,19.104152,19.104152,19.104152,,,,,0,34,
19:44:51.373,,,,,,,,0,0,,,,
19:44:51.642,20.220039610419725,0,19.108956383111067,19.108927,19.108927,19.108927,,,,,0,34,
19:44:51.882,,,,,,,,0,0,,,,
19:44:52.154,,,,,,,85,,,,,,
19:44:52.393,20.223079680927697,0,19.116046695888844,19.116017,19.116017,19.116017,,,,,0,34,
19:44:52.633,,,,,,,,0,0,,,,
19:44:52.905,20.225156091212046,0,19.12089127655551,19.120862,19.120862,19.120862,,,,,0,34,
19:44:53.143,,,,,,,,0,0,,,,
19:44:53.413,,,,,,,85,,,,,,
19:44:53.653,20.228180521375595,0,19.127950345222178,19.127921,19.127921,19.127921,,,,,0,34,
19:44:53.894,,,,,,,,0,0,,,,
19:44:54.163,20.230244392704616,0,19.132769234166624,19.13274,19.13274,19.13274,,,,,0,34,
19:44:54.403,,,,,,,,0,0,,,,
19:44:54.675,,,,,,,85,,,,,,
19:44:54.911,20.233270702839036,0,19.139837913499957,19.139809,19.139809,19.139809,,,,,0,34,
19:44:55.152,,,,,,,,0,0,,,,
19:44:55.423,20.235336590345618,0,19.144665078611066,19.144636,19.144636,19.144636,,,,,0,34,
19:44:55.661,,,,,,,,0,0,,,,
19:44:55.936,,,,,,,85,,,,,,
19:44:56.172,20.23858670897226,0,19.15195590333329,19.151927,19.151927,19.151927,,,,,0.011241679349023256,35,
19:44:56.413,,,,,,,,0,0,,,,
19:44:56.684,20.240801408286718,0,19.1569258644444,19.156897,19.156897,19.156897,,,,,0.011237331914006365,35,
19:44:56.922,,,,,,,,0,0,,,,
19:44:57.195,,,,,,,85,,,,,,
19:44:57.429,20.244030280848804,0,19.164174383888845,19.164146,19.164146,19.164146,,,,,0.011250564847025338,35,
19:44:57.674,,,,,,,,0,0,,,,
19:44:57.943,20.24625530474911,0,19.169171202638847,19.169143,19.169143,19.169143,,,,,0.0112374625377909,35,
19:44:58.182,,,,,,,,0,0,,,,
19:44:58.453,,,,,,,85,,,,,,
19:44:58.695,20.249509406466817,0,19.176481774166625,19.176454,19.176454,19.176454,,,,,0,35,
19:44:58.934,,,,,,,,0,0,,,,
19:44:59.203,20.25170463911367,0,19.181415343055512,19.181388,19.181388,19.181388,,,,,0,35,
19:44:59.441,,,,,,,,0,0,,,,
19:44:59.715,,,,,,,85,,,,,,
19:44:59.952,20.25494336481367,0,19.18869674208329,19.188669,19.188669,19.188669,,,,,0,35,
19:45:00.193,,,,,,,,0,0,,,,
19:45:00.463,20.25715473239857,0,19.19367024208329,19.193643,19.193643,19.193643,,,,,0,35,
19:45:00.702,,,,,,,,0,0,,,,
19:45:00.975,,,,,,,85,,,,,,
19:45:01.216,20.26040677179404,0,19.20098698722218,19.20096,19.20096,19.20096,,,,,0,35,
19:45:01.454,,,,,,,,0,0,,,,
19:45:01.723,20.262601240507237,0,19.20592613472218,19.205899,19.205899,19.205899,,,,,0,35,
19:45:01.960,,,,,,,,0,0,,,,
19:45:02.234,,,,,,,85,,,,,,
19:45:02.475,20.26584580741071,0,19.213231461111068,19.213204,19.213204,19.213204,,,,,0,35,
19:45:02.716,,,,,,,,0,0,,,,
19:45:02.982,20.26803794013931,0,19.218168993749956,19.218142,19.218142,19.218142,,,,,0,35,
19:45:03.227,,,,,,,,0,0,,,,
19:45:03.494,,,,,,,86,,,,,,
19:45:03.731,20.271047479026137,0,19.225236102472177,19.225209,19.225209,19.225209,,,,,-0.011258840527786182,34,
19:45:03.975,,,,,,,,0,0,,,,
19:45:04.219,20.27286466344894,0,19.229704767222177,19.229678,19.229678,19.229678,,,,,-0.022692768284641066,33,
19:45:04.449,,,,,,,,0,0,,,,
19:45:04.691,,,,,,,85,,,,,,
19:45:04.930,20.27530656619096,0,19.236026473888845,19.236,19.236,19.236,,,,,-0.03460856918638595,32,
19:45:05.176,,,,,,,,0,0,,,,
19:45:05.420,20.276843430283495,0,19.240241715249958,19.240215,19.240215,19.240215,,,,,-0.04647941521456372,31,
19:45:05.648,,,,,,,,0,0,,,,
19:45:05.891,,,,,,,86,,,,,,
19:45:06.129,20.278861331971612,0,19.246150719416626,19.246124,19.246124,19.246124,,,,,-0.04725623778343158,30,
19:45:06.372,,,,,,,,0,0,,,,
19:45:06.612,20.280093663427085,0,19.250040400805513,19.250014,19.250014,19.250014,,,,,-0.04735261958926751,29,
19:45:06.848,,,,,,,,0,0,,,,
19:45:07.093,,,,,,,86,,,,,,
19:45:07.334,20.281725530816136,0,19.255659728583293,19.255633,19.255633,19.255633,,,,,-0.04714032780188398,28,
19:45:07.574,,,,,,,,0,0,,,,
19:45:07.844,20.28287674306435,0,19.25962535224996,19.259599,19.259599,19.259599,,,,,-0.03505910406053018,28,
19:45:08.084,,,,,,,,0,0,,,,
19:45:08.353,,,,,,,86,,,,,,
19:45:08.593,20.284347996989613,0,19.265242055749958,19.265216,19.265216,19.265216,,,,,-0.03449282634961374,27,
19:45:08.833,,,,,,,,0,0,,,,
19:45:09.103,20.285350706289407,0,19.269071439499957,19.269045,19.269045,19.269045,,,,,-0.022738778148271667,27,
19:45:09.342,,,,,,,,0,0,,,,
19:45:09.611,,,,,,,86,,,,,,
19:45:09.855,20.286825342499096,0,19.274705207749957,19.274679,19.274679,19.274679,,,,,-0.011236329822985697,27,
19:45:10.085,,,,,,,,0,0,,,,
19:45:10.363,20.28767429201454,0,19.278376474194403,19.27835,19.27835,19.27835,,,,,-0.022489292337730532,26,
19:45:10.606,,,,,,,,0,0,,,,
19:45:10.875,,,,,,,86,,,,,,
19:45:11.113,20.28892693649286,0,19.283795505416624,19.283769,19.283769,19.283769,,,,,-0.011238349789929722,26,
19:45:11.352,,,,,,,,0,0,,,,
19:45:11.623,20.289777964229884,0,19.287478469694403,19.287452,19.287452,19.287452,,,,,-0.0112413728490369,26,
19:45:11.864,,,,,,,,0,0,,,,
19:45:12.127,,,,,,,86,,,,,,
19:45:12.374,20.291249298349918,0,19.293107473944403,19.293081,19.293081,19.293081,,,,,,27,
19:45:12.615,,,,,,,,0,0,,,,
19:45:12.885,20.2922513283267,0,19.296942436194403,19.296916,19.296916,19.296916,,,,,0.011230625144542887,27,
19:45:13.122,,,,,,,,0,0,,,,
19:45:13.392,,,,,,,86,,,,,,
19:45:13.635,20.293720746916968,0,19.302568257444403,19.302542,19.302542,19.302542,,,,,0.011231748692814954,27,
19:45:13.874,,,,,,,,0,0,,,,
19:45:14.143,20.29456652810321,0,19.306234288499958,19.306208,19.306208,19.306208,,,,,0,26,
19:45:14.383,,,,,,,,0,0,,,,
19:45:14.651,,,,,,,86,,,,,,
19:45:14.891,20.296031829465164,0,19.31184834224996,19.311822,19.311822,19.311822,,,,,,27,
19:45:15.133,,,,,,,,0,0,,,,
19:45:15.403,20.296884271754553,0,19.315546103416626,19.31552,19.31552,19.31552,,,,,,26,
19:45:15.645,,,,,,,,0,0,,,,
19:45:15.912,,,,,,,86,,,,,,
19:45:16.154,20.29813320262229,0,19.320965766583292,19.32094,19.32094,19.32094,,,,,,26,
19:45:16.393,,,,,,,,0,0,,,,
19:45:16.662,20.298978762206936,0,19.32463637147218,19.324611,19.324611,19.324611,,,,,0,26,
19:45:16.903,,,,,,,,0,0,,,,
19:45:17.172,,,,,,,86,,,,,,
19:45:17.410,20.300222752839762,0,19.33003855974996,19.330013,19.330013,19.330013,,,,,-0.011246461038371127,26,
19:45:17.654,,,,,,,,0,0,,,,
19:45:17.922,20.3009250439093,0,19.333596320166624,19.333571,19.333571,19.333571,,,,,-0.011245185434227969,25,
19:45:18.163,,,,,,,,0,0,,,,
19:45:18.434,,,,,,,86,,,,,,
19:45:18.673,20.30173542645774,0,19.338604733499956,19.338579,19.338579,19.338579,,,,,-0.022482894706636832,24,
19:45:18.913,,,,,,,,0,0,,,,
19:45:19.183,20.30213636638979,0,19.341860693999955,19.341835,19.341835,19.341835,,,,,-0.03370460940102061,23,
19:45:19.424,,,,,,,,0,0,,,,
19:45:19.693,,,,,,,86,,,,,,
19:45:19.933,20.30163305330382,0,19.345610692999955,19.345585,19.345585,19.345585,,,,,-0.08980727525808643,18,
19:45:20.174,,,,,,,,0,0,,,,
19:45:20.441,20.300847138406002,0,19.347729897999955,19.347704,19.347704,19.347704,,,,,-0.11243835582487322,15,
19:45:20.686,,,,,,,,0,0,,,,
19:45:20.961,,,,,,,86,,,,,,
19:45:21.196,20.299023039017918,0,19.350243627999955,19.350218,19.350218,19.350218,,,,,-0.13475827977188906,12,
19:45:21.435,,,,,,,,0,0,,,,
19:45:21.734,20.29740818432528,0,19.351738544111065,19.351713,19.351713,19.351713,,,,,-0.1443480176199877,10,
19:45:21.975,,,,,,,,0,0,,,,
19:45:22.244,,,,,,,86,,,,,,
19:45:22.482,20.294942751491654,0,19.353611515111066,19.353586,19.353586,19.353586,,,,,-0.09999543942711775,9,
19:45:22.723,,,,,,,,0,0,,,,
19:45:22.993,20.293265652815794,0,19.354886061861066,19.354861,19.354861,19.354861,,,,,-0.06660415452944474,9,
19:45:23.234,,,,,,,,0,0,,,,
19:45:23.498,,,,,,,86,,,,,,
19:45:23.744,20.29101436053773,0,19.356972532972176,19.356947,19.356947,19.356947,,,,,,10,
19:45:23.984,,,,,,,,0,0,,,,
19:45:24.255,20.289633573040216,0,19.35853228163884,19.358507,19.358507,19.358507,,,,,,11,
19:45:24.494,,,,,,,,0,0,,,,
19:45:24.762,,,,,,,86,,,,,,
19:45:25.004,20.288261248154353,0,19.36144737602773,19.361422,19.361422,19.361422,,,,,0.05616309726298035,14,
19:45:25.244,,,,,,,,0,0,,,,
19:45:25.513,20.287478416293943,0,19.363566733111064,19.363541,19.363541,19.363541,,,,,0.0674466605060098,15,
19:45:25.753,,,,,,,,0,0,,,,
19:45:26.023,,,,,,,86,,,,,,
19:45:26.261,20.286980739877176,0,19.367305379111063,19.36728,19.36728,19.36728,,,,,0.09004976735618447,18,
19:45:26.504,,,,,,,,0,0,,,,
19:45:26.771,20.28678946294763,0,19.370001631111062,19.369976,19.369976,19.369976,,,,,0.0900332771703015,19,
19:45:27.012,,,,,,,,1631,1.6,,,,
19:45:27.277,,,,,,,86,,,,,,
19:45:27.517,20.28694409586156,0,19.374349875944397,19.374324,19.374324,19.374324,,,,,0.07889392163123578,21,
19:45:27.759,,,,,,,,1741,1.7,,,,
19:45:28.001,20.287185126006598,0,19.37730648649995,19.377281,19.377281,19.377281,,,,,0.07968227763049754,22,
19:45:28.242,,,,,,,,1782,1.8,,,,
19:45:28.484,,,,,,,86,,,,,,
19:45:28.730,20.28776039581693,0,19.381966025833282,19.381941,19.381941,19.381941,,,,,0.05734040301190128,23,
19:45:28.960,,,,,,,,1676,1.7,,,,
19:45:29.203,20.28827071869352,0,19.385118443166615,19.385093,19.385093,19.385093,,,,,0.058236391128377384,24,
19:45:29.439,,,,,,,,1668,1.7,,,,
19:45:29.685,,,,,,,87,,,,,,
19:45:29.921,20.28925408630013,0,19.390104872333282,19.390079,19.390079,19.390079,,,,,0.04712984295820296,25,
19:45:30.158,,,,,,,,1607,1.6,,,,
19:45:30.406,20.290058940150786,0,19.393607329444393,19.393581,19.393581,19.393581,,,,,0.0471073712683664,26,
19:45:30.640,,,,,,,,1674,1.7,,,,
19:45:30.880,,,,,,,86,,,,,,
19:45:31.125,20.291251073398737,0,19.398796912833284,19.398771,19.398771,19.398771,,,,,0.03548902179089187,26,
19:45:31.360,,,,,,,,1569,1.6,,,,
19:45:31.599,20.29217525494276,0,19.402353269583283,19.402327,19.402327,19.402327,,,,,0.03546939574362916,27,
19:45:31.842,,,,,,,,1539,1.5,,,,
19:45:32.078,,,,,,,86,,,,,,
19:45:32.324,20.29379788825978,0,19.407990474583283,19.407964,19.407964,19.407964,,,,,0.03537015326052436,28,
19:45:32.568,,,,,,,,1488,1.5,,,,
19:45:32.801,20.294865258396424,0,19.41169992936106,19.411673,19.411673,19.411673,,,,,0.023659084042160203,28,
19:45:33.051,,,,,,,,1444,1.4,,,,
19:45:33.280,,,,,,,86,,,,,,
19:45:33.524,20.296484836061502,0,19.41733044624995,19.417304,19.417304,19.417304,,,,,0.023618141095906854,28,
19:45:33.760,,,,,,,,1377,1.4,,,,
19:45:33.999,20.297544785402934,0,19.421016678138837,19.42099,19.42099,19.42099,,,,,0.011804307718468429,28,
19:45:34.244,,,,,,,,1394,1.4,,,,
19:45:34.479,,,,,,,86,,,,,,
19:45:34.720,20.299170635207634,0,19.42667293869439,19.426646,19.426646,19.426646,,,,,0,28,
19:45:34.969,,,,,,,,1394,1.4,,,,
19:45:35.200,20.3002300570257,0,19.43035990636106,19.430333,19.430333,19.430333,,,,,0,28,
19:45:35.443,,,,,,,,1391,1.4,,,,
19:45:35.679,,,,,,,87,,,,,,
19:45:35.921,20.30184099621826,0,19.435968192805504,19.435941,19.435941,19.435941,,,,,0,28,
19:45:36.164,,,,,,,,1386,1.4,,,,
19:45:36.400,20.302911652042674,0,19.439696847805504,19.43967,19.43967,19.43967,,,,,0,28,
19:45:36.640,,,,,,,,1540,1.5,,,,
19:45:36.880,,,,,,,87,,,,,,
19:45:37.118,20.304513949557357,0,19.445278930916615,19.445252,19.445252,19.445252,,,,,0,28,
19:45:37.363,,,,,,,,542,0.5,,,,
19:45:37.598,20.305723977203645,0,19.449144215249948,19.449117,19.449117,19.449117,,,,,0.011812248396019341,29,
19:45:37.838,,,,,,,,0,0,,,,
19:45:38.083,,,,,,,87,,,,,,
19:45:38.321,20.30733736495227,0,19.454768950916616,19.454742,19.454742,19.454742,,,,,,28,
19:45:38.559,,,,,,,,0,0,,,,
19:45:38.799,20.308541881272582,0,19.458619220499948,19.458592,19.458592,19.458592,,,,,,29,
19:45:39.042,,,,,,,,0,0,,,,
19:45:39.282,,,,,,,88,,,,,,
19:45:39.521,20.31036016795822,0,19.464433445805504,19.464406,19.464406,19.464406,,,,,,29,
19:45:39.760,,,,,,,,0,0,,,,
19:45:40.002,20.311576024521223,0,19.46832267447217,19.468295,19.468295,19.468295,,,,,,29,
19:45:40.239,,,,,,,,0,0,,,,
19:45:40.479,,,,,,,88,,,,,,
19:45:40.719,20.313379577941532,0,19.474093807388837,19.474066,19.474066,19.474066,,,,,0.011810607303862816,29,
19:45:40.971,,,,,,,,0,0,,,,
19:45:41.235,20.31467618934092,0,19.478244273694393,19.478216,19.478216,19.478216,,,,,0,29,
19:45:41.472,,,,,,,,0,0,,,,
19:45:41.743,,,,,,,88,,,,,,
19:45:41.984,20.316561065517565,0,19.484279992138838,19.484252,19.484252,19.484252,,,,,0,29,
19:45:42.222,,,,,,,,0,0,,,,
19:45:42.493,20.317840573676424,0,19.48837870472217,19.488351,19.488351,19.488351,,,,,0,29,
19:45:42.733,,,,,,,,0,0,,,,
19:45:43.003,,,,,,,88,,,,,,
19:45:43.242,20.31994191398622,0,19.494625220555502,19.494598,19.494598,19.494598,,,,,0.011226952358961404,30,
19:45:43.484,,,,,,,,0,0,,,,
19:45:43.753,20.321372495591472,0,19.4988793680555,19.498852,19.498852,19.498852,,,,,0.011248524405890985,30,
19:45:43.993,,,,,,,,0,0,,,,
19:45:44.262,,,,,,,87,,,,,,
19:45:44.499,20.323461642118954,0,19.505094162222168,19.505067,19.505067,19.505067,,,,,0.011262052833236164,30,
19:45:44.739,,,,,,,,0,0,,,,
19:45:44.978,20.324803804049143,0,19.509088242222166,19.509061,19.509061,19.509061,,,,,0.011395848493224439,30,
19:45:45.225,,,,,,,,0,0,,,,
19:45:45.466,,,,,,,87,,,,,,
19:45:45.704,20.326836973857198,0,19.5151407730555,19.515114,19.515114,19.515114,,,,,0,30,
19:45:45.943,,,,,,,,0,0,,,,
19:45:46.210,20.32825353146677,0,19.519359218888834,19.519332,19.519332,19.519332,,,,,0,30,
19:45:46.454,,,,,,,,0,0,,,,
19:45:46.724,,,,,,,87,,,,,,
19:45:46.962,20.33035692680412,0,19.52562531722217,19.525598,19.525598,19.525598,,,,,0,30,
19:45:47.202,,,,,,,,0,0,,,,
19:45:47.473,20.331638131733424,0,19.52974192522217,19.529715,19.529715,19.529715,,,,,-0.011353161213126814,29,
19:45:47.711,,,,,,,,0,0,,,,
19:45:47.982,,,,,,,86,,,,,,
19:45:48.221,20.333740053954866,0,19.53600811522217,19.535981,19.535981,19.535981,,,,,,30,
19:45:48.490,,,,,,,,1510,1.5,,,,
19:45:48.734,20.33530694932484,0,19.540384060583282,19.540357,19.540357,19.540357,,,,,,31,
19:45:48.977,,,,,,,,1768,1.8,,,,
19:45:49.212,,,,,,,86,,,,,,
19:45:49.450,20.337926787441436,0,19.546944998666614,19.546918,19.546918,19.546918,,,,,,33,
19:45:49.693,,,,,,,,2228,2.2,,,,
19:45:49.930,20.34010071336932,0,19.551748196666615,19.551721,19.551721,19.551721,,,,,0.08070537534779733,36,
19:45:50.168,,,,,,,,2635,2.6,,,,
19:45:50.413,,,,,,,86,,,,,,
19:45:50.650,20.34460506862844,0,19.560145663833282,19.560118,19.560118,19.560118,,,,,0.13996385717373616,42,
19:45:50.888,,,,,,,,3098,3.1,,,,
19:45:51.139,20.347948280174002,0,19.566125241833284,19.566098,19.566098,19.566098,,,,,0.15310870900443024,44,
19:45:51.368,,,,,,,,1955,2,,,,
19:45:51.609,,,,,,,86,,,,,,
19:45:51.850,20.352390324743304,0,19.574412415833283,19.574385,19.574385,19.574385,,,,,,42,
19:45:52.090,,,,,,,,0,0,,,,
19:45:52.332,20.3549875667088,0,19.579637432166617,19.57961,19.57961,19.57961,,,,,,39,
19:45:52.571,,,,,,,,0,0,,,,
19:45:52.808,,,,,,,85,,,,,,
19:45:53.061,20.35724882133539,0,19.58597308041662,19.585946,19.585946,19.585946,,,,,-0.1292193726922648,31,
19:45:53.288,,,,,,,,0,0,,,,
19:45:53.535,20.35814596962881,0,19.58948192991662,19.589455,19.589455,19.589455,,,,,-0.20095306477438868,27,
19:45:53.769,,,,,,,,0,0,,,,
19:45:54.013,,,,,,,85,,,,,,
19:45:54.251,20.358071975058014,0,19.59345882602773,19.593432,19.593432,19.593432,,,,,-0.25952154172833314,20,
19:45:54.493,,,,,,,,0,0,,,,
19:45:54.763,20.3575752494524,0,19.5958793766944,19.595853,19.595853,19.595853,,,,,-0.25627534919596506,17,
19:45:55.001,,,,,,,,0,0,,,,
19:45:55.272,,,,,,,85,,,,,,
19:45:55.513,20.35598477155249,0,19.598585009638843,19.598559,19.598559,19.598559,,,,,-0.2079910139556607,13,
19:45:55.753,,,,,,,,0,0,,,,
19:45:56.022,20.354757947341565,0,19.600281542638843,19.600256,19.600256,19.600256,,,,,-0.17090245495787637,12,
19:45:56.264,,,,,,,,0,0,,,,
19:45:56.537,,,,,,,85,,,,,,
19:45:56.771,20.353383500238458,0,19.603197944472175,19.603172,19.603172,19.603172,,,,,,14,
19:45:57.014,,,,,,,,1656,1.7,,,,
19:45:57.279,20.35274719247613,0,19.60545070002773,19.605425,19.605425,19.605425,,,,,,16,
19:45:57.524,,,,,,,,1833,1.8,,,,
19:45:57.764,,,,,,,85,,,,,,
19:45:58.001,20.35267331429828,0,19.60948647891662,19.609461,19.609461,19.609461,,,,,,20,
19:45:58.241,,,,,,,,2234,2.2,,,,
19:45:58.480,20.352898615128026,0,19.612385890694398,19.61236,19.61236,19.61236,,,,,0.11522674253014299,22,
19:45:58.723,,,,,,,,2342,2.3,,,,
19:45:58.961,,,,,,,85,,,,,,
19:45:59.202,20.35366242441137,0,19.617230329361064,19.617204,19.617204,19.617204,,,,,0.11653314434007211,24,
19:45:59.444,,,,,,,,1743,1.7,,,,
19:45:59.677,20.354156970429333,0,19.62036805602773,19.620342,19.620342,19.620342,,,,,0.09448799055634824,24,
19:45:59.921,,,,,,,,1460,1.5,,,,
19:46:00.161,,,,,,,85,,,,,,
19:46:00.401,20.35491769719597,0,19.625196271361062,19.62517,19.62517,19.62517,,,,,0.047194974603214264,24,
19:46:00.644,,,,,,,,1429,1.4,,,,
19:46:00.880,20.355558629331792,0,19.62852258524995,19.628496,19.628496,19.628496,,,,,0.0353994985292389,25,
19:46:01.122,,,,,,,,1546,1.5,,,,
19:46:01.364,,,,,,,85,,,,,,
19:46:01.601,20.356730827681414,0,19.633730313027726,19.633704,19.633704,19.633704,,,,,0.023612920618414444,26,
19:46:01.844,,,,,,,,1704,1.7,,,,
19:46:02.081,20.35750977168102,0,19.637192125638837,19.637166,19.637166,19.637166,,,,,0.02356884498727803,26,
19:46:02.322,,,,,,,,1712,1.7,,,,
19:46:02.561,,,,,,,85,,,,,,
19:46:02.808,20.35890988166474,0,19.642682997138838,19.642657,19.642657,19.642657,,,,,0.035307118887055046,27,
19:46:03.047,,,,,,,,1726,1.7,,,,
19:46:03.283,20.359944277130513,0,19.646340581916615,19.646315,19.646315,19.646315,,,,,0.03536488493246133,28,
19:46:03.522,,,,,,,,1708,1.7,,,,
19:46:03.763,,,,,,,85,,,,,,
19:46:03.999,20.361724526108965,0,19.652107672555502,19.652082,19.652082,19.652082,,,,,0.03543985470849573,29,
19:46:04.242,,,,,,,,1675,1.7,,,,
19:46:04.477,20.3630625563087,0,19.65612782672217,19.656102,19.656102,19.656102,,,,,0.04727523380506509,30,
19:46:04.721,,,,,,,,1650,1.6,,,,
19:46:04.956,,,,,,,85,,,,,,
19:46:05.203,20.365062328356935,0,19.66213828672217,19.662112,19.662112,19.662112,,,,,0.03548745375334526,30,
19:46:05.439,,,,,,,,1623,1.6,,,,
19:46:05.681,20.366526671924827,0,19.666259969222168,19.666234,19.666234,19.666234,,,,,0.03543667277702124,31,
19:46:05.919,,,,,,,,1540,1.5,,,,
19:46:06.160,,,,,,,86,,,,,,
19:46:06.402,20.368524658241043,0,19.6722692950555,19.672243,19.672243,19.672243,,,,,,30,
19:46:06.639,,,,,,,,1534,1.5,,,,
19:46:06.885,20.369861474119794,0,19.676291416722165,19.676265,19.676265,19.676265,,,,,,30,
19:46:07.131,,,,,,,,1314,1.3,,,,
19:46:07.363,,,,,,,86,,,,,,
19:46:07.611,20.371453675619865,0,19.68193648816661,19.68191,19.68191,19.68191,,,,,-0.023523861981611157,28,
19:46:07.841,,,,,,,,0,0,,,,
19:46:08.083,20.37235692343994,0,19.685491633666608,19.685465,19.685465,19.685465,,,,,-0.04717572087123221,27,
19:46:08.330,,,,,,,,0,0,,,,
19:46:08.562,,,,,,,86,,,,,,
19:46:08.804,20.373313810531652,0,19.69048778574994,19.690461,19.690461,19.690461,,,,,-0.0589652391868901,25,
19:46:09.047,,,,,,,,0,0,,,,
19:46:09.276,20.373805080904404,0,19.693630287083273,19.693604,19.693604,19.693604,,,,,-0.0710904878060055,24,
19:46:09.521,,,,,,,,0,0,,,,
19:46:09.764,,,,,,,86,,,,,,
19:46:10.001,20.374561718880752,0,19.698471927083272,19.698446,19.698446,19.698446,,,,,-0.04739596028105652,24,
19:46:10.241,,,,,,,,0,0,,,,
19:46:10.515,20.37509634612757,0,19.701894164416604,19.701868,19.701868,19.701868,,,,,-0.03494196255181444,24,
19:46:10.751,,,,,,,,0,0,,,,
19:46:11.050,,,,,,,86,,,,,,
19:46:11.293,20.37568307986391,0,19.706866505666603,19.70684,19.70684,19.70684,,,,,-0.022763290424508337,23,
19:46:11.534,,,,,,,,0,0,,,,
19:46:11.801,20.37606616239316,0,19.710114181694383,19.710088,19.710088,19.710088,,,,,-0.011215375966881892,23,
19:46:12.043,,,,,,,,0,0,,,,
19:46:12.313,,,,,,,86,,,,,,
19:46:12.551,20.376415879495944,0,19.714698065027715,19.714672,19.714672,19.714672,,,,,-0.022220487081412697,22,
19:46:12.795,,,,,,,,0,0,,,,
19:46:13.062,20.37650728366117,0,19.717676692777715,19.717651,19.717651,19.717651,,,,,-0.0333587785410753,21,
19:46:13.299,,,,,,,,0,0,,,,
19:46:13.575,,,,,,,86,,,,,,
19:46:13.811,20.37642633499888,0,19.72183853555549,19.721813,19.721813,19.721813,,,,,-0.03374573000949989,20,
19:46:14.054,,,,,,,,0,0,,,,
19:46:14.324,20.376223913794533,0,19.724543364999935,19.724518,19.724518,19.724518,,,,,-0.04491899384401204,19,
19:46:14.562,,,,,,,,0,0,,,,
19:46:14.834,,,,,,,86,,,,,,
19:46:15.071,20.375928779949756,0,19.728488482249936,19.728463,19.728463,19.728463,,,,,-0.03371743326920901,19,
19:46:15.312,,,,,,,,0,0,,,,
19:46:15.582,20.37572735717558,0,19.731181915388824,19.731156,19.731156,19.731156,,,,,-0.022485090804385485,19,
19:46:15.818,,,,,,,,0,0,,,,
19:46:16.092,,,,,,,86,,,,,,
19:46:16.331,20.37564658926417,0,19.735346094277713,19.73532,19.73532,19.73532,,,,,,20,
19:46:16.573,,,,,,,,0,0,,,,
19:46:16.844,20.375738439518624,0,19.738338816527712,19.738313,19.738313,19.738313,,,,,0.02247663269647618,21,
19:46:17.085,,,,,,,,0,0,,,,
19:46:17.350,,,,,,,85,,,,,,
19:46:17.591,20.3758720685718,0,19.742694374611045,19.742669,19.742669,19.742669,,,,,0.022479725800511944,21,
19:46:17.835,,,,,,,,0,0,,,,
19:46:18.068,20.37582065613852,0,19.74534536238882,19.74532,19.74532,19.74532,,,,,,20,
19:46:18.314,,,,,,,,0,0,,,,
19:46:18.552,,,,,,,85,,,,,,
19:46:18.792,20.375742672956065,0,19.749367806833266,19.749342,19.749342,19.749342,,,,,0,20,
19:46:19.031,,,,,,,,0,0,,,,
19:46:19.303,20.375541375992935,0,19.752062795333266,19.752037,19.752037,19.752037,,,,,-0.02304316908255275,19,
19:46:19.543,,,,,,,,0,0,,,,
19:46:19.813,,,,,,,85,,,,,,
19:46:20.053,20.375675621120788,0,19.7564401409166,19.756414,19.756414,19.756414,,,,,,21,
19:46:20.294,,,,,,,,0,0,,,,
19:46:20.563,20.375912846331794,0,19.759555950194375,19.75953,19.75953,19.75953,,,,,,22,
19:46:20.804,,,,,,,,0,0,,,,
19:46:21.072,,,,,,,85,,,,,,
19:46:21.311,20.37647475789381,0,19.764333119833264,19.764307,19.764307,19.764307,,,,,,23,
19:46:21.552,,,,,,,,0,0,,,,
19:46:21.826,20.377009366154812,0,19.767768167833264,19.767742,19.767742,19.767742,,,,,0.05612847261387837,24,
19:46:22.064,,,,,,,,0,0,,,,
19:46:22.332,,,,,,,85,,,,,,
19:46:22.572,20.377783226944096,0,19.77274229449993,19.772716,19.772716,19.772716,,,,,0.0337345036462038,24,
19:46:22.815,,,,,,,,0,0,,,,
19:46:23.082,20.37831204159469,0,19.77614256649993,19.776116,19.776116,19.776116,,,,,0.02248859777584993,24,
19:46:23.324,,,,,,,,0,0,,,,
19:46:23.591,,,,,,,84,,,,,,
19:46:23.833,20.37909408556339,0,19.78117292049993,19.781146,19.781146,19.781146,,,,,0.011232207439452727,24,
19:46:24.072,,,,,,,,0,0,,,,
19:46:24.308,20.37944728198492,0,19.78418189422215,19.784155,19.784155,19.784155,,,,,-0.011412380324207983,23,
19:46:24.546,,,,,,,,0,0,,,,
19:46:24.795,,,,,,,84,,,,,,
19:46:25.034,20.37999204728119,0,19.78882448447215,19.788798,19.788798,19.788798,,,,,-0.011504211717546023,23,
19:46:25.275,,,,,,,,0,0,,,,
19:46:25.545,20.380228513534963,0,19.79194304436104,19.791917,19.791917,19.791917,,,,,-0.02300520929595312,22,
19:46:25.784,,,,,,,,0,0,,,,
19:46:26.053,,,,,,,83,,,,,,
19:46:26.297,20.38057666282351,0,19.796536157916595,19.79651,19.79651,19.79651,,,,,-0.02299392767869053,22,
19:46:26.529,,,,,,,,0,0,,,,
19:46:26.769,20.380525230405173,0,19.79916192513882,19.799136,19.799136,19.799136,,,,,-0.03452365190339772,20,
19:46:27.011,,,,,,,,0,0,,,,
19:46:27.254,,,,,,,83,,,,,,
19:46:27.493,20.37961839461733,0,19.80238035313882,19.802354,19.802354,19.802354,,,,,-0.08064080860021253,16,
19:46:27.732,,,,,,,,0,0,,,,
19:46:28.004,20.378687165113586,0,19.80436633286104,19.80434,19.80434,19.80434,,,,,-0.092151059815491,14,
19:46:28.242,,,,,,,,0,0,,,,
19:46:28.512,,,,,,,83,,,,,,
19:46:28.750,20.376687823233496,0,19.80664570397215,19.806619,19.806619,19.806619,,,,,-0.12702012765262916,11,
19:46:28.992,,,,,,,,0,0,,,,
19:46:29.264,20.375163256011074,0,19.80807403536104,19.808047,19.808047,19.808047,,,,,-0.11354857883935518,10,
19:46:29.503,,,,,,,,0,0,,,,
19:46:29.774,,,,,,,83,,,,,,
19:46:30.013,20.37251286471515,0,19.809740066916596,19.809713,19.809713,19.809713,,,,,-0.08990112338276128,8,
19:46:30.254,,,,,,,,0,0,,,,
19:46:30.520,20.370434112922656,0,19.81058401974993,19.810557,19.810557,19.810557,,,,,-0.0900546021398414,6,
19:46:30.764,,,,,,,,0,0,,,,
19:46:31.035,,,,,,,83,,,,,,
19:46:31.274,20.367113801358418,0,19.811634658777706,19.811608,19.811608,19.811608,,,,,-0.06731909717672595,5,
19:46:31.512,,,,,,,,0,0,,,,
19:46:31.784,20.36488592193963,0,19.812339876416594,19.812313,19.812313,19.812313,,,,,-0.05619050048385155,5,
19:46:32.024,,,,,,,,0,0,,,,
19:46:32.294,,,,,,,82,,,,,,
19:46:32.533,20.362457114329686,0,19.814211494166596,19.814185,19.814185,19.814185,,,,,,9,
19:46:32.771,,,,,,,,0,0,,,,
19:46:33.007,20.361057142313452,0,19.815526300833262,19.8155,19.8155,19.8155,,,,,,10,
19:46:33.252,,,,,,,,0,0,,,,
19:46:33.494,,,,,,,82,,,,,,
19:46:33.735,20.359526026087554,0,19.818158428527706,19.818132,19.818132,19.818132,,,,,0.09208358052491036,13,
19:46:33.974,,,,,,,,1492,1.5,,,,
19:46:34.238,20.358613833386197,0,19.82011343324993,19.820087,19.820087,19.820087,,,,,0.10388423816196224,14,
19:46:34.478,,,,,,,,1664,1.7,,,,
19:46:34.720,,,,,,,82,,,,,,
19:46:34.961,20.357715303433896,0,19.82332525636104,19.823299,19.823299,19.823299,,,,,0.08167272662559241,16,
19:46:35.203,,,,,,,,1810,1.8,,,,
19:46:35.441,20.35739270330384,0,19.825723827361042,19.825698,19.825698,19.825698,,,,,0.09309699352188507,18,
19:46:35.682,,,,,,,,1851,1.9,,,,
19:46:35.920,,,,,,,83,,,,,,
19:46:36.162,20.357319146948228,0,19.82973342513882,19.829708,19.829708,19.829708,,,,,0.0816853745371882,20,
19:46:36.398,,,,,,,,1898,1.9,,,,
19:46:36.639,20.357406571650262,0,19.832516426805487,19.832491,19.832491,19.832491,,,,,0.08257583040374203,21,
19:46:36.878,,,,,,,,1919,1.9,,,,
19:46:37.124,,,,,,,84,,,,,,
19:46:37.357,20.357947515622445,0,19.837104116694377,19.837079,19.837079,19.837079,,,,,0.08273315389435737,23,
19:46:37.600,,,,,,,,1930,1.9,,,,
19:46:37.841,20.35844941871715,0,19.84032733002771,19.840302,19.840302,19.840302,,,,,0.07080239192172676,24,
19:46:38.080,,,,,,,,1825,1.8,,,,
19:46:38.322,,,,,,,85,,,,,,
19:46:38.558,20.359397614085626,0,19.845305475861043,19.84528,19.84528,19.84528,,,,,0.05912236948356989,25,
19:46:38.798,,,,,,,,1760,1.8,,,,
19:46:39.042,20.360037316624986,0,19.848665144611044,19.84864,19.84864,19.84864,,,,,0.04716584857297146,25,
19:46:39.278,,,,,,,,1692,1.7,,,,
19:46:39.524,,,,,,,85,,,,,,
19:46:39.758,20.361188728975097,0,19.853840848333267,19.853816,19.853816,19.853816,,,,,0.0353959228050395,26,
19:46:39.998,,,,,,,,1586,1.6,,,,
19:46:40.243,20.361967282885214,0,19.857341717277713,19.857317,19.857317,19.857317,,,,,0.02358483487214309,26,
19:46:40.477,,,,,,,,1502,1.5,,,,
19:46:40.720,,,,,,,86,,,,,,
19:46:40.963,20.363328331147528,0,19.862741649777714,19.862717,19.862717,19.862717,,,,,0.02355383252846726,27,
19:46:41.203,,,,,,,,1439,1.4,,,,
19:46:41.447,20.36410482446962,0,19.866235776055493,19.866211,19.866211,19.866211,,,,,,26,
19:46:41.681,,,,,,,,1552,1.6,,,,
19:46:41.920,,,,,,,86,,,,,,
19:46:42.162,20.36525306809002,0,19.871404498777714,19.87138,19.87138,19.87138,,,,,,26,
19:46:42.400,,,,,,,,1535,1.5,,,,
19:46:42.637,20.365879622997557,0,19.874702650166604,19.874678,19.874678,19.874678,,,,,-0.011829786080147755,25,
19:46:42.890,,,,,,,,418,0.4,,,,
19:46:43.120,,,,,,,86,,,,,,
19:46:43.365,20.36683898493503,0,19.879754408499938,19.87973,19.87973,19.87973,,,,,-0.023586898966654616,25,
19:46:43.600,,,,,,,,0,0,,,,
19:46:43.836,20.367325542049464,0,19.882892069166605,19.882868,19.882868,19.882868,,,,,-0.02371597543030353,24,
19:46:44.081,,,,,,,,0,0,,,,
19:46:44.318,,,,,,,86,,,,,,
19:46:44.564,20.367663887538978,0,19.887343698888827,19.88732,19.88732,19.88732,,,,,-0.0471819209091133,22,
19:46:44.808,,,,,,,,0,0,,,,
19:46:45.039,20.367884670331726,0,19.890249545055493,19.890226,19.890226,19.890226,,,,,-0.03537644522043786,22,
19:46:45.282,,,,,,,,0,0,,,,
19:46:45.525,,,,,,,87,,,,,,
19:46:45.763,20.367808651668245,0,19.894286208944383,19.894263,19.894263,19.894263,,,,,-0.05905271642449984,20,
19:46:46.000,,,,,,,,0,0,,,,
19:46:46.239,20.367624565346098,0,19.89678420808327,19.896761,19.896761,19.896761,,,,,-0.05891981807034706,19,
19:46:46.484,,,,,,,,0,0,,,,
19:46:46.723,,,,,,,87,,,,,,
19:46:46.963,20.36651880925204,0,19.899803467666604,19.89978,19.89978,19.89978,,,,,-0.08263284006003316,15,
19:46:47.205,,,,,,,,0,0,,,,
19:46:47.472,20.365452019052817,0,19.901643201305493,19.90162,19.90162,19.90162,,,,,-0.10477797789320806,13,
19:46:47.712,,,,,,,,0,0,,,,
19:46:47.983,,,,,,,86,,,,,,
19:46:48.229,20.36322468338227,0,19.903743522138825,19.90372,19.90372,19.90372,,,,,-0.11484911300793826,10,
19:46:48.459,,,,,,,,0,0,,,,
19:46:48.701,20.36168981868249,0,19.904931909138824,19.904908,19.904908,19.904908,,,,,-0.11506877452991855,9,
19:46:48.942,,,,,,,,0,0,,,,
19:46:49.180,,,,,,,86,,,,,,
19:46:49.422,20.358964420934253,0,19.906327962499937,19.906304,19.906304,19.906304,,,,,-0.09215621657163017,7,
19:46:49.664,,,,,,,,0,0,,,,
19:46:49.939,20.356710087385107,0,19.907045633611048,19.907022,19.907022,19.907022,,,,,-0.09188409264866529,5,
19:46:50.171,,,,,,,,0,0,,,,
19:46:50.441,,,,,,,86,,,,,,
19:46:50.683,20.352829803900246,0,19.907459147055494,19.907436,19.907436,19.907436,,,,,-0.09234395337820438,2,
19:46:50.923,,,,,,,,0,0,,,,
19:46:51.195,20.350019477587267,0,19.907601205277718,19.907578,19.907578,19.907578,,,,,-0.09086397065227989,1,
19:46:51.435,,,,,,,,0,0,,,,
19:46:51.701,,,,,,,86,,,,,,
19:46:51.945,20.34590021170834,0,19.90780950322216,19.907786,19.907786,19.907786,,,,,-0.06737939900315283,1,
19:46:52.184,,,,,,,,0,0,,,,
19:46:52.453,20.342962737174197,,19.90780950322216,19.907786,19.907786,19.907786,,,,,-0.056324285202989516,0,
19:46:52.693,,,,,,,,0,0,,,,
19:46:52.963,,,,,,,85,,,,,,
19:46:53.198,20.338664564300366,,19.90780950322216,19.907786,19.907786,19.907786,,,,,-0.022525921981863133,0,
19:46:53.444,,,,,,,,0,0,,,,
19:46:53.684,20.335998225601625,0,19.90794447711105,19.907921,19.907921,19.907921,,,,,,1,
19:46:53.922,,,,,,,,0,0,,,,
19:46:54.160,,,,,,,85,,,,,,
19:46:54.402,20.332057070534585,0,19.908144052222163,19.908121,19.908121,19.908121,,,,,,1,
19:46:54.642,,,,,,,,0,0,,,,
19:46:54.912,20.32940583916859,0,19.908427307944386,19.908404,19.908404,19.908404,,,,,0.023039560114074313,2,
19:46:55.154,,,,,,,,0,0,,,,
19:46:55.427,,,,,,,85,,,,,,
19:46:55.664,20.32549804301391,0,19.908844963611052,19.908822,19.908822,19.908822,,,,,0.02297726176355083,2,
19:46:55.902,,,,,,,,0,0,,,,
19:46:56.171,20.322860981030573,0,19.90912690699994,19.909104,19.909104,19.909104,,,,,0.011388678318153966,2,
19:46:56.412,,,,,,,,0,0,,,,
19:46:56.684,,,,,,,85,,,,,,
19:46:56.924,20.31937769665954,0,19.909963304444386,19.90994,19.90994,19.90994,,,,,0.0336951552238433,4,
19:46:57.163,,,,,,,,0,0,,,,
19:46:57.433,20.31716780936468,0,19.910670145416606,19.910647,19.910647,19.910647,,,,,0.03370800131390451,5,
19:46:57.674,,,,,,,,0,0,,,,
19:46:57.942,,,,,,,85,,,,,,
19:46:58.180,20.31392310205212,0,19.911708347222163,19.911685,19.911685,19.911685,,,,,0.03376481320219325,5,
19:46:58.422,,,,,,,,0,0,,,,
19:46:58.695,20.311838185722827,0,19.912565107222164,19.912542,19.912542,19.912542,,,,,0.04490348992142412,6,
19:46:58.927,,,,,,,,0,0,,,,
19:46:59.202,,,,,,,84,,,,,,
19:46:59.441,20.308811980797664,0,19.9138091175555,19.913786,19.913786,19.913786,,,,,0.022504475388101092,6,
19:46:59.675,,,,,,,,0,0,,,,
19:46:59.921,20.306866832014325,0,19.91460900588883,19.914586,19.914586,19.914586,,,,,0.011384573816361971,6,
19:47:00.159,,,,,,,,0,0,,,,
19:47:00.401,,,,,,,84,,,,,,
19:47:00.644,20.303526485429174,0,19.91541271488883,19.91539,19.91539,19.91539,,,,,-0.011497171968168057,4,
19:47:00.881,,,,,,,,0,0,,,,
19:47:01.153,20.301033785679607,0,19.915836686722162,19.915814,19.915814,19.915814,,,,,-0.03456505731098178,3,
19:47:01.396,,,,,,,,747,0.7,,,,
19:47:01.664,,,,,,,83,,,,,,
19:47:01.907,20.297131228525537,0,19.916255168611052,19.916232,19.916232,19.916232,,,,,-0.04595572390207296,2,
19:47:02.141,,,,,,,,1535,1.5,,,,
19:47:02.378,20.29455572449587,0,19.91638614724994,19.916363,19.916363,19.916363,,,,,-0.057634723139600066,1,
19:47:02.623,,,,,,,,1534,1.5,,,,
19:47:02.861,,,,,,,83,,,,,,
19:47:03.106,20.290788380173137,0,19.91679041013883,19.916767,19.916767,19.916767,,,,,,2,
19:47:03.341,,,,,,,,1535,1.5,,,,
19:47:03.580,20.288335522654624,0,19.91705370874994,19.91703,19.91703,19.91703,,,,,,2,
19:47:03.831,,,,,,,,1535,1.5,,,,
19:47:04.058,,,,,,,83,,,,,,
19:47:04.300,20.284608873434017,0,19.91745387597216,19.91743,19.91743,19.91743,,,,,,2,
19:47:04.541,,,,,,,,0,0,,,,
19:47:04.748,20.282418087809997,0,19.917827284138827,19.917803,19.917803,19.917803,,,,,0.023903464753602454,3,
19:47:04.992,,,,,,,,0,0,,,,
19:47:05.231,,,,,,,83,,,,,,
19:47:05.477,20.279268433919317,0,19.918839451916604,19.918815,19.918815,19.918815,,,,,0.03583847090672822,5,
19:47:05.711,,,,,,,,0,0,,,,
19:47:05.948,20.277235667052192,0,19.919492920249937,19.919468,19.919468,19.919468,,,,,0.03589075188546212,5,
19:47:06.192,,,,,,,,0,0,,,,
19:47:06.433,,,,,,,83,,,,,,
19:47:06.674,20.274302062337576,0,19.920704264249938,19.920679,19.920679,19.920679,,,,,0.04773611651758056,6,
19:47:06.912,,,,,,,,0,0,,,,
19:47:07.183,20.272390222957576,0,19.92169500283327,19.92167,19.92167,19.92167,,,,,0.04653020628569644,7,
19:47:07.422,,,,,,,,0,0,,,,
19:47:07.694,,,,,,,82,,,,,,
19:47:07.932,20.27000521205093,0,19.92356667633327,19.923542,19.923542,19.923542,,,,,0.04614474951842713,9,
19:47:08.167,,,,,,,,0,0,,,,
19:47:08.414,20.2686092498459,0,19.924902887999938,19.924878,19.924878,19.924878,,,,,0.057433021307845396,10,
19:47:08.648,,,,,,,,0,0,,,,
19:47:08.847,,,,,,,,,,,,,
19:47:08.857,,,,,,,,,,49,,,
19:47:09.101,,,,,,,82,,,,,,
19:47:09.344,20.266697611818547,0,19.928264783333272,19.92824,19.92824,19.92824,,,,,0.07425317066520275,13,
19:47:09.582,,,,,,,,0,0,,,,
19:47:09.854,20.2657954849936,0,19.930246793666605,19.930222,19.930222,19.930222,,,,,0.07425151062057252,14,
19:47:10.092,,,,,,,,0,0,,,,
19:47:10.363,,,,,,,82,,,,,,
19:47:10.602,20.264893529041366,0,19.933574508777717,19.93355,19.93355,19.93355,,,,,0.07426101308556787,16,
19:47:10.844,,,,,,,,0,0,,,,
19:47:11.112,20.26442372384981,0,19.93598109299994,19.935957,19.935957,19.935957,,,,,0.07347815096872552,17,
19:47:11.353,,,,,,,,0,0,,,,
19:47:11.621,,,,,,,82,,,,,,
19:47:11.861,20.264156535263886,0,19.939931792555495,19.939908,19.939908,19.939908,,,,,0.06752328112198192,19,
19:47:12.102,,,,,,,,0,0,,,,
19:47:12.372,20.26397422091433,0,19.94262848472216,19.942605,19.942605,19.942605,,,,,0.05624971872707949,19,
19:47:12.612,,,,,,,,0,0,,,,
19:47:12.881,,,,,,,82,,,,,,
19:47:13.125,20.26391808907709,0,19.94681476083327,19.946791,19.946791,19.946791,,,,,0.04491397245599969,20,
19:47:13.363,,,,,,,,0,0,,,,
19:47:13.634,20.26402379570388,0,19.949783744916605,19.94976,19.94976,19.94976,,,,,0.04492512430817877,21,
19:47:13.875,,,,,,,,0,0,,,,
19:47:14.142,,,,,,,81,,,,,,
19:47:14.381,20.264603456933205,0,19.95458212119438,19.954558,19.954558,19.954558,,,,,0.0449544247313776,23,
19:47:14.629,,,,,,,,0,0,,,,
19:47:14.862,20.264970650319288,0,19.95762276272216,19.957599,19.957599,19.957599,,,,,0.04550371833043449,23,
19:47:15.106,,,,,,,,0,0,,,,
19:47:15.343,,,,,,,81,,,,,,
19:47:15.584,20.265731607037598,0,19.96243922872216,19.962415,19.962415,19.962415,,,,,0.046087059895707425,24,
19:47:15.823,,,,,,,,0,0,,,,
19:47:16.094,20.26641301711403,0,19.96598417386105,19.96596,19.96596,19.96596,,,,,0.04605834122687797,25,
19:47:16.333,,,,,,,,0,0,,,,
19:47:16.635,,,,,,,81,,,,,,
19:47:16.872,20.26745098458458,0,19.971386023166605,19.971362,19.971362,19.971362,,,,,0.022746904069497382,25,
19:47:17.112,,,,,,,,0,0,,,,
19:47:17.384,20.268133690468147,0,19.974940291916607,19.974916,19.974916,19.974916,,,,,0.02246013804023049,25,
19:47:17.622,,,,,,,,0,0,,,,
19:47:17.891,,,,,,,81,,,,,,
19:47:18.134,20.26913410420618,0,19.980150448166608,19.980126,19.980126,19.980126,,,,,0.011106180043155991,25,
19:47:18.373,,,,,,,,0,0,,,,
19:47:18.644,20.269813611521084,0,19.983690580111052,19.983666,19.983666,19.983666,,,,,0,25,
19:47:18.884,,,,,,,,0,0,,,,
19:47:19.152,,,,,,,81,,,,,,
19:47:19.423,20.270632677071216,0,19.988887196777718,19.988863,19.988863,19.988863,,,,,-0.011102301410911732,24,
19:47:19.660,,,,,,,,0,0,,,,
19:47:19.935,20.271025882533785,0,19.992155100666608,19.992131,19.992131,19.992131,,,,,-0.022208048955325296,23,
19:47:20.174,,,,,,,,0,0,,,,
19:47:20.442,,,,,,,81,,,,,,
19:47:20.684,20.270968695195197,0,19.99631798788883,19.996294,19.996294,19.996294,,,,,-0.05553839992442978,20,
19:47:20.921,,,,,,,,0,0,,,,
19:47:21.193,20.270643309872252,0,19.998862456388828,19.998838,19.998838,19.998838,,,,,-0.0777807962820394,18,
19:47:21.434,,,,,,,,0,0,,,,
19:47:21.700,,,,,,,81,,,,,,
19:47:21.943,20.26953019923275,0,20.001988503055493,20.001964,20.001964,20.001964,,,,,-0.1011648478227818,15,
19:47:22.183,,,,,,,,0,0,,,,
19:47:22.453,20.26834321482507,0,20.003688457388826,20.003664,20.003664,20.003664,,,,,-0.12371721157511636,12,
19:47:22.693,,,,,,,,0,0,,,,
19:47:22.967,,,,,,,81,,,,,,
19:47:23.203,20.265966146354547,0,20.005562621388826,20.005538,20.005538,20.005538,,,,,-0.12370441618457938,9,
19:47:23.443,,,,,,,,0,0,,,,
19:47:23.712,20.26392248068718,0,20.006411226388828,20.006387,20.006387,20.006387,,,,,-0.13493282398397224,6,
19:47:23.954,,,,,,,,0,0,,,,
19:47:24.223,,,,,,,81,,,,,,
19:47:24.465,20.260688713827108,0,20.00745727111105,20.007433,20.007433,20.007433,,,,,-0.1123011532461079,5,
19:47:24.702,,,,,,,,0,0,,,,
19:47:24.972,20.2585109384065,0,20.008161978194384,20.008138,20.008138,20.008138,,,,,-0.07870375303600971,5,
19:47:25.211,,,,,,,,0,0,,,,
19:47:25.483,,,,,,,81,,,,,,
19:47:25.724,20.255498731602813,0,20.00941411936105,20.00939,20.00939,20.00939,,,,,,6,
19:47:25.963,,,,,,,,0,0,,,,
19:47:26.233,20.25345588576422,0,20.010263609027717,20.010239,20.010239,20.010239,,,,,,6,
19:47:26.475,,,,,,,,0,0,,,,
19:47:26.743,,,,,,,81,,,,,,
19:47:26.982,20.25045470087921,0,20.011512052694385,20.011487,20.011487,20.011487,,,,,0.011256340799820541,6,
19:47:27.222,,,,,,,,0,0,,,,
19:47:27.494,20.248405326414353,0,20.01236486102772,20.01234,20.01234,20.01234,,,,,0.01123256555510437,6,
19:47:27.730,,,,,,,,0,0,,,,
19:47:28.005,,,,,,,82,,,,,,
19:47:28.242,20.245833398969975,0,20.01402547213883,20.014001,20.014001,20.014001,,,,,0.02249757950186426,8,
19:47:28.480,,,,,,,,0,0,,,,
19:47:28.756,20.244206152047397,0,20.01531302763883,20.015289,20.015289,20.015289,,,,,0.03368160200093241,9,
19:47:28.988,,,,,,,,0,0,,,,
19:47:29.233,,,,,,,82,,,,,,
19:47:29.474,20.24234334491287,0,20.017505025444386,20.017481,20.017481,20.017481,,,,,0.05683071765812373,11,
19:47:29.714,,,,,,,,0,0,,,,
19:47:29.984,20.24116204483017,0,20.019206017111053,20.019182,20.019182,20.019182,,,,,0.06825118630000118,12,
19:47:30.225,,,,,,,,0,0,,,,
19:47:30.493,,,,,,,82,,,,,,
19:47:30.732,20.239639074932906,0,20.02191077977772,20.021887,20.021887,20.021887,,,,,0.056870925231368136,13,
19:47:30.973,,,,,,,,0,0,,,,
19:47:31.244,20.238744106773435,0,20.023897520555497,20.023874,20.023874,20.023874,,,,,0.0569089486577899,14,
19:47:31.483,,,,,,,,0,0,,,,
19:47:31.754,,,,,,,82,,,,,,
19:47:31.988,20.236605841440927,0,20.025964188333276,20.025941,20.025941,20.025941,,,,,,10,
19:47:32.233,,,,,,,,0,0,,,,
19:47:32.503,20.234692551145123,0,20.026965618833277,20.026942,20.026942,20.026942,,,,,,7,
19:47:32.743,,,,,,,,0,0,,,,
19:47:33.012,,,,,,,82,,,,,,
19:47:33.252,20.231701015649715,0,20.028213884833278,20.02819,20.02819,20.02819,,,,,-0.0786893819712509,6,
19:47:33.494,,,,,,,,0,0,,,,
19:47:33.764,20.229656849941343,0,20.029067147499944,20.029043,20.029043,20.029043,,,,,-0.08992633613746814,6,
19:47:34.002,,,,,,,,0,0,,,,
19:47:34.271,,,,,,,82,,,,,,
19:47:34.545,20.226978249186764,0,20.030802353499944,20.030778,20.030778,20.030778,,,,,,8,
19:47:34.786,,,,,,,,0,0,,,,
19:47:35.050,20.22552883852924,0,20.032206049333276,20.032182,20.032182,20.032182,,,,,,10,
19:47:35.291,,,,,,,,0,0,,,,
19:47:35.564,,,,,,,82,,,,,,
19:47:35.803,20.22400414428438,0,20.0349235960555,20.0349,20.0349,20.0349,,,,,0.0777364267254766,13,
19:47:36.043,,,,,,,,0,0,,,,
19:47:36.311,20.223259809260618,0,20.037041170222167,20.037018,20.037018,20.037018,,,,,0.10009044539823982,15,
19:47:36.552,,,,,,,,1583,1.6,,,,
19:47:36.819,,,,,,,82,,,,,,
19:47:37.063,20.22258051786051,0,20.04059162258328,20.040568,20.040568,20.040568,,,,,0.10123762824548739,17,
19:47:37.299,,,,,,,,1723,1.7,,,,
19:47:37.539,20.222284473165868,0,20.04296793808328,20.042944,20.042944,20.042944,,,,,0.09106255447300077,18,
19:47:37.782,,,,,,,,1844,1.8,,,,
19:47:38.019,,,,,,,83,,,,,,
19:47:38.263,20.222239133534565,0,20.047012013638835,20.046988,20.046988,20.046988,,,,,0.08058838381005662,20,
19:47:38.503,,,,,,,,1921,1.9,,,,
19:47:38.738,20.222341817501533,0,20.0497608798055,20.049737,20.049737,20.049737,,,,,0.07003031061564258,21,
19:47:38.987,,,,,,,,1825,1.8,,,,
19:47:39.220,,,,,,,84,,,,,,
19:47:39.461,20.22270171363806,0,20.05417777702772,20.054154,20.054154,20.054154,,,,,0.0590709747602716,22,
19:47:39.705,,,,,,,,1582,1.6,,,,
19:47:39.942,20.222941483648714,0,20.057121395361055,20.057098,20.057098,20.057098,,,,,0.047138162604434874,22,
19:47:40.183,,,,,,,,1486,1.5,,,,
19:47:40.420,,,,,,,85,,,,,,
19:47:40.658,20.223297726921604,0,20.061496404583277,20.061473,20.061473,20.061473,,,,,0.023652941799238367,22,
19:47:40.907,,,,,,,,1478,1.5,,,,
19:47:41.138,20.22353615444406,0,20.064425503527723,20.064402,20.064402,20.064402,,,,,0.011804035194967687,22,
19:47:41.377,,,,,,,,1489,1.5,,,,
19:47:41.620,,,,,,,85,,,,,,
19:47:41.861,20.223693295362914,0,20.068642904361056,20.068619,20.068619,20.068619,,,,,-0.011802861126597166,21,
19:47:42.104,,,,,,,,1457,1.5,,,,
19:47:42.338,20.22379707733729,0,20.07142917619439,20.071405,20.071405,20.071405,,,,,-0.011822965113477794,21,
19:47:42.579,,,,,,,,1399,1.4,,,,
19:47:42.821,,,,,,,85,,,,,,
19:47:43.059,20.223550204574135,0,20.075233877638833,20.07521,20.07521,20.07521,,,,,-0.03539470943477537,19,
19:47:43.307,,,,,,,,1378,1.4,,,,
19:47:43.543,20.2231138341874,0,20.077518591222166,20.077495,20.077495,20.077495,,,,,-0.058879761104957976,17,
19:47:43.779,,,,,,,,1386,1.4,,,,
19:47:44.026,,,,,,,85,,,,,,
19:47:44.261,20.221863844283558,0,20.0803109810555,20.080287,20.080287,20.080287,,,,,-0.08260141754463543,14,
19:47:44.507,,,,,,,,1385,1.4,,,,
19:47:44.741,20.22075989084758,0,20.081911162722168,20.081887,20.081887,20.081887,,,,,-0.10609507867515627,12,
19:47:44.978,,,,,,,,1385,1.4,,,,
19:47:45.219,,,,,,,86,,,,,,
19:47:45.462,20.21849695808078,0,20.083714126722167,20.08369,20.08369,20.08369,,,,,-0.11786985228197402,9,
19:47:45.699,,,,,,,,1385,1.4,,,,
19:47:45.942,20.216989527595324,0,20.084915557222168,20.084891,20.084891,20.084891,,,,,-0.09443609498702507,9,
19:47:46.180,,,,,,,,1382,1.4,,,,
19:47:46.419,,,,,,,86,,,,,,
19:47:46.669,20.214711999459517,0,20.08673137247217,20.086707,20.086707,20.086707,,,,,-0.058812451207719676,9,
19:47:46.901,,,,,,,,1384,1.4,,,,
19:47:47.146,20.213215534503135,0,20.087924867472168,20.0879,20.0879,20.0879,,,,,-0.035333977844292805,9,
19:47:47.389,,,,,,,,1385,1.4,,,,
19:47:47.621,,,,,,,86,,,,,,
19:47:47.863,20.211169265524607,0,20.089916397749946,20.089892,20.089892,20.089892,,,,,0.01179620036392855,10,
19:47:48.099,,,,,,,,1387,1.4,,,,
19:47:48.340,20.209657956657924,0,20.091122516499947,20.091098,20.091098,20.091098,,,,,,9,
19:47:48.592,,,,,,,,1381,1.4,,,,
19:47:48.820,,,,,,,86,,,,,,
19:47:49.065,20.207204794814505,0,20.092720768277726,20.092696,20.092696,20.092696,,,,,,8,
19:47:49.301,,,,,,,,1383,1.4,,,,
19:47:49.539,20.20532523160062,0,20.09351015444439,20.093485,20.093485,20.093485,,,,,-0.03551356376383294,6,
19:47:49.782,,,,,,,,1388,1.4,,,,
19:47:50.021,,,,,,,87,,,,,,
19:47:50.261,20.20202887420639,0,20.09431946433328,20.094294,20.094294,20.094294,,,,,-0.07089411139512763,4,
19:47:50.503,,,,,,,,1385,1.4,,,,
19:47:50.739,20.199895800679766,0,20.094843344444392,20.094818,20.094818,20.094818,,,,,-0.05904378717796948,4,
19:47:50.985,,,,,,,,1384,1.4,,,,
19:47:51.220,,,,,,,87,,,,,,
19:47:51.457,20.196847016991846,0,20.095841225138837,20.095816,20.095816,20.095816,,,,,,5,
19:47:51.709,,,,,,,,1514,1.5,,,,
19:47:51.942,20.1949272627726,0,20.096648620638838,20.096623,20.096623,20.096623,,,,,,6,
19:47:52.180,,,,,,,,1459,1.5,,,,
19:47:52.420,,,,,,,88,,,,,,
19:47:52.661,20.191674430639043,0,20.097448291416615,20.097423,20.097423,20.097423,,,,,,4,
19:47:52.914,,,,,,,,1389,1.4,,,,
19:47:53.174,20.189214650006107,0,20.09787558874995,20.09785,20.09785,20.09785,,,,,,3,
19:47:53.411,,,,,,,,1381,1.4,,,,
19:47:53.654,,,,,,,88,,,,,,
19:47:53.891,20.18557799319915,0,20.098273728861063,20.098248,20.098248,20.098248,,,,,-0.034918631567056296,2,
19:47:54.138,,,,,,,,1399,1.4,,,,
19:47:54.373,20.183131204414938,0,20.098541692194395,20.098516,20.098516,20.098516,,,,,-0.046598266095801893,2,
19:47:54.640,,,,,,,,1384,1.4,,,,
19:47:54.878,,,,,,,88,,,,,,
19:47:55.123,20.17911901510149,0,20.09875001113884,20.098724,20.098724,20.098724,,,,,-0.03451979937744456,1,
19:47:55.359,,,,,,,,1385,1.4,,,,
19:47:55.600,20.176400548157368,,20.09875001113884,20.098724,20.098724,20.098724,,,,,-0.0350284054649355,0,
19:47:55.843,,,,,,,,1385,1.4,,,,
19:47:56.077,,,,,,,88,,,,,,
19:47:56.315,20.17241137052534,,20.09875001113884,20.098724,20.098724,20.098724,,,,,-0.023365156206266717,0,
19:47:56.563,,,,,,,,1385,1.4,,,,
19:47:56.832,20.16950456761113,,20.09875001113884,20.098724,20.098724,20.098724,,,,,-0.02304169761898896,0,
19:47:57.070,,,,,,,,1388,1.4,,,,
19:47:57.337,,,,,,,89,,,,,,
19:47:57.580,20.16529857107126,,20.09875001113884,20.098724,20.098724,20.098724,,,,,-0.011525951660417866,0,
19:47:57.818,,,,,,,,1415,1.4,,,,
19:47:58.062,20.16259261813581,,20.09875001113884,20.098724,20.098724,20.098724,,,,,0,0,
19:47:58.299,,,,,,,,1611,1.6,,,,
19:47:58.545,,,,,,,89,,,,,,
19:47:58.778,20.15856849128385,,20.09875001113884,20.098724,20.098724,20.098724,,,,,0,0,
19:47:59.019,,,,,,,,1410,1.4,,,,
19:47:59.261,20.155858733296206,,20.09875001113884,20.098724,20.098724,20.098724,,,,,0,0,
19:47:59.508,,,,,,,,1385,1.4,,,,
19:47:59.738,,,,,,,89,,,,,,
19:47:59.990,20.151736355851614,,20.09875001113884,20.098724,20.098724,20.098724,,,,,0,0,
19:48:00.218,,,,,,,,1380,1.4,,,,
19:48:00.465,20.149099666077635,,20.09875001113884,20.098724,20.098724,20.098724,,,,,0,0,
19:48:00.700,,,,,,,,1383,1.4,,,,
19:48:00.942,,,,,,,89,,,,,,
19:48:01.182,20.145080011974255,,20.09875001113884,20.098724,20.098724,20.098724,,,,,0,0,
19:48:01.422,,,,,,,,1388,1.4,,,,
19:48:01.666,20.142366217650707,,20.09875001113884,20.098724,20.098724,20.098724,,,,,0,0,
19:48:01.899,,,,,,,,1385,1.4,,,,
19:48:02.140,,,,,,,89,,,,,,
19:48:02.380,20.13835036929607,,20.09875001113884,20.098724,20.098724,20.098724,,,,,0,0,
19:48:02.620,,,,,,,,1386,1.4,,,,
19:48:02.863,20.13563800552318,,20.09875001113884,20.098724,20.098724,20.098724,,,,,0,0,
19:48:03.110,,,,,,,,1385,1.4,,,,
19:48:03.340,,,,,,,89,,,,,,
19:48:03.584,20.13161277642705,,20.09875001113884,20.098724,20.098724,20.098724,,,,,0,0,
19:48:03.820,,,,,,,,1389,1.4,,,,
19:48:04.060,20.128948794221927,,20.09875001113884,20.098724,20.098724,20.098724,,,,,0,0,
19:48:04.302,,,,,,,,1383,1.4,,,,
19:48:04.537,,,,,,,89,,,,,,
19:48:04.777,20.124932237720742,,20.09875001113884,20.098724,20.098724,20.098724,,,,,0,0,
19:48:05.020,,,,,,,,1386,1.4,,,,
19:48:05.258,20.122509199820815,0,20.099017069694394,20.098991,20.098991,20.098991,,,,,0.02364829920337432,2,
19:48:05.502,,,,,,,,1381,1.4,,,,
19:48:05.740,,,,,,,89,,,,,,
19:48:05.979,20.11947650156304,0,20.100018809972173,20.099993,20.099993,20.099993,,,,,0.059133502558927464,5,
19:48:06.224,,,,,,,,1396,1.4,,,,
19:48:06.459,20.11772554966442,0,20.100952265222173,20.100926,20.100926,20.100926,,,,,0.08263505100098247,7,
19:48:06.698,,,,,,,,1373,1.4,,,,
19:48:06.940,,,,,,,89,,,,,,
19:48:07.181,20.115494418682452,0,20.102757262472174,20.102731,20.102731,20.102731,,,,,0.10604347879662565,9,
19:48:07.425,,,,,,,,1385,1.4,,,,
19:48:07.659,20.114152927883108,0,20.10408277274995,20.104057,20.104057,20.104057,,,,,0.09439802175718336,10,
19:48:07.898,,,,,,,,1385,1.4,,,,
19:48:08.141,,,,,,,89,,,,,,
19:48:08.379,20.112729382230555,0,20.106683297444395,20.106658,20.106658,20.106658,,,,,0.09444173501628556,13,
19:48:08.646,,,,,,,,1385,1.4,,,,
19:48:08.890,20.112002882418032,0,20.108814403694396,20.108789,20.108789,20.108789,,,,,0.09324607250741454,15,
19:48:09.131,,,,,,,,1385,1.4,,,,
19:48:09.402,,,,,,,89,,,,,,
19:48:09.638,20.111356283718447,0,20.112346765222174,20.112321,20.112321,20.112321,,,,,0.09226202735455753,17,
19:48:09.882,,,,,,,,1386,1.4,,,,
19:48:10.150,20.11119823676397,0,20.115049289333285,20.115024,20.115024,20.115024,,,,,0.10231145493404356,19,
19:48:10.402,,,,,,,,1386,1.4,,,,
19:48:10.632,,,,,,,89,,,,,,
19:48:10.876,20.111175819132914,0,20.119082886555507,20.119058,20.119058,20.119058,,,,,0.0793878385184293,20,
19:48:11.113,,,,,,,,1388,1.4,,,,
19:48:11.380,20.11130006064947,0,20.122019870722173,20.121995,20.121995,20.121995,,,,,0.06824823722484714,21,
19:48:11.650,,,,,,,,1382,1.4,,,,
19:48:11.892,,,,,,,89,,,,,,
19:48:12.130,20.111693575584486,0,20.126607019833283,20.126582,20.126582,20.126582,,,,,0.056811274403735804,22,
19:48:12.368,,,,,,,,1385,1.4,,,,
19:48:12.615,20.112082108477562,0,20.129703674027727,20.129679,20.129679,20.129679,,,,,0.04596727792112418,23,
19:48:12.849,,,,,,,,1384,1.4,,,,
19:48:13.086,,,,,,,89,,,,,,
19:48:13.330,20.112655400069475,0,20.13427439949995,20.13425,20.13425,20.13425,,,,,0.03463317421882455,23,
19:48:13.569,,,,,,,,1388,1.4,,,,
19:48:13.809,20.113042319825208,0,20.137360250083283,20.137336,20.137336,20.137336,,,,,0.02332114919238313,23,
19:48:14.048,,,,,,,,1383,1.4,,,,
19:48:14.289,,,,,,,89,,,,,,
19:48:14.533,20.113618608851628,0,20.141957935388838,20.141934,20.141934,20.141934,,,,,0.011788838093734615,23,
19:48:14.771,,,,,,,,1385,1.4,,,,
19:48:15.008,20.114130769946946,0,20.145125614055505,20.145102,20.145102,20.145102,,,,,0.011835594593267959,24,
19:48:15.251,,,,,,,,1383,1.4,,,,
19:48:15.487,,,,,,,89,,,,,,
19:48:15.734,20.114912334354173,0,20.149961142055506,20.149938,20.149938,20.149938,,,,,0.011783841056129053,24,
19:48:15.977,,,,,,,,1385,1.4,,,,
19:48:16.209,20.11542410758674,0,20.153128530055508,20.153105,20.153105,20.153105,,,,,0.011803137530554538,24,
19:48:16.452,,,,,,,,1386,1.4,,,,
19:48:16.695,,,,,,,89,,,,,,
19:48:16.930,20.116206404603027,0,20.15797181538884,20.157948,20.157948,20.157948,,,,,0.0118167736113209,24,
19:48:17.170,,,,,,,,1386,1.4,,,,
19:48:17.444,20.116754306425566,0,20.161365096722175,20.161341,20.161341,20.161341,,,,,0,24,
19:48:17.679,,,,,,,,1386,1.4,,,,
19:48:17.952,,,,,,,89,,,,,,
19:48:18.193,20.117352988634945,0,20.166152441944398,20.166128,20.166128,20.166128,,,,,-0.011518043113148451,23,
19:48:18.429,,,,,,,,1649,1.6,,,,
19:48:18.699,20.117760935543988,0,20.169415717083286,20.169391,20.169391,20.169391,,,,,-0.011375120515326334,23,
19:48:18.941,,,,,,,,1530,1.5,,,,
19:48:19.178,,,,,,,89,,,,,,
19:48:19.424,20.11833532802731,0,20.174012000666618,20.173987,20.173987,20.173987,,,,,-0.011359454822411135,23,
19:48:19.660,,,,,,,,1396,1.4,,,,
19:48:19.907,20.11885459149219,0,20.17723187799995,20.177207,20.177207,20.177207,,,,,,24,
19:48:20.151,,,,,,,,1388,1.4,,,,
19:48:20.379,,,,,,,89,,,,,,
19:48:20.622,20.11962434199811,0,20.182006574666616,20.181982,20.181982,20.181982,,,,,0.011661661472145566,24,
19:48:20.860,,,,,,,,1535,1.5,,,,
19:48:21.106,20.120144389292168,0,20.18523345599995,20.185209,20.185209,20.185209,,,,,0.011766661633494904,24,
19:48:21.344,,,,,,,,671,0.7,,,,
19:48:21.576,,,,,,,89,,,,,,
19:48:21.818,20.120907543416724,0,20.18997037599995,20.189946,20.189946,20.189946,,,,,0.011833194572306692,24,
19:48:22.069,,,,,,,,0,0,,,,
19:48:22.299,20.121424635746568,0,20.193181042666616,20.193157,20.193157,20.193157,,,,,0,24,
19:48:22.539,,,,,,,,0,0,,,,
19:48:22.785,,,,,,,89,,,,,,
19:48:23.019,20.122397137359624,0,20.19818334474995,20.198159,20.198159,20.198159,,,,,0.011813951535873954,25,
19:48:23.270,,,,,,,,0,0,,,,
19:48:23.500,20.123045518999657,0,20.201519564194395,20.201495,20.201495,20.201495,,,,,0.011833219783783674,25,
19:48:23.738,,,,,,,,0,0,,,,
19:48:23.983,,,,,,,89,,,,,,
19:48:24.220,20.124018397713975,0,20.20652713363884,20.206503,20.206503,20.206503,,,,,0.011788418118699101,25,
19:48:24.463,,,,,,,,0,0,,,,
19:48:24.734,20.124711522283913,0,20.210095980861063,20.210072,20.210072,20.210072,,,,,0.011631674066537789,25,
19:48:24.972,,,,,,,,0,0,,,,
19:48:25.242,,,,,,,88,,,,,,
19:48:25.482,20.125719643785764,0,20.215288535722173,20.215265,20.215265,20.215265,,,,,0,25,
19:48:25.718,,,,,,,,0,0,,,,
19:48:25.961,20.126369739303403,0,20.21863813711106,20.218615,20.218615,20.218615,,,,,0,25,
19:48:26.199,,,,,,,,0,0,,,,
19:48:26.440,,,,,,,88,,,,,,
19:48:26.683,20.127536405479447,0,20.22382716583328,20.223804,20.223804,20.223804,,,,,0.011502752255406342,26,
19:48:26.921,,,,,,,,0,0,,,,
19:48:27.193,20.128364905209096,0,20.227513369999947,20.22749,20.22749,20.22749,,,,,0.011519815194802573,26,
19:48:27.434,,,,,,,,0,0,,,,
19:48:27.704,,,,,,,88,,,,,,
19:48:27.944,20.129582557807133,0,20.23293290172217,20.23291,20.23291,20.23291,,,,,0.011507906409522848,26,
19:48:28.181,,,,,,,,0,0,,,,
19:48:28.454,20.130410907206922,0,20.236621006777725,20.236598,20.236598,20.236598,,,,,0.011359431589296169,26,
19:48:28.692,,,,,,,,0,0,,,,
19:48:28.962,,,,,,,87,,,,,,
19:48:29.200,20.131626888680778,0,20.24203687322217,20.242014,20.242014,20.242014,,,,,0,26,
19:48:29.441,,,,,,,,0,0,,,,
19:48:29.678,20.13226306340829,0,20.245322094749948,20.245299,20.245299,20.245299,,,,,-0.011400588812635382,25,
19:48:29.920,,,,,,,,0,0,,,,
19:48:30.162,,,,,,,87,,,,,,
19:48:30.401,20.133235447076633,0,20.25034516697217,20.250322,20.250322,20.250322,,,,,-0.011528358623686865,25,
19:48:30.642,,,,,,,,0,0,,,,
19:48:30.913,20.133924132347417,0,20.253903944055505,20.253881,20.253881,20.253881,,,,,-0.011520310894387743,25,
19:48:31.153,,,,,,,,0,0,,,,
19:48:31.422,,,,,,,86,,,,,,
19:48:31.660,20.13472081889448,0,20.258880148055503,20.258857,20.258857,20.258857,,,,,-0.023031016867663203,24,
19:48:31.898,,,,,,,,0,0,,,,
19:48:32.150,20.1351132360251,0,20.26204999399995,20.262027,20.262027,20.262027,,,,,-0.022910857523786174,23,
19:48:32.378,,,,,,,,0,0,,,,
19:48:32.621,,,,,,,86,,,,,,
19:48:32.864,20.135477916935493,0,20.266380089611058,20.266357,20.266357,20.266357,,,,,-0.03449292575709866,22,
19:48:33.104,,,,,,,,0,0,,,,
19:48:33.373,20.135458911772062,0,20.26920437294439,20.269181,20.269181,20.269181,,,,,-0.057582912404696984,20,
19:48:33.611,,,,,,,,0,0,,,,
19:48:33.881,,,,,,,86,,,,,,
19:48:34.122,20.135017367467967,0,20.27295169094439,20.272928,20.272928,20.272928,,,,,-0.06902822523638615,18,
19:48:34.362,,,,,,,,0,0,,,,
19:48:34.601,20.134735165182313,0,20.27534750994439,20.275324,20.275324,20.275324,,,,,-0.05778900430648851,18,
19:48:34.843,,,,,,,,0,0,,,,
19:48:35.113,,,,,,,85,,,,,,
19:48:35.350,20.134088027951783,0,20.278882242027723,20.278859,20.278859,20.278859,,,,,-0.056969572558407434,17,
19:48:35.594,,,,,,,,0,0,,,,
19:48:35.831,20.133407995720557,0,20.280883610361055,20.28086,20.28086,20.28086,,,,,-0.05761951941405798,15,
19:48:36.069,,,,,,,,0,0,,,,
19:48:36.344,,,,,,,85,,,,,,
19:48:36.583,20.13213503813349,0,20.283811130138833,20.283788,20.283788,20.283788,,,,,-0.04604394011115311,14,
19:48:36.821,,,,,,,,0,0,,,,
19:48:37.093,20.131132835010025,0,20.28565190341661,20.285629,20.285629,20.285629,,,,,-0.056848072575918326,13,
19:48:37.335,,,,,,,,0,0,,,,
19:48:37.600,,,,,,,85,,,,,,
19:48:37.843,20.129245163929774,0,20.287943852111056,20.287921,20.287921,20.287921,,,,,-0.06818627245115703,11,
19:48:38.085,,,,,,,,0,0,,,,
19:48:38.349,20.127971832331532,0,20.289490425222166,20.289468,20.289468,20.289468,,,,,-0.04499205005180438,11,
19:48:38.593,,,,,,,,0,0,,,,
19:48:38.894,,,,,,,85,,,,,,
19:48:39.134,20.125997813827247,0,20.291888897305498,20.291866,20.291866,20.291866,,,,,-0.033311214182191635,11,
19:48:39.371,,,,,,,,0,0,,,,
19:48:39.644,20.124575030480003,0,20.293305757583276,20.293283,20.293283,20.293283,,,,,-0.0333073716013867,10,
19:48:39.883,,,,,,,,0,0,,,,
19:48:40.151,,,,,,,85,,,,,,
19:48:40.391,20.122491782826913,0,20.295381051194386,20.295358,20.295358,20.295358,,,,,-0.011115859263449959,10,
19:48:40.631,,,,,,,,0,0,,,,
19:48:40.902,20.121067568939758,0,20.296800318972164,20.296777,20.296777,20.296777,,,,,-0.01109498509966135,10,
19:48:41.140,,,,,,,,0,0,,,,
19:48:41.413,,,,,,,84,,,,,,
19:48:41.650,20.118777999811194,0,20.298669777222162,20.298646,20.298646,20.298646,,,,,-0.022512707544190776,9,
19:48:41.888,,,,,,,,0,0,,,,
19:48:42.134,20.117293816534126,0,20.299882040472163,20.299858,20.299858,20.299858,,,,,-0.011372568436177262,9,
19:48:42.369,,,,,,,,0,0,,,,
19:48:42.611,,,,,,,84,,,,,,
19:48:42.853,20.11509649964636,0,20.301677377222163,20.301653,20.301653,20.301653,,,,,-0.011506214175112823,9,
19:48:43.094,,,,,,,,0,0,,,,
19:48:43.361,20.113680882814442,0,20.30309006527772,20.303066,20.303066,20.303066,,,,,,10,
19:48:43.602,,,,,,,,0,0,,,,
19:48:43.872,,,,,,,83,,,,,,
19:48:44.112,20.11179982960285,0,20.30538230577772,20.305358,20.305358,20.305358,,,,,0.023012024524292764,11,
19:48:44.354,,,,,,,,0,0,,,,
19:48:44.593,20.110595055209792,0,20.306850934111054,20.306827,20.306827,20.306827,,,,,0.02304619695222899,11,
19:48:44.829,,,,,,,,0,0,,,,
19:48:45.072,,,,,,,83,,,,,,
19:48:45.310,20.108795873397185,0,20.309044872499943,20.309021,20.309021,20.309021,,,,,0.02305219410712928,11,
19:48:45.548,,,,,,,,0,0,,,,
19:48:45.822,20.107653362184053,0,20.31075272349994,20.310729,20.310729,20.310729,,,,,0.02301770649896175,12,
19:48:46.062,,,,,,,,0,0,,,,
19:48:46.332,,,,,,,83,,,,,,
19:48:46.572,20.10598245959521,0,20.31325129249994,20.313228,20.313228,20.313228,,,,,0.011513803666732698,12,
19:48:46.813,,,,,,,,1543,1.5,,,,
19:48:47.079,20.10485376357578,0,20.314939660833275,20.314916,20.314916,20.314916,,,,,0.011391322841725709,12,
19:48:47.320,,,,,,,,1535,1.5,,,,
19:48:47.559,,,,,,,83,,,,,,
19:48:47.808,20.10303009815699,0,20.317166385333277,20.317143,20.317143,20.317143,,,,,0,11,
19:48:48.045,,,,,,,,1534,1.5,,,,
19:48:48.280,20.101979921604876,0,20.31873839066661,20.318715,20.318715,20.318715,,,,,,12,
19:48:48.519,,,,,,,,1534,1.5,,,,
19:48:48.761,,,,,,,83,,,,,,
19:48:48.998,20.100380330388912,0,20.321133595999942,20.32111,20.32111,20.32111,,,,,,12,
19:48:49.243,,,,,,,,750,0.8,,,,
19:48:49.507,20.09937802626167,0,20.322989118499944,20.322966,20.322966,20.322966,,,,,,13,
19:48:49.751,,,,,,,,0,0,,,,
19:48:49.996,,,,,,,85,,,,,,
19:48:50.232,20.098171555770854,0,20.325789711944388,20.325767,20.325767,20.325767,,,,,0.03505472620187802,14,
19:48:50.467,,,,,,,,0,0,,,,
19:48:50.714,20.097231352497303,0,20.327531386583278,20.327509,20.327509,20.327509,,,,,,13,
19:48:50.950,,,,,,,,0,0,,,,
19:48:51.189,,,,,,,85,,,,,,
19:48:51.432,20.0958336391653,0,20.33012142641661,20.330099,20.330099,20.330099,,,,,,13,
19:48:51.671,,,,,,,,0,0,,,,
19:48:51.944,20.094553031889273,0,20.33168839841661,20.331666,20.331666,20.331666,,,,,-0.02325044447904545,11,
19:48:52.183,,,,,,,,0,0,,,,
19:48:52.450,,,,,,,85,,,,,,
19:48:52.691,20.092278099656983,0,20.333556004666608,20.333534,20.333534,20.333534,,,,,-0.05760219170058043,9,
19:48:52.934,,,,,,,,0,0,,,,
19:48:53.199,20.090451734303613,0,20.334544364805495,20.334522,20.334522,20.334522,,,,,-0.06840043848149015,7,
19:48:53.443,,,,,,,,0,0,,,,
19:48:53.711,,,,,,,85,,,,,,
19:48:53.955,20.08753126831319,0,20.33580332863883,20.335781,20.335781,20.335781,,,,,-0.07859097472603035,6,
19:48:54.191,,,,,,,,0,0,,,,
19:48:54.463,20.085567866136138,0,20.336650011805496,20.336628,20.336628,20.336628,,,,,-0.05622666156323555,6,
19:48:54.703,,,,,,,,0,0,,,,
19:48:54.970,,,,,,,85,,,,,,
19:48:55.245,20.08297320090082,0,20.33838938513883,20.338367,20.338367,20.338367,,,,,,8,
19:48:55.482,,,,,,,,0,0,,,,
19:48:55.752,20.081432723424932,0,20.33965642563883,20.339634,20.339634,20.339634,,,,,,9,
19:48:55.995,,,,,,,,0,0,,,,
19:48:56.260,,,,,,,85,,,,,,
19:48:56.503,20.079356059034573,0,20.341743233416608,20.341721,20.341721,20.341721,,,,,0.044450634958001896,10,
19:48:56.739,,,,,,,,0,0,,,,
19:48:57.015,20.078223181895964,0,20.343448085083274,20.343426,20.343426,20.343426,,,,,0.0665976896799941,12,
19:48:57.254,,,,,,,,0,0,,,,
19:48:57.524,,,,,,,84,,,,,,
19:48:57.759,20.076984130581938,0,20.346340286361052,20.346318,20.346318,20.346318,,,,,0.06760992670714659,14,
19:48:58.005,,,,,,,,0,0,,,,
19:48:58.240,20.076446310920566,0,20.34847954236105,20.348457,20.348457,20.348457,,,,,0.07968612365975962,16,
19:48:58.487,,,,,,,,0,0,,,,
19:48:58.723,,,,,,,84,,,,,,
19:48:58.964,20.075835738337734,0,20.35189987388883,20.351877,20.351877,20.351877,,,,,0.08057759922011391,17,
19:48:59.204,,,,,,,,0,0,,,,
19:48:59.474,20.075546039107177,0,20.35444681438883,20.354424,20.354424,20.354424,,,,,0.06910929283509994,18,
19:48:59.712,,,,,,,,0,0,,,,
19:48:59.982,,,,,,,83,,,,,,
19:49:00.220,20.075325453063773,0,20.358398511444385,20.358376,20.358376,20.358376,,,,,0.05754963495419244,19,
19:49:00.459,,,,,,,,0,0,,,,
19:49:00.701,20.075315594542122,0,20.36105334866661,20.361031,20.361031,20.361031,,,,,0.04605256210432395,20,
19:49:00.945,,,,,,,,0,0,,,,
19:49:01.180,,,,,,,83,,,,,,
19:49:01.422,20.07549826588278,0,20.365261776083276,20.365239,20.365239,20.365239,,,,,0.0461043581972498,21,
19:49:01.665,,,,,,,,0,0,,,,
19:49:01.933,20.075767937693954,0,20.368389471472167,20.368367,20.368367,20.368367,,,,,0.04606401317856723,22,
19:49:02.173,,,,,,,,0,0,,,,
19:49:02.444,,,,,,,83,,,,,,
19:49:02.681,20.07616194394779,0,20.37296079341661,20.372938,20.372938,20.372938,,,,,0.03452355652652188,22,
19:49:02.924,,,,,,,,0,0,,,,
19:49:03.194,20.07657189379208,0,20.37623374516661,20.376211,20.376211,20.376211,,,,,0.034084496391971864,23,
19:49:03.436,,,,,,,,0,0,,,,
19:49:03.704,,,,,,,83,,,,,,
19:49:03.943,20.07696644680534,0,20.38081490599994,20.380792,20.380792,20.380792,,,,,,22,
19:49:04.184,,,,,,,,0,0,,,,
19:49:04.453,20.0770951911458,0,20.383788721249942,20.383766,20.383766,20.383766,,,,,,21,
19:49:04.693,,,,,,,,0,0,,,,
19:49:04.963,,,,,,,83,,,,,,
19:49:05.205,20.077079330712838,0,20.387966939583276,20.387944,20.387944,20.387944,,,,,-0.02244453009587169,20,
19:49:05.444,,,,,,,,0,0,,,,
19:49:05.710,20.07706870078923,0,20.39076821291661,20.390745,20.390745,20.390745,,,,,-0.033777582234333164,20,
19:49:05.954,,,,,,,,0,0,,,,
19:49:06.224,,,,,,,83,,,,,,
19:49:06.461,20.077258447411833,0,20.39515398999994,20.395131,20.395131,20.395131,,,,,,21,
19:49:06.704,,,,,,,,0,0,,,,
19:49:06.972,20.077387211702767,0,20.39813125741661,20.398108,20.398108,20.398108,,,,,,21,
19:49:07.209,,,,,,,,0,0,,,,
19:49:07.482,,,,,,,83,,,,,,
19:49:07.722,20.07778171320567,0,20.402718501249943,20.402695,20.402695,20.402695,,,,,0.022508317503991643,22,
19:49:07.963,,,,,,,,0,0,,,,
19:49:08.234,20.07791059059638,0,20.405701103249942,20.405678,20.405678,20.405678,,,,,,21,
19:49:08.473,,,,,,,,0,0,,,,
19:49:08.743,,,,,,,82,,,,,,
19:49:08.977,20.07809939740709,0,20.410072154083277,20.410049,20.410049,20.410049,,,,,,21,
19:49:09.228,,,,,,,,0,0,,,,
19:49:09.489,20.078088611143855,0,20.412880400749945,20.412857,20.412857,20.412857,,,,,-0.011252196123831224,20,
19:49:09.733,,,,,,,,0,0,,,,
19:49:10.003,,,,,,,82,,,,,,
19:49:10.242,20.0776610501802,0,20.416646378749945,20.416623,20.416623,20.416623,,,,,-0.04497271987152218,18,
19:49:10.483,,,,,,,,0,0,,,,
19:49:10.752,20.07709272330007,0,20.418914356972167,20.418891,20.418891,20.418891,,,,,-0.056239915168123614,16,
19:49:10.995,,,,,,,,0,0,,,,
19:49:11.265,,,,,,,82,,,,,,
19:49:11.500,20.075851205161158,0,20.4218237728055,20.4218,20.4218,20.4218,,,,,-0.07859394663350192,14,
19:49:11.743,,,,,,,,0,0,,,,
19:49:11.978,20.07479698417043,0,20.423417455472165,20.423394,20.423394,20.423394,,,,,-0.09104578641656397,12,
19:49:12.224,,,,,,,,0,0,,,,
19:49:12.492,,,,,,,82,,,,,,
19:49:12.733,20.072719020569306,0,20.425516242972165,20.425493,20.425493,20.425493,,,,,-0.09096342256116492,10,
19:49:12.973,,,,,,,,0,0,,,,
19:49:13.210,20.07154182465026,0,20.426968779833278,20.426946,20.426946,20.426946,,,,,,11,
19:49:13.449,,,,,,,,0,0,,,,
19:49:13.694,,,,,,,82,,,,,,
19:49:13.934,20.069944288601636,0,20.429386380499945,20.429364,20.429364,20.429364,,,,,,12,
19:49:14.174,,,,,,,,0,0,,,,
19:49:14.442,20.06896467035941,0,20.431220187222166,20.431198,20.431198,20.431198,,,,,,13,
19:49:14.682,,,,,,,,0,0,,,,
19:49:14.987,,,,,,,82,,,,,,
19:49:15.224,20.06788356640427,0,20.434477814722165,20.434456,20.434456,20.434456,,,,,0.0568526708498421,15,
19:49:15.462,,,,,,,,0,0,,,,
19:49:15.732,20.06731861594281,0,20.43674081249994,20.436719,20.436719,20.436719,,,,,0.056144128100405886,16,
19:49:15.970,,,,,,,,0,0,,,,
19:49:16.244,,,,,,,82,,,,,,
19:49:16.483,20.066690633480253,0,20.440286077972164,20.440264,20.440264,20.440264,,,,,0.05556947865631941,17,
19:49:16.724,,,,,,,,0,0,,,,
19:49:16.994,20.06626399056182,0,20.44269551252772,20.442673,20.442673,20.442673,,,,,0.04439641213807293,17,
19:49:17.234,,,,,,,,0,0,,,,
19:49:17.504,,,,,,,81,,,,,,
19:49:17.738,20.065642775876338,0,20.446204975999944,20.446182,20.446182,20.446182,,,,,0.02253468166459317,17,
19:49:17.980,,,,,,,,0,0,,,,
19:49:18.221,20.06510729640526,0,20.448352561333277,20.44833,20.44833,20.44833,,,,,0,16,
19:49:18.455,,,,,,,,0,0,,,,
19:49:18.700,,,,,,,81,,,,,,
19:49:18.943,20.064306946412124,0,20.451563487111056,20.451541,20.451541,20.451541,,,,,-0.011513820515337815,16,
19:49:19.185,,,,,,,,0,0,,,,
19:49:19.451,20.063743944187888,0,20.45382295466661,20.4538,20.4538,20.4538,,,,,-0.011527998758413783,16,
19:49:19.689,,,,,,,,0,0,,,,
19:49:19.964,,,,,,,81,,,,,,
19:49:20.202,20.062709221594297,0,20.456948276333275,20.456925,20.456925,20.456925,,,,,-0.022994661272916318,15,
19:49:20.442,,,,,,,,0,0,,,,
19:49:20.712,20.062005268492435,0,20.459075257583276,20.459052,20.459052,20.459052,,,,,-0.011371101554786444,15,
19:49:20.952,,,,,,,,0,0,,,,
19:49:21.223,,,,,,,81,,,,,,
19:49:21.464,20.061173490656405,0,20.462417111361052,20.462394,20.462394,20.462394,,,,,,16,
19:49:21.700,,,,,,,,0,0,,,,
19:49:21.975,20.06060864385226,0,20.464687290472163,20.464664,20.464664,20.464664,,,,,,16,
19:49:22.213,,,,,,,,0,0,,,,
19:49:22.484,,,,,,,81,,,,,,
19:49:22.723,20.05998559756702,0,20.468218397305495,20.468195,20.468195,20.468195,,,,,0.022472328027540133,17,
19:49:22.964,,,,,,,,0,0,,,,
19:49:23.233,20.05969905735535,0,20.470773472805494,20.47075,20.47075,20.47075,,,,,0.033712029177785915,18,
19:49:23.470,,,,,,,,0,0,,,,
19:49:23.774,,,,,,,81,,,,,,
19:49:24.014,20.0592617326202,0,20.474674462805496,20.474651,20.474651,20.474651,,,,,0.022217361213604757,18,
19:49:24.255,,,,,,,,0,0,,,,
19:49:24.519,20.059116005044434,0,20.477342880861052,20.477319,20.477319,20.477319,,,,,0.033394292027308425,19,
19:49:24.764,,,,,,,,0,0,,,,
19:49:25.035,,,,,,,81,,,,,,
19:49:25.274,20.058898478631967,0,20.481327374027718,20.481303,20.481303,20.481303,,,,,0.022199985861594995,19,
19:49:25.510,,,,,,,,0,0,,,,
19:49:25.780,20.058752704911445,0,20.48399846897216,20.483974,20.483974,20.483974,,,,,0.011117949604204543,19,
19:49:26.024,,,,,,,,0,0,,,,
19:49:26.290,,,,,,,81,,,,,,
19:49:26.533,20.058740684432408,0,20.488177961749937,20.488153,20.488153,20.488153,,,,,0.022489678025578205,20,
19:49:26.800,,,,,,,,0,0,,,,
19:49:27.073,20.058732055906393,0,20.49117913508327,20.491154,20.491154,20.491154,,,,,0.011092448561422564,20,
19:49:27.310,,,,,,,,0,0,,,,
19:49:27.583,,,,,,,81,,,,,,
19:49:27.822,20.058923723670645,0,20.495548386333272,20.495523,20.495523,20.495523,,,,,0.02223661403456831,21,
19:49:28.062,,,,,,,,0,0,,,,
19:49:28.333,20.059054554185337,0,20.498531816083272,20.498506,20.498506,20.498506,,,,,0.0221900310416544,21,
19:49:28.571,,,,,,,,0,0,,,,
19:49:28.841,,,,,,,81,,,,,,
19:49:29.083,20.059246167090702,0,20.50290281149994,20.502877,20.502877,20.502877,,,,,0.011108160888200309,21,
19:49:29.318,,,,,,,,0,0,,,,
19:49:29.594,20.059515750641083,0,20.506026780333272,20.506001,20.506001,20.506001,,,,,0.022471798528077368,22,
19:49:29.834,,,,,,,,0,0,,,,
19:49:30.103,,,,,,,81,,,,,,
19:49:30.344,20.059911250743877,0,20.510611457499937,20.510586,20.510586,20.510586,,,,,0.011230644736800103,22,
19:49:30.583,,,,,,,,0,0,,,,
19:49:30.851,20.06017860256896,0,20.513711685888826,20.513686,20.513686,20.513686,,,,,0.011248938063715437,22,
19:49:31.093,,,,,,,,0,0,,,,
19:49:31.365,,,,,,,81,,,,,,
19:49:31.600,20.06057310468399,0,20.51828791811105,20.518262,20.518262,20.518262,,,,,0.011251134622838376,22,
19:49:31.841,,,,,,,,0,0,,,,
19:49:32.112,20.06084280766077,0,20.521417549499937,20.521392,20.521392,20.521392,,,,,0,22,
19:49:32.351,,,,,,,,0,0,,,,
19:49:32.623,,,,,,,81,,,,,,
19:49:32.865,20.061442986407034,0,20.52622298230549,20.526197,20.526197,20.526197,,,,,0.011238487125896953,23,
19:49:33.101,,,,,,,,0,0,,,,
19:49:33.374,20.0618491524777,0,20.529476133611045,20.52945,20.52945,20.52945,,,,,0.011230144710354101,23,
19:49:33.614,,,,,,,,0,0,,,,
19:49:33.883,,,,,,,81,,,,,,
19:49:34.124,20.062447720421435,0,20.534271950499935,20.534246,20.534246,20.534246,,,,,0.011222141446296107,23,
19:49:34.362,,,,,,,,0,0,,,,
19:49:34.634,20.062853873819158,0,20.537527226111045,20.537501,20.537501,20.537501,,,,,0.011233667661201464,23,
19:49:34.872,,,,,,,,0,0,,,,
19:49:35.142,,,,,,,81,,,,,,
19:49:35.384,20.063451329583604,0,20.542317406083267,20.542291,20.542291,20.542291,,,,,0,23,
19:49:35.622,,,,,,,,0,0,,,,
19:49:35.893,20.06385713368301,0,20.5455721054166,20.545546,20.545546,20.545546,,,,,0,23,
19:49:36.133,,,,,,,,0,0,,,,
19:49:36.402,,,,,,,81,,,,,,
19:49:36.644,20.064455347842138,0,20.550371645749934,20.550346,20.550346,20.550346,,,,,0,23,
19:49:36.886,,,,,,,,0,0,,,,
19:49:37.153,20.064860021360232,0,20.553619496833267,20.553594,20.553594,20.553594,,,,,0,23,
19:49:37.393,,,,,,,,0,0,,,,
19:49:37.661,,,,,,,81,,,,,,
19:49:37.901,20.065455287478976,0,20.558398644472156,20.558373,20.558373,20.558373,,,,,0,23,
19:49:38.141,,,,,,,,0,0,,,,
19:49:38.410,20.06586055528778,0,20.561653483083266,20.561628,20.561628,20.561628,,,,,0,23,
19:49:38.652,,,,,,,,0,0,,,,
19:49:38.924,,,,,,,81,,,,,,
19:49:39.163,20.066662847030486,0,20.566669773083266,20.566644,20.566644,20.566644,,,,,0.011247909782634277,24,
19:49:39.402,,,,,,,,0,0,,,,
19:49:39.672,20.067205496768874,0,20.5700638244166,20.570038,20.570038,20.570038,,,,,0.011244688129711583,24,
19:49:39.911,,,,,,,,0,0,,,,
19:49:40.181,,,,,,,80,,,,,,
19:49:40.428,20.068011147956632,0,20.575104569749932,20.575079,20.575079,20.575079,,,,,0.011206657230342346,24,
19:49:40.660,,,,,,,,0,0,,,,
19:49:40.904,20.068520820099188,0,20.57829451974993,20.578269,20.578269,20.578269,,,,,0.0113562559248035,24,
19:49:41.141,,,,,,,,0,0,,,,
19:49:41.382,,,,,,,80,,,,,,
19:49:41.624,20.069284319262437,0,20.583074677083264,20.583049,20.583049,20.583049,,,,,0,24,
19:49:41.868,,,,,,,,0,0,,,,
19:49:42.133,20.069826770781003,0,20.58647201574993,20.586446,20.586446,20.586446,,,,,0,24,
19:49:42.372,,,,,,,,0,0,,,,
19:49:42.643,,,,,,,80,,,,,,
19:49:42.882,20.07082638369458,0,20.591672407416596,20.591646,20.591646,20.591646,,,,,0.01154496498171197,25,
19:49:43.124,,,,,,,,0,0,,,,
19:49:43.392,20.071507229519593,0,20.595215651166594,20.595189,20.595189,20.595189,,,,,0.01138672113573311,25,
19:49:43.634,,,,,,,,0,0,,,,
19:49:43.901,,,,,,,80,,,,,,
19:49:44.142,20.072507366418044,0,20.600422318527706,20.600396,20.600396,20.600396,,,,,0.011248946104881724,25,
19:49:44.382,,,,,,,,0,0,,,,
19:49:44.650,20.073185017506372,0,20.603951340749926,20.603925,20.603925,20.603925,,,,,0.011253784056209309,25,
19:49:44.893,,,,,,,,0,0,,,,
19:49:45.161,,,,,,,80,,,,,,
19:49:45.404,20.074189741921995,0,20.60918545880548,20.609159,20.609159,20.609159,,,,,0,25,
19:49:45.643,,,,,,,,0,0,,,,
19:49:45.910,20.074727158353706,0,20.612558915472146,20.612532,20.612532,20.612532,,,,,-0.01125062383290208,24,
19:49:46.152,,,,,,,,0,0,,,,
19:49:46.424,,,,,,,80,,,,,,
19:49:46.663,20.075322934114944,0,20.6173696900277,20.617343,20.617343,20.617343,,,,,-0.022473584128592405,23,
19:49:46.903,,,,,,,,0,0,,,,
19:49:47.173,20.075588423367613,0,20.620486730083257,20.62046,20.62046,20.62046,,,,,-0.03368291437560521,22,
19:49:47.411,,,,,,,,648,0.6,,,,
19:49:47.684,,,,,,,80,,,,,,
19:49:47.916,20.0755732379393,0,20.624614539527702,20.624588,20.624588,20.624588,,,,,-0.056363054601147954,20,
19:49:48.163,,,,,,,,1607,1.6,,,,
19:49:48.401,20.075432384955448,0,20.627171090333256,20.627145,20.627145,20.627145,,,,,-0.05685454688539387,19,
19:49:48.641,,,,,,,,1424,1.4,,,,
19:49:48.891,,,,,,,80,,,,,,
19:49:49.118,20.075030147194678,0,20.630756226833256,20.63073,20.63073,20.63073,,,,,-0.05768567559960991,18,
19:49:49.364,,,,,,,,1385,1.4,,,,
19:49:49.599,20.074629929788493,0,20.633030334305477,20.633004,20.633004,20.633004,,,,,-0.058364667110536055,17,
19:49:49.836,,,,,,,,1382,1.4,,,,
19:49:50.082,,,,,,,80,,,,,,
19:49:50.320,20.073641901452785,0,20.636032649722143,20.636006,20.636006,20.636006,,,,,-0.058925162136788584,15,
19:49:50.559,,,,,,,,1385,1.4,,,,
19:49:50.808,20.072840477978072,0,20.637931970222144,20.637905,20.637905,20.637905,,,,,-0.058826311851582366,14,
19:49:51.039,,,,,,,,1384,1.4,,,,
19:49:51.283,,,,,,,80,,,,,,
19:49:51.517,20.071103451657088,0,20.64009766030548,20.640071,20.640071,20.640071,,,,,-0.08263905992462389,11,
19:49:51.760,,,,,,,,1385,1.4,,,,
19:49:52.003,20.069520941387733,0,20.64117632630548,20.64115,20.64115,20.64115,,,,,-0.10608199301082233,8,
19:49:52.238,,,,,,,,1383,1.4,,,,
19:49:52.481,,,,,,,80,,,,,,
19:49:52.720,20.06679445031818,0,20.642372399138814,20.642346,20.642346,20.642346,,,,,-0.10621036214375915,6,
19:49:52.961,,,,,,,,1384,1.4,,,,
19:49:53.204,20.06482440656055,0,20.643045009277703,20.643019,20.643019,20.643019,,,,,-0.10639432708018921,5,
19:49:53.438,,,,,,,,1385,1.4,,,,
19:49:53.681,,,,,,,80,,,,,,
19:49:53.920,20.061527452588262,0,20.643641432611037,20.643615,20.643615,20.643615,,,,,-0.09429991577394618,3,
19:49:54.156,,,,,,,,1385,1.4,,,,
19:49:54.407,20.059287094735772,0,20.644046847861038,20.64402,20.64402,20.64402,,,,,-0.0589106079596585,3,
19:49:54.643,,,,,,,,1382,1.4,,,,
19:49:54.909,,,,,,,81,,,,,,
19:49:55.148,20.05567593826053,0,20.644458510916593,20.644432,20.644432,20.644432,,,,,-0.046674166865770375,2,
19:49:55.392,,,,,,,,1396,1.4,,,,
19:49:55.632,20.053413273003137,0,20.644868239666593,20.644842,20.644842,20.644842,,,,,,3,
19:49:55.874,,,,,,,,1382,1.4,,,,
19:49:56.111,,,,,,,81,,,,,,
19:49:56.351,20.05011987279492,0,20.645464810666592,20.645439,20.645439,20.645439,,,,,,3,
19:49:56.592,,,,,,,,1386,1.4,,,,
19:49:56.831,20.048061077249997,0,20.645993205222148,20.645967,20.645967,20.645967,,,,,,4,
19:49:57.072,,,,,,,,1384,1.4,,,,
19:49:57.311,,,,,,,81,,,,,,
19:49:57.550,20.045141352907095,0,20.64699246633326,20.646966,20.646966,20.646966,,,,,0.0353686413444515,5,
19:49:57.800,,,,,,,,1383,1.4,,,,
19:49:58.028,20.043462149930264,0,20.647920697249926,20.647894,20.647894,20.647894,,,,,0.04729394503620665,7,
19:49:58.269,,,,,,,,1385,1.4,,,,
19:49:58.509,,,,,,,82,,,,,,
19:49:58.752,20.041305856313105,0,20.649731343249925,20.649705,20.649705,20.649705,,,,,0.07077729060967827,9,
19:49:58.997,,,,,,,,1385,1.4,,,,
19:49:59.231,20.039878378340205,0,20.650930389749924,20.650904,20.650904,20.650904,,,,,0.05899470120517648,9,
19:49:59.470,,,,,,,,1385,1.4,,,,
19:49:59.710,,,,,,,82,,,,,,
19:49:59.952,20.03812252574151,0,20.65313254055548,20.653106,20.653106,20.653106,,,,,0.07077190586273893,11,
19:50:00.192,,,,,,,,1388,1.4,,,,
19:50:00.461,20.03687259043953,0,20.654700702694367,20.654674,20.654674,20.654674,,,,,0.04655709450298566,11,
19:50:00.698,,,,,,,,1385,1.4,,,,
19:50:00.937,,,,,,,83,,,,,,
19:50:01.180,20.035324869402103,0,20.657083348361034,20.657057,20.657057,20.657057,,,,,0.034993566631939546,12,
19:50:01.418,,,,,,,,1385,1.4,,,,
19:50:01.664,20.034278376344375,0,20.658694896694367,20.658669,20.658669,20.658669,,,,,0.03493789544268416,12,
19:50:01.898,,,,,,,,1385,1.4,,,,
19:50:02.139,,,,,,,83,,,,,,
19:50:02.383,20.03252674749352,0,20.660894552333257,20.660869,20.660869,20.660869,,,,,,11,
19:50:02.623,,,,,,,,1383,1.4,,,,
19:50:02.890,20.031294019712785,0,20.662443095361034,20.662418,20.662418,20.662418,,,,,0,11,
19:50:03.133,,,,,,,,1387,1.4,,,,
19:50:03.368,,,,,,,83,,,,,,
19:50:03.610,20.029143707126984,0,20.664253080361036,20.664228,20.664228,20.664228,,,,,-0.03497573843177334,9,
19:50:03.850,,,,,,,,1387,1.4,,,,
19:50:04.089,20.027733501438803,0,20.665440477611035,20.665415,20.665415,20.665415,,,,,-0.0350319983024516,9,
19:50:04.330,,,,,,,,1385,1.4,,,,
19:50:04.567,,,,,,,84,,,,,,
19:50:04.809,20.02521048591658,0,20.666839568972147,20.666814,20.666814,20.666814,,,,,-0.04669889076935963,7,
19:50:05.054,,,,,,,,1384,1.4,,,,
19:50:05.288,20.023401736855888,0,20.667638249638813,20.667613,20.667613,20.667613,,,,,-0.05906744437842853,6,
19:50:05.526,,,,,,,,1385,1.4,,,,
19:50:05.767,,,,,,,85,,,,,,
19:50:06.008,20.020686909327726,0,20.66883740980548,20.668812,20.668812,20.668812,,,,,-0.035439770460493666,6,
19:50:06.251,,,,,,,,1385,1.4,,,,
19:50:06.490,20.018867601457757,0,20.669641271972147,20.669616,20.669616,20.669616,,,,,-0.03539878037737521,6,
19:50:06.731,,,,,,,,1385,1.4,,,,
19:50:06.973,,,,,,,85,,,,,,
19:50:07.215,20.01593513126779,0,20.670649467249923,20.670624,20.670624,20.670624,,,,,-0.023542842063743116,5,
19:50:07.451,,,,,,,,1386,1.4,,,,
19:50:07.726,20.01373851650496,0,20.671216097027703,20.671191,20.671191,20.671191,,,,,-0.023239743834815932,4,
19:50:07.957,,,,,,,,1384,1.4,,,,
19:50:08.205,,,,,,,85,,,,,,
19:50:08.438,20.01067354037645,0,20.67200698558326,20.671982,20.671982,20.671982,,,,,-0.023313620045145814,4,
19:50:08.679,,,,,,,,1383,1.4,,,,
19:50:08.921,20.008460417916947,0,20.672410243249924,20.672385,20.672385,20.672385,,,,,-0.03494700932443931,3,
19:50:09.168,,,,,,,,1383,1.4,,,,
19:50:09.408,,,,,,,85,,,,,,
19:50:09.643,20.004968151764604,0,20.672811038361036,20.672786,20.672786,20.672786,,,,,-0.03500241546046795,2,
19:50:09.881,,,,,,,,1382,1.4,,,,
19:50:10.149,20.00238047944114,0,20.672951760666592,20.672927,20.672927,20.672927,,,,,-0.03506011371199113,1,
19:50:10.392,,,,,,,,1385,1.4,,,,
19:50:10.630,,,,,,,86,,,,,,
19:50:10.875,19.998481886209408,,20.672951760666592,20.672927,20.672927,20.672927,,,,,-0.04648780243547572,0,
19:50:11.110,,,,,,,,1388,1.4,,,,
19:50:11.350,19.996056172740897,0,20.673083762972148,20.673059,20.673059,20.673059,,,,,,1,
19:50:11.594,,,,,,,,1632,1.6,,,,
19:50:11.832,,,,,,,86,,,,,,
19:50:12.070,19.99275013004408,0,20.673687193055482,20.673662,20.673662,20.673662,,,,,,3,
19:50:12.310,,,,,,,,1418,1.4,,,,
19:50:12.550,19.990835253500705,0,20.674347628472148,20.674322,20.674322,20.674322,,,,,,5,
19:50:12.793,,,,,,,,1389,1.4,,,,
19:50:13.029,,,,,,,86,,,,,,
19:50:13.267,19.988138245722528,0,20.675544022972147,20.675518,20.675518,20.675518,,,,,0.07102873642952183,6,
19:50:13.513,,,,,,,,1382,1.4,,,,
19:50:13.746,19.986338380097475,0,20.67634270130548,20.676317,20.676317,20.676317,,,,,0.05910653614307324,6,
19:50:13.996,,,,,,,,1386,1.4,,,,
19:50:14.232,,,,,,,86,,,,,,
19:50:14.468,19.983434524361083,0,20.677345177694367,20.677319,20.677319,20.677319,,,,,,5,
19:50:14.722,,,,,,,,1383,1.4,,,,
19:50:14.917,,,,,,,,,,49,,,
19:50:15.171,19.980607891197664,0,20.67832136838881,20.678295,20.678295,20.678295,,,,,0,5,
19:50:15.401,,,,,,,,1385,1.4,,,,
19:50:15.643,,,,,,,86,,,,,,
19:50:15.881,19.977755648306463,0,20.679306776999923,20.67928,20.67928,20.67928,,,,,-0.01083882001450638,5,
19:50:16.118,,,,,,,,1385,1.4,,,,
19:50:16.363,19.975811503003946,0,20.67997866616659,20.679952,20.679952,20.679952,,,,,-0.010824317776165994,5,
19:50:16.602,,,,,,,,1387,1.4,,,,
19:50:16.868,,,,,,,87,,,,,,
19:50:17.106,19.97263210624931,0,20.680802944499924,20.680776,20.680776,20.680776,,,,,-0.01073746804275086,4,
19:50:17.350,,,,,,,,1385,1.4,,,,
19:50:17.592,19.97055359333082,0,20.6813419892777,20.681315,20.681315,20.681315,,,,,-0.011703302010092488,4,
19:50:17.835,,,,,,,,1383,1.4,,,,
19:50:18.071,,,,,,,87,,,,,,
19:50:18.309,19.96726228545898,0,20.681944641277703,20.681918,20.681918,20.681918,,,,,-0.023326129065927126,3,
19:50:18.551,,,,,,,,1384,1.4,,,,
19:50:18.789,19.96510357129437,0,20.68234003769437,20.682313,20.682313,20.682313,,,,,-0.023349066213352757,3,
19:50:19.035,,,,,,,,1385,1.4,,,,
19:50:19.268,,,,,,,87,,,,,,
19:50:19.510,19.96163147881417,0,20.68274053869437,20.682714,20.682714,20.682714,,,,,-0.02356847238413712,2,
19:50:19.759,,,,,,,,1380,1.4,,,,
19:50:19.987,19.959080834444592,,20.68274053869437,20.682714,20.682714,20.682714,,,,,-0.0473025794533938,0,
19:50:20.234,,,,,,,,1557,1.6,,,,
19:50:20.469,,,,,,,88,,,,,,
19:50:20.708,19.955224342432892,,20.68274053869437,20.682714,20.682714,20.682714,,,,,-0.03543206272432143,0,
19:50:20.953,,,,,,,,1404,1.4,,,,
19:50:21.189,19.95264941020878,,20.68274053869437,20.682714,20.682714,20.682714,,,,,-0.03540584814126066,0,
19:50:21.429,,,,,,,,1385,1.4,,,,
19:50:21.672,,,,,,,88,,,,,,
19:50:21.907,19.948811688208252,,20.68274053869437,20.682714,20.682714,20.682714,,,,,-0.02363339637460537,0,
19:50:22.156,,,,,,,,1382,1.4,,,,
19:50:22.390,19.94635997763048,0,20.68287470222215,20.682848,20.682848,20.682848,,,,,0.011785937147895997,1,
19:50:22.630,,,,,,,,1385,1.4,,,,
19:50:22.874,,,,,,,88,,,,,,
19:50:23.108,19.942910176921337,0,20.68327343172215,20.683247,20.683247,20.683247,,,,,0.02360319068441499,2,
19:50:23.351,,,,,,,,1477,1.5,,,,
19:50:23.597,19.940559329573684,0,20.68354523155548,20.683519,20.683519,20.683519,,,,,0.023527890061917453,2,
19:50:23.831,,,,,,,,1468,1.5,,,,
19:50:24.075,,,,,,,87,,,,,,
19:50:24.310,19.937134302911325,0,20.683941353166592,20.683915,20.683915,20.683915,,,,,0.02357549891704079,2,
19:50:24.550,,,,,,,,1388,1.4,,,,
19:50:24.795,19.934805846101717,0,20.68421073733326,20.684184,20.684184,20.684184,,,,,0.01177845543741536,2,
19:50:25.029,,,,,,,,1544,1.5,,,,
19:50:25.266,,,,,,,87,,,,,,
19:50:25.510,19.930993350680193,,20.68421073733326,20.684184,20.684184,20.684184,,,,,-0.0235882690099984,0,
19:50:25.748,,,,,,,,1530,1.5,,,,
19:50:25.993,19.928412529437853,,20.68421073733326,20.684184,20.684184,20.684184,,,,,-0.023641404827559047,0,
19:50:26.228,,,,,,,,0,0,,,,
19:50:26.468,,,,,,,87,,,,,,
19:50:26.712,19.924580853245434,,20.68421073733326,20.684184,20.684184,20.684184,,,,,-0.023586748713520914,0,
19:50:26.948,,,,,,,,0,0,,,,
19:50:27.196,19.92199886209747,,20.68421073733326,20.684184,20.684184,20.684184,,,,,-0.02359182106056731,0,
19:50:27.431,,,,,,,,0,0,,,,
19:50:27.668,,,,,,,87,,,,,,
19:50:27.910,19.918575764279492,0,20.684607427888814,20.684581,20.684581,20.684581,,,,,0.023597005673394737,2,
19:50:28.156,,,,,,,,0,0,,,,
19:50:28.421,19.916242971686383,0,20.685037045888812,20.685011,20.685011,20.685011,,,,,0.035002106923009695,3,
19:50:28.660,,,,,,,,0,0,,,,
19:50:28.932,,,,,,,87,,,,,,
19:50:29.172,19.91306687162059,0,20.68586622655548,20.68584,20.68584,20.68584,,,,,0.04606474170145165,4,
19:50:29.413,,,,,,,,0,0,,,,
19:50:29.683,19.91075186637245,0,20.686292851138813,20.686267,20.686267,20.686267,,,,,,3,
19:50:29.922,,,,,,,,0,0,,,,
19:50:30.193,,,,,,,86,,,,,,
19:50:30.436,19.90695049687245,0,20.68650173919437,20.686476,20.686476,20.686476,,,,,,1,
19:50:30.670,,,,,,,,0,0,,,,
19:50:30.914,19.9045269203944,0,20.686634960361037,20.686609,20.686609,20.686609,,,,,-0.02272044495950271,1,
19:50:31.150,,,,,,,,0,0,,,,
19:50:31.393,,,,,,,86,,,,,,
19:50:31.632,19.90090301595879,0,20.686834225888813,20.686808,20.686808,20.686808,,,,,-0.034530556905938196,1,
19:50:31.872,,,,,,,,0,0,,,,
19:50:32.143,19.89832352804921,0,20.686976109249922,20.68695,20.68695,20.68695,,,,,-0.023030579619450632,1,
19:50:32.379,,,,,,,,0,0,,,,
19:50:32.652,,,,,,,86,,,,,,
19:50:32.893,19.894538946711723,0,20.68718434824992,20.687158,20.687158,20.687158,,,,,0,1,
19:50:33.136,,,,,,,,0,0,,,,
19:50:33.403,19.891963902133458,0,20.687326082611033,20.6873,20.6873,20.6873,,,,,0,1,
19:50:33.639,,,,,,,,0,0,,,,
19:50:33.914,,,,,,,85,,,,,,
19:50:34.156,19.887969776308765,,20.687326082611033,20.6873,20.6873,20.6873,,,,,-0.011226666684831715,0,
19:50:34.389,,,,,,,,0,0,,,,
19:50:34.628,19.885462649574418,,20.687326082611033,20.6873,20.6873,20.6873,,,,,-0.011401323031758615,0,
19:50:34.872,,,,,,,,0,0,,,,
19:50:35.111,,,,,,,85,,,,,,
19:50:35.354,19.881603904551135,,20.687326082611033,20.6873,20.6873,20.6873,,,,,-0.011508992132443177,0,
19:50:35.594,,,,,,,,1528,1.5,,,,
19:50:35.862,19.879047458764035,0,20.687466982111033,20.687441,20.687441,20.687441,,,,,,1,
19:50:36.103,,,,,,,,1533,1.5,,,,
19:50:36.341,,,,,,,85,,,,,,
19:50:36.580,19.87524012887789,,20.687466982111033,20.687441,20.687441,20.687441,,,,,,0,
19:50:36.823,,,,,,,,1535,1.5,,,,
19:50:37.060,19.872694534224404,,20.687466982111033,20.687441,20.687441,20.687441,,,,,,0,
19:50:37.306,,,,,,,,1534,1.5,,,,
19:50:37.540,,,,,,,84,,,,,,
19:50:37.779,19.868882401679272,,20.687466982111033,20.687441,20.687441,20.687441,,,,,0,0,
19:50:38.023,,,,,,,,1432,1.4,,,,
19:50:38.268,19.866260975955342,,20.687466982111033,20.687441,20.687441,20.687441,,,,,-0.011770367891802103,0,
19:50:38.500,,,,,,,,0,0,,,,
19:50:38.741,,,,,,,84,,,,,,
19:50:38.979,19.86252084014676,,20.687466982111033,20.687441,20.687441,20.687441,,,,,0,0,
19:50:39.224,,,,,,,,0,0,,,,
19:50:39.459,19.859977892283116,,20.687466982111033,20.687441,20.687441,20.687441,,,,,0,0,
19:50:39.700,,,,,,,,0,0,,,,
19:50:39.944,,,,,,,83,,,,,,
19:50:40.178,19.856170704809216,,20.687466982111033,20.687441,20.687441,20.687441,,,,,0,0,
19:50:40.418,,,,,,,,0,0,,,,
19:50:40.691,19.853453917113722,,20.687466982111033,20.687441,20.687441,20.687441,,,,,0,0,
19:50:40.928,,,,,,,,0,0,,,,
19:50:41.170,,,,,,,83,,,,,,
19:50:41.411,19.849617483711594,,20.687466982111033,20.687441,20.687441,20.687441,,,,,0,0,
19:50:41.650,,,,,,,,0,0,,,,
19:50:41.923,19.846933975540843,,20.687466982111033,20.687441,20.687441,20.687441,,,,,0,0,
19:50:42.161,,,,,,,,0,0,,,,
19:50:42.432,,,,,,,83,,,,,,
19:50:42.672,19.842973281437878,,20.687466982111033,20.687441,20.687441,20.687441,,,,,0,0,
19:50:42.910,,,,,,,,0,0,,,,
19:50:43.181,19.84028171451572,,20.687466982111033,20.687441,20.687441,20.687441,,,,,0,0,
19:50:43.423,,,,,,,,0,0,,,,
19:50:43.693,,,,,,,83,,,,,,
19:50:43.933,19.836311869055486,,20.687466982111033,20.687441,20.687441,20.687441,,,,,0,0,
19:50:44.173,,,,,,,,0,0,,,,
19:50:44.445,19.83360572954772,,20.687466982111033,20.687441,20.687441,20.687441,,,,,0,0,
19:50:44.681,,,,,,,,0,0,,,,
19:50:44.951,,,,,,,83,,,,,,
19:50:45.192,19.82965797736335,,20.687466982111033,20.687441,20.687441,20.687441,,,,,0,0,
19:50:45.433,,,,,,,,0,0,,,,
19:50:45.703,19.826961193644774,,20.687466982111033,20.687441,20.687441,20.687441,,,,,0,0,
19:50:45.944,,,,,,,,0,0,,,,
19:50:46.215,,,,,,,83,,,,,,
19:50:46.452,19.823007795208973,,20.687466982111033,20.687441,20.687441,20.687441,,,,,0,0,
19:50:46.692,,,,,,,,0,0,,,,
19:50:46.960,19.820330744936243,,20.687466982111033,20.687441,20.687441,20.687441,,,,,0,0,
19:50:47.203,,,,,,,,0,0,,,,
19:50:47.473,,,,,,,83,,,,,,
19:50:47.713,19.81636072274255,,20.687466982111033,20.687441,20.687441,20.687441,,,,,0,0,
19:50:47.951,,,,,,,,0,0,,,,
19:50:48.220,19.81368648001419,,20.687466982111033,20.687441,20.687441,20.687441,,,,,0,0,
19:50:48.462,,,,,,,,0,0,,,,
19:50:48.768,,,,,,,83,,,,,,
19:50:49.003,19.809561397905235,,20.687466982111033,20.687441,20.687441,20.687441,,,,,0,0,
19:50:49.244,,,,,,,,0,0,,,,
19:50:49.512,19.806879644961523,,20.687466982111033,20.687441,20.687441,20.687441,,,,,0,0,
19:50:49.751,,,,,,,,0,0,,,,
19:50:50.022,,,,,,,82,,,,,,
19:50:50.260,19.802939816809126,,20.687466982111033,20.687441,20.687441,20.687441,,,,,0,0,
19:50:50.505,,,,,,,,0,0,,,,
19:50:50.743,19.80039949896404,,20.687466982111033,20.687441,20.687441,20.687441,,,,,0,0,
19:50:50.980,,,,,,,,0,0,,,,
19:50:51.222,,,,,,,82,,,,,,
19:50:51.462,19.796609870063772,,20.687466982111033,20.687441,20.687441,20.687441,,,,,0,0,
19:50:51.703,,,,,,,,0,0,,,,
19:50:51.973,19.79391926893217,,20.687466982111033,20.687441,20.687441,20.687441,,,,,0,0,
19:50:52.211,,,,,,,,0,0,,,,
19:50:52.483,,,,,,,82,,,,,,
19:50:52.722,19.789983161527633,,20.687466982111033,20.687441,20.687441,20.687441,,,,,0,0,
19:50:52.962,,,,,,,,0,0,,,,
19:50:53.233,19.787293514322034,,20.687466982111033,20.687441,20.687441,20.687441,,,,,0,0,
19:50:53.472,,,,,,,,0,0,,,,
19:50:53.744,,,,,,,82,,,,,,
19:50:53.982,19.783353131784065,,20.687466982111033,20.687441,20.687441,20.687441,,,,,0,0,
19:50:54.223,,,,,,,,0,0,,,,
19:50:54.493,19.780672539169977,,20.687466982111033,20.687441,20.687441,20.687441,,,,,0,0,
19:50:54.732,,,,,,,,0,0,,,,
19:50:54.973,,,,,,,82,,,,,,
19:50:55.212,19.776896504880423,,20.687466982111033,20.687441,20.687441,20.687441,,,,,0,0,
19:50:55.451,,,,,,,,0,0,,,,
19:50:55.722,19.774217119212647,,20.687466982111033,20.687441,20.687441,20.687441,,,,,0,0,
19:50:55.959,,,,,,,,0,0,,,,
19:50:56.233,,,,,,,82,,,,,,
19:50:56.474,19.770273732564124,,20.687466982111033,20.687441,20.687441,20.687441,,,,,0,0,
19:50:56.714,,,,,,,,0,0,,,,
19:50:56.982,19.767598765458846,,20.687466982111033,20.687441,20.687441,20.687441,,,,,0,0,
19:50:57.222,,,,,,,,0,0,,,,
19:50:57.493,,,,,,,82,,,,,,
19:50:57.731,19.76367571935161,,20.687466982111033,20.687441,20.687441,20.687441,,,,,0,0,
19:50:57.976,,,,,,,,0,0,,,,
19:50:58.245,19.76098153615016,,20.687466982111033,20.687441,20.687441,20.687441,,,,,0,0,
19:50:58.482,,,,,,,,0,0,,,,
19:50:58.753,,,,,,,82,,,,,,
19:50:58.993,19.75705879291072,,20.687466982111033,20.687441,20.687441,20.687441,,,,,0,0,
19:50:59.232,,,,,,,,0,0,,,,
19:50:59.504,19.754383798013517,,20.687466982111033,20.687441,20.687441,20.687441,,,,,0,0,
19:50:59.743,,,,,,,,0,0,,,,
19:51:00.013,,,,,,,81,,,,,,
19:51:00.251,19.750669290756374,0,20.687674439194367,20.687648,20.687648,20.687648,,,,,0.011240761683528604,1,
19:51:00.490,,,,,,,,0,0,,,,
19:51:00.735,19.748261214758152,0,20.687808975361033,20.687783,20.687783,20.687783,,,,,0.01137350592272098,1,
19:51:00.971,,,,,,,,0,0,,,,
19:51:01.211,,,,,,,81,,,,,,
19:51:01.453,19.74488311529382,0,20.688207830249922,20.688182,20.688182,20.688182,,,,,0.023033989097389785,2,
19:51:01.694,,,,,,,,0,0,,,,
19:51:01.962,19.742350779075394,0,20.688349398416587,20.688324,20.688324,20.688324,,,,,,1,
19:51:02.202,,,,,,,,0,0,,,,
19:51:02.474,,,,,,,81,,,,,,
19:51:02.712,19.738826617077915,0,20.688765776583253,20.68874,20.68874,20.68874,,,,,,2,
19:51:02.951,,,,,,,,0,0,,,,
19:51:03.222,19.736428935802202,0,20.689049156138807,20.689023,20.689023,20.689023,,,,,,2,
19:51:03.462,,,,,,,,0,0,,,,
19:51:03.737,,,,,,,81,,,,,,
19:51:03.972,19.73290242151575,0,20.689466090583252,20.68944,20.68944,20.68944,,,,,,2,
19:51:04.211,,,,,,,,0,0,,,,
19:51:04.481,19.730515177446243,0,20.68974842497214,20.689722,20.689722,20.689722,,,,,0.011248070132080627,2,
19:51:04.724,,,,,,,,0,0,,,,
19:51:04.993,,,,,,,81,,,,,,
19:51:05.231,19.726986180753688,0,20.69016593136103,20.69014,20.69014,20.69014,,,,,0,2,
19:51:05.473,,,,,,,,0,0,,,,
19:51:05.743,19.724589647436336,0,20.690449553749918,20.690424,20.690424,20.690424,,,,,0,2,
19:51:05.983,,,,,,,,0,0,,,,
19:51:06.253,,,,,,,81,,,,,,
19:51:06.493,19.720872509367737,0,20.690657832305472,20.690632,20.690632,20.690632,,,,,-0.01123970858269866,1,
19:51:06.733,,,,,,,,1530,1.5,,,,
19:51:07.007,19.71818762554321,,20.690657832305472,20.690632,20.690632,20.690632,,,,,-0.022420803864262463,0,
19:51:07.239,,,,,,,,1533,1.5,,,,
19:51:07.478,,,,,,,81,,,,,,
19:51:07.732,19.71436935578637,,20.690657832305472,20.690632,20.690632,20.690632,,,,,-0.02264912722725878,0,
19:51:07.959,,,,,,,,1534,1.5,,,,
19:51:08.207,19.711929895441685,,20.690657832305472,20.690632,20.690632,20.690632,,,,,-0.02299282270907805,0,
19:51:08.438,,,,,,,,1533,1.5,,,,
19:51:08.678,,,,,,,81,,,,,,
19:51:08.923,19.708193925784293,,20.690657832305472,20.690632,20.690632,20.690632,,,,,-0.011654790295903945,0,
19:51:09.160,,,,,,,,1291,1.3,,,,
19:51:09.398,19.70571638417506,,20.690657832305472,20.690632,20.690632,20.690632,,,,,0,0,
19:51:09.641,,,,,,,,0,0,,,,
19:51:09.879,,,,,,,81,,,,,,
19:51:10.124,19.702117778058984,0,20.69085986683325,20.690834,20.690834,20.690834,,,,,0.011842568282765017,1,
19:51:10.360,,,,,,,,0,0,,,,
19:51:10.599,19.699900982117367,0,20.69112292422214,20.691097,20.691097,20.691097,,,,,0.023680269495572726,2,
19:51:10.865,,,,,,,,0,0,,,,
19:51:11.110,,,,,,,81,,,,,,
19:51:11.350,19.69638454484759,0,20.691540339499916,20.691514,20.691514,20.691514,,,,,0.023339070734550254,2,
19:51:11.593,,,,,,,,0,0,,,,
19:51:11.865,19.69397611224481,0,20.691826325888805,20.6918,20.6918,20.6918,,,,,0.022968395876651018,2,
19:51:12.104,,,,,,,,0,0,,,,
19:51:12.373,,,,,,,81,,,,,,
19:51:12.611,19.690682125978693,0,20.692448388888806,20.692422,20.692422,20.692422,,,,,0.022781195393758166,3,
19:51:12.854,,,,,,,,0,0,,,,
19:51:13.122,19.68829490992602,0,20.692732041555473,20.692706,20.692706,20.692706,,,,,,2,
19:51:13.365,,,,,,,,0,0,,,,
19:51:13.633,,,,,,,81,,,,,,
19:51:13.872,19.684787165936424,0,20.693148975999918,20.693123,20.693123,20.693123,,,,,,2,
19:51:14.109,,,,,,,,0,0,,,,
19:51:14.381,19.68240960259679,0,20.693431669944363,20.693406,20.693406,20.693406,,,,,0,2,
19:51:14.621,,,,,,,,0,0,,,,
19:51:14.893,,,,,,,81,,,,,,
19:51:15.133,19.67889746747429,0,20.693849404388807,20.693824,20.693824,20.693824,,,,,-0.011232291175892943,2,
19:51:15.370,,,,,,,,0,0,,,,
19:51:15.644,19.676646842894687,0,20.694275155805474,20.69425,20.69425,20.69425,,,,,0.011230744480260317,3,
19:51:15.882,,,,,,,,0,0,,,,
19:51:16.153,,,,,,,81,,,,,,
19:51:16.391,19.6731575140475,0,20.694690450972143,20.694665,20.694665,20.694665,,,,,,2,
19:51:16.634,,,,,,,,0,0,,,,
19:51:16.901,19.67077901497705,0,20.694973630694363,20.694948,20.694948,20.694948,,,,,,2,
19:51:17.141,,,,,,,,0,0,,,,
19:51:17.414,,,,,,,81,,,,,,
19:51:17.652,19.667077812764603,0,20.695182228527695,20.695157,20.695157,20.695157,,,,,-0.011244641258573931,1,
19:51:17.893,,,,,,,,0,0,,,,
19:51:18.161,19.664433740906592,,20.695182228527695,20.695157,20.695157,20.695157,,,,,-0.03375698262123778,0,
19:51:18.403,,,,,,,,0,0,,,,
19:51:18.695,,,,,,,81,,,,,,
19:51:18.943,19.66037711482253,,20.695182228527695,20.695157,20.695157,20.695157,,,,,-0.022200558309102263,0,
19:51:19.181,,,,,,,,0,0,,,,
19:51:19.453,19.657733028878805,,20.695182228527695,20.695157,20.695157,20.695157,,,,,-0.022200451299194044,0,
19:51:19.695,,,,,,,,0,0,,,,
19:51:19.962,,,,,,,81,,,,,,
19:51:20.201,19.6538515258081,,20.695182228527695,20.695157,20.695157,20.695157,,,,,-0.011110880256229892,0,
19:51:20.444,,,,,,,,0,0,,,,
19:51:20.713,19.651200244154946,,20.695182228527695,20.695157,20.695157,20.695157,,,,,0,0,
19:51:20.952,,,,,,,,0,0,,,,
19:51:21.223,,,,,,,81,,,,,,
19:51:21.464,19.64750268788933,0,20.69539104958325,20.695366,20.695366,20.695366,,,,,0.011234703588609906,1,
19:51:21.705,,,,,,,,0,0,,,,
19:51:21.973,19.64513492776271,0,20.695673738638806,20.695649,20.695649,20.695649,,,,,0.022476518549754767,2,
19:51:22.214,,,,,,,,0,0,,,,
19:51:22.480,,,,,,,81,,,,,,
19:51:22.721,19.64165541474514,0,20.69608929858325,20.696065,20.696065,20.696065,,,,,0.02248005228503063,2,
19:51:22.965,,,,,,,,0,0,,,,
19:51:23.232,19.639277068019286,0,20.696373440027696,20.696349,20.696349,20.696349,,,,,0.022488475473123215,2,
19:51:23.472,,,,,,,,0,0,,,,
19:51:23.744,,,,,,,81,,,,,,
19:51:23.983,19.6357848962823,0,20.696790789194363,20.696766,20.696766,20.696766,,,,,0.011245840389778406,2,
19:51:24.222,,,,,,,,0,0,,,,
19:51:24.491,19.63342738413274,0,20.69707262874992,20.697048,20.697048,20.697048,,,,,0,2,
19:51:24.732,,,,,,,,0,0,,,,
19:51:24.999,,,,,,,81,,,,,,
19:51:25.244,19.629731161570973,0,20.69728178186103,20.697257,20.697257,20.697257,,,,,-0.01122739914328994,1,
19:51:25.484,,,,,,,,0,0,,,,
19:51:25.753,19.627232504265383,0,20.69742321699992,20.697398,20.697398,20.697398,,,,,-0.011232711658595242,1,
19:51:25.992,,,,,,,,0,0,,,,
19:51:26.264,,,,,,,81,,,,,,
19:51:26.503,19.623554677708917,0,20.697631467416585,20.697606,20.697606,20.697606,,,,,-0.011239671118959824,1,
19:51:26.740,,,,,,,,0,0,,,,
19:51:27.011,19.62093033822434,,20.697631467416585,20.697606,20.697606,20.697606,,,,,-0.022483616578475016,0,
19:51:27.252,,,,,,,,0,0,,,,
19:51:27.523,,,,,,,81,,,,,,
19:51:27.764,19.617236041835287,0,20.69784079072214,20.697815,20.697815,20.697815,,,,,,1,
19:51:28.003,,,,,,,,0,0,,,,
19:51:28.272,19.614748990414874,0,20.69798175686103,20.697956,20.697956,20.697956,,,,,,1,
19:51:28.511,,,,,,,,0,0,,,,
19:51:28.782,,,,,,,81,,,,,,
19:51:29.023,19.610872483811512,,20.69798175686103,20.697956,20.697956,20.697956,,,,,,0,
19:51:29.263,,,,,,,,0,0,,,,
19:51:29.532,19.60824700254686,,20.69798175686103,20.697956,20.697956,20.697956,,,,,0,0,
19:51:29.776,,,,,,,,0,0,,,,
19:51:30.045,,,,,,,81,,,,,,
19:51:30.279,19.60439137335695,,20.69798175686103,20.697956,20.697956,20.697956,,,,,-0.01126456988221166,0,
19:51:30.521,,,,,,,,0,0,,,,
19:51:30.792,19.601881115390007,0,20.698124231027695,20.698098,20.698098,20.698098,,,,,,1,
19:51:31.034,,,,,,,,0,0,,,,
19:51:31.303,,,,,,,81,,,,,,
19:51:31.544,19.598202406421823,0,20.69833309219436,20.698307,20.698307,20.698307,,,,,0.011236059716931963,1,
19:51:31.782,,,,,,,,0,0,,,,
19:51:32.052,19.595850689693236,0,20.698615400638804,20.698589,20.698589,20.698589,,,,,0.022481220035419372,2,
19:51:32.293,,,,,,,,0,0,,,,
19:51:32.562,,,,,,,81,,,,,,
19:51:32.803,19.592376739460356,0,20.69903256408325,20.699006,20.699006,20.699006,,,,,0.022445711945067726,2,
19:51:33.035,,,,,,,,0,0,,,,
19:51:33.311,19.59002624828586,0,20.69931491230547,20.699288,20.699288,20.699288,,,,,0.01124346648303411,2,
19:51:33.552,,,,,,,,0,0,,,,
19:51:33.822,,,,,,,81,,,,,,
19:51:34.061,19.586557137318277,0,20.699731770472138,20.699705,20.699705,20.699705,,,,,0.011250654219807244,2,
19:51:34.303,,,,,,,,0,0,,,,
19:51:34.572,19.58406171063482,0,20.699873679749917,20.699847,20.699847,20.699847,,,,,-0.01123680410001672,1,
19:51:34.817,,,,,,,,0,0,,,,
19:51:35.106,,,,,,,81,,,,,,
19:51:35.351,19.5802569237702,0,20.700090122749916,20.700063,20.700063,20.700063,,,,,-0.011114196191341474,1,
19:51:35.589,,,,,,,,0,0,,,,
19:51:35.863,19.577624380643,,20.700090122749916,20.700063,20.700063,20.700063,,,,,-0.022197672012960263,0,
19:51:36.102,,,,,,,,0,0,,,,
19:51:36.375,,,,,,,81,,,,,,
19:51:36.613,19.573965649783286,0,20.70029839819436,20.700271,20.700271,20.700271,,,,,,1,
19:51:36.854,,,,,,,,1546,1.5,,,,
19:51:37.123,19.571480041938884,0,20.700439939722138,20.700413,20.700413,20.700413,,,,,,1,
19:51:37.358,,,,,,,,1534,1.5,,,,
19:51:37.612,,,,,,,81,,,,,,
19:51:37.841,19.56798088366679,0,20.700639261527694,20.700612,20.700612,20.700612,,,,,,1,
19:51:38.081,,,,,,,,1535,1.5,,,,
19:51:38.331,19.5654339010535,,20.700639261527694,20.700612,20.700612,20.700612,,,,,0,0,
19:51:38.562,,,,,,,,1535,1.5,,,,
19:51:38.802,,,,,,,81,,,,,,
19:51:39.041,19.56181388625165,,20.700639261527694,20.700612,20.700612,20.700612,,,,,-0.011662589605657577,0,
19:51:39.279,,,,,,,,734,0.7,,,,
19:51:39.548,19.559213894903895,,20.700639261527694,20.700612,20.700612,20.700612,,,,,-0.01168254437460839,0,
19:51:39.798,,,,,,,,0,0,,,,
19:51:40.029,,,,,,,80,,,,,,
19:51:40.276,19.555475862504156,,20.700639261527694,20.700612,20.700612,20.700612,,,,,-0.01163108324643441,0,
19:51:40.510,,,,,,,,0,0,,,,
19:51:40.748,19.55305227102889,,20.700639261527694,20.700612,20.700612,20.700612,,,,,0,0,
19:51:40.994,,,,,,,,0,0,,,,
19:51:41.229,,,,,,,80,,,,,,
19:51:41.473,19.549337887607766,,20.700639261527694,20.700612,20.700612,20.700612,,,,,0,0,
19:51:41.712,,,,,,,,0,0,,,,
19:51:41.979,19.546736287431486,,20.700639261527694,20.700612,20.700612,20.700612,,,,,0,0,
19:51:42.221,,,,,,,,0,0,,,,
19:51:42.493,,,,,,,80,,,,,,
19:51:42.733,19.54286930150383,,20.700639261527694,20.700612,20.700612,20.700612,,,,,0,0,
19:51:42.972,,,,,,,,0,0,,,,
19:51:43.243,19.540236329342694,,20.700639261527694,20.700612,20.700612,20.700612,,,,,0,0,
19:51:43.483,,,,,,,,0,0,,,,
19:51:43.753,,,,,,,80,,,,,,
19:51:43.993,19.536418970450356,,20.700639261527694,20.700612,20.700612,20.700612,,,,,0,0,
19:51:44.233,,,,,,,,0,0,,,,
19:51:44.503,19.533941650384875,0,20.70078089083325,20.700754,20.700754,20.700754,,,,,0.011225744795220313,1,
19:51:44.742,,,,,,,,0,0,,,,
19:51:45.013,,,,,,,80,,,,,,
19:51:45.253,19.5302971328903,0,20.700989318083252,20.700962,20.700962,20.700962,,,,,0.011239120787578246,1,
19:51:45.491,,,,,,,,0,0,,,,
19:51:45.763,19.52781862563244,0,20.701131108916584,20.701104,20.701104,20.701104,,,,,0.01123961001792159,1,
19:51:46.002,,,,,,,,0,0,,,,
19:51:46.273,,,,,,,80,,,,,,
19:51:46.512,19.52418636571709,0,20.70133897236103,20.701312,20.701312,20.701312,,,,,0.01124484704809614,1,
19:51:46.749,,,,,,,,0,0,,,,
19:51:47.020,19.521722746194243,0,20.701480004388806,20.701453,20.701453,20.701453,,,,,0,1,
19:51:47.264,,,,,,,,0,0,,,,
19:51:47.530,,,,,,,80,,,,,,
19:51:47.774,19.51806156879475,0,20.70168966097214,20.701663,20.701663,20.701663,,,,,0,1,
19:51:48.011,,,,,,,,0,0,,,,
19:51:48.282,19.51559871014247,0,20.70183074272214,20.701804,20.701804,20.701804,,,,,0,1,
19:51:48.523,,,,,,,,0,0,,,,
19:51:48.795,,,,,,,80,,,,,,
19:51:49.031,19.51177257122121,,20.70183074272214,20.701804,20.701804,20.701804,,,,,-0.01124411097235025,0,
19:51:49.272,,,,,,,,0,0,,,,
19:51:49.544,19.509154540031492,,20.70183074272214,20.701804,20.701804,20.701804,,,,,-0.011222111213215934,0,
19:51:49.783,,,,,,,,0,0,,,,
19:51:50.053,,,,,,,80,,,,,,
19:51:50.293,19.505328376308395,,20.70183074272214,20.701804,20.701804,20.701804,,,,,-0.011246208752082555,0,
19:51:50.529,,,,,,,,0,0,,,,
19:51:50.805,19.50271540926227,,20.70183074272214,20.701804,20.701804,20.701804,,,,,-0.011228431689328649,0,
19:51:51.038,,,,,,,,0,0,,,,
19:51:51.311,,,,,,,80,,,,,,
19:51:51.555,19.498889694216714,,20.70183074272214,20.701804,20.701804,20.701804,,,,,0,0,
19:51:51.792,,,,,,,,0,0,,,,
19:51:52.063,19.49629748653718,,20.70183074272214,20.701804,20.701804,20.701804,,,,,0,0,
19:51:52.301,,,,,,,,0,0,,,,
19:51:52.573,,,,,,,80,,,,,,
19:51:52.812,19.492474566606663,,20.70183074272214,20.701804,20.701804,20.701804,,,,,0,0,
19:51:53.051,,,,,,,,0,0,,,,
19:51:53.323,19.490005914263183,0,20.701972538944364,20.701946,20.701946,20.701946,,,,,0.011249118992737537,1,
19:51:53.559,,,,,,,,0,0,,,,
19:51:53.831,,,,,,,80,,,,,,
19:51:54.070,19.48658945776251,0,20.702387589055476,20.702361,20.702361,20.702361,,,,,0.02252163064707334,2,
19:51:54.312,,,,,,,,0,0,,,,
19:51:54.583,19.484109889648,0,20.702530104555475,20.702504,20.702504,20.702504,,,,,,1,
19:51:54.823,,,,,,,,0,0,,,,
19:51:55.090,,,,,,,80,,,,,,
19:51:55.331,19.480495427348373,0,20.702737917666585,20.702712,20.702712,20.702712,,,,,,1,
19:51:55.570,,,,,,,,0,0,,,,
19:51:55.845,19.477881767208714,,20.702737917666585,20.702712,20.702712,20.702712,,,,,-0.011232677805009052,0,
19:51:56.081,,,,,,,,0,0,,,,
19:51:56.350,,,,,,,80,,,,,,
19:51:56.592,19.47427186429711,0,20.702945607027697,20.70292,20.70292,20.70292,,,,,,1,
19:51:56.834,,,,,,,,0,0,,,,
19:51:57.103,19.471804912979138,0,20.703087585388808,20.703062,20.703062,20.703062,,,,,,1,
19:51:57.342,,,,,,,,0,0,,,,
19:51:57.610,,,,,,,80,,,,,,
19:51:57.856,19.46797299648906,,20.703087585388808,20.703062,20.703062,20.703062,,,,,,0,
19:51:58.091,,,,,,,,0,0,,,,
19:51:58.361,19.465406953145376,,20.703087585388808,20.703062,20.703062,20.703062,,,,,0,0,
19:51:58.605,,,,,,,,0,0,,,,
19:51:58.874,,,,,,,80,,,,,,
19:51:59.109,19.461604875518347,,20.703087585388808,20.703062,20.703062,20.703062,,,,,-0.011252204169656154,0,
19:51:59.353,,,,,,,,0,0,,,,
19:51:59.623,19.458995997961132,,20.703087585388808,20.703062,20.703062,20.703062,,,,,-0.011242236623984422,0,
19:51:59.861,,,,,,,,0,0,,,,
19:52:00.134,,,,,,,80,,,,,,
19:52:00.372,19.455193238893724,,20.703087585388808,20.703062,20.703062,20.703062,,,,,0,0,
19:52:00.612,,,,,,,,0,0,,,,
19:52:00.884,19.452592878191023,,20.703087585388808,20.703062,20.703062,20.703062,,,,,0,0,
19:52:01.123,,,,,,,,0,0,,,,
19:52:01.390,,,,,,,80,,,,,,
19:52:01.631,19.448798262131945,,20.703087585388808,20.703062,20.703062,20.703062,,,,,0,0,
19:52:01.874,,,,,,,,557,0.6,,,,
19:52:02.138,19.446196197392887,,20.703087585388808,20.703062,20.703062,20.703062,,,,,0,0,
19:52:02.382,,,,,,,,1470,1.5,,,,
19:52:02.618,,,,,,,80,,,,,,
19:52:02.863,19.442737730570986,0,20.703287230499917,20.703262,20.703262,20.703262,,,,,0.011367982779414558,1,
19:52:03.098,,,,,,,,1378,1.4,,,,
19:52:03.341,19.440294956536604,,20.703287230499917,20.703262,20.703262,20.703262,,,,,,0,
19:52:03.582,,,,,,,,1385,1.4,,,,
19:52:03.818,,,,,,,80,,,,,,
19:52:04.063,19.436652945237544,,20.703287230499917,20.703262,20.703262,20.703262,,,,,,0,
19:52:04.300,,,,,,,,1382,1.4,,,,
19:52:04.539,19.434244031942516,,20.703287230499917,20.703262,20.703262,20.703262,,,,,0,0,
19:52:04.788,,,,,,,,1386,1.4,,,,
19:52:05.026,,,,,,,80,,,,,,
19:52:05.260,19.43055747264679,,20.703287230499917,20.703262,20.703262,20.703262,,,,,-0.011818195016475954,0,
19:52:05.501,,,,,,,,1385,1.4,,,,
19:52:05.741,19.428154920532318,,20.703287230499917,20.703262,20.703262,20.703262,,,,,0,0,
19:52:05.984,,,,,,,,1385,1.4,,,,
19:52:06.218,,,,,,,80,,,,,,
19:52:06.460,19.42451265236445,,20.703287230499917,20.703262,20.703262,20.703262,,,,,0,0,
19:52:06.701,,,,,,,,1386,1.4,,,,
19:52:06.971,19.421925555989997,,20.703287230499917,20.703262,20.703262,20.703262,,,,,0,0,
19:52:07.211,,,,,,,,1383,1.4,,,,
19:52:07.452,,,,,,,80,,,,,,
19:52:07.689,19.418290367411274,,20.703287230499917,20.703262,20.703262,20.703262,,,,,0,0,
19:52:07.927,,,,,,,,1487,1.5,,,,
19:52:08.169,19.41586339790674,,20.703287230499917,20.703262,20.703262,20.703262,,,,,0,0,
19:52:08.408,,,,,,,,1404,1.4,,,,
19:52:08.663,,,,,,,80,,,,,,
19:52:08.890,19.41221678231527,,20.703287230499917,20.703262,20.703262,20.703262,,,,,0,0,
19:52:09.127,,,,,,,,1382,1.4,,,,
19:52:09.371,19.409786190499794,,20.703287230499917,20.703262,20.703262,20.703262,,,,,0,0,
19:52:09.609,,,,,,,,1586,1.6,,,,
19:52:09.853,,,,,,,81,,,,,,
19:52:10.092,19.40614229471103,,20.703287230499917,20.703262,20.703262,20.703262,,,,,0,0,
19:52:10.328,,,,,,,,1417,1.4,,,,
19:52:10.573,19.403715146867736,,20.703287230499917,20.703262,20.703262,20.703262,,,,,0,0,
19:52:10.810,,,,,,,,1387,1.4,,,,
19:52:11.053,,,,,,,81,,,,,,
19:52:11.290,19.400092758241787,,20.703287230499917,20.703262,20.703262,20.703262,,,,,0,0,
19:52:11.530,,,,,,,,1380,1.4,,,,
19:52:11.799,19.39748776803452,,20.703287230499917,20.703262,20.703262,20.703262,,,,,0,0,
19:52:12.041,,,,,,,,1384,1.4,,,,
19:52:12.279,,,,,,,81,,,,,,
19:52:12.525,19.393855701439946,,20.703287230499917,20.703262,20.703262,20.703262,,,,,0,0,
19:52:12.759,,,,,,,,1388,1.4,,,,
19:52:13.001,19.39142668305152,,20.703287230499917,20.703262,20.703262,20.703262,,,,,0,0,
19:52:13.240,,,,,,,,1385,1.4,,,,
19:52:13.479,,,,,,,82,,,,,,
19:52:13.720,19.387793673616123,,20.703287230499917,20.703262,20.703262,20.703262,,,,,0,0,
19:52:13.963,,,,,,,,1400,1.4,,,,
19:52:14.198,19.385416046852637,,20.703287230499917,20.703262,20.703262,20.703262,,,,,0,0,
19:52:14.446,,,,,,,,1387,1.4,,,,
19:52:14.678,,,,,,,82,,,,,,
19:52:14.918,19.38178714938797,,20.703287230499917,20.703262,20.703262,20.703262,,,,,0,0,
19:52:15.171,,,,,,,,1385,1.4,,,,
19:52:15.401,19.37935649096111,,20.703287230499917,20.703262,20.703262,20.703262,,,,,0,0,
19:52:15.635,,,,,,,,1382,1.4,,,,
19:52:15.882,,,,,,,83,,,,,,
19:52:16.121,19.375727167288908,,20.703287230499917,20.703262,20.703262,20.703262,,,,,0,0,
19:52:16.365,,,,,,,,1385,1.4,,,,
19:52:16.599,19.373317367347912,,20.703287230499917,20.703262,20.703262,20.703262,,,,,0,0,
19:52:16.846,,,,,,,,1385,1.4,,,,
19:52:17.080,,,,,,,83,,,,,,
19:52:17.319,19.369692343320867,,20.703287230499917,20.703262,20.703262,20.703262,,,,,0,0,
19:52:17.567,,,,,,,,1385,1.4,,,,
19:52:17.831,19.36711336177596,,20.703287230499917,20.703262,20.703262,20.703262,,,,,0,0,
19:52:18.073,,,,,,,,1389,1.4,,,,
19:52:18.342,,,,,,,83,,,,,,
19:52:18.591,19.363264963187607,,20.703287230499917,20.703262,20.703262,20.703262,,,,,0,0,
19:52:18.826,,,,,,,,1386,1.4,,,,
19:52:19.067,19.36089881076142,,20.703287230499917,20.703262,20.703262,20.703262,,,,,0,0,
19:52:19.298,,,,,,,,1386,1.4,,,,
19:52:19.540,,,,,,,84,,,,,,
19:52:19.785,19.357288018010934,,20.703287230499917,20.703262,20.703262,20.703262,,,,,0,0,
19:52:20.022,,,,,,,,1470,1.5,,,,
19:52:20.268,19.35486020549586,,20.703287230499917,20.703262,20.703262,20.703262,,,,,0,0,
19:52:20.503,,,,,,,,1392,1.4,,,,
19:52:20.740,,,,,,,84,,,,,,
19:52:20.983,19.351263505370223,,20.703287230499917,20.703262,20.703262,20.703262,,,,,0,0,
19:52:21.219,,,,,,,,1385,1.4,,,,
19:52:21.468,19.348833006965844,,20.703287230499917,20.703262,20.703262,20.703262,,,,,0,0,
19:52:21.703,,,,,,,,1382,1.4,,,,
19:52:21.940,,,,,,,85,,,,,,
19:52:22.178,19.3452644632335,,20.703287230499917,20.703262,20.703262,20.703262,,,,,0,0,
19:52:22.421,,,,,,,,1385,1.4,,,,
19:52:22.660,19.342847226646814,,20.703287230499917,20.703262,20.703262,20.703262,,,,,0,0,
19:52:22.896,,,,,,,,1388,1.4,,,,
19:52:23.138,,,,,,,85,,,,,,
19:52:23.378,19.339240961914616,,20.703287230499917,20.703262,20.703262,20.703262,,,,,0,0,
19:52:23.628,,,,,,,,1530,1.5,,,,
19:52:23.859,19.33682771864422,,20.703287230499917,20.703262,20.703262,20.703262,,,,,0,0,
19:52:24.096,,,,,,,,1419,1.4,,,,
19:52:24.339,,,,,,,85,,,,,,
19:52:24.578,19.33322294916579,,20.703287230499917,20.703262,20.703262,20.703262,,,,,0,0,
19:52:24.832,,,,,,,,1383,1.4,,,,
19:52:25.058,19.33081322098323,,20.703287230499917,20.703262,20.703262,20.703262,,,,,0,0,
19:52:25.301,,,,,,,,1383,1.4,,,,
19:52:25.549,,,,,,,85,,,,,,
19:52:25.779,19.327201734744705,,20.703287230499917,20.703262,20.703262,20.703262,,,,,0,0,
19:52:26.027,,,,,,,,1387,1.4,,,,
19:52:26.269,19.324716719404712,,20.703287230499917,20.703262,20.703262,20.703262,,,,,0,0,
19:52:26.499,,,,,,,,1386,1.4,,,,
19:52:26.751,,,,,,,86,,,,,,
19:52:26.982,19.321171843602315,,20.703287230499917,20.703262,20.703262,20.703262,,,,,0,0,
19:52:27.220,,,,,,,,1386,1.4,,,,
19:52:27.459,19.31878359295628,,20.703287230499917,20.703262,20.703262,20.703262,,,,,0,0,
19:52:27.699,,,,,,,,1386,1.4,,,,
19:52:27.942,,,,,,,86,,,,,,
19:52:28.183,19.315158979105743,,20.703287230499917,20.703262,20.703262,20.703262,,,,,0,0,
19:52:28.423,,,,,,,,1379,1.4,,,,
19:52:28.689,19.312601871140807,,20.703287230499917,20.703262,20.703262,20.703262,,,,,0,0,
19:52:28.931,,,,,,,,1389,1.4,,,,
19:52:29.170,,,,,,,86,,,,,,
19:52:29.411,19.30901445151451,,20.703287230499917,20.703262,20.703262,20.703262,,,,,0,0,
19:52:29.649,,,,,,,,1385,1.4,,,,
19:52:29.888,19.306601302783953,,20.703287230499917,20.703262,20.703262,20.703262,,,,,0,0,
19:52:30.164,,,,,,,,1385,1.4,,,,
19:52:30.401,,,,,,,86,,,,,,
19:52:30.646,19.302841892611916,,20.703287230499917,20.703262,20.703262,20.703262,,,,,0,0,
19:52:30.881,,,,,,,,1385,1.4,,,,
19:52:31.150,19.30031753920724,,20.703287230499917,20.703262,20.703262,20.703262,,,,,0,0,
19:52:31.395,,,,,,,,1384,1.4,,,,
19:52:31.658,,,,,,,87,,,,,,
19:52:31.899,19.296579224962933,,20.703287230499917,20.703262,20.703262,20.703262,,,,,0,0,
19:52:32.141,,,,,,,,1385,1.4,,,,
19:52:32.383,19.294161332545,,20.703287230499917,20.703262,20.703262,20.703262,,,,,0,0,
19:52:32.616,,,,,,,,1385,1.4,,,,
19:52:32.858,,,,,,,87,,,,,,
19:52:33.099,19.29058242648578,,20.703287230499917,20.703262,20.703262,20.703262,,,,,0,0,
19:52:33.410,,,,,,,,1385,1.4,,,,
19:52:33.822,19.286972416416305,,20.703287230499917,20.703262,20.703262,20.703262,,,,,0,0,
19:52:34.059,,,,,,,,1385,1.4,,,,
