time,"Average fuel consumption (L/100km)","Average fuel consumption (Today) (L/100km)","Average fuel consumption (total) (L/100km)","Average fuel consumption (Week) (L/100km)","Average fuel consumption 10 sec (L/100km)","Average speed (km/h)","Barometric pressure (kPa)","Calculated boost (bar)","Calculated instant fuel consumption (L/100km)","Calculated instant fuel rate (L/h)","Distance travelled (km)","Distance travelled (Today) (km)","Distance travelled (total) (km)","Distance travelled (Week) (km)","Engine coolant temperature (℃)","Engine RPM (rpm)","Engine RPM x1000 (rpm)","Fuel economizer (based on fuel system status and throttle position) ()","Fuel used (L)","Fuel used (Today) (L)","Fuel used (total) (L)","Fuel used (Week) (L)","Fuel used price ($)","Fuel used price (Today) ($)","Fuel used price (total) ($)","Fuel used price (Week) ($)","Instant engine power (based on fuel consumption) (hp)","Intake air temperature (℃)","Intake manifold absolute pressure (kPa)","OBD Module Voltage (V)","Oxygen sensor 1 Wide Range Equivalence ratio ()","Oxygen sensor 1 Wide Range Voltage (V)","Throttle position (%)","Vehicle acceleration (g)","Vehicle speed (km/h)",
16:34:21.747,,,,,,,,,,,,,,,,,,,,,,,,,,,,,,14.6,,,,,,
16:34:22.092,,,,,,,,,,,,,,,,,,,,,,,,,,,,,,14.6,,,,,,
16:34:22.367,,,,,,,,,,,,,,,,,,,,,,,,,,,,,,14.6,,,,,,
16:34:22.679,,,,,,,,,,,,,,,,,,,,,,,,,,,,,,14.6,,,,,,
16:34:22.974,,,,,,,,,,,,,,,,,,,,,,,,,,,,,,14.6,,,,,,
16:34:23.260,,,,,,,,,,,,,,,,,,,,,,,,,,,,,,14.6,,,,,,
16:34:23.606,,,,,,,,,,,,,,,,,,,,,,,,,,,,,,14.6,,,,,,
16:34:23.892,,,,,,,,,,,,,,,,,,,,,,,,,,,,,,14.6,,,,,,
16:34:24.276,,,,,,,,,,,,,,,,,,,,,,,,,,,,,,14.6,,,,,,
16:34:24.617,,,,,,,,,,,,,,,,,,,,,,,,,,,,,,14.6,,,,,,
16:34:24.915,,,,,,,,,,,,,,,,,,,,,,,,,,,,,,14.6,,,,,,
16:34:25.216,,,,,,,,,,,,,,,,,,,,,,,,,,,,,,14.6,,,,,,
16:34:25.546,,,,,,,,,,,,,,,,,,,,,,,,,,,,,,14.6,,,,,,
16:34:25.935,,,,,,,,,,,,,,,,,,,,,,,,,,,,,,14.6,,,,,,
16:34:26.213,,,,,,,,,,,,,,,,,,,,,,,,,,,,,,14.6,,,,,,
16:34:26.695,,,,,,,,,,,,,,,,,,,,,,,,,,,,,,14.6,,,,,,
16:34:27.000,,,,,,,,,,,,,,,,,,,,,,,,,,,,,,14.6,,,,,,
16:34:27.303,,,,,,,,,,,,,,,,,,,,,,,,,,,,,,14.6,,,,,,
16:34:27.591,,,,,,,,,,,,,,,,,,,,,,,,,,,,,,14.6,,,,,,
16:34:27.885,,,,,,,,,,,,,,,,,,,,,,,,,,,,,,14.6,,,,,,
16:34:28.204,,,,,,,,,,,,,,,,,,,,,,,,,,,,,,14.6,,,,,,
16:34:28.491,,,,,,,,,,,,,,,,,,,,,,,,,,,,,,14.6,,,,,,
16:34:28.818,,,,,,,,,,,,,,,,,,,,,,,,,,,,,,14.6,,,,,,
16:34:29.107,,,,,,,,,,,,,,,,,,,,,,,,,,,,,,14.6,,,,,,
16:34:29.398,,,,,,,,,,,,,,,,,,,,,,,,,,,,,,14.6,,,,,,
16:34:29.715,,,,,,,,,,,,,,,,,,,,,,,,,,,,,,14.6,,,,,,
16:34:30.024,,,,,,,,,,,,,,,,,,,,,,,,,,,,,,14.6,,,,,,
16:34:30.333,,,,,,,,,,,,,,,,,,,,,,,,,,,,,,14.6,,,,,,
16:34:30.634,,,,,,,,,,,,,,,,,,,,,,,,,,,,,,14.6,,,,,,
16:34:30.932,,,,,,,,,,,,,,,,,,,,,,,,,,,,,,14.6,,,,,,
16:34:31.250,,,,,,,,,,,,,,,,,,,,,,,,,,,,,,14.6,,,,,,
16:34:31.568,,,,,,,,,,,,,,,,,,,,,,,,,,,,,,14.6,,,,,,
16:34:31.868,,,,,,,,,,,,,,,,,,,,,,,,,,,,,,14.6,,,,,,
16:34:32.169,,,,,,,,,,,,,,,,,,,,,,,,,,,,,,14.6,,,,,,
16:34:32.476,,,,,,,,,,,,,,,,,,,,,,,,,,,,,,14.6,,,,,,
16:34:32.780,,,,,,,,,,,,,,,,,,,,,,,,,,,,,,14.6,,,,,,
16:34:33.073,,,,,,,,,,,,,,,,,,,,,,,,,,,,,,14.6,,,,,,
16:34:33.390,,,,,,,,,,,,,,,,,,,,,,,,,,,,,,14.6,,,,,,
16:34:45.732,,,,,,,,-0.013250000000000029,,,,,,,,,,,,,,,,,,,,,100,,,,,,,
16:34:45.977,,,,,,,,,,0,,,,,,0,0,,,,,,,,,,0,,,,,,,,,
16:34:46.339,,,,,,,,,,,,,,,,,,,,,,,,,,,,,,,,,,,0,
16:34:46.602,,,,,,,,,,,,,,,,,,1,,,,,,,,,,,,,,,16.470588235294116,,,
16:34:46.765,,,,,,,,,,,,,,,,,,,,,,,,,,,,,,,18.112891649999998,4.996998,,,,
16:34:49.561,,,,,,,,,,,,,,,,,,,,,,,,,,,,,,,,,,,,
16:34:49.571,,,,,,,100,,,,,,,,,,,,,,,,,,,,,,,,,,,,,
16:34:49.767,,,,,,,,,,,,,,,,,,,,,,,,,,,,,,,,,,,,
16:34:49.777,,,,,,,,,,,,,,,,,,,,,,,,,,,,50,,,,,,,,
16:34:50.143,,,,,,,,0,,,,,,,,,,,,,,,,,,,,,100,,,,,,,
16:34:50.370,,,,,,,,,,0,,,,,,0,0,,0,0.621544,1.271331,0.621544,0,0.62775944,1.28404431,0.62775944,0,,,,,,,,,
16:34:50.764,,,,,,0,,,,,0,14.227357,20.304012999999998,14.227357,,,,,,,,,,,,,,,,,,,,,0,
16:34:51.062,,,,,,,,,,,,,,,,,,1,,,,,,,,,,,,,,,16.470588235294116,,,
16:34:51.212,,,,,,,,,,,,,,,,,,,,,,,,,,,,,,,18.112891649999998,4.996998,,,,
16:34:51.567,,,,,,,,0,,,,,,,,,,,,,,,,,,,,,100,,,,,,,
16:34:51.810,,4.368653995257166,6.261476487431327,4.368653995257166,,,,,,0,,,,,,0,0,,0,0.621544,1.271331,0.621544,0,0.62775944,1.28404431,0.62775944,0,,,,,,,,,
16:34:52.152,,,,,,0,,,,,0,14.227357,20.304012999999998,14.227357,,,,,,,,,,,,,,,,,,,,,0,
16:34:52.435,,,,,,,,,,,,,,,,,,1,,,,,,,,,,,,,,,16.470588235294116,,,
16:34:52.595,,,,,,,,,,,,,,,,,,,,,,,,,,,,,,,18.112891649999998,4.996998,,,,
16:34:52.949,,,,,,,,0,,,,,,,,,,,,,,,,,,,,,100,,,,,,,
16:34:53.186,,4.368653995257166,6.261476487431327,4.368653995257166,,,,,,0,,,,,,0,0,,0,0.621544,1.271331,0.621544,0,0.62775944,1.28404431,0.62775944,0,,,,,,,,,
16:34:53.520,,,,,,0,,,,,0,14.227357,20.304012999999998,14.227357,,,,,,,,,,,,,,,,,,,,,0,
16:34:53.795,,,,,,,,,,,,,,,,,,1,,,,,,,,,,,,,,,16.470588235294116,,,
16:34:53.967,,,,,,,,,,,,,,,,,,,,,,,,,,,,,,,18.112891649999998,4.996998,,,,
16:34:54.310,,,,,,,,0,,,,,,,,,,,,,,,,,,,,,100,,,,,,,
16:34:54.536,,4.368653995257166,6.261476487431327,4.368653995257166,,,,,,0,,,,,,0,0,,0,0.621544,1.271331,0.621544,0,0.62775944,1.28404431,0.62775944,0,,,,,,,,,
16:34:54.838,,,,,,0,,,,,0,14.227357,20.304012999999998,14.227357,,,,,,,,,,,,,,,,,,,,0,0,
16:34:55.117,,,,,,,,,,,,,,,,,,1,,,,,,,,,,,,,,,16.470588235294116,,,
16:34:55.296,,,,,,,,,,,,,,,,,,,,,,,,,,,,,,,18.112891649999998,4.996998,,,,
16:34:55.644,,,,,,,,0,,,,,,,,,,,,,,,,,,,,,100,,,,,,,
16:34:55.890,,4.368653995257166,6.261476487431327,4.368653995257166,,,,,,0,,,,,,0,0,,0,0.621544,1.271331,0.621544,0,0.62775944,1.28404431,0.62775944,0,,,,,,,,,
16:34:56.177,,,,,,0,,,,,0,14.227357,20.304012999999998,14.227357,,,,,,,,,,,,,,,,,,,,0,0,
16:34:56.452,,,,,,,,,,,,,,,,,,1,,,,,,,,,,,,,,,16.470588235294116,,,
16:34:56.624,,,,,,,,,,,,,,,,,,,,,,,,,,,,,,,18.112891649999998,4.996998,,,,
16:34:56.955,,,,,,,,0,,,,,,,,,,,,,,,,,,,,,100,,,,,,,
16:34:57.190,,4.368653995257166,6.261476487431327,4.368653995257166,,,,,,0,,,,,,0,0,,0,0.621544,1.271331,0.621544,0,0.62775944,1.28404431,0.62775944,0,,,,,,,,,
16:34:57.475,,,,,,0,,,,,0,14.227357,20.304012999999998,14.227357,,,,,,,,,,,,,,,,,,,,0,0,
16:34:57.909,,,,,,,,,,,,,,,,,,1,,,,,,,,,,,,,,,16.470588235294116,,,
16:34:58.094,,,,,,,,,,,,,,,,,,,,,,,,,,,,,,,18.112891649999998,4.996998,,,,
16:34:58.425,,,,,,,,0,,,,,,,,,,,,,,,,,,,,,100,,,,,,,
16:34:58.657,,4.368653995257166,6.261476487431327,4.368653995257166,,,,,,0,,,,,,0,0,,0,0.621544,1.271331,0.621544,0,0.62775944,1.28404431,0.62775944,0,,,,,,,,,
16:34:58.952,,,,,,0,,,,,0,14.227357,20.304012999999998,14.227357,,,,,,,,,,,,,,,,,,,,0,0,
16:34:59.217,,,,,,,,,,,,,,,,,,1,,,,,,,,,,,,,,,16.470588235294116,,,
16:34:59.367,,,,,,,,,,,,,,,,,,,,,,,,,,,,,,,18.112891649999998,4.996998,,,,
16:34:59.730,,,,,,,,0,,,,,,,,,,,,,,,,,,,,,100,,,,,,,
16:34:59.982,,4.368653995257166,6.261476487431327,4.368653995257166,,,,,,0,,,,,,0,0,,0,0.621544,1.271331,0.621544,0,0.62775944,1.28404431,0.62775944,0,,,,,,,,,
16:35:00.310,,,,,,0,,,,,0,14.227357,20.304012999999998,14.227357,,,,,,,,,,,,,,,,,,,,0,0,
16:35:00.594,,,,,,,,,,,,,,,,,,1,,,,,,,,,,,,,,,16.470588235294116,,,
16:35:00.754,,,,,,,,,,,,,,,,,,,,,,,,,,,,,,,18.112891649999998,4.996998,,,,
16:35:01.092,,,,,,,,0,,,,,,,,,,,,,,,,,,,,,100,,,,,,,
16:35:01.319,,4.368653995257166,6.261476487431327,4.368653995257166,,,,,,0,,,,,,0,0,,0,0.621544,1.271331,0.621544,0,0.62775944,1.28404431,0.62775944,0,,,,,,,,,
16:35:01.640,,,,,,0,,,,,0,14.227357,20.304012999999998,14.227357,,,,,,,,,,,,,,,,,,,,0,0,
16:35:01.898,,,,,,,,,,,,,,,,,,1,,,,,,,,,,,,,,,16.470588235294116,,,
16:35:02.061,,,,,,,,,,,,,,,,,,,,,,,,,,,,,,,18.112891649999998,4.996998,,,,
16:35:02.389,,,,,,,,0,,,,,,,,,,,,,,,,,,,,,100,,,,,,,
16:35:02.650,,4.368653995257166,6.261476487431327,4.368653995257166,,,,,,0,,,,,,0,0,,0,0.621544,1.271331,0.621544,0,0.62775944,1.28404431,0.62775944,0,,,,,,,,,
16:35:02.981,,,,,,0,,,,,0,14.227357,20.304012999999998,14.227357,,,,,,,,,,,,,,,,,,,,0,0,
16:35:03.280,,,,,,,,,,,,,,,,,,1,,,,,,,,,,,,,,,16.470588235294116,,,
16:35:03.430,,,,,,,,,,,,,,,,,,,,,,,,,,,,,,,18.112891649999998,4.996998,,,,
16:35:03.782,,,,,,,,0,,,,,,,,,,,,,,,,,,,,,100,,,,,,,
16:35:04.033,,4.368653995257166,6.261476487431327,4.368653995257166,,,,,,0,,,,,,0,0,,0,0.621544,1.271331,0.621544,0,0.62775944,1.28404431,0.62775944,0,,,,,,,,,
16:35:04.314,,,,,,0.37153365184669945,,,0,,0.0018545769444444444,14.229212,20.305867999999997,14.229212,,,,,,,,,,,,,,,,,,,,0.02641430807866414,5,
16:35:04.588,,,,,,,,,,,,,,,,,,1,,,,,,,,,,,,,,,16.470588235294116,,,
16:35:04.744,,,,,,,,,,,,,,,,,,,,,,,,,,,,,,,18.112891649999998,4.996998,,,,
16:35:05.116,,,,,,,,0,,,,,,,,,,,,,,,,,,,,,100,,,,,,,
16:35:05.348,0,4.368084472984168,6.260904483373969,4.368084472984168,,,,,,0,,,,,,0,0,,0,0.621544,1.271331,0.621544,0,0.62775944,1.28404431,0.62775944,0,,,,,,,,,
16:35:05.689,,,,,,1.125311411391445,,,0,,0.00604597875,14.233403,20.310059,14.233403,,,,,,,,,,,,,,,,,,,,0.05792585188047724,11,
16:35:05.972,,,,,,,,,,,,,,,,,,1,,,,,,,,,,,,,,,16.470588235294116,,,
16:35:06.120,,,,,,,,,,,,,,,,,,,,,,,,,,,,,,,18.112891649999998,4.996998,,,,
16:35:06.462,,,,,,,,0,,,,,,,,,,,,,,,,,,,,,100,,,,,,,
16:35:06.688,0,4.366798298340882,6.259612539776473,4.366798298340882,,,,,,0,,,,,,0,0,,0,0.621544,1.271331,0.621544,0,0.62775944,1.28404431,0.62775944,0,,,,,,,,,
16:35:06.970,,,,,,2.048939488207759,,,0,,0.011737177861111111,14.239094,20.315749999999998,14.239094,,,,,,,,,,,,,,,,,,,,0.08502700592027104,16,
16:35:07.253,,,,,,,,,,,,,,,,,,1,,,,,,,,,,,,,,,15.294117647058824,,,
16:35:07.411,,,,,,,,,,,,,,,,,,,,,,,,,,,,,,,18.112891649999998,4.996998,,,,
16:35:07.760,,,,,,,,-0.6,,,,,,,,,,,,,,,,,,,,,40,,,,,,,
16:35:07.993,4.669341920426062,4.368901560731322,6.260556464811785,4.368901560731322,,,,,,1.5020668918229183,,,,,,1535,1.5,,0.0005480489661438281,0.622092,1.271879,0.622092,0.0005535294558052664,0.6283129199999999,1.28459779,0.6283129199999999,5.876382942839077,,,,,,,,,
16:35:08.319,,,,,,3.153101322751362,,,7.510334459114592,,0.01924609508333333,14.246603,20.323258999999997,14.246603,,,,,,,,,,,,,,,,,,,,0.1061210187122306,20,
16:35:08.605,,,,,,,,,,,,,,,,,,1,,,,,,,,,,,,,,,16.862745098039216,,,
16:35:08.769,,,,,,,,,,,,,,,,,,,,,,,,,,,,,,,18.112891649999998,4.996998,,,,
16:35:09.136,,,,,,,,-0.72,,,,,,,,,,,,,,,,,,,,,28,,,,,,,
16:35:09.355,4.899081854184041,4.36937142138375,6.260186911951474,4.36937142138375,,,,,,1.0507618426315632,,,,,,1534,1.5,,0.00094288195186659,0.622487,1.272274,0.622487,0.000952310771385256,0.62871187,1.28499674,0.62871187,4.110788276234918,,,,,,,,,
16:35:09.656,,,,,,4.347262943909242,,,4.378174344298181,,0.02814744775,14.255504,20.33216,14.255504,,,,,,,,,,,,,,,,,,,,0.10073361597309281,24,
16:35:09.942,,,,,,,,,,,,,,,,,,1,,,,,,,,,,,,,,,14.509803921568627,,,
16:35:10.103,,,,,,,,,,,,,,,,,,,,,,,,,,,,,,,18.112891649999998,4.996998,,,,
16:35:10.464,,,,,,,,-0.21,,,,,,,,,,,,,,,,,,,,,79,,,,,,,
16:35:10.717,3.349795548928908,4.366643227766622,6.257446331329283,4.366643227766622,,,,,,0,,,,,,0,0,,0.00094288195186659,0.622487,1.272274,0.622487,0.000952310771385256,0.62871187,1.28499674,0.62871187,0,,,,,,,,,
16:35:11.076,,,,,,5.707728406160029,,,0,,0.039211503083333335,14.266568,20.343224,14.266568,,,,,,,,,,,,,,,,,,,,0.08938325801736953,28,
16:35:11.356,,,,,,,,,,,,,,,,,,1,,,,,,,,,,,,,,,16.470588235294116,,,
16:35:11.511,,,,,,,,,,,,,,,,,,,,,,,,,,,,,,,18.112891649999998,4.996998,,,,
16:35:11.872,,,,,,,,0,,,,,,,,,,,,,,,,,,,,,100,,,,,,,
16:35:12.114,2.4046054798326706,4.363256811308789,6.254043115289887,4.363256811308789,,,,,,0,,,,,,0,0,,0.00094288195186659,0.622487,1.272274,0.622487,0.000952310771385256,0.62871187,1.28499674,0.62871187,0,,,,,,,,,
16:35:12.416,,,,,,7.005215026319274,,,0,,0.050727403750000004,14.278084,20.354739999999996,14.278084,,,,,,,,,,,,,,,,,,,,0.07802170249810735,31,
16:35:12.700,,,,,,,,,,,,,,,,,,1,,,,,,,,,,,,,,,16.470588235294116,,,
16:35:12.865,,,,,,,,,,,,,,,,,,,,,,,,,,,,,,,18.112891649999998,4.996998,,,,
16:35:13.214,,,,,,,,-0.27,,,,,,,,,,,,,,,,,,,,,73,,,,,,,
16:35:13.454,4.042886415042272,4.367497767907795,6.255948245961384,4.367497767907795,,,,,,2.9752177727967375,,,,,,1666,1.7,,0.002050851314912394,0.623595,1.273382,0.623595,0.0020713598280615183,0.62983095,1.28611582,0.62983095,11.63964072870037,,,,,,,,,
16:35:13.753,,,,,,8.324436938973616,,,8.750640508225699,,0.06337762036111111,14.290733999999999,20.367389999999997,14.290733999999999,,,,,,,,,,,,,,,,,,,,0.07297700712369258,34,
16:35:14.041,,,,,,,,,,,,,,,,,,1,,,,,,,,,,,,,,,26.666666666666668,,,
16:35:14.209,,,,,,,,,,,,,,,,,,,,,,,,,,,,,,,14.24004435,3.125762,,,,
16:35:14.566,,,,,,,,-0.08,,,,,,,,,,,,,,,,,,,,,92,,,,,,,
16:35:14.792,6.3602048947956735,4.377486838674627,6.261784155947327,4.377486838674627,3.2157395141512035,,,,,5.333324787305779,,,,,,1863,1.9,,0.004030946512412408,0.625575,1.2753619999999999,0.625575,0.004071255977536532,0.63183075,1.2881156200000001,0.63183075,20.865022043531823,,,,,,,,,
16:35:15.096,,,,,,9.66275857753073,,,14.414391317042645,,0.07716839294444444,14.304525,20.381180999999998,14.304525,,,,,,,,,,,,,,,,,,,,0.06769350593813199,37,
16:35:15.365,,,,,,,,,,,,,,,,,,1,,,,,,,,,,,,,,,27.84313725490196,,,
16:35:15.527,,,,,,,,,,,,,,,,,,,,,,,,,,,,,,,14.86145745,3.34829,,,,
16:35:15.877,,,,,,,,-0.11,,,,,,,,,,,,,,,,,,,,,89,,,,,,,
16:35:16.120,7.653123980678211,4.386374241717219,6.266746760160759,4.386374241717219,4.17238001173598,,,,,5.0790118884075195,,,,,,1914,1.9,,0.00590579278593527,0.62745,1.277237,0.62745,0.005964850713794623,0.6337244999999999,1.2900093700000002,0.6337244999999999,19.87009965401292,,,,,,,,,
16:35:16.456,,,,,,11.034743499480133,,,12.6975297210188,,0.09229948516666667,14.319656,20.396311999999998,14.319656,,,,,,,,,,,,,,,,,,,,0.06318313787010223,40,
16:35:16.750,,,,,,,,,,,,,,,,,,1,,,,,,,,,,,,,,,27.45098039215686,,,
16:35:16.916,,,,,,,,,,,,,,,,,,,,,,,,,,,,,,,14.51533125,3.257522,,,,
16:35:17.272,,,,,,,,-0.1,,,,,,,,,,,,,,,,,,,,,90,,,,,,,
16:35:17.507,8.572092517450633,4.395748054282868,6.271932886690496,4.395748054282868,5.243891576417309,,,,,5.209098659037065,,,,,,1896,1.9,,0.00791199726161729,0.629456,1.279243,0.629456,0.007991117234233463,0.63575056,1.29203543,0.63575056,20.379024845146557,,,,,,,,,
16:35:17.840,,,,,,12.394423552618633,,,12.402615854850154,,0.108433763,14.33579,20.412446,14.33579,,,,,,,,,,,,,,,,,,,,0.05743915918952079,42,
16:35:18.693,8.999996813823447,4.40368476379746,6.276023951269731,4.40368476379746,5.7852234380919825,13.473766845673724,,,12.15106682787463,5.346469404264837,0.12204436244444444,14.349401,20.426056999999997,14.349401,84,1946,1.9,,0.00975903521510887,0.631303,1.28109,0.631303,0.009856625567259959,0.63761603,1.2939009000000001,0.63761603,20.91644638642152,,,,,,,0.05733837058277228,44,
16:35:19.333,8.757184970853725,4.405981824607173,6.2763900051781905,4.405981824607173,6.267486327675693,14.076495430644753,,,11.856621654770256,5.335479744646615,0.12998900369444444,14.357346,20.434001999999996,14.357346,85,1942,1.9,,0.010687650565759137,0.632232,1.282019,0.632232,0.010794527071416728,0.6385543199999999,1.29483919,0.6385543199999999,20.873452663119526,,,,,,,0.05348291133304086,45,
16:35:22.486,,,,,,,,,,,,,,,85,,,,,,,,,,,,,,,,,,,,,
16:35:22.727,,,,,,,,,,,,,,,,1903,1.9,,,,,,,,,,,,,,,,,,,
16:35:23.002,,,,,,17.340368455192174,,,10.888734172748194,,0.17663727455555556,14.403993999999999,20.480649999999997,14.403993999999999,,,,,,,,,,,,,,,,,,,,0.038944814680164704,49,
16:35:23.383,,,,,,17.747326613296234,,,10.67095948929323,,0.18306382733333335,14.410421,20.487077,14.410421,85,1853,1.9,,,,,,,,,,,,,,,,,0.04087849388921045,50,
16:35:26.336,,,,,,,,,,,,,,,86,,,,,,,,,,,,,,,,,,,,,
16:35:26.563,,,,,,,,,,,,,,,,1805,1.8,,,,,,,,,,,,,,,,,,,
16:35:26.841,,,,,,20.69782199198235,,,10.066942914427575,,0.23299923483333335,14.460355999999999,20.537011999999997,14.460355999999999,,,,,,,,,,,,,,,,,,,,0.0312864250939148,53,
16:35:27.227,,,,,,,,,,,,,,,87,,,,,,,,,,,,,,,,,,,,,
16:35:27.475,,,,,,,,,,,,,,,,1796,1.8,,,,,,,,,,,,,,,,,,,
16:35:27.771,,,,,,21.449924161154648,,,9.88051804564188,,0.24704509833333335,14.474402,20.551057999999998,14.474402,,,,,,,,,,,,,,,,,,,,0.030211706507283265,54,
16:35:28.156,,,,,,,,,,,,,,,87,,,,,,,,,,,,,,,,,,,,,
16:35:28.390,,,,,,,,,,,,,,,,1794,1.8,,,,,,,,,,,,,,,,,,,
16:35:28.664,,,,,,22.154869525842976,,,9.700872262993846,,0.2606406751388889,14.487998,20.564653999999997,14.487998,,,,,,,,,,,,,,,,,,,,0.030015678224857047,55,
16:35:29.009,,,,,,,,,,,,,,,88,,,,,,,,,,,,,,,,,,,,,
16:35:29.248,,,,,,,,,,,,,,,,1786,1.8,,,,,,,,,,,,,,,,,,,
16:35:29.529,,,,,,22.820676035116218,,,9.700872262993846,,0.27402840083333335,14.501386,20.578041999999996,14.501386,,,,,,,,,,,,,,,,,,,,0.023044363824259624,55,
16:35:29.941,,,,,,,,,,,,,,,88,,,,,,,,,,,,,,,,,,,,,
16:35:30.172,,,,,,,,,,,,,,,,1781,1.8,,,,,,,,,,,,,,,,,,,
16:35:30.415,,,,,,23.474325277219787,,,9.52764240115467,,0.28754207816666666,14.514899999999999,20.591555999999997,14.514899999999999,,,,,,,,,,,,,,,,,,,,0.02378246253303506,56,
16:35:30.765,,,,,,,,,,,,,,,88,,,,,,,,,,,,,,,,,,,,,
16:35:31.015,,,,,,,,,,,,,,,,1780,1.8,,,,,,,,,,,,,,,,,,,
16:35:31.292,,,,,,24.107962344411295,,,9.52764240115467,,0.30117078416666665,14.528528999999999,20.605185,14.528528999999999,,,,,,,,,,,,,,,,,,,,0.01608904890552783,56,
16:35:31.612,,,,,,,,,,,,,,,88,,,,,,,,,,,,,,,,,,,,,
16:35:31.870,,,,,,,,,,,,,,,,1768,1.8,,,,,,,,,,,,,,,,,,,
16:35:32.125,,,,,,24.69774399996604,,,9.36049078008178,,0.31417204875,14.54153,20.618185999999998,14.54153,,,,,,,,,,,,,,,,,,,,0.016367000480080267,57,
16:35:32.444,,,,,,,,,,,,,,,89,,,,,,,,,,,,,,,,,,,,,
16:35:32.680,,,,,,,,,,,,,,,,1761,1.8,,,,,,,,,,,,,,,,,,,
16:35:32.987,,,,,,25.3054582524373,,,9.36049078008178,,0.32807477783333333,14.555432999999999,20.632088999999997,14.555432999999999,,,,,,,,,,,,,,,,,,,,0.016385304481405263,57,
16:35:33.373,,,,,,,,,,,,,,,89,,,,,,,,,,,,,,,,,,,,,
16:35:33.626,,,,,,,,,,,,,,,,1725,1.7,,,,,,,,,,,,,,,,,,,
16:35:33.882,,,,,,25.925600183173913,,,9.199103008011404,,0.34261326405555553,14.569970999999999,20.646627,14.569970999999999,,,,,,,,,,,,,,,,,,,,0.01633981472502116,58,
16:35:34.230,,,,,,,,,,,,,,,88,,,,,,,,,,,,,,,,,,,,,
16:35:34.465,,,,,,,,,,,,,,,,1688,1.7,,,,,,,,,,,,,,,,,,,
16:35:34.767,,,,,,26.52067258693635,,,9.199103008011404,,0.3571025743333333,14.58446,20.661115999999996,14.58446,,,,,,,,,,,,,,,,,,,,0.016302525844415258,58,
16:35:35.183,,,,,,,,,,,,,,,89,,,,,,,,,,,,,,,,,,,,,
16:35:35.433,,,,,,,,,,,,,,,,1636,1.6,,,,,,,,,,,,,,,,,,,
16:35:35.732,,,,,,27.123288642937222,,,9.199103008011404,,0.3723447197777778,14.599701999999999,20.676357999999997,14.599701999999999,,,,,,,,,,,,,,,,,,,,0.00785403858654786,58,
16:35:36.099,,,,,,,,,,,,,,,88,,,,,,,,,,,,,,,,,,,,,
16:35:36.354,,,,,,,,,,,,,,,,1566,1.6,,,,,,,,,,,,,,,,,,,
16:35:36.630,,,,,,27.69513961251884,,,9.043186007875619,,0.38714009405555555,14.614497,20.691152999999996,14.614497,,,,,,,,,,,,,,,,,,,,0.015550720695406197,59,
16:35:37.010,,,,,,,,,,,,,,,88,,,,,,,,,,,,,,,,,,,,,
16:35:37.261,,,,,,,,,,,,,,,,1509,1.5,,,,,,,,,,,,,,,,,,,
16:35:37.542,,,,,,28.222313385285826,,,9.199103008011404,,0.40149351516666665,14.62885,20.705505999999996,14.62885,,,,,,,,,,,,,,,,,,,,,58,
16:35:37.855,,,,,,,,,,,,,,,88,,,,,,,,,,,,,,,,,,,,,
16:35:38.108,,,,,,,,,,,,,,,,1475,1.5,,,,,,,,,,,,,,,,,,,
16:35:38.364,,,,,,28.701288689830154,,,9.199103008011404,,0.4149824768888889,14.642339,20.718994999999996,14.642339,,,,,,,,,,,,,,,,,,,,,58,
16:35:38.701,,,,,,,,,,,,,,,88,,,,,,,,,,,,,,,,,,,,,
16:35:38.948,,,,,,,,,,,,,,,,1443,1.4,,,,,,,,,,,,,,,,,,,
16:35:39.327,,,,,,29.227386884889473,,,9.199103008011404,,0.4303160673888889,14.657672999999999,20.734329,14.657672999999999,,,,,,,,,,,,,,,,,,,,0,58,
16:35:39.656,,,,,,,,,,,,,,,88,,,,,,,,,,,,,,,,,,,,,
16:35:39.899,,,,,,,,,,,,,,,,1427,1.4,,,,,,,,,,,,,,,,,,,
16:35:40.157,,,,,,29.67312055087137,,,9.199103008011404,,0.44375306594444447,14.671109999999999,20.747766,14.671109999999999,,,,,,,,,,,,,,,,,,,,-0.008029363435525877,58,
16:35:40.482,,,,,,,,,,,,,,,88,,,,,,,,,,,,,,,,,,,,,
16:35:40.743,,,,,,,,,,,,,,,,1418,1.4,,,,,,,,,,,,,,,,,,,
16:35:41.001,,,,,,30.113347850055913,,,9.199103008011404,,0.45744569144444447,14.684802999999999,20.761459,14.684802999999999,,,,,,,,,,,,,,,,,,,,0,58,
16:35:41.340,,,,,,,,,,,,,,,88,,,,,,,,,,,,,,,,,,,,,
16:35:41.575,,,,,,,,,,,,,,,,1423,1.4,,,,,,,,,,,,,,,,,,,
16:35:41.840,,,,,,30.51744108929687,,,9.36049078008178,,0.47065794786111115,14.698015,20.774670999999998,14.698015,,,,,,,,,,,,,,,,,,,,-0.008149481281319768,57,
16:35:42.189,,,,,,,,,,,,,,,88,,,,,,,,,,,,,,,,,,,,,
16:35:42.435,,,,,,,,,,,,,,,,1414,1.4,,,,,,,,,,,,,,,,,,,
16:35:42.702,,,,,,30.923050643272123,,,9.36049078008178,,0.48433156861111115,14.711689,20.788344999999996,14.711689,,,,,,,,,,,,,,,,,,,,-0.008391484838893758,57,
16:35:43.051,,,,,,,,,,,,,,,88,,,,,,,,,,,,,,,,,,,,,
16:35:43.303,,,,,,,,,,,,,,,,1414,1.4,,,,,,,,,,,,,,,,,,,
16:35:43.572,,,,,,31.317406187095756,,,9.36049078008178,,0.49803989286111117,14.725397,20.802052999999997,14.725397,,,,,,,,,,,,,,,,,,,,-0.00829505525941718,57,
16:35:43.841,,,,,,,,,,,,,,,88,,,,,,,,,,,,,,,,,,,,,
16:35:44.063,,,,,,,,,,,,,,,,1415,1.4,,,,,,,,,,,,,,,,,,,
16:35:44.356,,,,,,31.663046650739513,,,9.36049078008178,,0.5104057261944445,14.737763,20.814418999999997,14.737763,,,,,,,,,,,,,,,,,,,,-0.00844367101563153,57,
16:35:44.681,,,,,,,,,,,,,,,88,,,,,,,,,,,,,,,,,,,,,
16:35:44.961,,,,,,,,,,,,,,,,1410,1.4,,,,,,,,,,,,,,,,,,,
16:35:45.225,,,,,,32.03378376157235,,,9.36049078008178,,0.5240500188611111,14.751407,20.828062999999997,14.751407,,,,,,,,,,,,,,,,,,,,0,57,
16:35:45.572,,,,,,,,,,,,,,,88,,,,,,,,,,,,,,,,,,,,,
16:35:45.808,,,,,,,,,,,,,,,,1410,1.4,,,,,,,,,,,,,,,,,,,
16:35:46.079,,,,,,32.38300472299656,,,9.36049078008178,,0.5372783366111111,14.764635,20.841291,14.764635,,,,,,,,,,,,,,,,,,,,0,57,
16:35:46.329,,,,,,,,,,,,,,,88,,,,,,,,,,,,,,,,,,,,,
16:35:46.581,,,,,,,,,,,,,,,,1408,1.4,,,,,,,,,,,,,,,,,,,
16:35:46.885,,,,,,32.72353107374264,,,9.36049078008178,,0.5505437946111111,14.777899999999999,20.854556,14.777899999999999,,,,,,,,,,,,,,,,,,,,0,57,
16:35:47.217,,,,,,,,,,,,,,,88,,,,,,,,,,,,,,,,,,,,,
16:35:47.469,,,,,,,,,,,,,,,,1403,1.4,,,,,,,,,,,,,,,,,,,
16:35:47.735,,,,,,33.058236160693305,,,9.36049078008178,,0.5639502120277778,14.791305999999999,20.867962,14.791305999999999,,,,,,,,,,,,,,,,,,,,0,57,
16:35:48.071,,,,,,,,,,,,,,,88,,,,,,,,,,,,,,,,,,,,,
16:35:48.312,,,,,,,,,,,,,,,,1408,1.4,,,,,,,,,,,,,,,,,,,
16:35:48.589,,,,,,33.383670860495286,,,9.36049078008178,,0.5773496754444445,14.804705,20.881361,14.804705,,,,,,,,,,,,,,,,,,,,0,57,
16:35:48.931,,,,,,,,,,,,,,,88,,,,,,,,,,,,,,,,,,,,,
16:35:49.187,,,,,,,,,,,,,,,,1403,1.4,,,,,,,,,,,,,,,,,,,
16:35:49.458,,,,,,33.69603003297687,,,9.52764240115467,,0.5909129625555556,14.818268,20.894923999999996,14.818268,,,,,,,,,,,,,,,,,,,,-0.00838318088089153,56,
16:35:49.787,,,,,,,,,,,,,,,88,,,,,,,,,,,,,,,,,,,,,
16:35:50.022,,,,,,,,,,,,,,,,1405,1.4,,,,,,,,,,,,,,,,,,,
16:35:50.284,,,,,,33.988770350967314,,,9.52764240115467,,0.6039738005555556,14.831329,20.907984999999996,14.831329,,,,,,,,,,,,,,,,,,,,-0.00833251687061412,56,
16:35:50.625,,,,,,,,,,,,,,,88,,,,,,,,,,,,,,,,,,,,,
16:35:50.847,,,,,,,,,,,,,,,,1399,1.4,,,,,,,,,,,,,,,,,,,
16:35:51.113,,,,,,34.2688514619874,,,9.52764240115467,,0.616799227,14.844154,20.920809999999996,14.844154,,,,,,,,,,,,,,,,,,,,-0.0083851895485989,56,
16:35:51.457,,,,,,,,,,,,,,,89,,,,,,,,,,,,,,,,,,,,,
16:35:51.716,,,,,,,,,,,,,,,,1400,1.4,,,,,,,,,,,,,,,,,,,
16:35:52.019,,,,,,34.57105785012392,,,9.52764240115467,,0.6310138454444445,14.858369,20.935024999999996,14.858369,,,,,,,,,,,,,,,,,,,,-0.008257976892404633,56,
16:35:52.393,,,,,,,,,,,,,,,88,,,,,,,,,,,,,,,,,,,,,
16:35:52.640,,,,,,,,,,,,,,,,1393,1.4,,,,,,,,,,,,,,,,,,,
16:35:52.941,,,,,,34.865031902106374,,,9.52764240115467,,0.6452312934444445,14.872586,20.949241999999998,14.872586,,,,,,,,,,,,,,,,,,,,0,56,
16:35:53.308,,,,,,,,,,,,,,,89,,,,,,,,,,,,,,,,,,,,,
16:35:53.546,,,,,,,,,,,,,,,,1396,1.4,,,,,,,,,,,,,,,,,,,
16:35:53.836,,,,,,35.1525174546104,,,9.52764240115467,,0.6595227267777779,14.886877,20.963532999999998,14.886877,,,,,,,,,,,,,,,,,,,,0,56,
16:35:54.225,,,,,,,,,,,,,,,89,,,,,,,,,,,,,,,,,,,,,
16:35:54.486,,,,,,,,,,,,,,,,1390,1.4,,,,,,,,,,,,,,,,,,,
16:35:54.752,,,,,,35.425941290145566,,,9.52764240115467,,0.6734856952222223,14.900839999999999,20.977496,14.900839999999999,,,,,,,,,,,,,,,,,,,,0,56,
16:35:55.104,,,,,,,,,,,,,,,89,,,,,,,,,,,,,,,,,,,,,
16:35:55.343,,,,,,,,,,,,,,,,1390,1.4,,,,,,,,,,,,,,,,,,,
16:35:55.604,,,,,,35.676486856655416,,,9.52764240115467,,0.6866102005555557,14.913965,20.990620999999997,14.913965,,,,,,,,,,,,,,,,,,,,0,56,
16:35:55.898,,,,,,,,,,,,,,,89,,,,,,,,,,,,,,,,,,,,,
16:35:56.130,,,,,,,,,,,,,,,,1389,1.4,,,,,,,,,,,,,,,,,,,
16:35:56.414,,,,,,35.910242149153476,,,9.52764240115467,,0.6991503567777779,14.926504999999999,21.003161,14.926504999999999,,,,,,,,,,,,,,,,,,,,0,56,
16:35:56.748,,,,,,,,,,,,,,,89,,,,,,,,,,,,,,,,,,,,,
16:35:56.980,,,,,,,,,,,,,,,,1389,1.4,,,,,,,,,,,,,,,,,,,
16:35:57.219,,,,,,36.13128430448232,,,9.52764240115467,,0.711279931888889,14.938635,21.015290999999998,14.938635,,,,,,,,,,,,,,,,,,,,0,56,
16:35:57.486,,,,,,,,,,,,,,,89,,,,,,,,,,,,,,,,,,,,,
16:35:57.723,,,,,,,,,,,,,,,,1388,1.4,,,,,,,,,,,,,,,,,,,
16:35:58.003,,,,,,36.368184964952874,,,9.36049078008178,,0.7241642324722224,14.951519,21.028174999999997,14.951519,,,,,,,,,,,,,,,,,,,,0.008712469802274837,57,
16:35:58.327,,,,,,,,,,,,,,,89,,,,,,,,,,,,,,,,,,,,,
16:35:58.579,,,,,,,,,,,,,,,,1388,1.4,,,,,,,,,,,,,,,,,,,
16:35:58.840,,,,,,36.587170071412764,,,9.52764240115467,,0.7367427424722224,14.964098,21.040753999999996,14.964098,,,,,,,,,,,,,,,,,,,,,56,
16:35:59.083,,,,,,,,,,,,,,,89,,,,,,,,,,,,,,,,,,,,,
16:35:59.321,,,,,,,,,,,,,,,,1386,1.4,,,,,,,,,,,,,,,,,,,
16:35:59.588,,,,,,36.79323119774951,,,9.52764240115467,,0.748840833138889,14.976196,21.052851999999998,14.976196,,,,,,,,,,,,,,,,,,,,,56,
16:35:59.912,,,,,,,,,,,,,,,89,,,,,,,,,,,,,,,,,,,,,
16:36:00.145,,,,,,,,,,,,,,,,1389,1.4,,,,,,,,,,,,,,,,,,,
16:36:00.412,,,,,,37.00707122543629,,,9.52764240115467,,0.7616731973611113,14.989028,21.065683999999997,14.989028,,,,,,,,,,,,,,,,,,,,0,56,
16:36:00.756,,,,,,,,,,,,,,,89,,,,,,,,,,,,,,,,,,,,,
16:36:00.993,,,,,,,,,,,,,,,,1389,1.4,,,,,,,,,,,,,,,,,,,
16:36:01.257,,,,,,37.213296385827,,,9.52764240115467,,0.7743253100277779,15.00168,21.078335999999997,15.00168,,,,,,,,,,,,,,,,,,,,-0.008704599049954756,56,
16:36:01.517,,,,,,,,,,,,,,,89,,,,,,,,,,,,,,,,,,,,,
16:36:01.764,,,,,,,,,,,,,,,,1392,1.4,,,,,,,,,,,,,,,,,,,
16:36:02.037,,,,,,37.4140957881745,,,9.52764240115467,,0.7869143340277779,15.014268999999999,21.090925,15.014268999999999,,,,,,,,,,,,,,,,,,,,0,56,
16:36:02.375,,,,,,,,,,,,,,,89,,,,,,,,,,,,,,,,,,,,,
16:36:02.611,,,,,,,,,,,,,,,,1392,1.4,,,,,,,,,,,,,,,,,,,
16:36:02.879,,,,,,37.61186362355586,,,9.52764240115467,,0.7995820458055557,15.026937,21.103592999999996,15.026937,,,,,,,,,,,,,,,,,,,,0,56,
16:36:03.144,,,,,,,,,,,,,,,89,,,,,,,,,,,,,,,,,,,,,
16:36:03.396,,,,,,,,,,,,,,,,1389,1.4,,,,,,,,,,,,,,,,,,,
16:36:03.676,,,,,,37.80714412583396,,,9.52764240115467,,0.8123606733611113,15.039716,21.116372,15.039716,,,,,,,,,,,,,,,,,,,,0,56,
16:36:03.998,,,,,,,,,,,,,,,89,,,,,,,,,,,,,,,,,,,,,
16:36:04.225,,,,,,,,,,,,,,,,1388,1.4,,,,,,,,,,,,,,,,,,,
16:36:04.477,,,,,,37.98385090233785,,,9.700872262993846,,0.8246330769722224,15.051988,21.128643999999998,15.051988,,,,,,,,,,,,,,,,,,,,-0.008799012824080977,55,
16:36:04.795,,,,,,,,,,,,,,,89,,,,,,,,,,,,,,,,,,,,,
16:36:05.025,,,,,,,,,,,,,,,,1389,1.4,,,,,,,,,,,,,,,,,,,
16:36:05.282,,,,,,38.15960869979338,,,9.700872262993846,,0.8370950518333335,15.064449999999999,21.141105999999997,15.064449999999999,,,,,,,,,,,,,,,,,,,,-0.00872915947789763,55,
16:36:05.623,,,,,,,,,,,,,,,89,,,,,,,,,,,,,,,,,,,,,
16:36:05.841,,,,,,,,,,,,,,,,1385,1.4,,,,,,,,,,,,,,,,,,,
16:36:06.090,,,,,,38.32842778691323,,,9.700872262993846,,0.8493124447500002,15.076667,21.153322999999997,15.076667,,,,,,,,,,,,,,,,,,,,-0.008821383041469217,55,
16:36:06.422,,,,,,,,,,,,,,,89,,,,,,,,,,,,,,,,,,,,,
16:36:06.653,,,,,,,,,,,,,,,,1388,1.4,,,,,,,,,,,,,,,,,,,
16:36:06.925,,,,,,38.490588409156985,,,9.88051804564188,,0.8618233957500002,15.089178,21.165833999999997,15.089178,,,,,,,,,,,,,,,,,,,,-0.01743606206012801,54,
16:36:07.277,,,,,,,,,,,,,,,89,,,,,,,,,,,,,,,,,,,,,
16:36:07.512,,,,,,,,,,,,,,,,1385,1.4,,,,,,,,,,,,,,,,,,,
16:36:07.771,,,,,,38.6528329105707,,,9.88051804564188,,0.8746054087500003,15.10196,21.178615999999998,15.10196,,,,,,,,,,,,,,,,,,,,-0.008597566428233713,54,
16:36:08.107,,,,,,,,,,,,,,,89,,,,,,,,,,,,,,,,,,,,,
16:36:08.332,,,,,,,,,,,,,,,,1389,1.4,,,,,,,,,,,,,,,,,,,
16:36:08.598,,,,,,38.8037679710906,,,9.88051804564188,,0.8867414992500002,15.114096,21.190751999999996,15.114096,,,,,,,,,,,,,,,,,,,,-0.008543843975661127,54,
16:36:08.930,,,,,,,,,,,,,,,89,,,,,,,,,,,,,,,,,,,,,
16:36:09.160,,,,,,,,,,,,,,,,1386,1.4,,,,,,,,,,,,,,,,,,,
16:36:09.431,,,,,,38.95571047615452,,,9.88051804564188,,0.8992045537500002,15.126559,21.203214999999997,15.126559,,,,,,,,,,,,,,,,,,,,-0.008478080584842076,54,
16:36:09.745,,,,,,,,,,,,,,,89,,,,,,,,,,,,,,,,,,,,,
16:36:09.993,,,,,,,,,,,,,,,,1384,1.4,,,,,,,,,,,,,,,,,,,
16:36:10.249,,,,,,39.092901733828526,,,10.066942914427575,,0.911273049777778,15.138627,21.215283,15.138627,,,,,,,,,,,,,,,,,,,,-0.008520759853939805,53,
16:36:10.585,,,,,,,,,,,,,,,89,,,,,,,,,,,,,,,,,,,,,
16:36:10.835,,,,,,,,,,,,,,,,1389,1.4,,,,,,,,,,,,,,,,,,,
16:36:11.125,,,,,,39.2378088233301,,,10.066942914427575,,0.9242815891388891,15.151636,21.228291999999996,15.151636,,,,,,,,,,,,,,,,,,,,-0.008445233364100828,53,
16:36:11.446,,,,,,,,,,,,,,,89,,,,,,,,,,,,,,,,,,,,,
16:36:11.685,,,,,,,,,,,,,,,,1391,1.4,,,,,,,,,,,,,,,,,,,
16:36:11.964,,,,,,39.37128446720059,,,10.066942914427575,,0.9365086626388891,15.163863,21.240519,15.163863,,,,,,,,,,,,,,,,,,,,-0.008414887480408554,53,
16:36:12.280,,,,,,,,,,,,,,,89,,,,,,,,,,,,,,,,,,,,,
16:36:12.560,,,,,,,,,,,,,,,,1386,1.4,,,,,,,,,,,,,,,,,,,
16:36:12.838,,,,,,39.512211744585144,,,10.066942914427575,,0.9496809867222225,15.177035,21.253690999999996,15.177035,,,,,,,,,,,,,,,,,,,,-0.008313185474123736,53,
16:36:13.193,,,,,,,,,,,,,,,89,,,,,,,,,,,,,,,,,,,,,
16:36:13.443,,,,,,,,,,,,,,,,1385,1.4,,,,,,,,,,,,,,,,,,,
16:36:13.713,,,,,,39.64525973464584,,,10.066942914427575,,0.962371966277778,15.189726,21.266381999999997,15.189726,,,,,,,,,,,,,,,,,,,,0,53,
16:36:14.027,,,,,,,,,,,,,,,89,,,,,,,,,,,,,,,,,,,,,
16:36:14.270,,,,,,,,,,,,,,,,1389,1.4,,,,,,,,,,,,,,,,,,,
16:36:14.538,,,,,,39.76266153917628,,,10.26053797047426,,0.9744819299444447,15.201836,21.278491999999996,15.201836,,,,,,,,,,,,,,,,,,,,-0.008299346458612517,52,
16:36:14.876,,,,,,,,,,,,,,,89,,,,,,,,,,,,,,,,,,,,,
16:36:15.119,,,,,,,,,,,,,,,,1389,1.4,,,,,,,,,,,,,,,,,,,
16:36:15.399,,,,,,39.87571064163063,,,10.26053797047426,,0.986364558277778,15.213719,21.290374999999997,15.213719,,,,,,,,,,,,,,,,,,,,-0.008245510084905719,52,
16:36:15.659,,,,,,,,,,,,,,,89,,,,,,,,,,,,,,,,,,,,,
16:36:15.896,,,,,,,,,,,,,,,,1385,1.4,,,,,,,,,,,,,,,,,,,
16:36:16.166,,,,,,39.98262916675122,,,10.26053797047426,,0.9978085059444447,15.225163,21.301819,15.225163,,,,,,,,,,,,,,,,,,,,-0.00851163981984338,52,
16:36:16.497,,,,,,,,,,,,,,,89,,,,,,,,,,,,,,,,,,,,,
16:36:16.740,,,,,,,,,,,,,,,,1221,1.2,,,,,,,,,,,,,,,,,,,
16:36:17.011,,,,,,40.08485055203934,,,10.461724989503166,,1.009728007777778,15.237083,21.313738999999998,15.237083,,,,,,,,,,,,,,,,,,,,-0.01717649390703387,51,
16:36:17.334,,,,,,,,,,,,,,,89,,,,,,,,,,,,,,,,,,,,,
16:36:17.580,,,,,,,,,,,,,,,,0,0,,,,,,,,,,,,,,,,,,,
16:36:17.827,,,,,,40.18238813486143,,,10.461724989503166,,1.0213113771111113,15.248666,21.325321999999996,15.248666,,,,,,,,,,,,,,,,,,,,-0.008611259122240728,51,
16:36:18.158,,,,,,,,,,,,,,,89,,,,,,,,,,,,,,,,,,,,,
16:36:18.384,,,,,,,,,,,,,,,,0,0,,,,,,,,,,,,,,,,,,,
16:36:18.639,,,,,,40.28786908712146,,,10.26053797047426,,1.0332145815555558,15.260569,21.337224999999997,15.260569,,,,,,,,,,,,,,,,,,,,,52,
16:36:18.968,,,,,,,,,,,,,,,89,,,,,,,,,,,,,,,,,,,,,
16:36:19.211,,,,,,,,,,,,,,,,0,0,,,,,,,,,,,,,,,,,,,
16:36:19.471,,,,,,40.379903057702755,,,10.461724989503166,,1.0445491785555558,15.271904,21.34856,15.271904,,,,,,,,,,,,,,,,,,,,,51,
16:36:19.718,,,,,,,,,,,,,,,89,,,,,,,,,,,,,,,,,,,,,
16:36:19.953,,,,,,,,,,,,,,,,0,0,,,,,,,,,,,,,,,,,,,
16:36:20.214,,,,,,40.463736582128206,,,10.461724989503166,,1.0550461713888892,15.282401,21.359056999999996,15.282401,,,,,,,,,,,,,,,,,,,,,51,
16:36:20.485,,,,,,,,,,,,,,,89,,,,,,,,,,,,,,,,,,,,,
16:36:20.720,,,,,,,,,,,,,,,,0,0,,,,,,,,,,,,,,,,,,,
16:36:21.013,,,,,,40.55291249058168,,,10.461724989503166,,1.0663970104722225,15.293752,21.370407999999998,15.293752,,,,,,,,,,,,,,,,,,,,0,51,
16:36:21.294,,,,,,,,,,,,,,,89,,,,,,,,,,,,,,,,,,,,,
16:36:21.524,,,,,,,,,,,,,,,,0,0,,,,,,,,,,,,,,,,,,,
16:36:21.812,,,,,,40.64005135152175,,,10.461724989503166,,1.0776773278888891,15.305031999999999,21.381687999999997,15.305031999999999,,,,,,,,,,,,,,,,,,,,-0.008926433666606143,51,
16:36:22.089,,,,,,,,,,,,,,,89,,,,,,,,,,,,,,,,,,,,,
16:36:22.322,,,,,,,,,,,,,,,,0,0,,,,,,,,,,,,,,,,,,,
16:36:22.621,,,,,,40.72725165554502,,,10.461724989503166,,1.0891571728888891,15.316512,21.393168,15.316512,,,,,,,,,,,,,,,,,,,,0,51,
16:36:22.903,,,,,,,,,,,,,,,88,,,,,,,,,,,,,,,,,,,,,
16:36:23.145,,,,,,,,,,,,,,,,0,0,,,,,,,,,,,,,,,,,,,
16:36:23.415,,,,,,40.82087347564425,,,10.26053797047426,,1.1008032055555559,15.328158,21.404814,15.328158,,,,,,,,,,,,,,,,,,,,0.008847924068088046,52,
16:36:23.748,,,,,,,,,,,,,,,88,,,,,,,,,,,,,,,,,,,,,
16:36:23.988,,,,,,,,,,,,,,,,0,0,,,,,,,,,,,,,,,,,,,
16:36:24.265,,,,,,40.9079782845739,,,10.461724989503166,,1.1126735008888893,15.340028,21.416683999999997,15.340028,,,,,,,,,,,,,,,,,,,,,51,
16:36:24.526,,,,,,,,,,,,,,,88,,,,,,,,,,,,,,,,,,,,,
16:36:24.779,,,,,,,,,,,,,,,,0,0,,,,,,,,,,,,,,,,,,,
16:36:25.060,,,,,,40.9972145019551,,,10.26053797047426,,1.1241445087777782,15.351499,21.428154999999997,15.351499,,,,,,,,,,,,,,,,,,,,,52,
16:36:25.345,,,,,,,,,,,,,,,87,,,,,,,,,,,,,,,,,,,,,
16:36:25.579,,,,,,,,,,,,,,,,0,0,,,,,,,,,,,,,,,,,,,
16:36:25.858,,,,,,41.0871933584701,,,10.26053797047426,,1.1359009302222227,15.363254999999999,21.439911,15.363254999999999,,,,,,,,,,,,,,,,,,,,,52,
16:36:26.172,,,,,,,,,,,,,,,87,,,,,,,,,,,,,,,,,,,,,
16:36:26.393,,,,,,,,,,,,,,,,0,0,,,,,,,,,,,,,,,,,,,
16:36:26.657,,,,,,41.172627721070754,,,10.26053797047426,,1.1472444240000006,15.374597999999999,21.451254,15.374597999999999,,,,,,,,,,,,,,,,,,,,,52,
16:36:26.924,,,,,,,,,,,,,,,87,,,,,,,,,,,,,,,,,,,,,
16:36:27.162,,,,,,,,,,,,,,,,0,0,,,,,,,,,,,,,,,,,,,
16:36:27.455,,,,,,41.25773777029822,,,10.26053797047426,,1.1587242632222228,15.386078,21.462733999999998,15.386078,,,,,,,,,,,,,,,,,,,,0.008878998666901223,52,
16:36:27.725,,,,,,,,,,,,,,,86,,,,,,,,,,,,,,,,,,,,,
16:36:28.009,,,,,,,,,,,,,,,,0,0,,,,,,,,,,,,,,,,,,,
16:36:28.267,,,,,,41.34740648534956,,,10.26053797047426,,1.1710174257777783,15.398371,21.475026999999997,15.398371,,,,,,,,,,,,,,,,,,,,0,52,
16:36:28.610,,,,,,,,,,,,,,,86,,,,,,,,,,,,,,,,,,,,,
16:36:28.846,,,,,,,,,,,,,,,,0,0,,,,,,,,,,,,,,,,,,,
16:36:29.116,,,,,,41.431415274443985,,,10.26053797047426,,1.182723905555556,15.410077,21.486732999999997,15.410077,,,,,,,,,,,,,,,,,,,,0,52,
16:36:29.395,,,,,,,,,,,,,,,86,,,,,,,,,,,,,,,,,,,,,
16:36:29.625,,,,,,,,,,,,,,,,0,0,,,,,,,,,,,,,,,,,,,
16:36:29.903,,,,,,41.51182508101344,,,10.26053797047426,,1.1941045287777783,15.421458,21.498113999999998,15.421458,,,,,,,,,,,,,,,,,,,,0,52,
16:36:30.178,,,,,,,,,,,,,,,86,,,,,,,,,,,,,,,,,,,,,
16:36:30.434,,,,,,,,,,,,,,,,0,0,,,,,,,,,,,,,,,,,,,
16:36:30.729,,,,,,41.59459847107768,,,10.26053797047426,,1.2060033998888895,15.433356999999999,21.510012999999997,15.433356999999999,,,,,,,,,,,,,,,,,,,,0,52,
16:36:30.975,,,,,,,,,,,,,,,86,,,,,,,,,,,,,,,,,,,,,
16:36:31.227,,,,,,,,,,,,,,,,0,0,,,,,,,,,,,,,,,,,,,
16:36:31.511,,,,,,41.67225962318818,,,10.26053797047426,,1.217340799555556,15.444694,21.521349999999998,15.444694,,,,,,,,,,,,,,,,,,,,0,52,
16:36:31.786,,,,,,,,,,,,,,,85,,,,,,,,,,,,,,,,,,,,,
16:36:32.028,,,,,,,,,,,,,,,,0,0,,,,,,,,,,,,,,,,,,,
16:36:32.303,,,,,,41.752016771312896,,,10.26053797047426,,1.2291630371111115,15.456515999999999,21.533171999999997,15.456515999999999,,,,,,,,,,,,,,,,,,,,0,52,
16:36:32.655,,,,,,,,,,,,,,,85,,,,,,,,,,,,,,,,,,,,,
16:36:32.927,,,,,,,,,,,,,,,,0,0,,,,,,,,,,,,,,,,,,,
16:36:33.201,,,,,,41.83573944928739,,,10.26053797047426,,1.2417726774444449,15.469126,21.545782,15.469126,,,,,,,,,,,,,,,,,,,,0,52,
16:36:33.467,,,,,,,,,,,,,,,85,,,,,,,,,,,,,,,,,,,,,
16:36:33.705,,,,,,,,,,,,,,,,0,0,,,,,,,,,,,,,,,,,,,
16:36:33.998,,,,,,41.91090149862221,,,10.26053797047426,,1.2532712583333339,15.480625,21.557280999999996,15.480625,,,,,,,,,,,,,,,,,,,,0,52,
16:36:34.291,,,,,,,,,,,,,,,85,,,,,,,,,,,,,,,,,,,,,
16:36:34.513,,,,,,,,,,,,,,,,0,0,,,,,,,,,,,,,,,,,,,
16:36:34.812,,,,,,41.98665979151002,,,10.26053797047426,,1.265035735444445,15.492389,21.569045,15.492389,,,,,,,,,,,,,,,,,,,,0,52,
16:36:35.083,,,,,,,,,,,,,,,85,,,,,,,,,,,,,,,,,,,,,
16:36:35.321,,,,,,,,,,,,,,,,0,0,,,,,,,,,,,,,,,,,,,
16:36:35.617,,,,,,42.06793114151768,,,10.066942914427575,,1.2769071495000006,15.504259999999999,21.580916,15.504259999999999,,,,,,,,,,,,,,,,,,,,0.00854615857275538,53,
16:36:35.875,,,,,,,,,,,,,,,85,,,,,,,,,,,,,,,,,,,,,
16:36:36.104,,,,,,,,,,,,,,,,0,0,,,,,,,,,,,,,,,,,,,
16:36:36.390,,,,,,42.14431751226511,,,10.066942914427575,,1.2882270543888894,15.51558,21.592235999999996,15.51558,,,,,,,,,,,,,,,,,,,,0.008882236480697806,53,
16:36:36.646,,,,,,,,,,,,,,,85,,,,,,,,,,,,,,,,,,,,,
16:36:36.870,,,,,,,,,,,,,,,,0,0,,,,,,,,,,,,,,,,,,,
16:36:37.147,,,,,,42.218718379975634,,,10.066942914427575,,1.2994069273888893,15.52676,21.603416,15.52676,,,,,,,,,,,,,,,,,,,,0.008995096316816071,53,
16:36:37.421,,,,,,,,,,,,,,,85,,,,,,,,,,,,,,,,,,,,,
16:36:37.666,,,,,,,,,,,,,,,,0,0,,,,,,,,,,,,,,,,,,,
16:36:37.954,,,,,,42.29652327308743,,,10.066942914427575,,1.311264561444445,15.538618,21.615274,15.538618,,,,,,,,,,,,,,,,,,,,0.00901554986882003,53,
16:36:38.229,,,,,,,,,,,,,,,85,,,,,,,,,,,,,,,,,,,,,
16:36:38.472,,,,,,,,,,,,,,,,0,0,,,,,,,,,,,,,,,,,,,
16:36:38.754,,,,,,42.37262520024247,,,10.066942914427575,,1.3230306247500006,15.550384,21.627039999999997,15.550384,,,,,,,,,,,,,,,,,,,,0,53,
16:36:39.039,,,,,,,,,,,,,,,84,,,,,,,,,,,,,,,,,,,,,
16:36:39.270,,,,,,,,,,,,,,,,0,0,,,,,,,,,,,,,,,,,,,
16:36:39.564,,,,,,42.450042623120964,,,10.066942914427575,,1.3351742512222227,15.562528,21.639183999999997,15.562528,,,,,,,,,,,,,,,,,,,,0,53,
16:36:39.878,,,,,,,,,,,,,,,84,,,,,,,,,,,,,,,,,,,,,
16:36:40.105,,,,,,,,,,,,,,,,0,0,,,,,,,,,,,,,,,,,,,
16:36:40.390,,,,,,42.52528969129851,,,10.066942914427575,,1.347149464305556,15.574503,21.651158999999996,15.574503,,,,,,,,,,,,,,,,,,,,0,53,
16:36:40.663,,,,,,,,,,,,,,,84,,,,,,,,,,,,,,,,,,,,,
16:36:40.901,,,,,,,,,,,,,,,,0,0,,,,,,,,,,,,,,,,,,,
16:36:41.176,,,,,,42.59694099301147,,,10.066942914427575,,1.3587134459722225,15.586067,21.662722999999996,15.586067,,,,,,,,,,,,,,,,,,,,0,53,
16:36:41.452,,,,,,,,,,,,,,,84,,,,,,,,,,,,,,,,,,,,,
16:36:41.711,,,,,,,,,,,,,,,,0,0,,,,,,,,,,,,,,,,,,,
16:36:41.996,,,,,,42.67070072862296,,,10.066942914427575,,1.3707852957222226,15.598139,21.674794999999996,15.598139,,,,,,,,,,,,,,,,,,,,0,53,
16:36:42.251,,,,,,,,,,,,,,,83,,,,,,,,,,,,,,,,,,,,,
16:36:42.504,,,,,,,,,,,,,,,,0,0,,,,,,,,,,,,,,,,,,,
16:36:42.787,,,,,,42.74317135020372,,,10.066942914427575,,1.3828152622222227,15.610168999999999,21.686825,15.610168999999999,,,,,,,,,,,,,,,,,,,,0,53,
16:36:43.129,,,,,,,,,,,,,,,83,,,,,,,,,,,,,,,,,,,,,
16:36:43.357,,,,,,,,,,,,,,,,0,0,,,,,,,,,,,,,,,,,,,
16:36:43.622,,,,,,42.81397410233915,,,10.066942914427575,,1.3947336813888893,15.622087,21.698742999999997,15.622087,,,,,,,,,,,,,,,,,,,,0,53,
16:36:43.891,,,,,,,,,,,,,,,83,,,,,,,,,,,,,,,,,,,,,
16:36:44.126,,,,,,,,,,,,,,,,0,0,,,,,,,,,,,,,,,,,,,
16:36:44.431,,,,,,42.88377715033113,,,10.066942914427575,,1.4066471332777781,15.634,21.710655999999997,15.634,,,,,,,,,,,,,,,,,,,,0,53,
16:36:44.699,,,,,,,,,,,,,,,83,,,,,,,,,,,,,,,,,,,,,
16:36:44.930,,,,,,,,,,,,,,,,0,0,,,,,,,,,,,,,,,,,,,
16:36:45.226,,,,,,42.95125503478168,,,10.066942914427575,,1.418321078166667,15.645674,21.72233,15.645674,,,,,,,,,,,,,,,,,,,,0,53,
16:36:45.491,,,,,,,,,,,,,,,83,,,,,,,,,,,,,,,,,,,,,
16:36:45.731,,,,,,,,,,,,,,,,0,0,,,,,,,,,,,,,,,,,,,
16:36:46.014,,,,,,43.01736631714907,,,10.066942914427575,,1.4299116540555559,15.657264999999999,21.733921,15.657264999999999,,,,,,,,,,,,,,,,,,,,0,53,
16:36:46.284,,,,,,,,,,,,,,,83,,,,,,,,,,,,,,,,,,,,,
16:36:46.516,,,,,,,,,,,,,,,,0,0,,,,,,,,,,,,,,,,,,,
16:36:46.797,,,,,,43.082315959658146,,,10.066942914427575,,1.4414490488611114,15.668802,21.745458,15.668802,,,,,,,,,,,,,,,,,,,,0,53,
16:36:47.058,,,,,,,,,,,,,,,83,,,,,,,,,,,,,,,,,,,,,
16:36:47.296,,,,,,,,,,,,,,,,0,0,,,,,,,,,,,,,,,,,,,
16:36:47.591,,,,,,43.147390634094485,,,10.066942914427575,,1.453161205277778,15.680513999999999,21.75717,15.680513999999999,,,,,,,,,,,,,,,,,,,,0,53,
16:36:47.858,,,,,,,,,,,,,,,83,,,,,,,,,,,,,,,,,,,,,
16:36:48.101,,,,,,,,,,,,,,,,0,0,,,,,,,,,,,,,,,,,,,
16:36:48.401,,,,,,43.21276897220128,,,10.066942914427575,,1.465084853777778,15.692438,21.769094,15.692438,,,,,,,,,,,,,,,,,,,,0,53,
16:36:48.696,,,,,,,,,,,,,,,83,,,,,,,,,,,,,,,,,,,,,
16:36:48.925,,,,,,,,,,,,,,,,0,0,,,,,,,,,,,,,,,,,,,
16:36:49.225,,,,,,43.278319972031625,,,10.066942914427575,,1.4772010012222225,15.704554,21.781209999999998,15.704554,,,,,,,,,,,,,,,,,,,,0,53,
16:36:49.504,,,,,,,,,,,,,,,83,,,,,,,,,,,,,,,,,,,,,
16:36:49.751,,,,,,,,,,,,,,,,0,0,,,,,,,,,,,,,,,,,,,
16:36:50.047,,,,,,43.342892641372444,,,10.066942914427575,,1.4892971396944448,15.71665,21.793305999999998,15.71665,,,,,,,,,,,,,,,,,,,,0,53,
16:36:50.326,,,,,,,,,,,,,,,83,,,,,,,,,,,,,,,,,,,,,
16:36:50.580,,,,,,,,,,,,,,,,0,0,,,,,,,,,,,,,,,,,,,
16:36:50.878,,,,,,43.40734237715917,,,10.066942914427575,,1.501532634305556,15.728885,21.805540999999998,15.728885,,,,,,,,,,,,,,,,,,,,0,53,
16:36:51.136,,,,,,,,,,,,,,,83,,,,,,,,,,,,,,,,,,,,,
16:36:51.364,,,,,,,,,,,,,,,,0,0,,,,,,,,,,,,,,,,,,,
16:36:51.652,,,,,,43.46658175333321,,,10.066942914427575,,1.512924878305556,15.740276999999999,21.816933,15.740276999999999,,,,,,,,,,,,,,,,,,,,0,53,
16:36:51.920,,,,,,,,,,,,,,,83,,,,,,,,,,,,,,,,,,,,,
16:36:52.156,,,,,,,,,,,,,,,,0,0,,,,,,,,,,,,,,,,,,,
16:36:52.431,,,,,,43.52544827348964,,,10.066942914427575,,1.5243865361111115,15.751738999999999,21.828394999999997,15.751738999999999,,,,,,,,,,,,,,,,,,,,0,53,
16:36:52.792,,,,,,,,,,,,,,,83,,,,,,,,,,,,,,,,,,,,,
16:36:53.020,,,,,,,,,,,,,,,,0,0,,,,,,,,,,,,,,,,,,,
16:36:53.276,,,,,,43.58868862061592,,,10.066942914427575,,1.5368595620000005,15.764212,21.840867999999997,15.764212,,,,,,,,,,,,,,,,,,,,0,53,
16:36:53.564,,,,,,,,,,,,,,,83,,,,,,,,,,,,,,,,,,,,,
16:36:53.801,,,,,,,,,,,,,,,,0,0,,,,,,,,,,,,,,,,,,,
16:36:54.100,,,,,,43.64925745678167,,,10.066942914427575,,1.5489638536388894,15.776316,21.852971999999998,15.776316,,,,,,,,,,,,,,,,,,,,0,53,
16:36:54.381,,,,,,,,,,,,,,,83,,,,,,,,,,,,,,,,,,,,,
16:36:54.626,,,,,,,,,,,,,,,,0,0,,,,,,,,,,,,,,,,,,,
16:36:54.913,,,,,,43.70852548626982,,,10.066942914427575,,1.5609609498333339,15.788312999999999,21.864969,15.788312999999999,,,,,,,,,,,,,,,,,,,,0,53,
16:36:55.191,,,,,,,,,,,,,,,83,,,,,,,,,,,,,,,,,,,,,
16:36:55.424,,,,,,,,,,,,,,,,0,0,,,,,,,,,,,,,,,,,,,
16:36:55.705,,,,,,43.76542988424535,,,10.066942914427575,,1.5726245037777784,15.799977,21.876632999999998,15.799977,,,,,,,,,,,,,,,,,,,,0,53,
16:36:55.992,,,,,,,,,,,,,,,83,,,,,,,,,,,,,,,,,,,,,
16:36:56.226,,,,,,,,,,,,,,,,0,0,,,,,,,,,,,,,,,,,,,
16:36:56.533,,,,,,43.82408608975489,,,10.066942914427575,,1.5847985331111116,15.812151,21.888806999999996,15.812151,,,,,,,,,,,,,,,,,,,,0,53,
16:36:56.804,,,,,,,,,,,,,,,83,,,,,,,,,,,,,,,,,,,,,
16:36:57.043,,,,,,,,,,,,,,,,0,0,,,,,,,,,,,,,,,,,,,
16:36:57.344,,,,,,43.88084860792561,,,10.066942914427575,,1.5967286387777784,15.824081,21.900737,15.824081,,,,,,,,,,,,,,,,,,,,0,53,
16:36:57.621,,,,,,,,,,,,,,,83,,,,,,,,,,,,,,,,,,,,,
16:36:57.873,,,,,,,,,,,,,,,,0,0,,,,,,,,,,,,,,,,,,,
16:36:58.123,,,,,,43.934731255072336,,,10.066942914427575,,1.6081916893055561,15.835543999999999,21.9122,15.835543999999999,,,,,,,,,,,,,,,,,,,,0,53,
16:36:58.406,,,,,,,,,,,,,,,83,,,,,,,,,,,,,,,,,,,,,
16:36:58.646,,,,,,,,,,,,,,,,0,0,,,,,,,,,,,,,,,,,,,
16:36:58.925,,,,,,43.989665608589,,,10.066942914427575,,1.6200196212777784,15.847372,21.924027999999996,15.847372,,,,,,,,,,,,,,,,,,,,0,53,
16:36:59.187,,,,,,,,,,,,,,,84,,,,,,,,,,,,,,,,,,,,,
16:36:59.420,,,,,,,,,,,,,,,,0,0,,,,,,,,,,,,,,,,,,,
16:36:59.714,,,,,,44.04415528739366,,,10.066942914427575,,1.631895156083334,15.859248,21.935903999999997,15.859248,,,,,,,,,,,,,,,,,,,,0,53,
16:37:00.049,,,,,,,,,,,,,,,84,,,,,,,,,,,,,,,,,,,,,
16:37:00.282,,,,,,,,,,,,,,,,0,0,,,,,,,,,,,,,,,,,,,
16:37:00.544,,,,,,44.09837269318113,,,10.066942914427575,,1.6438556513611118,15.871208,21.947864,15.871208,,,,,,,,,,,,,,,,,,,,0,53,
16:37:00.819,,,,,,,,,,,,,,,84,,,,,,,,,,,,,,,,,,,,,
16:37:01.050,,,,,,,,,,,,,,,,0,0,,,,,,,,,,,,,,,,,,,
16:37:01.304,,,,,,44.148383228883645,,,10.066942914427575,,1.6550180078611119,15.88237,21.959025999999998,15.88237,,,,,,,,,,,,,,,,,,,,0,53,
16:37:01.585,,,,,,,,,,,,,,,85,,,,,,,,,,,,,,,,,,,,,
16:37:01.820,,,,,,,,,,,,,,,,0,0,,,,,,,,,,,,,,,,,,,
16:37:02.116,,,,,,44.202312117200414,,,10.066942914427575,,1.667197150222223,15.894549,21.971204999999998,15.894549,,,,,,,,,,,,,,,,,,,,0,53,
16:37:02.446,,,,,,,,,,,,,,,85,,,,,,,,,,,,,,,,,,,,,
16:37:02.693,,,,,,,,,,,,,,,,0,0,,,,,,,,,,,,,,,,,,,
16:37:02.954,,,,,,44.25557602724633,,,10.066942914427575,,1.6793735719166674,15.906725,21.983380999999998,15.906725,,,,,,,,,,,,,,,,,,,,0,53,
16:37:03.234,,,,,,,,,,,,,,,85,,,,,,,,,,,,,,,,,,,,,
16:37:03.460,,,,,,,,,,,,,,,,0,0,,,,,,,,,,,,,,,,,,,
16:37:03.753,,,,,,44.30626672480375,,,10.066942914427575,,1.6911003077500006,15.918452,21.995108,15.918452,,,,,,,,,,,,,,,,,,,,0,53,
16:37:04.037,,,,,,,,,,,,,,,85,,,,,,,,,,,,,,,,,,,,,
16:37:04.302,,,,,,,,,,,,,,,,0,0,,,,,,,,,,,,,,,,,,,
16:37:04.594,,,,,,44.35910027051013,,,10.066942914427575,,1.7034692018888895,15.930821,22.007476999999998,15.930821,,,,,,,,,,,,,,,,,,,,0,53,
16:37:04.859,,,,,,,,,,,,,,,85,,,,,,,,,,,,,,,,,,,,,
16:37:05.084,,,,,,,,,,,,,,,,0,0,,,,,,,,,,,,,,,,,,,
16:37:05.364,,,,,,44.40705723162579,,,10.066942914427575,,1.714828125083334,15.94218,22.018835999999997,15.94218,,,,,,,,,,,,,,,,,,,,0,53,
16:37:05.653,,,,,,,,,,,,,,,85,,,,,,,,,,,,,,,,,,,,,
16:37:05.901,,,,,,,,,,,,,,,,0,0,,,,,,,,,,,,,,,,,,,
16:37:06.206,,,,,,44.458681591463005,,,10.066942914427575,,1.7271982544166673,15.95455,22.031205999999997,15.95455,,,,,,,,,,,,,,,,,,,,0,53,
16:37:06.494,,,,,,,,,,,,,,,85,,,,,,,,,,,,,,,,,,,,,
16:37:06.742,,,,,,,,,,,,,,,,0,0,,,,,,,,,,,,,,,,,,,
16:37:07.040,,,,,,44.50925543608076,,,10.066942914427575,,1.7394625236111116,15.966814,22.04347,15.966814,,,,,,,,,,,,,,,,,,,,0,53,
16:37:07.300,,,,,,,,,,,,,,,85,,,,,,,,,,,,,,,,,,,,,
16:37:07.539,,,,,,,,,,,,,,,,0,0,,,,,,,,,,,,,,,,,,,
16:37:07.835,,,,,,44.55707161370619,,,10.066942914427575,,1.751193181444445,15.978545,22.055200999999997,15.978545,,,,,,,,,,,,,,,,,,,,0,53,
16:37:08.115,,,,,,,,,,,,,,,85,,,,,,,,,,,,,,,,,,,,,
16:37:08.361,,,,,,,,,,,,,,,,0,0,,,,,,,,,,,,,,,,,,,
16:37:08.661,,,,,,44.6059492155074,,,10.066942914427575,,1.7633223654166672,15.990674,22.06733,15.990674,,,,,,,,,,,,,,,,,,,,0,53,
16:37:08.946,,,,,,,,,,,,,,,85,,,,,,,,,,,,,,,,,,,,,
16:37:09.188,,,,,,,,,,,,,,,,0,0,,,,,,,,,,,,,,,,,,,
16:37:09.478,,,,,,44.648401800799974,,,10.26053797047426,,1.7751927463055561,16.002544,22.079199999999997,16.002544,,,,,,,,,,,,,,,,,,,,-0.008655833359995018,52,
16:37:09.743,,,,,,,,,,,,,,,85,,,,,,,,,,,,,,,,,,,,,
16:37:09.997,,,,,,,,,,,,,,,,0,0,,,,,,,,,,,,,,,,,,,
16:37:10.265,,,,,,44.688464746785684,,,10.26053797047426,,1.7865213724166673,16.013873,22.090528999999997,16.013873,,,,,,,,,,,,,,,,,,,,-0.008782250456591633,52,
16:37:10.535,,,,,,,,,,,,,,,85,,,,,,,,,,,,,,,,,,,,,
16:37:10.773,,,,,,,,,,,,,,,,0,0,,,,,,,,,,,,,,,,,,,
16:37:11.062,,,,,,44.728644414947055,,,10.26053797047426,,1.7980083847500006,16.02536,22.102016,16.02536,,,,,,,,,,,,,,,,,,,,-0.00877911695001807,52,
16:37:11.307,,,,,,,,,,,,,,,85,,,,,,,,,,,,,,,,,,,,,
16:37:11.554,,,,,,,,,,,,,,,,0,0,,,,,,,,,,,,,,,,,,,
16:37:11.831,,,,,,44.767121409329114,,,10.26053797047426,,1.8091282438611116,16.03648,22.113135999999997,16.03648,,,,,,,,,,,,,,,,,,,,-0.008936860345674475,52,
16:37:12.104,,,,,,,,,,,,,,,85,,,,,,,,,,,,,,,,,,,,,
16:37:12.356,,,,,,,,,,,,,,,,0,0,,,,,,,,,,,,,,,,,,,
16:37:12.627,,,,,,44.806528547547224,,,10.26053797047426,,1.8206402205277783,16.047992,22.124647999999997,16.047992,,,,,,,,,,,,,,,,,,,,0,52,
16:37:12.889,,,,,,,,,,,,,,,85,,,,,,,,,,,,,,,,,,,,,
16:37:13.129,,,,,,,,,,,,,,,,0,0,,,,,,,,,,,,,,,,,,,
16:37:13.426,,,,,,44.84560572354679,,,10.26053797047426,,1.8321810355277783,16.059533,22.136188999999998,16.059533,,,,,,,,,,,,,,,,,,,,0,52,
16:37:13.692,,,,,,,,,,,,,,,85,,,,,,,,,,,,,,,,,,,,,
16:37:13.933,,,,,,,,,,,,,,,,0,0,,,,,,,,,,,,,,,,,,,
16:37:14.223,,,,,,44.88955554976213,,,10.066942914427575,,1.8439147865000005,16.071267,22.147923,16.071267,,,,,,,,,,,,,,,,,,,,0.008960868174105274,53,
16:37:14.489,,,,,,,,,,,,,,,85,,,,,,,,,,,,,,,,,,,,,
16:37:14.737,,,,,,,,,,,,,,,,0,0,,,,,,,,,,,,,,,,,,,
16:37:15.029,,,,,,44.93353322851093,,,10.066942914427575,,1.8557839568888894,16.083136,22.159791999999996,16.083136,,,,,,,,,,,,,,,,,,,,0.008856290519385591,53,
16:37:15.286,,,,,,,,,,,,,,,85,,,,,,,,,,,,,,,,,,,,,
16:37:15.525,,,,,,,,,,,,,,,,0,0,,,,,,,,,,,,,,,,,,,
16:37:15.823,,,,,,44.97631177472641,,,10.066942914427575,,1.867454328694445,16.094806,22.171462,16.094806,,,,,,,,,,,,,,,,,,,,0.008861793220029746,53,
16:37:16.093,,,,,,,,,,,,,,,85,,,,,,,,,,,,,,,,,,,,,
16:37:16.338,,,,,,,,,,,,,,,,0,0,,,,,,,,,,,,,,,,,,,
16:37:16.624,,,,,,45.01900172660624,,,10.066942914427575,,1.8792252503333338,16.106576999999998,22.183232999999998,16.106576999999998,,,,,,,,,,,,,,,,,,,,0.008859349964093386,53,
16:37:16.889,,,,,,,,,,,,,,,85,,,,,,,,,,,,,,,,,,,,,
16:37:17.111,,,,,,,,,,,,,,,,0,0,,,,,,,,,,,,,,,,,,,
16:37:17.379,,,,,,45.05899912211013,,,10.066942914427575,,1.890368588666667,16.11772,22.194376,16.11772,,,,,,,,,,,,,,,,,,,,0,53,
16:37:17.637,,,,,,,,,,,,,,,85,,,,,,,,,,,,,,,,,,,,,
16:37:17.868,,,,,,,,,,,,,,,,1160,1.2,,,,,,,,,,,,,,,,,,,
16:37:18.125,,,,,,45.09973984852104,,,10.066942914427575,,1.9018350179444448,16.129186,22.205841999999997,16.129186,,,,,,,,,,,,,,,,,,,,0,53,
16:37:18.494,,,,,,,,,,,,,,,85,,,,,,,,,,,,,,,,,,,,,
16:37:18.724,,,,,,,,,,,,,,,,1714,1.7,,,,,,,,,,,,,,,,,,,
16:37:18.990,,,,,,45.14945787453128,,,9.88051804564188,,1.9146269624444447,16.141977999999998,22.218633999999998,16.141977999999998,,,,,,,,,,,,,,,,,,,,0.00894557022421459,54,
16:37:19.461,,,,,,,,,,,,,,,85,,,,,,,,,,,,,,,,,,,,,
16:37:19.691,,,,,,,,,,,,,,,,1851,1.9,,,,,,,,,,,,,,,,,,,
16:37:19.957,,,,,,45.21154250415641,,,9.700872262993846,,1.9294202314722226,16.156771,22.233427,16.156771,,,,,,,,,,,,,,,,,,,,0.01699557171774108,55,
16:37:20.304,,,,,,,,,,,,,,,86,,,,,,,,,,,,,,,,,,,,,
16:37:20.547,,,,,,,,,,,,,,,,1836,1.8,,,,,,,,,,,,,,,,,,,
16:37:20.840,,,,,,45.26835339629588,,,9.700872262993846,,1.9431222791111116,16.170473,22.247128999999997,16.170473,,,,,,,,,,,,,,,,,,,,0.01636876821675407,55,
16:37:21.219,,,,,,,,,,,,,,,86,,,,,,,,,,,,,,,,,,,,,
16:37:21.463,,,,,,,,,,,,,,,,1782,1.8,,,,,,,,,,,,,,,,,,,
16:37:24.353,,,,,,,,-0.04,,,,,,,,,,,,,,,,,,,,,96,,,,,,,
16:37:24.599,,,,,,,,,,5.213494522884354,,,,,,1779,1.8,,,,,,,,,,20.396222334467357,,,,,,,,,
16:37:24.869,,,,,,45.56384690217677,,,9.146481619095358,,2.0063413733611117,16.233691999999998,22.310347999999998,16.233691999999998,,,,,,,,,,,,,,,,,,,,0.01680142536725946,57,
16:37:25.167,,,,,,,,,,,,,,,,,,1,,,,,,,,,,,,,,,27.84313725490196,,,
16:37:25.319,,,,,,,,,,,,,,,,,,,,,,,,,,,,,,,14.51622795,3.242882,,,,
16:37:28.224,,,,,,,,-0.1,,,,,,,,,,,,,,,,,,,,,90,,,,,,,
16:37:28.453,0.7822129209863259,3.9254040300875492,5.768735655759382,3.9254040300875492,0.7822129209863259,,,,,4.675811314344708,,,,,,1702,1.7,,0.01569386146152512,0.637238,1.287025,0.637238,0.01585080007614037,0.6436103799999999,1.29989525,0.6436103799999999,18.29269921408301,,,,,,,,,
16:37:28.781,,,,,,45.863464037581416,,,8.06174364542191,,2.069391264194445,16.296742,22.373397999999998,16.296742,,,,,,,,,,,,,,,,,,,,0.0115714420494996,58,
16:37:29.078,,,,,,,,,,,,,,,,,,1,,,,,,,,,,,,,,,26.274509803921568,,,
16:37:29.241,,,,,,,,,,,,,,,,,,,,,,,,,,,,,,,14.54492235,3.257522,,,,
16:37:29.579,,,,,,,,-0.1,,,,,,,,,,,,,,,,,,,,,90,,,,,,,
16:37:29.798,0.8420632997191733,3.9208450376154946,5.760220240126243,3.9208450376154946,0.8121381103527496,,,,,4.636426737512832,,,,,,1691,1.7,,0.01742558436337606,0.63897,1.288757,0.63897,0.01759984020700982,0.6453597,1.3016445700000001,0.6453597,18.138618955230555,,,,,,,,,
16:37:30.132,,,,,,45.96364064179134,,,7.993839202608331,,2.091172118583334,16.318523,22.395179,16.318523,,,,,,,,,,,,,,,,,,,,0.008351156819671189,58,
16:37:30.441,,,,,,,,,,,,,,,,,,1,,,,,,,,,,,,,,,26.274509803921568,,,
16:37:30.598,,,,,,,,,,,,,,,,,,,,,,,,,,,,,,,14.554786049999999,3.264232,,,,
16:37:30.947,,,,,,,,-0.06,,,,,,,,,,,,,,,,,,,,,94,,,,,,,
16:37:31.181,0.9219582664660059,3.9269730477445783,5.7628965591210495,3.9269730477445783,0.8487448290571683,,,,,4.82489970064176,,,,,,1686,1.7,,0.019279734213311354,0.640824,1.290611,0.640824,0.01947253155544447,0.6472322399999999,1.30351711,0.6472322399999999,18.87596248616549,,,,,,,,,
16:37:31.521,,,,,,46.073231897667384,,,8.177796102782644,,2.1139290298888898,16.34128,22.417935999999997,16.34128,,,,,,,,,,,,,,,,,,,,0.010607134927247871,59,
16:37:31.824,,,,,,,,,,,,,,,,,,1,,,,,,,,,,,,,,,26.274509803921568,,,
16:37:31.995,,,,,,,,,,,,,,,,,,,,,,,,,,,,,,,14.628315449999999,3.305346,,,,
16:37:32.337,,,,,,,,-0.1,,,,,,,,,,,,,,,,,,,,,90,,,,,,,
16:37:32.579,0.9962333308793114,3.932396972574975,5.7649865714667055,3.932396972574975,0.8856169545127042,,,,,4.585459643051429,,,,,,1682,1.7,,0.0210596655868868,0.642604,1.292391,0.642604,0.021270262242755668,0.64903004,1.30531491,0.64903004,17.939225595208104,,,,,,,,,
16:37:32.934,,,,,,46.18284144348397,,,7.771965496697337,,2.1370789959166676,16.36443,22.441086,16.36443,,,,,,,,,,,,,,,,,,,,0.007024398145558123,59,
16:37:33.246,,,,,,,,,,,,,,,,,,1,,,,,,,,,,,,,,,25.88235294117647,,,
16:37:33.415,,,,,,,,,,,,,,,,,,,,,,,,,,,,,,,14.60589795,3.296196,,,,
16:37:33.762,,,,,,,,-0.08,,,,,,,,,,,,,,,,,,,,,92,,,,,,,
16:37:33.997,1.070755693288606,3.9379740082606,5.767162961721193,3.9379740082606,0.9226447022678845,,,,,4.624776669587175,,,,,,1657,1.7,,0.022882895018852694,0.644427,1.294214,0.644427,0.02311172396904122,0.6508712699999999,1.30715614,0.6508712699999999,18.093041583933758,,,,,,,,,
16:37:34.337,,,,,,46.28986958424122,,,7.838604524724024,,2.1600690457222234,16.38742,22.464076,16.38742,,,,,,,,,,,,,,,,,,,,0.005098517884056022,59,
16:37:34.631,,,,,,,,,,,,,,,,,,1,,,,,,,,,,,,,,,25.098039215686274,,,
16:37:34.790,,,,,,,,,,,,,,,,,,,,,,,,,,,,,,,14.558821199999999,3.265452,,,,
16:37:35.143,,,,,,,,-0.11,,,,,,,,,,,,,,,,,,,,,89,,,,,,,
16:37:35.367,1.1345442339390759,3.942359444012541,5.768490099481501,3.942359444012541,0.9579612908797498,,,,,4.266316237396334,,,,,,1575,1.6,,0.02450693880734431,0.6460509999999999,1.295838,0.6460509999999999,0.02475200819541775,0.65251151,1.30879638,0.65251151,16.690673433170126,,,,,,,,,
16:37:35.712,,,,,,46.39315797103102,,,7.231044470163278,,2.182625917527779,16.409976999999998,22.486632999999998,16.409976999999998,,,,,,,,,,,,,,,,,,,,0.005076806671536263,59,
16:37:36.011,,,,,,,,,,,,,,,,,,1,,,,,,,,,,,,,,,24.313725490196077,,,
16:37:36.169,,,,,,,,,,,,,,,,,,,,,,,,,,,,,,,14.659699949999998,3.308396,,,,
16:37:36.521,,,,,,,,-0.09,,,,,,,,,,,,,,,,,,,,,91,,,,,,,
16:37:36.753,1.196262269499916,3.9467087613833955,5.769832237667597,3.9467087613833955,0.9920042878254878,,,,,4.164385041041668,,,,,,1514,1.5,,0.026109930335711178,0.647654,1.297441,0.647654,0.02637102963906829,0.6541305399999999,1.31041541,0.6541305399999999,16.291898420644014,,,,,,,,,
16:37:37.061,,,,,,46.49272940645384,,,7.058279730579098,,2.20472374638889,16.432075,22.508730999999997,16.432075,,,,,,,,,,,,,,,,,,,,0,59,
16:37:37.346,,,,,,,,,,,,,,,,,,1,,,,,,,,,,,,,,,24.313725490196077,,,
16:37:37.501,,,,,,,,,,,,,,,,,,,,,,,,,,,,,,,14.620693499999998,3.288266,,,,
16:37:37.842,,,,,,,,-0.09,,,,,,,,,,,,,,,,,,,,,91,,,,,,,
16:37:38.067,1.2527313758320253,3.950584451446332,5.770871756386446,3.950584451446332,1.024595173826305,,,,,4.136884256201226,,,,,,1500,1.5,,0.02761926612143291,0.6491629999999999,1.29895,0.6491629999999999,0.027895458782647237,0.6556546299999999,1.3119395,0.6556546299999999,16.184309907888146,,,,,,,,,
16:37:38.378,,,,,,46.588216516841946,,,7.011668230849535,,2.2262481788333344,16.453599,22.530254999999997,16.453599,,,,,,,,,,,,,,,,,,,,0,59,
16:37:38.644,,,,,,,,,,,,,,,,,,1,,,,,,,,,,,,,,,23.92156862745098,,,
16:37:38.813,,,,,,,,,,,,,,,,,,,,,,,,,,,,,,,14.753405099999998,3.33914,,,,
16:37:39.173,,,,,,,,-0.12,,,,,,,,,,,,,,,,,,,,,88,,,,,,,
16:37:39.404,1.3066955488009937,3.954356733745607,5.771887623997155,3.954356733745607,1.0901555023031386,,,,,3.9645176477837762,,,,,,1500,1.5,,0.02909028585807837,0.6506339999999999,1.300421,0.6506339999999999,0.029381188716659155,0.65714034,1.3134252100000001,0.65714034,15.509977624064172,,,,,,,,,
16:37:39.700,,,,,,46.682998225536664,,,6.719521436921655,,2.247943647361112,16.475293999999998,22.551949999999998,16.475293999999998,,,,,,,,,,,,,,,,,,,,0,59,
16:37:39.982,,,,,,,,,,,,,,,,,,1,,,,,,,,,,,,,,,23.92156862745098,,,
16:37:40.161,,,,,,,,,,,,,,,,,,,,,,,,,,,,,,,14.738609550000001,3.33243,,,,
16:37:40.526,,,,,,,,-0.09,,,,,,,,,,,,,,,,,,,,,91,,,,,,,
16:37:40.754,1.3626489859613125,3.9585029560018783,5.773168173927311,3.9585029560018783,1.155228713083406,,,,,4.10925888486544,,,,,,1502,1.5,,0.030631581315747933,0.652175,1.301962,0.652175,0.030937897128905413,0.6586967499999999,1.3149816200000002,0.6586967499999999,16.076233988106576,,,,,,,,,
16:37:41.065,,,,,,46.77955779252343,,,6.964845567568542,,2.270392134527779,16.497742,22.574398,16.497742,,,,,,,,,,,,,,,,,,,,0,59,
16:37:41.378,,,,,,,,,,,,,,,,,,1,,,,,,,,,,,,,,,23.92156862745098,,,
16:37:41.551,,,,,,,,,,,,,,,,,,,,,,,,,,,,,,,14.7740292,3.315228,,,,
16:37:41.885,,,,,,,,-0.12,,,,,,,,,,,,,,,,,,,,,88,,,,,,,
16:37:42.125,1.4155693558744789,3.962251318998685,5.774103034774172,3.962251318998685,1.2169300992594652,,,,,3.958983300496872,,,,,,1500,1.5,,0.03213897531455971,0.653682,1.303469,0.653682,0.03246036506770531,0.66021882,1.31650369,0.66021882,15.488326162219458,,,,,,,,,
16:37:42.459,,,,,,46.87617446917912,,,6.710141187282834,,2.2932117956111124,16.520561999999998,22.597217999999998,16.520561999999998,,,,,,,,,,,,,,,,,,,,0,59,
16:37:42.742,,,,,,,,,,,,,,,,,,1,,,,,,,,,,,,,,,23.92156862745098,,,
16:37:42.896,,,,,,,,,,,,,,,,,,,,,,,,,,,,,,,14.7363678,3.305346,,,,
16:37:43.250,,,,,,,,-0.09,,,,,,,,,,,,,,,,,,,,,91,,,,,,,
16:37:43.491,1.4695145287807294,3.966221003861733,5.775175510542936,3.966221003861733,1.2760902489971422,,,,,4.107147726008634,,,,,,1501,1.5,,0.033699080512218746,0.655242,1.305029,0.655242,0.03403607131734093,0.66179442,1.31807929,0.66179442,16.067974716856206,,,,,,,,,
16:37:43.821,,,,,,46.96906353641026,,,6.961267332218023,,2.315496618416668,16.542847,22.619502999999998,16.542847,,,,,,,,,,,,,,,,,,,,0,59,
16:37:44.136,,,,,,,,,,,,,,,,,,1,,,,,,,,,,,,,,,26.666666666666668,,,
16:37:44.307,,,,,,,,,,,,,,,,,,,,,,,,,,,,,,,14.8161741,3.370982,,,,
16:37:44.643,,,,,,,,-0.09,,,,,,,,,,,,,,,,,,,,,91,,,,,,,
16:37:44.876,1.5367417759804294,3.972266684204962,5.7778148352773275,3.972266684204962,1.3343385093336202,,,,,4.896042451429419,,,,,,1799,1.8,,0.03558320385662309,0.657126,1.306913,0.657126,0.03593903589518933,0.66369726,1.31998213,0.66369726,19.154287006538805,,,,,,,,,
16:37:45.202,,,,,,47.062059060401374,,,8.298377036321048,,2.338154373666668,16.565504999999998,22.642160999999998,16.565504999999998,,,,,,,,,,,,,,,,,,,,0,59,
16:37:45.502,,,,,,,,,,,,,,,,,,1,,,,,,,,,,,,,,,27.84313725490196,,,
16:37:45.679,,,,,,,,,,,,,,,,,,,,,,,,,,,,,,,14.7874797,3.312056,,,,
16:37:46.049,,,,,,,,-0.08,,,,,,,,,,,,,,,,,,,,,92,,,,,,,
16:37:46.293,1.604943272684963,3.9785626819103923,5.780614315038217,3.9785626819103923,1.393138389176856,,,,,4.931882238651231,,,,,,1789,1.8,,0.037526051325152424,0.659069,1.308856,0.659069,0.03790131183840395,0.6656596899999999,1.3219445600000002,0.6656596899999999,19.29449934691577,,,,,,,,,
16:37:46.610,,,,,,47.16300573016454,,,8.219803731085385,,2.361595698666668,16.588946,22.665601999999996,16.588946,,,,,,,,,,,,,,,,,,,,0.005108592496210686,60,
16:37:46.916,,,,,,,,,,,,,,,,,,1,,,,,,,,,,,,,,,26.666666666666668,,,
16:37:47.075,,,,,,,,,,,,,,,,,,,,,,,,,,,,,,,14.668666949999999,3.305346,,,,
16:37:47.396,,,,,,,,-0.09,,,,,,,,,,,,,,,,,,,,,91,,,,,,,
16:37:47.635,1.663509938885618,3.983544222761349,5.7823966025698335,3.983544222761349,1.451544347850069,,,,,4.7281133849460915,,,,,,1720,1.7,,0.039285379163615276,0.660828,1.310615,0.660828,0.03967823295525143,0.66743628,1.3237211500000001,0.66743628,18.497315264959504,,,,,,,,,
16:37:47.973,,,,,,47.25932479523457,,,7.880188974910153,,2.3843087320000014,16.611659,22.688314999999996,16.611659,,,,,,,,,,,,,,,,,,,,0.005136953604896767,60,
16:37:48.278,,,,,,,,,,,,,,,,,,1,,,,,,,,,,,,,,,26.666666666666668,,,
16:37:48.435,,,,,,,,,,,,,,,,,,,,,,,,,,,,,,,14.6915328,3.310836,,,,
16:37:48.788,,,,,,,,-0.08,,,,,,,,,,,,,,,,,,,,,92,,,,,,,
16:37:49.028,1.7252383751272031,3.9892343082650563,5.784761891749124,3.9892343082650563,1.5106077227619659,,,,,4.775405775156214,,,,,,1721,1.7,,0.041135009225972845,0.662678,1.312465,0.662678,0.04154635931823257,0.6693047799999999,1.3255896500000002,0.6693047799999999,18.68233245471966,,,,,,,,,
16:37:49.358,,,,,,47.363462092353096,,,7.828534057633138,,2.407810849277779,16.635161,22.711816999999996,16.635161,,,,,,,,,,,,,,,,,,,,0.010231477810615598,61,
16:37:49.661,,,,,,,,,,,,,,,,,,1,,,,,,,,,,,,,,,26.666666666666668,,,
16:37:49.828,,,,,,,,,,,,,,,,,,,,,,,,,,,,,,,14.67942735,3.307176,,,,
16:37:50.174,,,,,,,,-0.05,,,,,,,,,,,,,,,,,,,,,95,,,,,,,
16:37:50.412,1.7873067610162274,3.995019946004731,5.787141557190251,3.995019946004731,1.5706841242888703,,,,,4.946662523388987,,,,,,1725,1.7,,0.043034966101623995,0.664578,1.314365,0.664578,0.04346531576264023,0.6712237799999999,1.3275086500000002,0.6712237799999999,19.35232274585764,,,,,,,,,
16:37:50.721,,,,,,47.46430652622878,,,8.109282825227847,,2.430914477277779,16.658265,22.734920999999996,16.658265,,,,,,,,,,,,,,,,,,,,0.010263736832368761,61,
16:37:51.011,,,,,,,,,,,,,,,,,,1,,,,,,,,,,,,,,,26.666666666666668,,,
16:37:51.165,,,,,,,,,,,,,,,,,,,,,,,,,,,,,,,14.741299649999998,3.33548,,,,
16:37:51.510,,,,,,,,-0.06,,,,,,,,,,,,,,,,,,,,,94,,,,,,,
16:37:51.749,1.8448226249227797,4.000350576725728,5.789226186446833,4.000350576725728,1.6309558291590536,,,,,4.874048769493956,,,,,,1725,1.7,,0.04484606026934379,0.666389,1.316176,0.666389,0.04529452087203723,0.6730528899999999,1.32933776,0.6730528899999999,19.06824337021384,,,,,,,,,
16:37:52.088,,,,,,47.57106418976613,,,7.861368983054767,,2.454408586777779,16.681759,22.758415,16.681759,,,,,,,,,,,,,,,,,,,,0.01034079953735944,62,
16:37:52.391,,,,,,,,,,,,,,,,,,1,,,,,,,,,,,,,,,26.666666666666668,,,
16:37:52.554,,,,,,,,,,,,,,,,,,,,,,,,,,,,,,,14.70005145,3.33792,,,,
16:37:52.920,,,,,,,,-0.09,,,,,,,,,,,,,,,,,,,,,91,,,,,,,
16:37:53.157,1.9027168392794405,4.005830560194522,5.791396281331543,4.005830560194522,1.6918492645846737,,,,,4.7427062063881875,,,,,,1729,1.7,,0.046700445485341344,0.668243,1.31803,0.668243,0.047167449940194756,0.6749254299999999,1.3312103000000002,0.6749254299999999,18.554405270389395,,,,,,,,,
16:37:53.441,,,,,,47.675324376847186,,,7.649526139335785,,2.477691074777779,16.705041,22.781696999999998,16.705041,,,,,,,,,,,,,,,,,,,,0.010361422759481936,62,
16:37:53.753,,,,,,,,,,,,,,,,,,1,,,,,,,,,,,,,,,26.666666666666668,,,
16:37:53.909,,,,,,,,,,,,,,,,,,,,,,,,,,,,,,,14.743541399999998,3.314008,,,,
16:37:54.283,,,,,,,,-0.05,,,,,,,,,,,,,,,,,,,,,95,,,,,,,
16:37:54.522,1.96056448816093,4.011477732978925,5.793712382356767,4.011477732978925,1.7532305095071987,,,,,4.945137492331922,,,,,,1732,1.7,,0.048576731338426014,0.670119,1.319906,0.670119,0.049062498651810275,0.6768201899999999,1.33310506,0.6768201899999999,19.34635652255572,,,,,,,,,
16:37:54.839,,,,,,47.78922587127402,,,7.84942459100305,,2.502208347277779,16.729558,22.806213999999997,16.729558,,,,,,,,,,,,,,,,,,,,0.010335299463595725,63,
16:37:55.173,,,,,,,,,,,,,,,,,,1,,,,,,,,,,,,,,,26.666666666666668,,,
16:37:55.315,,,,,,,,,,,,,,,,,,,,,,,,,,,,,,,14.712156899999998,3.324378,,,,
16:37:55.647,,,,,,,,-0.06,,,,,,,,,,,,,,,,,,,,,94,,,,,,,
16:37:55.872,2.015067154678842,4.016621359631856,5.795569575905937,4.016621359631856,1.8130211818445003,,,,,4.92050830932766,,,,,,1738,1.7,,0.050421178547626816,0.671963,1.32175,0.671963,0.05092539033310309,0.67868263,1.3349675,0.67868263,19.250002284478708,,,,,,,,,
16:37:56.211,,,,,,47.89907832810627,,,7.810330649726445,,2.526204429527779,16.753554,22.830209999999997,16.753554,,,,,,,,,,,,,,,,,,,,0.010320184174192906,63,
16:37:56.521,,,,,,,,,,,,,,,,,,1,,,,,,,,,,,,,,,27.058823529411764,,,
16:37:56.686,,,,,,,,,,,,,,,,,,,,,,,,,,,,,,,14.716640399999998,3.312056,,,,
16:37:57.023,,,,,,,,-0.08,,,,,,,,,,,,,,,,,,,,,92,,,,,,,
16:37:57.264,2.06950402662483,4.021964533614778,5.797620784040095,4.021964533614778,1.871091276086984,,,,,4.808809376955539,,,,,,1736,1.7,,0.05227990238985221,0.673822,1.323609,0.673822,0.05280270141375073,0.6805602199999999,1.3368450900000002,0.6805602199999999,18.813013955597906,,,,,,,,,
16:37:57.591,,,,,,48.015315137997085,,,7.513764651493029,,2.550749309527779,16.778099,22.854754999999997,16.778099,,,,,,,,,,,,,,,,,,,,0.01029417218490867,64,
16:37:57.882,,,,,,,,,,,,,,,,,,1,,,,,,,,,,,,,,,26.666666666666668,,,
16:37:58.045,,,,,,,,,,,,,,,,,,,,,,,,,,,,,,,14.700948149999999,3.33914,,,,
16:37:58.407,,,,,,,,-0.08,,,,,,,,,,,,,,,,,,,,,92,,,,,,,
16:37:58.634,2.120931756730835,4.02692819967268,5.799357726652507,4.02692819967268,1.928269003317636,,,,,4.783439358321921,,,,,,1725,1.7,,0.054099652140367174,0.675642,1.325429,0.675642,0.054640648661770846,0.68239842,1.33868329,0.68239842,18.71376142192601,,,,,,,,,
16:37:58.962,,,,,,48.13607724589211,,,7.359137474341417,,2.575476423555557,16.802826,22.879481999999996,16.802826,,,,,,,,,,,,,,,,,,,,0.015389513315261382,65,
16:37:59.263,,,,,,,,,,,,,,,,,,1,,,,,,,,,,,,,,,26.666666666666668,,,
16:37:59.424,,,,,,,,,,,,,,,,,,,,,,,,,,,,,,,14.682565799999999,3.310836,,,,
16:37:59.784,,,,,,,,-0.09,,,,,,,,,,,,,,,,,,,,,91,,,,,,,
16:38:00.017,2.1705977384092923,4.031738470659638,5.800974864728144,4.031738470659638,1.983938923727897,,,,,4.693428334990023,,,,,,1709,1.7,,0.05590323300296144,0.677446,1.3272329999999999,0.677446,0.056462265332991056,0.6842204599999999,1.34050533,0.6842204599999999,18.361620485290935,,,,,,,,,
16:38:00.331,,,,,,48.255031106534595,,,7.220658976907728,,2.6001819684166683,16.827531999999998,22.904187999999998,16.827531999999998,,,,,,,,,,,,,,,,,,,,0.010316301464049476,65,
16:38:00.629,,,,,,,,,,,,,,,,,,1,,,,,,,,,,,,,,,25.88235294117647,,,
16:38:00.796,,,,,,,,,,,,,,,,,,,,,,,,,,,,,,,14.715743699999999,3.302906,,,,
16:38:01.151,,,,,,,,-0.1,,,,,,,,,,,,,,,,,,,,,90,,,,,,,
16:38:01.383,2.215407810070944,4.03592755016006,5.802144131894133,4.03592755016006,2.0374515548597367,,,,,4.485046850295365,,,,,,1655,1.7,,0.05760463440435928,0.679147,1.328934,0.679147,0.05818068074840287,0.68593847,1.34222334,0.68593847,17.54639087805482,,,,,,,,,
16:38:01.720,,,,,,48.37445180234421,,,6.9000720773774855,,2.6253400848055573,16.85269,22.929346,16.85269,,,,,,,,,,,,,,,,,,,,0.010283112310620353,65,
16:38:02.019,,,,,,,,,,,,,,,,,,1,,,,,,,,,,,,,,,22.745098039215687,,,
16:38:02.180,,,,,,,,,,,,,,,,,,,,,,,,,,,,,,,14.809448849999999,3.34036,,,,
16:38:02.516,,,,,,,,-0.12,,,,,,,,,,,,,,,,,,,,,88,,,,,,,
16:38:02.746,2.249690721540148,4.0385481486931765,5.802132341672546,4.0385481486931765,2.088060066936908,,,,,3.8441942391135697,,,,,,1460,1.5,,0.05906203229674487,0.680604,1.330391,0.680604,0.059652652619712324,0.6874100399999999,1.3436949100000002,0.6874100399999999,15.03924863710424,,,,,,,,,
16:38:03.222,,,,,,48.50107715382177,,,5.914144983251646,,2.6524138053611126,16.879764,22.956419999999998,16.879764,,,,,,,,,,,,,,,,,,,,0.005030419276071576,65,
16:38:03.529,,,,,,,,,,,,,,,,,,1,,,,,,,,,,,,,,,22.352941176470587,,,
16:38:03.685,,,,,,,,,,,,,,,,,,,,,,,,,,,,,,,14.623383599999999,3.278994,,,,
16:38:04.032,,,,,,,,-0.15,,,,,,,,,,,,,,,,,,,,,85,,,,,,,
16:38:04.259,2.285396065392407,4.041288728918247,5.802067569769155,4.041288728918247,2.1358949702010284,,,,,3.706299736970018,,,,,,1439,1.4,,0.06061816074564789,0.68216,1.331947,0.68216,0.061224342353104366,0.6889816,1.34526647,0.6889816,14.499778055122206,,,,,,,,,
16:38:04.583,,,,,,48.61449572696774,,,5.701999595338489,,2.677019046194446,16.904369,22.981025,16.904369,,,,,,,,,,,,,,,,,,,,0,65,
16:38:04.867,,,,,,,,,,,,,,,,,,1,,,,,,,,,,,,,,,21.568627450980394,,,
16:38:05.031,,,,,,,,,,,,,,,,,,,,,,,,,,,,,,,14.835901499999999,3.372202,,,,
16:38:05.396,,,,,,,,-0.21,,,,,,,,,,,,,,,,,,,,,79,,,,,,,
16:38:05.634,2.3119775316200926,4.042942981190247,5.80139919781646,4.042942981190247,2.179821600633424,,,,,3.333987779106606,,,,,,1413,1.4,,0.0618920788652061,0.683434,1.333221,0.683434,0.06251099965385816,0.6902683399999999,1.3465532100000002,0.6902683399999999,13.043219994682973,,,,,,,,,
16:38:05.982,,,,,,48.7220719927115,,,5.209355904854072,,2.7018342390833348,16.929184,23.00584,16.929184,,,,,,,,,,,,,,,,,,,,-0.005012272903276245,64,
16:38:06.295,,,,,,,,,,,,,,,,,,1,,,,,,,,,,,,,,,20.784313725490197,,,
16:38:06.447,,,,,,,,,,,,,,,,,,,,,,,,,,,,,,,14.700948149999999,3.309616,,,,
16:38:06.794,,,,,,,,-0.23,,,,,,,,,,,,,,,,,,,,,77,,,,,,,
16:38:07.020,2.3365498174618913,4.044329602655391,5.800522823769964,4.044329602655391,2.220006933481305,,,,,3.2144290508395783,,,,,,1385,1.4,,0.06312970298142453,0.684672,1.334459,0.684672,0.06376100001123879,0.6915187199999999,1.34780359,0.6915187199999999,12.57548258879205,,,,,,,,,
16:38:07.374,,,,,,48.82795831653466,,,5.022545391936841,,2.7266032559722237,16.953953,23.030609,16.953953,,,,,,,,,,,,,,,,,,,,-0.005009499302890047,64,
16:38:07.660,,,,,,,,,,,,,,,,,,1,,,,,,,,,,,,,,,20.784313725490197,,,
16:38:07.825,,,,,,,,,,,,,,,,,,,,,,,,,,,,,,,14.738609550000001,3.32877,,,,
16:38:08.156,,,,,,,,-0.29,,,,,,,,,,,,,,,,,,,,,71,,,,,,,
16:38:08.378,2.3565862856643083,4.045056630745644,5.7991692707735165,4.045056630745644,2.25589221586124,,,,,2.9819951494209067,,,,,,1397,1.4,,0.06425475839471792,0.685797,1.3355839999999999,0.685797,0.0648973059786651,0.69265497,1.3489398400000001,0.69265497,11.666155167310444,,,,,,,,,
16:38:08.737,,,,,,48.9232698956532,,,4.733325634001439,,2.750423039722224,16.977773,23.054429,16.977773,,,,,,,,,,,,,,,,,,,,-0.0102729335825774,63,
16:38:09.024,,,,,,,,,,,,,,,,,,1,,,,,,,,,,,,,,,19.607843137254903,,,
16:38:09.192,,,,,,,,,,,,,,,,,,,,,,,,,,,,,,,14.690187749999998,3.317668,,,,
16:38:09.542,,,,,,,,-0.34,,,,,,,,,,,,,,,,,,,,,66,,,,,,,
16:38:09.788,2.3754968197256776,4.04574852072766,5.797866431651809,4.04574852072766,2.287712848735595,,,,,2.763215440142628,,,,,,1388,1.4,,0.06533621183760374,0.686878,1.336665,0.686878,0.06598957395597978,0.6937467799999999,1.35003165,0.6937467799999999,10.810245647673861,,,,,,,,,
16:38:10.132,,,,,,49.012936131578805,,,4.456799097004239,,2.774488472333335,17.001838,23.078494,17.001838,,,,,,,,,,,,,,,,,,,,-0.015312954710756539,62,
16:38:10.424,,,,,,,,,,,,,,,,,,1,,,,,,,,,,,,,,,14.117647058823529,,,
16:38:10.575,,,,,,,,,,,,,,,,,,,,,,,,,,,,,,,18.112891649999998,4.788988,,,,
16:38:10.916,,,,,,,,-0.01,,,,,,,,,,,,,,,,,,,,,99,,,,,,,
16:38:11.153,2.3548921716245665,4.040022025853911,5.79182073145674,4.040022025853911,2.3107496528875044,,,,,0,,,,,,0,0,,0.06533621183760374,0.686878,1.336665,0.686878,0.06598957395597978,0.6937467799999999,1.35003165,0.6937467799999999,0,,,,,,,,,
16:38:11.475,,,,,,49.09782607979768,,,0,,2.7975802448888905,17.024929999999998,23.101585999999998,17.024929999999998,,,,,,,,,,,,,,,,,,,,-0.010312801637096372,62,
16:38:11.784,,,,,,,,,,,,,,,,,,1,,,,,,,,,,,,,,,16.470588235294116,,,
16:38:11.943,,,,,,,,,,,,,,,,,,,,,,,,,,,,,,,18.112891649999998,4.854502,,,,
16:38:12.291,,,,,,,,0,,,,,,,,,,,,,,,,,,,,,100,,,,,,,
16:38:12.526,2.335454432700237,4.034542285930104,5.786031314040517,4.034542285930104,2.3257554807161664,,,,,0,,,,,,0,0,,0.06533621183760374,0.686878,1.336665,0.686878,0.06598957395597978,0.6937467799999999,1.35003165,0.6937467799999999,0,,,,,,,,,
16:38:12.842,,,,,,49.176612865921356,,,0,,2.8207414738333347,17.048091,23.124747,17.048091,,,,,,,,,,,,,,,,,,,,-0.015541920943477549,61,
16:38:13.136,,,,,,,,,,,,,,,,,,1,,,,,,,,,,,,,,,16.470588235294116,,,
16:38:13.286,,,,,,,,,,,,,,,,,,,,,,,,,,,,,,,18.112891649999998,4.953322,,,,
16:38:13.644,,,,,,,,0,,,,,,,,,,,,,,,,,,,,,100,,,,,,,
16:38:13.875,2.316277916416532,4.029061083730724,5.780236211881583,4.029061083730724,2.334078880075714,,,,,0,,,,,,0,0,,0.06533621183760374,0.686878,1.336665,0.686878,0.06598957395597978,0.6937467799999999,1.35003165,0.6937467799999999,0,,,,,,,,,
16:38:14.217,,,,,,49.25497033295188,,,0,,2.844084694583335,17.071434,23.148089999999996,17.071434,,,,,,,,,,,,,,,,,,,,-0.010336505982807009,61,
16:38:14.502,,,,,,,,,,,,,,,,,,1,,,,,,,,,,,,,,,16.470588235294116,,,
16:38:14.658,,,,,,,,,,,,,,,,,,,,,,,,,,,,,,,18.112891649999998,4.996998,,,,
16:38:14.991,,,,,,,,0,,,,,,,,,,,,,,,,,,,,,100,,,,,,,
16:38:15.233,2.2972667432175626,4.023551858619492,5.7744073053111515,4.023551858619492,2.3355627148038587,,,,,0,,,,,,0,0,,0.06533621183760374,0.686878,1.336665,0.686878,0.06598957395597978,0.6937467799999999,1.35003165,0.6937467799999999,0,,,,,,,,,
16:38:15.551,,,,,,49.323394729645294,,,0,,2.8662881979166683,17.093638,23.170294,17.093638,,,,,,,,,,,,,,,,,,,,-0.01045505348389897,60,
16:38:15.846,,,,,,,,,,,,,,,,,,1,,,,,,,,,,,,,,,16.470588235294116,,,
16:38:16.007,,,,,,,,,,,,,,,,,,,,,,,,,,,,,,,18.112891649999998,4.996998,,,,
16:38:16.369,,,,,,,,0,,,,,,,,,,,,,,,,,,,,,100,,,,,,,
16:38:16.616,2.2794711252376048,4.018325414402716,5.76887371390281,4.018325414402716,2.3314994140060477,,,,,0,,,,,,0,0,,0.06533621183760374,0.686878,1.336665,0.686878,0.06598957395597978,0.6937467799999999,1.35003165,0.6937467799999999,0,,,,,,,,,
16:38:16.925,,,,,,49.3865766053586,,,0,,2.888821941722224,17.116172,23.192828,17.116172,,,,,,,,,,,,,,,,,,,,-0.01559293632801042,59,
16:38:17.235,,,,,,,,,,,,,,,,,,1,,,,,,,,,,,,,,,16.470588235294116,,,
16:38:17.392,,,,,,,,,,,,,,,,,,,,,,,,,,,,,,,18.112891649999998,4.996998,,,,
16:38:17.754,,,,,,,,0,,,,,,,,,,,,,,,,,,,,,100,,,,,,,
16:38:17.990,2.261690514530375,4.013035157627535,5.763268713931738,4.013035157627535,2.322142001139608,,,,,0,,,,,,0,0,,0.06533621183760374,0.686878,1.336665,0.686878,0.06598957395597978,0.6937467799999999,1.35003165,0.6937467799999999,0,,,,,,,,,
16:38:18.311,,,,,,49.449412096252615,,,0,,2.9115278442500014,17.138878,23.215533999999998,17.138878,,,,,,,,,,,,,,,,,,,,-0.010358146221713868,59,
16:38:18.595,,,,,,,,,,,,,,,,,,1,,,,,,,,,,,,,,,16.470588235294116,,,
16:38:18.770,,,,,,,,,,,,,,,,,,,,,,,,,,,,,,,18.112891649999998,4.996998,,,,
16:38:19.132,,,,,,,,0,,,,,,,,,,,,,,,,,,,,,100,,,,,,,
16:38:19.372,2.2440524471245133,4.007718591613757,5.757631937305426,4.007718591613757,2.3080752713221333,,,,,0,,,,,,0,0,,0.06533621183760374,0.686878,1.336665,0.686878,0.06598957395597978,0.6937467799999999,1.35003165,0.6937467799999999,0,,,,,,,,,
16:38:19.706,,,,,,49.51186130531798,,,0,,2.934392135555557,17.161742,23.238397999999997,17.161742,,,,,,,,,,,,,,,,,,,,-0.010320715126010196,59,
16:38:19.988,,,,,,,,,,,,,,,,,,1,,,,,,,,,,,,,,,16.470588235294116,,,
16:38:20.144,,,,,,,,,,,,,,,,,,,,,,,,,,,,,,,18.112891649999998,4.988824,,,,
16:38:20.494,,,,,,,,0,,,,,,,,,,,,,,,,,,,,,100,,,,,,,
16:38:20.719,2.22656716687369,4.002379245650004,5.751967067609394,4.002379245650004,2.289459064715635,,,,,0,,,,,,0,0,,0.06533621183760374,0.686878,1.336665,0.686878,0.06598957395597978,0.6937467799999999,1.35003165,0.6937467799999999,0,,,,,,,,,
16:38:21.059,,,,,,49.57173813926997,,,0,,2.9565990439444456,17.183949,23.260604999999998,17.183949,,,,,,,,,,,,,,,,,,,,-0.005142292619355799,59,
16:38:21.338,,,,,,,,,,,,,,,,,,1,,,,,,,,,,,,,,,16.470588235294116,,,
16:38:21.490,,,,,,,,,,,,,,,,,,,,,,,,,,,,,,,18.112891649999998,4.94222,,,,
16:38:21.843,,,,,,,,0,,,,,,,,,,,,,,,,,,,,,100,,,,,,,
16:38:22.077,2.2098435014860067,3.9972069283957956,5.746475639821062,3.9972069283957956,2.271327980948315,,,,,0,,,,,,0,0,,0.06533621183760374,0.686878,1.336665,0.686878,0.06598957395597978,0.6937467799999999,1.35003165,0.6937467799999999,0,,,,,,,,,
16:38:22.417,,,,,,49.63094273548527,,,0,,2.9788357178333347,17.206186,23.282842,17.206186,,,,,,,,,,,,,,,,,,,,0,59,
16:38:22.711,,,,,,,,,,,,,,,,,,1,,,,,,,,,,,,,,,16.470588235294116,,,
16:38:22.874,,,,,,,,,,,,,,,,,,,,,,,,,,,,,,,18.112891649999998,4.8901259999999995,,,,
16:38:23.207,,,,,,,,0,,,,,,,,,,,,,,,,,,,,,100,,,,,,,
16:38:23.453,2.193347268077148,3.99204100199777,5.740987290125492,3.99204100199777,2.253564585370429,,,,,0,,,,,,0,0,,0.06533621183760374,0.686878,1.336665,0.686878,0.06598957395597978,0.6937467799999999,1.35003165,0.6937467799999999,0,,,,,,,,,
16:38:23.761,,,,,,49.69503306424143,,,0,,3.001232786166668,17.228583,23.305238999999997,17.228583,,,,,,,,,,,,,,,,,,,,0.005197175665799085,60,
16:38:24.038,,,,,,,,,,,,,,,,,,1,,,,,,,,,,,,,,,16.470588235294116,,,
16:38:24.209,,,,,,,,,,,,,,,,,,,,,,,,,,,,,,,14.732781,2.992172,,,,
16:38:24.565,,,,,,,,-0.18,,,,,,,,,,,,,,,,,,,,,82,,,,,,,
16:38:24.794,2.2311084614247503,3.996283385580811,5.742442718566415,3.996283385580811,2.242918403496456,,,,,4.36033715466,,,,,,1768,1.8,,0.06696075863921831,0.688503,1.33829,0.688503,0.0676303662256105,0.6953880299999999,1.3516729,0.6953880299999999,17.058501868432266,,,,,,,,,
16:38:25.107,,,,,,49.75850272667565,,,7.2672285911,,3.0236892145000014,17.251039,23.327695,17.251039,,,,,,,,,,,,,,,,,,,,0.005245028631752942,60,
16:38:25.403,,,,,,,,,,,,,,,,,,2,,,,,,,,,,,,,,,31.372549019607842,,,
16:38:25.564,,,,,,,,,,,,,,,,,,,,,,,,,,,,,,,14.56733985,3.287046,,,,
16:38:25.935,,,,,,,,-0.01,,,,,,,,,,,,,,,,,,,,,99,,,,,,,
16:38:26.166,2.299724399657239,4.006013782706074,5.7479575243074805,4.006013782706074,2.243225610551416,,,,,6.763529458801679,,,,,,2246,2.2,,0.06953651863566085,0.691079,1.340866,0.691079,0.07023188382201746,0.6979897899999999,1.3542746600000002,0.6979897899999999,26.46026575877516,,,,,,,,,
16:38:26.469,,,,,,49.827925333905654,,,11.087753211150295,,3.0467230771388905,17.274073,23.350728999999998,17.274073,,,,,,,,,,,,,,,,,,,,0.010472332144817282,61,
16:38:26.784,,,,,,,,,,,,,,,,,,1,,,,,,,,,,,,,,,28.235294117647058,,,
16:38:26.939,,,,,,,,,,,,,,,,,,,,,,,,,,,,,,,14.6753922,3.316448,,,,
16:38:27.294,,,,,,,,-0.14,,,,,,,,,,,,,,,,,,,,,86,,,,,,,
16:38:27.541,2.357697347130772,4.013963585773893,5.752120201472083,4.013963585773893,2.2530038882880623,,,,,6.006106918728346,,,,,,2313,2.3,,0.07183250916412465,0.693375,1.343162,0.693375,0.07255083425576589,0.7003087499999999,1.3565936200000002,0.7003087499999999,23.497078886579914,,,,,,,,,
16:38:27.870,,,,,,49.90487253617568,,,9.687269223755395,,3.070840686194446,17.298191,23.374847,17.298191,,,,,,,,,,,,,,,,,,,,0.015584420998859401,62,
16:38:28.172,,,,,,,,,,,,,,,,,,1,,,,,,,,,,,,,,,29.80392156862745,,,
16:38:28.329,,,,,,,,,,,,,,,,,,,,,,,,,,,,,,,14.94485055,3.369762,,,,
16:38:28.686,,,,,,,,-0.06,,,,,,,,,,,,,,,,,,,,,94,,,,,,,
16:38:28.930,2.4201712077583246,4.022744343613733,5.756824846810762,4.022744343613733,2.2728139749415557,,,,,6.446449749287745,,,,,,2313,2.3,,0.07431960212340614,0.695862,1.3456489999999999,0.695862,0.0750627981446402,0.7028206199999999,1.3591054900000001,0.7028206199999999,25.219787184450976,,,,,,,,,
16:38:29.237,,,,,,49.98509004180158,,,10.232459919504358,,3.0947343566944463,17.322085,23.398740999999998,17.322085,,,,,,,,,,,,,,,,,,,,0.015517378627403546,63,
16:38:29.508,,,,,,,,,,,,,,,,,,1,,,,,,,,,,,,,,,30.19607843137255,,,
16:38:29.651,,,,,,,,,,,,,,,,,,,,,,,,,,,,,,,14.674495499999999,3.33243,,,,
16:38:29.998,,,,,,,,-0.05,,,,,,,,,,,,,,,,,,,,,95,,,,,,,
16:38:30.229,2.47832095505844,4.030923529124814,5.761109112665507,4.030923529124814,2.3020975384332965,,,,,6.59776668411361,,,,,,2300,2.3,,0.07669745006535146,0.69824,1.348027,0.69824,0.07746442456600497,0.7052223999999999,1.3615072700000002,0.7052223999999999,25.811768979412367,,,,,,,,,
16:38:30.537,,,,,,50.06647465409173,,,10.309010443927516,,3.117878662472224,17.345229,23.421884999999996,17.345229,,,,,,,,,,,,,,,,,,,,0.0208636192018023,64,
16:38:30.842,,,,,,,,,,,,,,,,,,1,,,,,,,,,,,,,,,29.41176470588235,,,
16:38:31.016,,,,,,,,,,,,,,,,,,,,,,,,,,,,,,,14.378584499999999,3.191398,,,,
16:38:31.368,,,,,,,,-0.11,,,,,,,,,,,,,,,,,,,,,89,,,,,,,
16:38:31.617,2.537383801089117,4.039468144237243,5.7657272247729,4.039468144237243,2.3409496177102245,,,,,6.261645488293071,,,,,,2283,2.3,,0.07911254811918424,0.700655,1.350442,0.700655,0.07990367360037608,0.70766155,1.36394642,0.70766155,24.4967963423087,,,,,,,,,
16:38:31.932,,,,,,50.158769350071815,,,9.63330075122011,,3.1430515121944462,17.370402,23.447058,17.370402,,,,,,,,,,,,,,,,,,,,0.020736947446143142,65,
16:38:32.215,,,,,,,,,,,,,,,,,,1,,,,,,,,,,,,,,,28.627450980392158,,,
16:38:32.385,,,,,,,,,,,,,,,,,,,,,,,,,,,,,,,15.266317499999998,3.48066,,,,
16:38:32.744,,,,,,,,-0.1,,,,,,,,,,,,,,,,,,,,,90,,,,,,,
16:38:32.984,2.587547677226899,4.046365766319053,5.768983895548858,4.046365766319053,2.388162639677836,,,,,5.830571172337117,,,,,,2232,2.2,,0.08132795639783232,0.70287,1.352657,0.70287,0.08214123596181064,0.7098986999999999,1.36618357,0.7098986999999999,22.810348307823812,,,,,,,,,
16:38:33.313,,,,,,50.255409897184634,,,8.83419874596533,,3.1684364780277794,17.395787,23.472443,17.395787,,,,,,,,,,,,,,,,,,,,0.020815360808975315,66,
16:38:33.635,,,,,,,,,,,,,,,,,,1,,,,,,,,,,,,,,,28.627450980392158,,,
16:38:33.804,,,,,,,,,,,,,,,,,,,,,,,,,,,,,,,14.643111,3.268624,,,,
16:38:34.139,,,,,,,,-0.08,,,,,,,,,,,,,,,,,,,,,92,,,,,,,
16:38:34.390,2.6414038268195794,4.054044809815159,5.772811973598146,4.054044809815159,2.44416970952064,,,,,6.049547496823628,,,,,,2173,2.2,,0.08369120238097327,0.705233,1.35502,0.705233,0.084528114404783,0.7122853299999999,1.3685702000000002,0.7122853299999999,23.667027025065543,,,,,,,,,
16:38:34.728,,,,,,50.352991486043926,,,9.165981055793376,,3.194386796194446,17.421737,23.498392999999997,17.421737,,,,,,,,,,,,,,,,,,,,0.015476729712459779,66,
16:38:35.049,,,,,,,,,,,,,,,,,,1,,,,,,,,,,,,,,,28.627450980392158,,,
16:38:35.211,,,,,,,,,,,,,,,,,,,,,,,,,,,,,,,14.63907585,3.315228,,,,
16:38:35.565,,,,,,,,-0.07,,,,,,,,,,,,,,,,,,,,,93,,,,,,,
16:38:35.790,2.6936002832039394,4.06151235092115,5.776450330028952,4.06151235092115,2.5019811872430386,,,,,6.052244147403877,,,,,,2150,2.2,,0.08604401178892285,0.7075859999999999,1.357373,0.7075859999999999,0.08690445190681208,0.71466186,1.37094673,0.71466186,23.677576855807988,,,,,,,,,
16:38:36.146,,,,,,50.45581574578846,,,9.033200220005787,,3.2208040251944463,17.448154,23.52481,17.448154,,,,,,,,,,,,,,,,,,,,0.01515119467637367,67,
16:38:36.457,,,,,,,,,,,,,,,,,,1,,,,,,,,,,,,,,,28.627450980392158,,,
16:38:36.626,,,,,,,,,,,,,,,,,,,,,,,,,,,,,,,13.782278999999999,2.9534979999999997,,,,
16:38:36.960,,,,,,,,-0.09,,,,,,,,,,,,,,,,,,,,,91,,,,,,,
16:38:37.210,2.746364536416791,4.069181186731846,5.780212465052853,4.069181186731846,2.5578112043379826,,,,,6.117628206214784,,,,,,2091,2.1,,0.0884550195354248,0.709997,1.3597839999999999,0.709997,0.08933956973077904,0.71709697,1.37338184,0.71709697,23.93337223351164,,,,,,,,,
16:38:37.530,,,,,,50.56065297711539,,,8.996512067962918,,3.2468984245277794,17.474248,23.550904,17.474248,,,,,,,,,,,,,,,,,,,,0.015181127594155129,68,
16:38:37.834,,,,,,,,,,,,,,,,,,1,,,,,,,,,,,,,,,28.235294117647058,,,
16:38:37.972,,,,,,,,,,,,,,,,,,,,,,,,,,,,,,,14.61576165,3.261792,,,,
16:38:38.315,,,,,,,,-0.1,,,,,,,,,,,,,,,,,,,,,90,,,,,,,
16:38:38.529,2.7860983190225554,4.074590219848088,5.782330054082001,4.074590219848088,2.611361325824456,,,,,5.476172519792262,,,,,,2007,2,,0.0904617824261383,0.712004,1.361791,0.712004,0.09136640025039967,0.71912404,1.37540891,0.71912404,21.423870642869552,,,,,,,,,
16:38:38.825,,,,,,50.657362170155224,,,8.053194882047444,,3.2712494663055574,17.498599,23.575255,17.498599,,,,,,,,,,,,,,,,,,,,0.0102782451293996,68,
16:38:39.084,,,,,,,,,,,,,,,,,,1,,,,,,,,,,,,,,,28.235294117647058,,,
16:38:39.241,,,,,,,,,,,,,,,,,,,,,,,,,,,,,,,14.753405099999998,3.310836,,,,
16:38:39.588,,,,,,,,-0.07,,,,,,,,,,,,,,,,,,,,,93,,,,,,,
16:38:39.807,2.825399944177915,4.080143787511218,5.784688225005414,4.080143787511218,2.6620149178769044,,,,,5.527708935770156,,,,,,1979,2,,0.09242588059491756,0.7139679999999999,1.363755,0.7139679999999999,0.09335013940086674,0.7211076799999999,1.3773925500000002,0.7211076799999999,21.625491301334385,,,,,,,,,
16:38:40.149,,,,,,50.76150662591879,,,8.011172370681386,,3.2966924113055573,17.524042,23.600697999999998,17.524042,,,,,,,,,,,,,,,,,,,,0.015673313954771936,69,
16:38:40.466,,,,,,,,,,,,,,,,,,1,,,,,,,,,,,,,,,27.84313725490196,,,
16:38:40.626,,,,,,,,,,,,,,,,,,,,,,,,,,,,,,,14.709915149999999,3.33792,,,,
16:38:40.957,,,,,,,,-0.1,,,,,,,,,,,,,,,,,,,,,90,,,,,,,
16:38:41.168,2.862562114613645,4.085313194296155,5.786689020807774,4.085313194296155,2.710045062821305,,,,,5.148325513088785,,,,,,1899,1.9,,0.09436986800137592,0.715912,1.365699,0.715912,0.09531356668138968,0.72307112,1.37935599,0.72307112,20.141268271070324,,,,,,,,,
16:38:41.471,,,,,,50.86966749342304,,,7.3547507329839785,,3.322395754083335,17.549745,23.626400999999998,17.549745,,,,,,,,,,,,,,,,,,,,0.01595882226975448,70,
16:38:41.770,,,,,,,,,,,,,,,,,,1,,,,,,,,,,,,,,,27.84313725490196,,,
16:38:41.926,,,,,,,,,,,,,,,,,,,,,,,,,,,,,,,14.668666949999999,3.309616,,,,
16:38:42.246,,,,,,,,-0.07,,,,,,,,,,,,,,,,,,,,,93,,,,,,,
16:38:42.469,2.897317668909956,4.090099314833349,5.788393247029033,4.090099314833349,2.75503679629891,,,,,5.225332566623913,,,,,,1860,1.9,,0.09626035921417064,0.7178019999999999,1.367589,0.7178019999999999,0.09722296280631235,0.72498002,1.3812648900000002,0.72498002,20.442535104348934,,,,,,,,,
16:38:42.744,,,,,,50.972688754341966,,,7.464760809462733,,3.347149443805557,17.574499,23.651154999999996,17.574499,,,,,,,,,,,,,,,,,,,,0.010864224422924399,70,
16:38:43.012,,,,,,,,,,,,,,,,,,1,,,,,,,,,,,,,,,27.84313725490196,,,
16:38:43.147,,,,,,,,,,,,,,,,,,,,,,,,,,,,,,,14.72874585,3.34585,,,,
16:38:43.464,,,,,,,,-0.09,,,,,,,,,,,,,,,,,,,,,91,,,,,,,
16:38:43.692,2.927103700475151,4.0940911032513645,5.789581946420799,4.0940911032513645,2.7974812992049416,,,,,5.051038585781501,,,,,,1845,1.8,,0.0979745352300659,0.719516,1.369303,0.719516,0.09895428058236656,0.7267111599999999,1.3829960300000002,0.7267111599999999,19.76066255816767,,,,,,,,,
16:38:43.961,,,,,,51.07521489319176,,,7.1141388532133805,,3.371139809333335,17.598489,23.675144999999997,17.598489,,,,,,,,,,,,,,,,,,,,0.01654406138314643,71,
16:38:44.254,,,,,,,,,,,,,,,,,,1,,,,,,,,,,,,,,,28.627450980392158,,,
16:38:44.394,,,,,,,,,,,,,,,,,,,,,,,,,,,,,,,14.746231499999999,3.33914,,,,
16:38:44.733,,,,,,,,-0.05,,,,,,,,,,,,,,,,,,,,,95,,,,,,,
16:38:44.959,2.969186083793027,4.100562269863054,5.792674131457274,4.100562269863054,2.8384540813266224,,,,,6.0289983256709885,,,,,,2112,2.1,,0.10009541408393216,0.721637,1.371424,0.721637,0.10109636822477149,0.72885337,1.38513824,0.72885337,23.586634600794532,,,,,,,,,
16:38:45.256,,,,,,51.1886258757498,,,8.37360878565415,,3.397037045333335,17.624386,23.701041999999998,17.624386,,,,,,,,,,,,,,,,,,,,0.016639731730764634,72,
16:38:45.544,,,,,,,,,,,,,,,,,,1,,,,,,,,,,,,,,,28.627450980392158,,,
16:38:45.693,,,,,,,,,,,,,,,,,,,,,,,,,,,,,,,14.7040866,3.300466,,,,
16:38:46.025,,,,,,,,-0.07,,,,,,,,,,,,,,,,,,,,,93,,,,,,,
16:38:46.272,3.0098679692539734,4.106741647623923,5.795420302617918,4.106741647623923,2.877987542082877,,,,,5.893765620175276,,,,,,2103,2.1,,0.10224632993117963,0.723788,1.373575,0.723788,0.10326879323049143,0.7310258799999999,1.3873107500000001,0.7310258799999999,23.05757749407371,,,,,,,,,
16:38:46.634,,,,,,51.313696059296866,,,8.073651534486679,,3.424976499583335,17.652324999999998,23.728980999999997,17.652324999999998,,,,,,,,,,,,,,,,,,,,0.01645658274078358,73,
16:38:46.923,,,,,,,,,,,,,,,,,,1,,,,,,,,,,,,,,,27.45098039215686,,,
16:38:47.074,,,,,,,,,,,,,,,,,,,,,,,,,,,,,,,14.7677523,3.35866,,,,
16:38:47.422,,,,,,,,-0.05,,,,,,,,,,,,,,,,,,,,,95,,,,,,,
16:38:47.657,3.047106071242352,4.112228842376288,5.797514018827863,4.112228842376288,2.9155802339360717,,,,,5.498574647341821,,,,,,1929,1.9,,0.10436266685742758,0.725904,1.375691,0.725904,0.10540629352600185,0.73316304,1.3894479100000001,0.73316304,21.511512199269063,,,,,,,,,
16:38:47.994,,,,,,51.441563537656236,,,7.43050628019165,,3.4529732176388905,17.680322,23.756977999999997,17.680322,,,,,,,,,,,,,,,,,,,,0.021582488099388508,74,
16:38:48.286,,,,,,,,,,,,,,,,,,1,,,,,,,,,,,,,,,28.235294117647058,,,
16:38:48.440,,,,,,,,,,,,,,,,,,,,,,,,,,,,,,,14.73143595,3.34341,,,,
16:38:48.801,,,,,,,,-0.09,,,,,,,,,,,,,,,,,,,,,91,,,,,,,
16:38:49.043,3.0816568412251444,4.117289266564263,5.799294001114116,4.117289266564263,2.952525049211395,,,,,5.310149302609502,,,,,,1940,1.9,,0.10640878538704086,0.72795,1.377737,0.72795,0.10747287324091127,0.7352295,1.3915143700000001,0.7352295,20.774354960925436,,,,,,,,,
16:38:49.396,,,,,,51.57772879542607,,,7.080199070146002,,3.4822401780555574,17.709589,23.786244999999997,17.709589,,,,,,,,,,,,,,,,,,,,0.020845260482592314,75,
16:38:49.707,,,,,,,,,,,,,,,,,,1,,,,,,,,,,,,,,,28.235294117647058,,,
16:38:49.855,,,,,,,,,,,,,,,,,,,,,,,,,,,,,,,14.7444381,3.34036,,,,
16:38:50.208,,,,,,,,-0.1,,,,,,,,,,,,,,,,,,,,,90,,,,,,,
16:38:50.442,3.114869387205313,4.122105826397213,5.800810510444167,4.122105826397213,2.98870872958982,,,,,5.301259282629807,,,,,,1960,2,,0.10846723329521633,0.730008,1.379795,0.730008,0.1095519056281685,0.7373080799999999,1.3935929500000002,0.7373080799999999,20.73957544341222,,,,,,,,,
16:38:50.797,,,,,,51.717655770508316,,,6.97534116135501,,3.511808108944446,17.739157,23.815813,17.739157,,,,,,,,,,,,,,,,,,,,0.020449550028070675,76,
16:38:51.111,,,,,,,,,,,,,,,,,,1,,,,,,,,,,,,,,,28.235294117647058,,,
16:38:51.276,,,,,,,,,,,,,,,,,,,,,,,,,,,,,,,14.677633949999999,3.321938,,,,
16:38:51.631,,,,,,,,-0.09,,,,,,,,,,,,,,,,,,,,,91,,,,,,,
16:38:51.883,3.1505463017812,4.127490387508268,5.802737030224415,4.127490387508268,3.0247067529857645,,,,,5.425766895756605,,,,,,1975,2,,0.11064114050200155,0.732182,1.381969,0.732182,0.11174755190702157,0.7395038199999999,1.39578869,0.7395038199999999,21.226673866268726,,,,,,,,,
16:38:52.220,,,,,,51.863679938628266,,,7.046450513969617,,3.5421823695277794,17.769531,23.846186999999997,17.769531,,,,,,,,,,,,,,,,,,,,0.020284784072531942,77,
16:38:52.522,,,,,,,,,,,,,,,,,,1,,,,,,,,,,,,,,,28.235294117647058,,,
16:38:52.675,,,,,,,,,,,,,,,,,,,,,,,,,,,,,,,14.72874585,3.324378,,,,
16:38:53.059,,,,,,,,-0.05,,,,,,,,,,,,,,,,,,,,,95,,,,,,,
16:38:53.294,3.1862109220662274,4.132928438009984,5.804655478043513,4.132928438009984,3.060818409630299,,,,,5.667470168750992,,,,,,1983,2,,0.1128614015373984,0.734402,1.384189,0.734402,0.11399001555277238,0.7417460199999999,1.39803089,0.7417460199999999,22.172264903781617,,,,,,,,,
16:38:53.624,,,,,,52.01767356430284,,,7.174012871836699,,3.572975797083335,17.800324,23.876979999999996,17.800324,,,,,,,,,,,,,,,,,,,,0.0251562740272994,79,
16:38:53.925,,,,,,,,,,,,,,,,,,1,,,,,,,,,,,,,,,28.235294117647058,,,
16:38:54.134,,,,,,,,,,,,,,,,,,,,,,,,,,,,,,,14.769994050000001,3.325598,,,,
16:38:54.490,,,,,,,,-0.05,,,,,,,,,,,,,,,,,,,,,95,,,,,,,
16:38:54.734,3.2207964373189153,4.138233663611966,5.806454585127601,4.138233663611966,3.0975300017357688,,,,,5.540490788992565,,,,,,1944,1.9,,0.11507827717872716,0.736619,1.386406,0.736619,0.11622905995051444,0.74398519,1.40027006,0.74398519,21.67549644069464,,,,,,,,,
16:38:55.053,,,,,,52.17297657852018,,,7.013279479737424,,3.6043891025277794,17.831737,23.908392999999997,17.831737,,,,,,,,,,,,,,,,,,,,0.020031113223880223,79,
16:38:55.375,,,,,,,,,,,,,,,,,,1,,,,,,,,,,,,,,,27.84313725490196,,,
16:38:55.542,,,,,,,,,,,,,,,,,,,,,,,,,,,,,,,14.693326199999998,3.33121,,,,
16:38:55.869,,,,,,,,-0.06,,,,,,,,,,,,,,,,,,,,,94,,,,,,,
16:38:56.108,3.2505645485224934,4.142636244578977,5.807546329023452,4.142636244578977,3.132702309826952,,,,,5.468253664235075,,,,,,1929,1.9,,0.11716299435757609,0.738704,1.388491,0.738704,0.11833462430115185,0.7460910399999999,1.4023759100000002,0.7460910399999999,21.39289051277255,,,,,,,,,
16:38:56.407,,,,,,52.32372713041135,,,6.835317080293843,,3.634493320305557,17.861841,23.938496999999998,17.861841,,,,,,,,,,,,,,,,,,,,0.020197145866369007,80,
16:38:56.699,,,,,,,,,,,,,,,,,,1,,,,,,,,,,,,,,,27.84313725490196,,,
16:38:56.853,,,,,,,,,,,,,,,,,,,,,,,,,,,,,,,14.8161741,3.355,,,,
16:38:57.222,,,,,,,,-0.09,,,,,,,,,,,,,,,,,,,,,91,,,,,,,
16:38:57.459,3.2759957289672035,4.146308322865488,5.808192552773886,4.146308322865488,3.1659682797911057,,,,,5.070220726521961,,,,,,1863,1.9,,0.11906584594280835,0.740607,1.390394,0.740607,0.12025650440223644,0.74801307,1.4042979400000002,0.74801307,19.835706888928183,,,,,,,,,
16:38:57.796,,,,,,52.476252182111,,,6.337775908152451,,3.6652875114166683,17.892635,23.969291,17.892635,,,,,,,,,,,,,,,,,,,,0.015239297476865109,80,
16:38:58.076,,,,,,,,,,,,,,,,,,1,,,,,,,,,,,,,,,27.45098039215686,,,
16:38:58.228,,,,,,,,,,,,,,,,,,,,,,,,,,,,,,,14.719778849999999,3.299246,,,,
16:38:58.587,,,,,,,,-0.08,,,,,,,,,,,,,,,,,,,,,92,,,,,,,
16:38:58.815,3.2969158835000343,4.149098218345146,5.8081400905850735,4.149098218345146,3.1971945063233163,,,,,4.70808348426491,,,,,,1700,1.7,,0.12084144613983927,0.742383,1.39217,0.742383,0.12204986060123767,0.7498068299999999,1.4060917000000002,0.7498068299999999,18.41895432953751,,,,,,,,,
16:38:59.129,,,,,,52.621490594502234,,,5.885104355331138,,3.6949294714166685,17.922277,23.998932999999997,17.922277,,,,,,,,,,,,,,,,,,,,0.005145641756234018,80,
16:38:59.429,,,,,,,,,,,,,,,,,,1,,,,,,,,,,,,,,,24.705882352941178,,,
16:38:59.595,,,,,,,,,,,,,,,,,,,,,,,,,,,,,,,14.6924295,3.309616,,,,
16:38:59.926,,,,,,,,-0.11,,,,,,,,,,,,,,,,,,,,,89,,,,,,,
16:39:00.181,3.313336152419053,4.151074107380441,5.807566528061893,4.151074107380441,3.2261544202225547,,,,,4.179205197943579,,,,,,1557,1.6,,0.12242543398283469,0.743967,1.393754,0.743967,0.12364968832266304,0.7514066699999999,1.40769154,0.7514066699999999,16.349877807382843,,,,,,,,,
16:39:00.496,,,,,,52.76868471916109,,,5.224006497429475,,3.7252931825277797,17.952641,24.029296999999996,17.952641,,,,,,,,,,,,,,,,,,,,0.005203695463474443,80,
16:39:00.791,,,,,,,,,,,,,,,,,,1,,,,,,,,,,,,,,,24.313725490196077,,,
16:39:00.953,,,,,,,,,,,,,,,,,,,,,,,,,,,,,,,14.629212149999999,3.290096,,,,
16:39:01.307,,,,,,,,-0.11,,,,,,,,,,,,,,,,,,,,,89,,,,,,,
16:39:01.530,3.327271104335918,4.152547806197428,5.806574366282959,4.152547806197428,3.2527046348638806,,,,,4.070565126838827,,,,,,1510,1.5,,0.12395060361404273,0.745492,1.395279,0.745492,0.12519010965018315,0.75294692,1.40923179,0.75294692,15.924856349134727,,,,,,,,,
16:39:01.862,,,,,,52.90894133701378,,,5.15261408460611,,3.7552739634166685,17.982622,24.059278,17.982622,,,,,,,,,,,,,,,,,,,,-0.005192656664543381,79,
16:39:02.164,,,,,,,,,,,,,,,,,,1,,,,,,,,,,,,,,,23.92156862745098,,,
16:39:02.325,,,,,,,,,,,,,,,,,,,,,,,,,,,,,,,14.756991899999997,3.33914,,,,
16:39:02.675,,,,,,,,-0.08,,,,,,,,,,,,,,,,,,,,,92,,,,,,,
16:39:02.915,3.342860613840376,4.154427535650807,5.805918199207808,4.154427535650807,3.276743923871278,,,,,4.1133283410646095,,,,,,1489,1.5,,0.12553357426485826,0.7470749999999999,1.396862,0.7470749999999999,0.12678891000750683,0.7545457499999999,1.41083062,0.7545457499999999,16.092154506111207,,,,,,,,,
16:39:03.236,,,,,,53.04858157702122,,,5.206744735524823,,3.7854449236388907,18.012793,24.089449,18.012793,,,,,,,,,,,,,,,,,,,,-0.005206560474464982,79,
16:39:03.547,,,,,,,,,,,,,,,,,,1,,,,,,,,,,,,,,,23.529411764705884,,,
16:39:03.716,,,,,,,,,,,,,,,,,,,,,,,,,,,,,,,14.76192375,3.310836,,,,
16:39:04.100,,,,,,,,-0.12,,,,,,,,,,,,,,,,,,,,,88,,,,,,,
16:39:04.345,3.3574643529466224,4.156135031363543,5.805126551462426,4.156135031363543,3.2981506027313268,,,,,3.930532008389647,,,,,,1488,1.5,,0.12709496391160324,0.748636,1.398423,0.748636,0.12836591355071927,0.75612236,1.4124072300000001,0.75612236,15.377019076928653,,,,,,,,,
16:39:04.691,,,,,,53.18930549844056,,,5.039143600499548,,3.817014355472224,18.044362,24.121018,18.044362,,,,,,,,,,,,,,,,,,,,-0.010184079884809016,78,
16:39:04.980,,,,,,,,,,,,,,,,,,1,,,,,,,,,,,,,,,22.745098039215687,,,
16:39:05.128,,,,,,,,,,,,,,,,,,,,,,,,,,,,,,,14.658803249999998,3.315228,,,,
16:39:05.477,,,,,,,,-0.15,,,,,,,,,,,,,,,,,,,,,85,,,,,,,
16:39:05.704,3.366802865983868,4.156711110096327,5.803399342432397,4.156711110096327,3.316401406314446,,,,,3.7513013848842705,,,,,,1460,1.5,,0.1285113487150545,0.7500519999999999,1.399839,0.7500519999999999,0.12979646220220506,0.75755252,1.41383739,0.75755252,14.675833407678457,,,,,,,,,
16:39:06.042,,,,,,53.318302993730086,,,4.8093607498516295,,3.8462693713055573,18.073617,24.150273,18.073617,,,,,,,,,,,,,,,,,,,,-0.010214280426202604,78,
16:39:06.352,,,,,,,,,,,,,,,,,,1,,,,,,,,,,,,,,,21.176470588235293,,,
16:39:06.520,,,,,,,,,,,,,,,,,,,,,,,,,,,,,,,15.1058082,3.45626,,,,
16:39:06.864,,,,,,,,-0.19,,,,,,,,,,,,,,,,,,,,,81,,,,,,,
16:39:07.094,3.3741360623218157,4.156993035760357,5.801615575939866,4.156993035760357,3.3318478455393614,,,,,3.283657012406803,,,,,,1382,1.4,,0.12977836191125938,0.751319,1.401106,0.751319,0.13107614553037197,0.7588321899999999,1.41511706,0.7588321899999999,12.846316074794428,,,,,,,,,
16:39:07.404,,,,,,53.44193678451373,,,4.264489626502342,,3.875420253750002,18.102768,24.179423999999997,18.102768,,,,,,,,,,,,,,,,,,,,-0.010220449280378335,77,
16:39:07.704,,,,,,,,,,,,,,,,,,1,,,,,,,,,,,,,,,20.784313725490197,,,
16:39:07.864,,,,,,,,,,,,,,,,,,,,,,,,,,,,,,,14.693326199999998,3.302906,,,,
16:39:08.236,,,,,,,,-0.24,,,,,,,,,,,,,,,,,,,,,76,,,,,,,
16:39:08.472,3.380206954164096,4.157032780843239,5.799662556064199,4.157032780843239,3.344874248688973,,,,,3.183496739636408,,,,,,1389,1.4,,0.1309972249203414,0.7525379999999999,1.402325,0.7525379999999999,0.13230719716954484,0.76006338,1.41634825,0.76006338,12.45446926579929,,,,,,,,,
16:39:08.771,,,,,,53.55912908136589,,,4.18881149952159,,3.9042014980833355,18.131549,24.208205,18.131549,,,,,,,,,,,,,,,,,,,,-0.015354387373297198,76,
16:39:09.077,,,,,,,,,,,,,,,,,,1,,,,,,,,,,,,,,,20.784313725490197,,,
16:39:09.244,,,,,,,,,,,,,,,,,,,,,,,,,,,,,,,14.7444381,3.326818,,,,
16:39:09.624,,,,,,,,-0.26,,,,,,,,,,,,,,,,,,,,,74,,,,,,,
16:39:09.849,3.385636586222572,4.156969710640828,5.797662404131161,4.156969710640828,3.35596433652929,,,,,3.095646917149268,,,,,,1392,1.4,,0.13218207431895915,0.7537229999999999,1.40351,0.7537229999999999,0.13350389506214874,0.76126023,1.4175451000000001,0.76126023,12.11078337457486,,,,,,,,,
16:39:10.193,,,,,,53.67487180708598,,,4.12752922286569,,3.933874537666669,18.161222,24.237878,18.161222,,,,,,,,,,,,,,,,,,,,-0.015444620158896308,75,
16:39:10.493,,,,,,,,,,,,,,,,,,1,,,,,,,,,,,,,,,20.392156862745097,,,
16:39:10.648,,,,,,,,,,,,,,,,,,,,,,,,,,,,,,,14.730539249999998,3.326818,,,,
16:39:10.979,,,,,,,,-0.28,,,,,,,,,,,,,,,,,,,,,72,,,,,,,
16:39:11.204,3.3888647227594464,4.156410840636164,5.795235044916061,4.156410840636164,3.365405407821839,,,,,3.008325245255562,,,,,,1389,1.4,,0.133313686444602,0.754855,1.404642,0.754855,0.13464682330904804,0.7624035499999999,1.41868842,0.7624035499999999,11.769163712993995,,,,,,,,,
16:39:11.520,,,,,,53.78142024669548,,,4.011100327007416,,3.961476600166669,18.188824,24.265479999999997,18.188824,,,,,,,,,,,,,,,,,,,,-0.015514137948607332,75,
16:39:11.816,,,,,,,,,,,,,,,,,,1,,,,,,,,,,,,,,,20.392156862745097,,,
16:39:11.985,,,,,,,,,,,,,,,,,,,,,,,,,,,,,,,14.753405099999998,3.33243,,,,
16:39:12.327,,,,,,,,-0.29,,,,,,,,,,,,,,,,,,,,,71,,,,,,,
16:39:12.551,3.393207178366648,4.1561895370475845,5.793204997387235,4.1561895370475845,3.3736474170756803,,,,,2.9598127663166327,,,,,,1388,1.4,,0.13442110836617044,0.755962,1.405749,0.755962,0.13576531944983214,0.7635216199999999,1.41980649,0.7635216199999999,11.579373294668756,,,,,,,,,
16:39:12.871,,,,,,53.88406413187756,,,3.999746981508963,,3.989289699555558,18.216637,24.293293,18.216637,,,,,,,,,,,,,,,,,,,,-0.015544214952522166,74,
16:39:13.164,,,,,,,,,,,,,,,,,,1,,,,,,,,,,,,,,,20,,,
16:39:13.321,,,,,,,,,,,,,,,,,,,,,,,,,,,,,,,14.6718054,3.300466,,,,
16:39:13.671,,,,,,,,-0.26,,,,,,,,,,,,,,,,,,,,,74,,,,,,,
16:39:13.926,3.3992602862534307,4.156348946295632,5.791450339811898,4.156348946295632,3.3806973761273125,,,,,3.1020323274569206,,,,,,1388,1.4,,0.13560634046059086,0.757147,1.406934,0.757147,0.13696240386519679,0.7647184699999999,1.4210033400000002,0.7647184699999999,12.135764363383803,,,,,,,,,
16:39:14.228,,,,,,53.98579268395783,,,4.191935577644487,,4.0171362510555575,18.244484,24.32114,18.244484,,,,,,,,,,,,,,,,,,,,-0.010381008228352168,74,
16:39:14.495,,,,,,,,,,,,,,,,,,1,,,,,,,,,,,,,,,27.84313725490196,,,
16:39:14.664,,,,,,,,,,,,,,,,,,,,,,,,,,,,,,,14.716640399999998,3.33121,,,,
16:39:15.021,,,,,,,,-0.09,,,,,,,,,,,,,,,,,,,,,91,,,,,,,
16:39:15.266,3.4382372654197892,4.163773554790587,5.795147760343471,4.163773554790587,3.390793990186458,,,,,6.751217652640243,,,,,,2464,2.5,,0.13811867558647964,0.759659,1.409446,0.759659,0.13949986234234443,0.76725559,1.4235404600000001,0.76725559,26.412099536540673,,,,,,,,,
16:39:15.608,,,,,,54.09864410953076,,,8.883181121895056,,4.04627606127778,18.273623999999998,24.350279999999998,18.273623999999998,,,,,,,,,,,,,,,,,,,,,76,
16:39:15.910,,,,,,,,,,,,,,,,,,1,,,,,,,,,,,,,,,30.58823529411765,,,
16:39:16.062,,,,,,,,,,,,,,,,,,,,,,,,,,,,,,,14.5821354,3.283386,,,,
16:39:16.422,,,,,,,,-0.13,,,,,,,,,,,,,,,,,,,,,87,,,,,,,
16:39:16.659,3.4797449518036365,4.171805220464207,5.799222842612076,4.171805220464207,3.4049117509139295,,,,,6.929052290284519,,,,,,2621,2.6,,0.14080008697835256,0.76234,1.412127,0.76234,0.14220808784813607,0.7699634,1.42624827,0.7699634,27.10782383283386,,,,,,,,,
16:39:17.093,,,,,,54.23517428991873,,,8.770952266182936,,4.078851450138891,18.306199,24.382855,18.306199,,,,,,,,,,,,,,,,,,,,,79,
16:39:17.383,,,,,,,,,,,,,,,,,,1,,,,,,,,,,,,,,,29.019607843137255,,,
16:39:17.536,,,,,,,,,,,,,,,,,,,,,,,,,,,,,,,14.7247107,3.281434,,,,
16:39:17.880,,,,,,,,-0.12,,,,,,,,,,,,,,,,,,,,,88,,,,,,,
16:39:18.116,3.5171394840302987,4.1789068282279676,5.8023804021309235,4.1789068282279676,3.4227871786274897,,,,,6.564794257817325,,,,,,2479,2.5,,0.14345889484777735,0.764999,1.4147859999999999,0.764999,0.14489348379625513,0.77264899,1.4289338600000001,0.77264899,25.682774322432504,,,,,,,,,
16:39:18.446,,,,,,54.363378872535826,,,8.205992822271655,,4.108939192361113,18.336287,24.412943,18.336287,,,,,,,,,,,,,,,,,,,,0.030487461585061614,80,
16:39:18.745,,,,,,,,,,,,,,,,,,1,,,,,,,,,,,,,,,29.019607843137255,,,
16:39:18.906,,,,,,,,,,,,,,,,,,,,,,,,,,,,,,,14.70005145,3.318888,,,,
16:39:19.261,,,,,,,,-0.08,,,,,,,,,,,,,,,,,,,,,92,,,,,,,
16:39:19.489,3.5543365477009723,4.186158299114756,5.805826032527091,4.186158299114756,3.444553377819599,,,,,6.7859652851927015,,,,,,2447,2.4,,0.14604552743690022,0.767586,1.417373,0.767586,0.14750598271126922,0.77526186,1.43154673,0.77526186,26.54803915171154,,,,,,,,,
16:39:19.801,,,,,,54.495668183579234,,,8.377734919990989,,4.139496577361113,18.366844,24.443499999999997,18.366844,,,,,,,,,,,,,,,,,,,,0.035579268843427034,81,
16:39:20.111,,,,,,,,,,,,,,,,,,1,,,,,,,,,,,,,,,29.019607843137255,,,
16:39:20.275,,,,,,,,,,,,,,,,,,,,,,,,,,,,,,,14.7767193,3.301686,,,,
16:39:20.634,,,,,,,,-0.08,,,,,,,,,,,,,,,,,,,,,92,,,,,,,
16:39:20.879,3.589893747880875,4.193121039194322,5.809033076277948,4.193121039194322,3.470085523026887,,,,,6.6293701173896675,,,,,,2403,2.4,,0.1486035288244294,0.7701439999999999,1.419931,0.7701439999999999,0.15008956411267368,0.77784544,1.43413031,0.77784544,25.93540786477066,,,,,,,,,
16:39:21.196,,,,,,54.63515126818728,,,8.08459770413374,,4.171245419361113,18.398592999999998,24.475248999999998,18.398592999999998,,,,,,,,,,,,,,,,,,,,0.03041294742478423,82,
16:39:21.496,,,,,,,,,,,,,,,,,,1,,,,,,,,,,,,,,,29.019607843137255,,,
16:39:21.645,,,,,,,,,,,,,,,,,,,,,,,,,,,,,,,14.618451749999998,3.291316,,,,
16:39:21.977,,,,,,,,-0.09,,,,,,,,,,,,,,,,,,,,,91,,,,,,,
16:39:22.224,3.620895091876989,4.199109138399877,5.811438322854244,4.199109138399877,3.49908931916658,,,,,6.509696009886906,,,,,,2360,2.4,,0.15103642065979025,0.772577,1.422364,0.772577,0.15254678486638815,0.7803027699999999,1.4365876400000002,0.7803027699999999,25.46721907247576,,,,,,,,,
16:39:22.523,,,,,,54.771135447537155,,,7.843007240827599,,4.2017711916388905,18.429119,24.505775,18.429119,,,,,,,,,,,,,,,,,,,,0.02086402298998168,83,
16:39:22.834,,,,,,,,,,,,,,,,,,1,,,,,,,,,,,,,,,29.019607843137255,,,
16:39:22.998,,,,,,,,,,,,,,,,,,,,,,,,,,,,,,,14.750266649999999,3.283386,,,,
16:39:23.357,,,,,,,,-0.1,,,,,,,,,,,,,,,,,,,,,90,,,,,,,
16:39:23.588,3.652439581428577,4.205344813281633,5.814119324934633,4.205344813281633,3.531493369549321,,,,,6.413070502841307,,,,,,2372,2.4,,0.15346715412448203,0.7750079999999999,1.424795,0.7750079999999999,0.15500182566572684,0.7827580799999999,1.4390429500000002,0.7827580799999999,25.0892009665332,,,,,,,,,
16:39:23.912,,,,,,54.917575871847944,,,7.634607741477746,,4.234219369638891,18.461567,24.538223,18.461567,,,,,,,,,,,,,,,,,,,,0.020727024297337523,84,
16:39:24.214,,,,,,,,,,,,,,,,,,1,,,,,,,,,,,,,,,29.019607843137255,,,
16:39:24.359,,,,,,,,,,,,,,,,,,,,,,,,,,,,,,,14.6852559,3.264232,,,,
16:39:24.711,,,,,,,,-0.09,,,,,,,,,,,,,,,,,,,,,91,,,,,,,
16:39:24.940,3.6824698907695144,4.211262240090454,5.816444002485429,4.211262240090454,3.5668945701138313,,,,,6.540490547854263,,,,,,2382,2.4,,0.1559238533960829,0.777465,1.427252,0.777465,0.15748309193004373,0.78523965,1.4415245200000002,0.78523965,25.587693399304428,,,,,,,,,
16:39:25.272,,,,,,55.064364577104605,,,7.694694762181487,,4.266354871027779,18.493703,24.570358999999996,18.493703,,,,,,,,,,,,,,,,,,,,0.02070982944017433,85,
16:39:25.572,,,,,,,,,,,,,,,,,,1,,,,,,,,,,,,,,,29.019607843137255,,,
16:39:25.737,,,,,,,,,,,,,,,,,,,,,,,,,,,,,,,14.661941699999998,3.304126,,,,
16:39:26.064,,,,,,,,-0.08,,,,,,,,,,,,,,,,,,,,,92,,,,,,,
16:39:26.297,3.7128823941970195,4.217359822421718,5.818934106742193,4.217359822421718,3.6012252112109855,,,,,6.581172717620981,,,,,,2367,2.4,,0.1584047388803574,0.779946,1.429733,0.779946,0.15998878626916097,0.7877454599999999,1.4440303300000001,0.7877454599999999,25.746850098514205,,,,,,,,,
16:39:26.638,,,,,,55.21512776038791,,,7.65252641583835,,4.298986799416668,18.526335,24.602990999999996,18.526335,,,,,,,,,,,,,,,,,,,,0.020820590454102544,86,
16:39:26.949,,,,,,,,,,,,,,,,,,1,,,,,,,,,,,,,,,29.019607843137255,,,
16:39:27.110,,,,,,,,,,,,,,,,,,,,,,,,,,,,,,,14.68032405,3.269844,,,,
16:39:27.472,,,,,,,,-0.1,,,,,,,,,,,,,,,,,,,,,90,,,,,,,
16:39:27.699,3.741244302572245,4.223053291436218,5.8210971178260404,4.223053291436218,3.633912630057061,,,,,6.248034154795147,,,,,,2300,2.3,,0.16083559870150899,0.782377,1.432164,0.782377,0.16244395468852407,0.79020077,1.4464856400000001,0.79020077,24.44354611195483,,,,,,,,,
16:39:28.004,,,,,,55.36450177696685,,,7.265155993947846,,4.331634800250002,18.558982999999998,24.635638999999998,18.558982999999998,,,,,,,,,,,,,,,,,,,,0.01550270879080083,86,
16:39:28.309,,,,,,,,,,,,,,,,,,1,,,,,,,,,,,,,,,28.627450980392158,,,
16:39:28.470,,,,,,,,,,,,,,,,,,,,,,,,,,,,,,,14.6538714,3.290096,,,,
16:39:28.813,,,,,,,,-0.08,,,,,,,,,,,,,,,,,,,,,92,,,,,,,
16:39:29.056,3.767267651243084,4.228281258730611,5.822917765599667,4.228281258730611,3.66517865095866,,,,,6.217584132345729,,,,,,2235,2.2,,0.16318427659980628,0.784726,1.434513,0.784726,0.16481611936580434,0.79257326,1.44885813,0.79257326,24.324419598012653,,,,,,,,,
16:39:29.394,,,,,,55.514906452390036,,,7.229748991099685,,4.364831330583335,18.59218,24.668836,18.59218,,,,,,,,,,,,,,,,,,,,0.010333692466029101,86,
16:39:29.678,,,,,,,,,,,,,,,,,,1,,,,,,,,,,,,,,,28.627450980392158,,,
16:39:29.834,,,,,,,,,,,,,,,,,,,,,,,,,,,,,,,14.6547681,3.308396,,,,
16:39:30.173,,,,,,,,-0.06,,,,,,,,,,,,,,,,,,,,,94,,,,,,,
16:39:30.410,3.7918455682743573,4.233226012226646,5.824498569774432,4.233226012226646,3.694867278530333,,,,,6.19319600632963,,,,,,2179,2.2,,0.16550766337137485,0.787049,1.436836,0.787049,0.1671627400050886,0.79491949,1.4512043600000002,0.79491949,24.229008422578985,,,,,,,,,
16:39:30.714,,,,,,55.660744346396065,,,7.118616099229459,,4.396662955833334,18.624012,24.700667999999997,18.624012,,,,,,,,,,,,,,,,,,,,0.010409089782106766,87,
16:39:31.004,,,,,,,,,,,,,,,,,,1,,,,,,,,,,,,,,,28.627450980392158,,,
16:39:31.153,,,,,,,,,,,,,,,,,,,,,,,,,,,,,,,14.672702099999999,3.305346,,,,
16:39:31.509,,,,,,,,-0.09,,,,,,,,,,,,,,,,,,,,,91,,,,,,,
16:39:31.740,3.8143038693226954,4.237771109683562,5.825874830591626,4.237771109683562,3.7229185437105605,,,,,5.927753409069555,,,,,,2157,2.2,,0.16770208524542846,0.7892429999999999,1.43903,0.7892429999999999,0.16937910609788273,0.79713543,1.4534203,0.79713543,23.190544450479205,,,,,,,,,
16:39:32.051,,,,,,55.80755003420262,,,6.81350966559719,,4.429006440750001,18.656354999999998,24.733010999999998,18.656354999999998,,,,,,,,,,,,,,,,,,,,0.0052330152807709635,87,
16:39:32.333,,,,,,,,,,,,,,,,,,1,,,,,,,,,,,,,,,28.627450980392158,,,
16:39:32.485,,,,,,,,,,,,,,,,,,,,,,,,,,,,,,,14.65700985,3.310836,,,,
16:39:32.826,,,,,,,,-0.08,,,,,,,,,,,,,,,,,,,,,92,,,,,,,
16:39:33.071,3.836364702130473,4.242275621363337,5.827195888118919,4.242275621363337,3.7498522449922462,,,,,5.979840486310996,,,,,,2150,2.2,,0.16991283974801824,0.791454,1.441241,0.791454,0.17161196814549842,0.7993685399999999,1.45565341,0.7993685399999999,23.39431940478399,,,,,,,,,
16:39:33.407,,,,,,55.95518803653611,,,6.873379869322983,,4.461841797083334,18.68919,24.765845999999996,18.68919,,,,,,,,,,,,,,,,,,,,0.005242812169841908,87,
16:39:33.710,,,,,,,,,,,,,,,,,,1,,,,,,,,,,,,,,,28.627450980392158,,,
16:39:33.854,,,,,,,,,,,,,,,,,,,,,,,,,,,,,,,14.661941699999998,3.287046,,,,
16:39:34.184,,,,,,,,-0.08,,,,,,,,,,,,,,,,,,,,,92,,,,,,,
16:39:34.461,3.85978640302813,4.247155708727879,5.828777260425508,4.247155708727879,3.7757705976921905,,,,,5.9778290421990325,,,,,,2150,2.2,,0.1722175630084485,0.793759,1.443546,0.793759,0.173939738638533,0.8016965899999999,1.45798146,0.8016965899999999,23.38645023734919,,,,,,,,,
16:39:34.796,,,,,,56.10449702952253,,,6.871067864596589,,4.495367952750001,18.722716,24.799371999999998,18.722716,,,,,,,,,,,,,,,,,,,,0.005243749648933166,87,
16:39:35.103,,,,,,,,,,,,,,,,,,1,,,,,,,,,,,,,,,28.627450980392158,,,
16:39:35.268,,,,,,,,,,,,,,,,,,,,,,,,,,,,,,,14.705879999999999,3.309616,,,,
16:39:35.617,,,,,,,,-0.1,,,,,,,,,,,,,,,,,,,,,90,,,,,,,
16:39:35.856,3.881053099071881,4.2515679883196436,5.8299702105359765,4.2515679883196436,3.8005934987299863,,,,,5.80057395022334,,,,,,2139,2.1,,0.17446761724488805,0.796009,1.445796,0.796009,0.17621229341733693,0.8039690899999999,1.4602539600000002,0.8039690899999999,22.692993238404746,,,,,,,,,
16:39:36.147,,,,,,56.25307006013645,,,6.591561307071978,,4.528366019194445,18.755713999999998,24.832369999999997,18.755713999999998,,,,,,,,,,,,,,,,,,,,0.005213167082081168,88,
16:39:36.450,,,,,,,,,,,,,,,,,,1,,,,,,,,,,,,,,,28.627450980392158,,,
16:39:36.597,,,,,,,,,,,,,,,,,,,,,,,,,,,,,,,14.592895799999999,3.258742,,,,
16:39:36.943,,,,,,,,-0.06,,,,,,,,,,,,,,,,,,,,,94,,,,,,,
16:39:37.166,3.9017159679474536,4.25590302773864,5.831147006910738,4.25590302773864,3.8241976954487904,,,,,6.09386660443224,,,,,,2135,2.1,,0.1766839800580161,0.798225,1.448012,0.798225,0.17845081985859626,0.8062072499999999,1.46249212,0.8062072499999999,23.840412144870037,,,,,,,,,
16:39:37.525,,,,,,56.4034383113566,,,6.9248484141275455,,4.56207877763889,18.789427,24.866082999999996,18.789427,,,,,,,,,,,,,,,,,,,,0.005174139279495072,88,
16:39:37.838,,,,,,,,,,,,,,,,,,1,,,,,,,,,,,,,,,28.235294117647058,,,
16:39:37.990,,,,,,,,,,,,,,,,,,,,,,,,,,,,,,,14.699154749999998,3.323158,,,,
16:39:38.335,,,,,,,,-0.09,,,,,,,,,,,,,,,,,,,,,91,,,,,,,
16:39:38.581,3.920705762218641,4.2598797717461,5.832016244778078,4.2598797717461,3.846630377904589,,,,,5.5549831951463995,,,,,,2025,2,,0.1788656855118417,0.800407,1.450194,0.800407,0.18065434236696012,0.80841107,1.4646959400000001,0.80841107,21.732193601644465,,,,,,,,,
16:39:38.934,,,,,,56.55567598464166,,,6.312480903575454,,4.596539132750001,18.823887,24.900543,18.823887,,,,,,,,,,,,,,,,,,,,0.005125067269034126,88,
16:39:39.219,,,,,,,,,,,,,,,,,,1,,,,,,,,,,,,,,,28.235294117647058,,,
16:39:39.393,,,,,,,,,,,,,,,,,,,,,,,,,,,,,,,14.64624945,3.265452,,,,
16:39:39.740,,,,,,,,-0.09,,,,,,,,,,,,,,,,,,,,,91,,,,,,,
16:39:39.978,3.937526722100911,4.263364946889025,5.832475219516297,4.263364946889025,3.867912761761818,,,,,5.4676776369857025,,,,,,1986,2,,0.18098995664385678,0.802531,1.452318,0.802531,0.18279985621029535,0.81055631,1.46684118,0.81055631,21.390636980176076,,,,,,,,,
16:39:40.319,,,,,,56.70383803752428,,,6.213270042029208,,4.630398851194445,18.857747,24.934402999999996,18.857747,,,,,,,,,,,,,,,,,,,,0.005128448317079686,88,
16:39:40.604,,,,,,,,,,,,,,,,,,1,,,,,,,,,,,,,,,28.235294117647058,,,
16:39:40.754,,,,,,,,,,,,,,,,,,,,,,,,,,,,,,,14.7040866,3.314008,,,,
16:39:41.084,,,,,,,,-0.07,,,,,,,,,,,,,,,,,,,,,93,,,,,,,
16:39:41.322,3.9534632309186626,4.266692092114716,5.832860726603321,4.266692092114716,3.888114969592356,,,,,5.5490517964560375,,,,,,1980,2,,0.18306111602685254,0.804602,1.454389,0.804602,0.18489172718712107,0.8126480199999999,1.46893289,0.8126480199999999,21.708988796132164,,,,,,,,,
16:39:41.632,,,,,,56.8425851967817,,,6.305740677790952,,4.662398948750001,18.889747,24.966403,18.889747,,,,,,,,,,,,,,,,,,,,0,88,
16:39:41.905,,,,,,,,,,,,,,,,,,1,,,,,,,,,,,,,,,28.235294117647058,,,
16:39:42.060,,,,,,,,,,,,,,,,,,,,,,,,,,,,,,,14.59872435,3.292536,,,,
16:39:42.407,,,,,,,,-0.08,,,,,,,,,,,,,,,,,,,,,92,,,,,,,
16:39:42.638,3.9696434525028024,4.2701524800729205,5.833471485660149,4.2701524800729205,3.907532417489869,,,,,5.5234178345552465,,,,,,1978,2,,0.18508061459861389,0.806621,1.456408,0.806621,0.18693142074460004,0.81468721,1.4709720800000001,0.81468721,21.608703664164178,,,,,,,,,
16:39:42.986,,,,,,56.98508221735099,,,6.276611175630962,,4.695561919861112,18.92291,24.999565999999998,18.92291,,,,,,,,,,,,,,,,,,,,0,88,
16:39:43.303,,,,,,,,,,,,,,,,,,1,,,,,,,,,,,,,,,28.235294117647058,,,
16:39:43.476,,,,,,,,,,,,,,,,,,,,,,,,,,,,,,,14.60769135,3.305346,,,,
16:39:43.834,,,,,,,,-0.1,,,,,,,,,,,,,,,,,,,,,90,,,,,,,
16:39:44.058,3.9868906176865457,4.273903960860142,5.834237282359222,4.273903960860142,3.926348156934378,,,,,5.394566578346997,,,,,,1976,2,,0.1872069176306049,0.808747,1.458534,0.808747,0.18907898680691096,0.81683447,1.47311934,0.81683447,21.104612049957424,,,,,,,,,
16:39:44.397,,,,,,57.131983431013154,,,6.130189293576134,,4.7300703914166675,18.957418,25.034073999999997,18.957418,,,,,,,,,,,,,,,,,,,,0,88,
16:39:44.699,,,,,,,,,,,,,,,,,,1,,,,,,,,,,,,,,,28.235294117647058,,,
16:39:44.854,,,,,,,,,,,,,,,,,,,,,,,,,,,,,,,14.7022932,3.323158,,,,
16:39:45.211,,,,,,,,-0.06,,,,,,,,,,,,,,,,,,,,,94,,,,,,,
16:39:45.435,4.002920311100298,4.277381023090802,5.834719510695703,4.277381023090802,3.944239895443399,,,,,5.578239826082104,,,,,,1969,2,,0.18934094842735916,0.810881,1.460668,0.810881,0.19123435791163276,0.8189898099999999,1.47527468,0.8189898099999999,21.8231781443985,,,,,,,,,
16:39:45.800,,,,,,57.27653484366701,,,6.338908893275119,,4.764348994750001,18.991697,25.068353,18.991697,,,,,,,,,,,,,,,,,,,,0,88,
16:39:46.095,,,,,,,,,,,,,,,,,,1,,,,,,,,,,,,,,,27.84313725490196,,,
16:39:46.244,,,,,,,,,,,,,,,,,,,,,,,,,,,,,,,14.591999099999999,3.23483,,,,
16:39:46.576,,,,,,,,-0.09,,,,,,,,,,,,,,,,,,,,,91,,,,,,,
16:39:46.810,4.01336797874935,4.279506986658433,5.834200595467919,4.279506986658433,3.9607792554030827,,,,,4.896649374093025,,,,,,1772,1.8,,0.19121085695116308,0.812751,1.462538,0.812751,0.1931229655206747,0.8208785099999999,1.4771633800000001,0.8208785099999999,19.15666140811004,,,,,,,,,
16:39:47.154,,,,,,57.410357257778074,,,5.628332613900028,,4.797078182083334,19.024426,25.101081999999998,19.024426,,,,,,,,,,,,,,,,,,,,-0.005129832940794558,87,
16:39:47.442,,,,,,,,,,,,,,,,,,1,,,,,,,,,,,,,,,20.392156862745097,,,
16:39:47.602,,,,,,,,,,,,,,,,,,,,,,,,,,,,,,,15.159161849999998,3.4402779999999997,,,,
16:39:47.958,,,,,,,,-0.27,,,,,,,,,,,,,,,,,,,,,73,,,,,,,
16:39:48.199,4.009862663737269,4.278163241298318,5.831155007580949,4.278163241298318,3.9742975923768102,,,,,2.970267732222151,,,,,,1392,1.4,,0.19235624697364612,0.813896,1.463683,0.813896,0.19427980944338258,0.82203496,1.47831983,0.82203496,11.62027519034971,,,,,,,,,
16:39:48.483,,,,,,57.53589021217719,,,3.4537996886304083,,4.828769853361112,19.056117999999998,25.132773999999998,19.056117999999998,,,,,,,,,,,,,,,,,,,,-0.010305857472638614,86,
16:39:48.783,,,,,,,,,,,,,,,,,,1,,,,,,,,,,,,,,,20.784313725490197,,,
16:39:48.928,,,,,,,,,,,,,,,,,,,,,,,,,,,,,,,14.58527385,3.245932,,,,
16:39:49.282,,,,,,,,-0.21,,,,,,,,,,,,,,,,,,,,,79,,,,,,,
16:39:49.516,4.008770090437745,4.277439927691464,5.8286482821195955,4.277439927691464,3.985305633404198,,,,,3.3264762379594393,,,,,,1386,1.4,,0.19357428161761478,0.815114,1.464901,0.815114,0.19551002443379092,0.82326514,1.47955001,0.82326514,13.013833359166314,,,,,,,,,
16:39:49.818,,,,,,57.656750404166424,,,3.91350145642287,,4.86030172488889,19.08765,25.164305999999996,19.08765,,,,,,,,,,,,,,,,,,,,-0.015676658788551057,85,
16:39:50.130,,,,,,,,,,,,,,,,,,1,,,,,,,,,,,,,,,20.392156862745097,,,
16:39:50.282,,,,,,,,,,,,,,,,,,,,,,,,,,,,,,,14.596930949999999,3.283386,,,,
16:39:50.626,,,,,,,,-0.28,,,,,,,,,,,,,,,,,,,,,72,,,,,,,
16:39:50.860,4.006248966809911,4.276356701846481,5.825882899373423,4.276356701846481,3.9938959139928225,,,,,3.0555317857027173,,,,,,1398,1.4,,0.1947157876372054,0.816256,1.466043,0.816256,0.19666294551357746,0.8244185599999999,1.4807034300000002,0.8244185599999999,11.953845041491586,,,,,,,,,
16:39:51.183,,,,,,57.7749048677771,,,3.6375378401222824,,4.892204276222223,19.119553,25.196208999999996,19.119553,,,,,,,,,,,,,,,,,,,,-0.02104881110885307,84,
16:39:51.486,,,,,,,,,,,,,,,,,,1,,,,,,,,,,,,,,,19.607843137254903,,,
16:39:51.644,,,,,,,,,,,,,,,,,,,,,,,,,,,,,,,14.64624945,3.305346,,,,
16:39:52.001,,,,,,,,-0.49,,,,,,,,,,,,,,,,,,,,,51,,,,,,,
16:39:52.238,3.980123818287604,4.269221147586452,5.81850626814534,4.269221147586452,3.997228487413941,,,,,0,,,,,,0,0,,0.1947157876372054,0.816256,1.466043,0.816256,0.19666294551357746,0.8244185599999999,1.4807034300000002,0.8244185599999999,0,,,,,,,,,
16:39:52.568,,,,,,57.89337300423401,,,0,,4.924481444222224,19.15183,25.228485999999997,19.15183,,,,,,,,,,,,,,,,,,,,-0.01569610081280294,84,
16:39:52.861,,,,,,,,,,,,,,,,,,1,,,,,,,,,,,,,,,16.470588235294116,,,
16:39:53.024,,,,,,,,,,,,,,,,,,,,,,,,,,,,,,,18.112891649999998,4.303428,,,,
16:39:53.367,,,,,,,,0,,,,,,,,,,,,,,,,,,,,,100,,,,,,,
16:39:53.603,3.9540363760667794,4.262026135361476,5.811062146178729,4.262026135361476,3.9952776028594372,,,,,0,,,,,,0,0,,0.1947157876372054,0.816256,1.466043,0.816256,0.19666294551357746,0.8244185599999999,1.4807034300000002,0.8244185599999999,0,,,,,,,,,
16:39:53.888,,,,,,58.00110339677138,,,0,,4.9549062031944455,19.182254999999998,25.258910999999998,19.182254999999998,,,,,,,,,,,,,,,,,,,,-0.01572194428847525,83,
16:39:54.176,,,,,,,,,,,,,,,,,,1,,,,,,,,,,,,,,,16.470588235294116,,,
16:39:54.325,,,,,,,,,,,,,,,,,,,,,,,,,,,,,,,18.112891649999998,4.158126,,,,
16:39:54.674,,,,,,,,0,,,,,,,,,,,,,,,,,,,,,100,,,,,,,
16:39:54.894,3.9446944453513315,4.259123862131955,5.806992233354796,4.259123862131955,3.990003081317536,,,,,2.06407802203158,,,,,,904,0.9,,0.19545590976977983,0.8169959999999999,1.466783,0.8169959999999999,0.19741046886747762,0.82516596,1.48145083,0.82516596,8.075081707336736,,,,,,,,,
16:39:55.241,,,,,,58.11089143428382,,,2.4868409903994944,,4.98618304938889,19.213532,25.290187999999997,19.213532,,,,,,,,,,,,,,,,,,,,-0.010446888801118064,83,
16:39:55.562,,,,,,,,,,,,,,,,,,1,,,,,,,,,,,,,,,24.313725490196077,,,
16:39:55.735,,,,,,,,,,,,,,,,,,,,,,,,,,,,,,,13.358588249999999,2.811856,,,,
16:39:56.082,,,,,,,,-0.03,,,,,,,,,,,,,,,,,,,,,97,,,,,,,
16:39:56.312,3.965469519991248,4.264005181348229,5.808786395735769,4.264005181348229,3.9853217324289045,,,,,5.762559835870945,,,,,,1791,1.8,,0.19772556903448657,0.819266,1.469053,0.819266,0.19970282472483145,0.82745866,1.4837435300000001,0.82745866,22.544274499989285,,,,,,,,,
16:39:56.640,,,,,,58.22738104358131,,,6.8601902807987445,,5.018760613055557,19.24611,25.322765999999998,19.24611,,,,,,,,,,,,,,,,,,,,,84,
16:39:56.909,,,,,,,,,,,,,,,,,,1,,,,,,,,,,,,,,,30.980392156862745,,,
16:39:57.069,,,,,,,,,,,,,,,,,,,,,,,,,,,,,,,14.383516349999999,3.182736,,,,
16:39:57.405,,,,,,,,-0.12,,,,,,,,,,,,,,,,,,,,,88,,,,,,,
16:39:57.641,3.9764852279514726,4.266373828269712,5.808599265972762,4.266373828269712,3.9807113885791696,,,,,4.999046876592419,,,,,,1844,1.8,,0.199570274404401,0.8211109999999999,1.470898,0.8211109999999999,0.201565977148445,0.8293221099999999,1.48560698,0.8293221099999999,19.557260702557237,,,,,,,,,
16:39:57.959,,,,,,58.336350214840216,,,5.9512462816576415,,5.049502727722223,19.276851999999998,25.353507999999998,19.276851999999998,,,,,,,,,,,,,,,,,,,,,84,
16:39:58.239,,,,,,,,,,,,,,,,,,1,,,,,,,,,,,,,,,27.058823529411764,,,
16:39:58.392,,,,,,,,,,,,,,,,,,,,,,,,,,,,,,,14.2019346,3.128202,,,,
16:39:58.769,,,,,,,,-0.07,,,,,,,,,,,,,,,,,,,,,93,,,,,,,
16:39:59.005,3.9937128311237315,4.270422369793574,5.809807463330125,4.270422369793574,3.9786926595024776,,,,,5.51892693456411,,,,,,1902,1.9,,0.20166263834498524,0.823203,1.47299,0.823203,0.2036792647284351,0.83143503,1.4877199,0.83143503,21.591134374640802,,,,,,,,,
16:39:59.337,,,,,,58.45400664749344,,,6.492855217134247,,5.08211229063889,19.309462,25.386117999999996,19.309462,,,,,,,,,,,,,,,,,,,,0.010395561377078581,85,
16:39:59.624,,,,,,,,,,,,,,,,,,1,,,,,,,,,,,,,,,29.019607843137255,,,
16:39:59.774,,,,,,,,,,,,,,,,,,,,,,,,,,,,,,,14.87311455,3.3606119999999997,,,,
16:40:00.144,,,,,,,,-0.04,,,,,,,,,,,,,,,,,,,,,96,,,,,,,
16:40:00.384,4.008738101797429,4.273909858286057,5.810482721304613,4.273909858286057,3.978688660922438,,,,,5.394108654981667,,,,,,1886,1.9,,0.2037285717709713,0.825269,1.475056,0.825269,0.20576585748868104,0.83352169,1.4898065600000001,0.83352169,21.102820563128304,,,,,,,,,
16:40:00.685,,,,,,58.567676286058344,,,6.346010182331374,,5.113892593555557,19.341242,25.417897999999997,19.341242,,,,,,,,,,,,,,,,,,,,0.010405150601919854,85,
16:40:00.983,,,,,,,,,,,,,,,,,,1,,,,,,,,,,,,,,,29.019607843137255,,,
16:40:01.146,,,,,,,,,,,,,,,,,,,,,,,,,,,,,,,14.6099331,3.293756,,,,
16:40:01.509,,,,,,,,-0.08,,,,,,,,,,,,,,,,,,,,,92,,,,,,,
16:40:01.764,4.023109613212279,4.27727443770157,5.811121753655634,4.27727443770157,3.980796241722734,,,,,5.240151940050591,,,,,,1878,1.9,,0.20573750454068432,0.827278,1.477065,0.827278,0.20779487958609116,0.8355507799999999,1.49183565,0.8355507799999999,20.500511425977596,,,,,,,,,
16:40:02.080,,,,,,58.68915468050543,,,6.0931999302913855,,5.147293323722224,19.374643,25.451299,19.374643,,,,,,,,,,,,,,,,,,,,0.010412358252837378,86,
16:40:02.380,,,,,,,,,,,,,,,,,,1,,,,,,,,,,,,,,,27.84313725490196,,,
16:40:02.539,,,,,,,,,,,,,,,,,,,,,,,,,,,,,,,14.58527385,3.275334,,,,
16:40:02.892,,,,,,,,-0.09,,,,,,,,,,,,,,,,,,,,,91,,,,,,,
16:40:03.115,4.031673736451883,4.279113684830219,5.810508925300827,4.279113684830219,3.987239981493269,,,,,4.757911576004766,,,,,,1721,1.7,,0.2075220730706501,0.829063,1.47885,0.829063,0.2095972938013566,0.83735363,1.4936385,0.83735363,18.613891685502363,,,,,,,,,
16:40:03.429,,,,,,58.80509668254058,,,5.5324553209357745,,5.1794501212222235,19.4068,25.483455999999997,19.4068,,,,,,,,,,,,,,,,,,,,0.010356277089459668,86,
16:40:03.762,,,,,,,,,,,,,,,,,,1,,,,,,,,,,,,,,,20.392156862745097,,,
16:40:03.935,,,,,,,,,,,,,,,,,,,,,,,,,,,,,,,14.664631799999999,3.292536,,,,
16:40:04.301,,,,,,,,-0.49,,,,,,,,,,,,,,,,,,,,,51,,,,,,,
16:40:04.530,4.0113685505172265,4.273285652451717,5.804138182827322,4.273285652451717,3.9944065032995755,,,,,0.622776731089233,,,,,,433,0.4,,0.20776683325243464,0.8293079999999999,1.479095,0.8293079999999999,0.209844501584959,0.83760108,1.4938859500000001,0.83760108,2.436425820775826,,,,,,,,,
16:40:05.037,,,,,,58.937298522680265,,,0.7326785071638036,,5.2174258120555566,19.444775999999997,25.521431999999997,19.444775999999997,,,,,,,,,,,,,,,,,,,,,85,
16:40:05.326,,,,,,,,,,,,,,,,,,1,,,,,,,,,,,,,,,16.470588235294116,,,
16:40:05.476,,,,,,,,,,,,,,,,,,,,,,,,,,,,,,,18.112891649999998,4.660888,,,,
16:40:05.822,,,,,,,,0,,,,,,,,,,,,,,,,,,,,,100,,,,,,,
16:40:06.058,3.982171299347692,4.26493984811139,5.795501600380418,4.26493984811139,3.9990911100491195,,,,,0,,,,,,0,0,,0.20776683325243464,0.8293079999999999,1.479095,0.8293079999999999,0.209844501584959,0.83760108,1.4938859500000001,0.83760108,0,,,,,,,,,
16:40:06.386,,,,,,59.038747822514516,,,0,,5.2485346431944455,19.475884999999998,25.552540999999998,19.475884999999998,,,,,,,,,,,,,,,,,,,,-0.009937061550969099,83,
16:40:06.689,,,,,,,,,,,,,,,,,,1,,,,,,,,,,,,,,,16.470588235294116,,,
16:40:06.847,,,,,,,,,,,,,,,,,,,,,,,,,,,,,,,18.112891649999998,4.523516,,,,
16:40:07.187,,,,,,,,0,,,,,,,,,,,,,,,,,,,,,100,,,,,,,
16:40:07.446,3.958568388642288,4.25812742270762,5.788445853584582,4.25812742270762,3.9982284686305,,,,,0,,,,,,0,0,,0.20776683325243464,0.8293079999999999,1.479095,0.8293079999999999,0.209844501584959,0.83760108,1.4938859500000001,0.83760108,0,,,,,,,,,
16:40:07.777,,,,,,59.14253235869341,,,0,,5.28063333463889,19.507984,25.584639999999997,19.507984,,,,,,,,,,,,,,,,,,,,-0.014917104014192327,83,
16:40:08.080,,,,,,,,,,,,,,,,,,1,,,,,,,,,,,,,,,16.470588235294116,,,
16:40:08.239,,,,,,,,,,,,,,,,,,,,,,,,,,,,,,,18.112891649999998,4.628924,,,,
16:40:08.593,,,,,,,,0,,,,,,,,,,,,,,,,,,,,,100,,,,,,,
16:40:08.836,3.9345059595326464,4.25112097692924,5.781183553882331,4.25112097692924,3.992981060078147,,,,,0,,,,,,0,0,,0.20776683325243464,0.8293079999999999,1.479095,0.8293079999999999,0.209844501584959,0.83760108,1.4938859500000001,0.83760108,0,,,,,,,,,
16:40:09.140,,,,,,59.243092381263814,,,0,,5.312002260111112,19.539353,25.616009,19.539353,,,,,,,,,,,,,,,,,,,,-0.01488003460859679,83,
16:40:09.444,,,,,,,,,,,,,,,,,,1,,,,,,,,,,,,,,,16.470588235294116,,,
16:40:09.602,,,,,,,,,,,,,,,,,,,,,,,,,,,,,,,18.112891649999998,4.752876,,,,
16:40:09.960,,,,,,,,0,,,,,,,,,,,,,,,,,,,,,100,,,,,,,
16:40:10.212,3.9112715522091808,4.244296113591888,5.774103998792318,4.244296113591888,3.9826759002138274,,,,,0,,,,,,0,0,,0.20776683325243464,0.8293079999999999,1.479095,0.8293079999999999,0.209844501584959,0.83760108,1.4938859500000001,0.83760108,0,,,,,,,,,
16:40:10.544,,,,,,59.34590047690035,,,0,,5.34434818088889,19.571699,25.648355,19.571699,,,,,,,,,,,,,,,,,,,,-0.010287596066005187,83,
16:40:10.827,,,,,,,,,,,,,,,,,,1,,,,,,,,,,,,,,,16.470588235294116,,,
16:40:11.005,,,,,,,,,,,,,,,,,,,,,,,,,,,,,,,18.112891649999998,4.81168,,,,
16:40:11.355,,,,,,,,0,,,,,,,,,,,,,,,,,,,,,100,,,,,,,
16:40:11.589,3.8875991275306125,4.237281597269608,5.76682208274176,4.237281597269608,3.967533528430476,,,,,0,,,,,,0,0,,0.20776683325243464,0.8293079999999999,1.479095,0.8293079999999999,0.209844501584959,0.83760108,1.4938859500000001,0.83760108,0,,,,,,,,,
16:40:11.874,,,,,,59.43848447976974,,,0,,5.3746511761111115,19.602002,25.678658,19.602002,,,,,,,,,,,,,,,,,,,,-0.0051612847807890085,82,
16:40:12.132,,,,,,,,,,,,,,,,,,1,,,,,,,,,,,,,,,16.470588235294116,,,
16:40:12.294,,,,,,,,,,,,,,,,,,,,,,,,,,,,,,,18.112891649999998,4.81717,,,,
16:40:12.637,,,,,,,,0,,,,,,,,,,,,,,,,,,,,,100,,,,,,,
16:40:12.874,3.865680328723522,4.230731126341075,5.760016742307951,4.230731126341075,3.9478548678693812,,,,,0,,,,,,0,0,,0.20776683325243464,0.8293079999999999,1.479095,0.8293079999999999,0.209844501584959,0.83760108,1.4938859500000001,0.83760108,0,,,,,,,,,
16:40:13.210,,,,,,59.51851127066925,,,0,,5.403995418888889,19.631346,25.708001999999997,19.631346,,,,,,,,,,,,,,,,,,,,-0.02085489335946983,79,
16:40:13.523,,,,,,,,,,,,,,,,,,1,,,,,,,,,,,,,,,16.470588235294116,,,
16:40:13.684,,,,,,,,,,,,,,,,,,,,,,,,,,,,,,,18.112891649999998,4.796918,,,,
16:40:14.051,,,,,,,,0,,,,,,,,,,,,,,,,,,,,,100,,,,,,,
16:40:14.290,3.844689292781699,4.2244072311699865,5.753442060569313,4.2244072311699865,3.9244818124106082,,,,,0,,,,,,0,0,,0.20776683325243464,0.8293079999999999,1.479095,0.8293079999999999,0.209844501584959,0.83760108,1.4938859500000001,0.83760108,0,,,,,,,,,
16:40:14.596,,,,,,59.60083434091727,,,0,,5.434434287861111,19.661785,25.738440999999998,19.661785,,,,,,,,,,,,,,,,,,,,-0.02076600133651599,79,
16:40:14.908,,,,,,,,,,,,,,,,,,1,,,,,,,,,,,,,,,16.470588235294116,,,
16:40:15.070,,,,,,,,,,,,,,,,,,,,,,,,,,,,,,,18.112891649999998,4.762636,,,,
16:40:15.422,,,,,,,,0,,,,,,,,,,,,,,,,,,,,,100,,,,,,,
16:40:15.674,3.823154761784923,4.217867299433902,5.7466378791163,4.217867299433902,3.9009550888190705,,,,,0,,,,,,0,0,,0.20776683325243464,0.8293079999999999,1.479095,0.8293079999999999,0.209844501584959,0.83760108,1.4938859500000001,0.83760108,0,,,,,,,,,
16:40:15.984,,,,,,59.68248389603988,,,0,,5.464880385333333,19.692231,25.768887,19.692231,,,,,,,,,,,,,,,,,,,,-0.02082456646662021,79,
16:40:16.270,,,,,,,,,,,,,,,,,,1,,,,,,,,,,,,,,,16.470588235294116,,,
16:40:16.447,,,,,,,,,,,,,,,,,,,,,,,,,,,,,,,18.112891649999998,4.715422,,,,
16:40:16.781,,,,,,,,0,,,,,,,,,,,,,,,,,,,,,100,,,,,,,
16:40:17.016,3.801855092931952,4.211346088718947,5.739848213079595,4.211346088718947,3.8784155630171027,,,,,0,,,,,,0,0,,0.20776683325243464,0.8293079999999999,1.479095,0.8293079999999999,0.209844501584959,0.83760108,1.4938859500000001,0.83760108,0,,,,,,,,,
16:40:17.327,,,,,,59.76079157882144,,,0,,5.494323112583333,19.721674,25.798329999999996,19.721674,,,,,,,,,,,,,,,,,,,,-0.01558394770550334,79,
16:40:17.617,,,,,,,,,,,,,,,,,,1,,,,,,,,,,,,,,,16.470588235294116,,,
16:40:17.770,,,,,,,,,,,,,,,,,,,,,,,,,,,,,,,18.112891649999998,4.674308,,,,
16:40:18.122,,,,,,,,0,,,,,,,,,,,,,,,,,,,,,100,,,,,,,
16:40:18.342,3.7814818858504733,4.205058860622074,5.733297465378574,4.205058860622074,3.8562797501681265,,,,,0,,,,,,0,0,,0.20776683325243464,0.8293079999999999,1.479095,0.8293079999999999,0.209844501584959,0.83760108,1.4938859500000001,0.83760108,0,,,,,,,,,
16:40:18.653,,,,,,59.83759088013741,,,0,,5.523432435694445,19.750783,25.827439,19.750783,,,,,,,,,,,,,,,,,,,,0,79,
16:40:18.943,,,,,,,,,,,,,,,,,,1,,,,,,,,,,,,,,,16.470588235294116,,,
16:40:19.100,,,,,,,,,,,,,,,,,,,,,,,,,,,,,,,18.112891649999998,4.630266,,,,
16:40:19.458,,,,,,,,0,,,,,,,,,,,,,,,,,,,,,100,,,,,,,
16:40:19.712,3.761552905214685,4.198861381850025,5.726835711430778,4.198861381850025,3.834660618378381,,,,,0,,,,,,0,0,,0.20776683325243464,0.8293079999999999,1.479095,0.8293079999999999,0.209844501584959,0.83760108,1.4938859500000001,0.83760108,0,,,,,,,,,
16:40:20.053,,,,,,59.91803081966979,,,0,,5.554172911305556,19.781523,25.858179,19.781523,,,,,,,,,,,,,,,,,,,,0,79,
16:40:20.354,,,,,,,,,,,,,,,,,,1,,,,,,,,,,,,,,,16.470588235294116,,,
16:40:20.516,,,,,,,,,,,,,,,,,,,,,,,,,,,,,,,18.112891649999998,4.590372,,,,
16:40:20.848,,,,,,,,0,,,,,,,,,,,,,,,,,,,,,100,,,,,,,
16:40:21.083,3.740733977322238,4.192336454579356,5.720027694138865,4.192336454579356,3.813343421517513,,,,,0,,,,,,0,0,,0.20776683325243464,0.8293079999999999,1.479095,0.8293079999999999,0.209844501584959,0.83760108,1.4938859500000001,0.83760108,0,,,,,,,,,
16:40:21.411,,,,,,59.991297904500186,,,0,,5.583588867138889,19.810938999999998,25.887594999999997,19.810938999999998,,,,,,,,,,,,,,,,,,,,-0.005219735649608118,78,
16:40:21.702,,,,,,,,,,,,,,,,,,1,,,,,,,,,,,,,,,16.470588235294116,,,
16:40:21.859,,,,,,,,,,,,,,,,,,,,,,,,,,,,,,,18.112891649999998,4.548648,,,,
16:40:22.222,,,,,,,,0,,,,,,,,,,,,,,,,,,,,,100,,,,,,,
16:40:22.449,3.7210267123212697,4.18611152151849,5.713528043064643,4.18611152151849,3.792521869616345,,,,,0,,,,,,0,0,,0.20776683325243464,0.8293079999999999,1.479095,0.8293079999999999,0.209844501584959,0.83760108,1.4938859500000001,0.83760108,0,,,,,,,,,
16:40:22.740,,,,,,60.06241810537289,,,0,,5.612372715305556,19.839723,25.916379,19.839723,,,,,,,,,,,,,,,,,,,,-0.005233404438232945,78,
16:40:23.005,,,,,,,,,,,,,,,,,,1,,,,,,,,,,,,,,,27.84313725490196,,,
16:40:23.159,,,,,,,,,,,,,,,,,,,,,,,,,,,,,,,13.163107649999999,2.59738,,,,
16:40:23.480,,,,,,,,-0.06,,,,,,,,,,,,,,,,,,,,,94,,,,,,,
16:40:23.712,3.7401474395089243,4.19084480161341,5.715455079584999,4.19084480161341,3.7768302584645204,,,,,6.107105482701255,,,,,,1930,1.9,,0.20991101440719823,0.831452,1.481239,0.831452,0.21201012455127022,0.83976652,1.49605139,0.83976652,23.892205256658787,,,,,,,,,
16:40:24.031,,,,,,60.13491182502884,,,7.7305132692420955,,5.640739644694444,19.86809,25.944746,19.86809,,,,,,,,,,,,,,,,,,,,,79,
16:40:24.340,,,,,,,,,,,,,,,,,,-1,,,,,,,,,,,,,,,30.19607843137255,,,
16:40:24.509,,,,,,,,,,,,,,,,,,,,,,,,,,,,,,,14.572271699999998,3.280214,,,,
16:40:24.853,,,,,,,,-0.12,,,,,,,,,,,,,,,,,,,,,88,,,,,,,
16:40:25.088,3.7573856592698456,4.195093740767231,5.7170419012774305,4.195093740767231,3.765917304275539,,,,,5.327646045914797,,,,,,1991,2,,0.21194434248649788,0.833485,1.483272,0.833485,0.21406378591136285,0.8418198499999999,1.4981047200000002,0.8418198499999999,20.842805683376078,,,,,,,,,
16:40:25.398,,,,,,60.21101675020252,,,6.743855754322528,,5.670755170222222,19.898106,25.974762,19.898106,,,,,,,,,,,,,,,,,,,,,79,
16:40:25.703,,,,,,,,,,,,,,,,,,1,,,,,,,,,,,,,,,27.45098039215686,,,
16:40:25.868,,,,,,,,,,,,,,,,,,,,,,,,,,,,,,,14.39338005,3.158824,,,,
16:40:26.213,,,,,,,,-0.05,,,,,,,,,,,,,,,,,,,,,95,,,,,,,
16:40:26.440,3.7757094586731133,4.199655987358796,5.718778096985067,4.199655987358796,3.7599866413865626,,,,,5.7702760373967354,,,,,,1973,2,,0.21411123934027504,0.835652,1.485439,0.835652,0.2162523517336778,0.8440085199999999,1.50029339,0.8440085199999999,22.574461807409815,,,,,,,,,
16:40:26.722,,,,,,60.287707642914285,,,7.212845046745919,,5.700068259111111,19.927419,26.004074999999997,19.927419,,,,,,,,,,,,,,,,,,,,0.010666829836943203,80,
16:40:26.979,,,,,,,,,,,,,,,,,,1,,,,,,,,,,,,,,,28.627450980392158,,,
16:40:27.145,,,,,,,,,,,,,,,,,,,,,,,,,,,,,,,14.8771497,3.376472,,,,
16:40:27.490,,,,,,,,-0.09,,,,,,,,,,,,,,,,,,,,,91,,,,,,,
16:40:27.715,3.787873648222369,4.20251112299089,5.7192536169811845,4.20251112299089,3.758238960797865,,,,,5.081964453420604,,,,,,1875,1.9,,0.21591138351755731,0.837452,1.487239,0.837452,0.2180704973527329,0.8458265199999999,1.50211139,0.8458265199999999,19.881650672662605,,,,,,,,,
16:40:28.022,,,,,,60.362769304332865,,,6.352455566775755,,5.728980330222222,19.956331,26.032987,19.956331,,,,,,,,,,,,,,,,,,,,0.010723567856398929,80,
16:40:28.323,,,,,,,,,,,,,,,,,,1,,,,,,,,,,,,,,,29.019607843137255,,,
16:40:28.468,,,,,,,,,,,,,,,,,,,,,,,,,,,,,,,14.6108298,3.298026,,,,
16:40:28.798,,,,,,,,-0.05,,,,,,,,,,,,,,,,,,,,,95,,,,,,,
16:40:29.024,3.802573582392721,4.206128872085755,5.720342425554163,4.206128872085755,3.760875422865646,,,,,5.330023743154605,,,,,,1850,1.8,,0.21784869257750547,0.8393889999999999,1.489176,0.8393889999999999,0.22002717950328052,0.84778289,1.50406776,0.84778289,20.852107705529228,,,,,,,,,
16:40:29.312,,,,,,60.43666009266607,,,6.662529678943256,,5.757658105777778,19.985008999999998,26.061664999999998,19.985008999999998,,,,,,,,,,,,,,,,,,,,0.0053636496370354355,80,
16:40:29.592,,,,,,,,,,,,,,,,,,1,,,,,,,,,,,,,,,27.84313725490196,,,
16:40:29.743,,,,,,,,,,,,,,,,,,,,,,,,,,,,,,,14.700948149999999,3.292536,,,,
16:40:30.075,,,,,,,,-0.05,,,,,,,,,,,,,,,,,,,,,95,,,,,,,
16:40:30.297,3.81610915939421,4.209450193392458,5.721223106812246,4.209450193392458,3.7676949546380865,,,,,5.2887598425202,,,,,,1847,1.8,,0.21971851834118894,0.841259,1.4910459999999999,0.841259,0.22191570352460083,0.8496715899999999,1.5059564600000002,0.8496715899999999,20.69067516003936,,,,,,,,,
16:40:30.592,,,,,,60.51307102142141,,,6.5293331389138265,,5.786439316027778,20.01379,26.090445999999996,20.01379,,,,,,,,,,,,,,,,,,,,0.010909044762034867,81,
16:40:30.869,,,,,,,,,,,,,,,,,,1,,,,,,,,,,,,,,,27.84313725490196,,,
16:40:31.027,,,,,,,,,,,,,,,,,,,,,,,,,,,,,,,14.614864949999998,3.257522,,,,
16:40:31.352,,,,,,,,-0.07,,,,,,,,,,,,,,,,,,,,,93,,,,,,,
16:40:31.580,3.830684253395402,4.213100067503456,5.722355225357206,4.213100067503456,3.7789387391472316,,,,,5.447584252012061,,,,,,1932,1.9,,0.2216602197113567,0.843201,1.492988,0.843201,0.22387682190847025,0.8516330099999999,1.5079178800000002,0.8516330099999999,21.312027681638305,,,,,,,,,
16:40:31.877,,,,,,60.58926510637909,,,6.725412656805013,,5.815353427027778,20.042704,26.119359999999997,20.042704,,,,,,,,,,,,,,,,,,,,0.005494263422727573,81,
16:40:32.132,,,,,,,,,,,,,,,,,,1,,,,,,,,,,,,,,,28.235294117647058,,,
16:40:32.276,,,,,,,,,,,,,,,,,,,,,,,,,,,,,,,14.56644315,3.255082,,,,
16:40:32.617,,,,,,,,-0.07,,,,,,,,,,,,,,,,,,,,,93,,,,,,,
16:40:32.842,3.844869922459017,4.216666573532194,5.72342124768754,4.216666573532194,3.7944191404144503,,,,,5.5024705608787725,,,,,,1945,1.9,,0.22359277480048068,0.845134,1.494921,0.845134,0.22582870254848547,0.85358534,1.50987021,0.85358534,21.526753784034653,,,,,,,,,
16:40:33.073,,,,,,,,,,,,,,,,,,,,,,,,,,,,,,,,,,,,
16:40:33.083,,,,,,,,,,,,,,,,,,,,,,,,,,,,48,,,,,,,,
16:40:33.310,,,,,,60.67359214698403,,,6.793173531949101,,5.847606542527777,20.074956999999998,26.151612999999998,20.074956999999998,,,,,,,,,,,,,,,,,,,,0.00535644445768342,81,
16:40:33.570,,,,,,,,,,,,,,,,,,1,,,,,,,,,,,,,,,28.235294117647058,,,
16:40:33.732,,,,,,,,,,,,,,,,,,,,,,,,,,,,,,,14.603656199999998,3.280214,,,,
16:40:34.079,,,,,,,,-0.09,,,,,,,,,,,,,,,,,,,,,91,,,,,,,
16:40:34.302,3.8611304867404423,4.2208060520378705,5.724740573363486,4.2208060520378705,3.80954202131839,,,,,5.409419586826152,,,,,,1947,1.9,,0.22578371895816873,0.847325,1.497112,0.847325,0.22804155614775043,0.85579825,1.51208312,0.85579825,21.162719958567823,,,,,,,,,
16:40:34.612,,,,,,60.74979456471404,,,6.678295786205125,,5.876983226527777,20.104334,26.180989999999998,20.104334,,,,,,,,,,,,,,,,,,,,0.005344362884054624,81,
16:40:34.927,,,,,,,,,,,,,,,,,,1,,,,,,,,,,,,,,,28.235294117647058,,,
16:40:35.087,,,,,,,,,,,,,,,,,,,,,,,,,,,,,,,14.59872435,3.302906,,,,
16:40:35.437,,,,,,,,-0.05,,,,,,,,,,,,,,,,,,,,,95,,,,,,,
16:40:35.670,3.8779822769011867,4.22520835557149,5.726433568784069,4.22520835557149,3.824616598522308,,,,,5.588173805956859,,,,,,1926,1.9,,0.2279083679412027,0.84945,1.499237,0.84945,0.23018745162061474,0.8579444999999999,1.51422937,0.8579444999999999,21.86204183962293,,,,,,,,,
16:40:36.003,,,,,,60.826338997907634,,,6.985217257446074,,5.907879648749999,20.13523,26.211886,20.13523,,,,,,,,,,,,,,,,,,,,-0.0052338350443556095,80,
16:40:36.323,,,,,,,,,,,,,,,,,,1,,,,,,,,,,,,,,,27.84313725490196,,,
16:40:36.488,,,,,,,,,,,,,,,,,,,,,,,,,,,,,,,14.6718054,3.273504,,,,
16:40:36.837,,,,,,,,-0.08,,,,,,,,,,,,,,,,,,,,,92,,,,,,,
16:40:37.060,3.8927602226345304,4.229010545198639,5.727584806373719,4.229010545198639,3.839247944017485,,,,,5.36238260629773,,,,,,1918,1.9,,0.22997958896766055,0.851521,1.5013079999999999,0.851521,0.23227938485733715,0.86003621,1.51632108,0.86003621,20.978701982028554,,,,,,,,,
16:40:37.391,,,,,,60.902155722371056,,,6.702978257872162,,5.938726484305555,20.166077,26.242732999999998,20.166077,,,,,,,,,,,,,,,,,,,,-0.0051371636916988355,80,
16:40:37.712,,,,,,,,,,,,,,,,,,1,,,,,,,,,,,,,,,27.84313725490196,,,
16:40:37.885,,,,,,,,,,,,,,,,,,,,,,,,,,,,,,,14.6852559,3.315228,,,,
16:40:38.234,,,,,,,,-0.09,,,,,,,,,,,,,,,,,,,,,91,,,,,,,
16:40:38.459,3.9064075099701387,4.23251383995013,5.728515395100047,4.23251383995013,3.8540646767359554,,,,,5.174907323596526,,,,,,1873,1.9,,0.2319908573794978,0.853532,1.503319,0.853532,0.23431076595329278,0.86206732,1.51835219,0.86206732,20.245261574369824,,,,,,,,,
16:40:38.778,,,,,,60.977216470108,,,6.468634154495657,,5.969507962083332,20.196858,26.273514,20.196858,,,,,,,,,,,,,,,,,,,,-0.005180270711887727,80,
16:40:39.072,,,,,,,,,,,,,,,,,,1,,,,,,,,,,,,,,,27.84313725490196,,,
16:40:39.234,,,,,,,,,,,,,,,,,,,,,,,,,,,,,,,14.6753922,3.302906,,,,
16:40:39.635,,,,,,,,-0.05,,,,,,,,,,,,,,,,,,,,,95,,,,,,,
16:40:39.865,3.9205146993087645,4.236188619041635,5.729587599131201,4.236188619041635,3.8688073163504613,,,,,5.235716191028695,,,,,,1814,1.8,,0.23403543712988412,0.855577,1.505364,0.855577,0.23637579150118296,0.8641327699999999,1.52041764,0.8641327699999999,20.483157897960382,,,,,,,,,
16:40:40.203,,,,,,61.05380979593048,,,6.5446452387858685,,6.001169350972221,20.228519,26.305175,20.228519,,,,,,,,,,,,,,,,,,,,-0.005066961240500115,80,
16:40:40.499,,,,,,,,,,,,,,,,,,1,,,,,,,,,,,,,,,27.45098039215686,,,
16:40:40.693,,,,,,,,,,,,,,,,,,,,,,,,,,,,,,,14.7740292,3.33914,,,,
16:40:41.026,,,,,,,,-0.06,,,,,,,,,,,,,,,,,,,,,94,,,,,,,
16:40:41.259,3.9321924986157475,4.23915858595481,5.730074025358129,4.23915858595481,3.8833177337531537,,,,,5.021195055708292,,,,,,1770,1.8,,0.23597753104815702,0.8575189999999999,1.507306,0.8575189999999999,0.2383373063586386,0.8660941899999999,1.52237906,0.8660941899999999,19.643908762427266,,,,,,,,,
16:40:41.573,,,,,,61.123054310260386,,,6.355943108491509,,6.03124688711111,20.258597,26.335252999999998,20.258597,,,,,,,,,,,,,,,,,,,,-0.005085834935203365,79,
16:40:41.952,,,,,,,,,,,,,,,,,,1,,,,,,,,,,,,,,,25.49019607843137,,,
16:40:42.110,,,,,,,,,,,,,,,,,,,,,,,,,,,,,,,14.72874585,3.326818,,,,
16:40:42.504,,,,,,,,-0.06,,,,,,,,,,,,,,,,,,,,,94,,,,,,,
16:40:42.739,3.9435372831559365,4.242080534994599,5.730618953992963,4.242080534994599,3.8974243624732208,,,,,4.541506058483487,,,,,,1596,1.6,,0.23784446963240846,0.859386,1.509173,0.859386,0.24022291432873255,0.8679798599999999,1.52426473,0.8679798599999999,17.76727047387644,,,,,,,,,
16:40:43.070,,,,,,61.19819689364116,,,5.74874184618163,,6.064151082749999,20.291501,26.368156999999997,20.291501,,,,,,,,,,,,,,,,,,,,-0.004987487611242185,79,
16:40:43.383,,,,,,,,,,,,,,,,,,1,,,,,,,,,,,,,,,24.705882352941178,,,
16:40:43.526,,,,,,,,,,,,,,,,,,,,,,,,,,,,,,,14.663735099999998,3.312056,,,,
16:40:43.875,,,,,,,,-0.07,,,,,,,,,,,,,,,,,,,,,93,,,,,,,
16:40:44.100,3.949548667048857,4.243392344410598,5.729770950620478,4.243392344410598,3.9105092055469504,,,,,4.388690803446023,,,,,,1552,1.6,,0.2395065982565814,0.861048,1.510835,0.861048,0.24190166423914722,0.86965848,1.5259433500000001,0.86965848,17.16942695372672,,,,,,,,,
16:40:44.422,,,,,,61.26144056233281,,,5.626526671084646,,6.0933539144166655,20.320704,26.39736,20.320704,,,,,,,,,,,,,,,,,,,,-0.010038639859641317,78,
16:40:44.735,,,,,,,,,,,,,,,,,,1,,,,,,,,,,,,,,,24.705882352941178,,,
16:40:44.900,,,,,,,,,,,,,,,,,,,,,,,,,,,,,,,14.699154749999998,3.321938,,,,
16:40:45.262,,,,,,,,-0.1,,,,,,,,,,,,,,,,,,,,,90,,,,,,,
16:40:45.495,3.9572109626508665,4.245266305734289,5.7295691690381165,4.245266305734289,3.922519265035753,,,,,4.185017012558037,,,,,,1533,1.5,,0.24112686909441197,0.862668,1.512455,0.862668,0.2435381377853561,0.87129468,1.52757955,0.87129468,16.37261477632428,,,,,,,,,
16:40:45.835,,,,,,61.32726465607943,,,5.365406426356458,,6.123983550249999,20.351334,26.427989999999998,20.351334,,,,,,,,,,,,,,,,,,,,-0.010058287554677602,78,
16:40:46.134,,,,,,,,,,,,,,,,,,1,,,,,,,,,,,,,,,24.313725490196077,,,
16:40:46.291,,,,,,,,,,,,,,,,,,,,,,,,,,,,,,,14.6753922,3.294976,,,,
16:40:46.655,,,,,,,,-0.1,,,,,,,,,,,,,,,,,,,,,90,,,,,,,
16:40:46.901,3.963633553022556,4.246763381702644,5.729001713713378,4.246763381702644,3.9332256745509246,,,,,4.1097622535858624,,,,,,1503,1.5,,0.2427322667792909,0.864273,1.51406,0.864273,0.24515958944708383,0.8729157299999999,1.5292006,0.8729157299999999,16.078203266158535,,,,,,,,,
16:40:47.245,,,,,,61.392466590315436,,,5.268925966135722,,6.154563049416666,20.381913,26.458568999999997,20.381913,,,,,,,,,,,,,,,,,,,,-0.004994229594104743,78,
16:40:47.552,,,,,,,,,,,,,,,,,,1,,,,,,,,,,,,,,,23.529411764705884,,,
16:40:47.717,,,,,,,,,,,,,,,,,,,,,,,,,,,,,,,14.810345550000001,3.34158,,,,
16:40:48.081,,,,,,,,-0.15,,,,,,,,,,,,,,,,,,,,,85,,,,,,,
16:40:48.337,3.968333161123098,4.247756331802614,5.728053546660063,4.247756331802614,3.942672291861996,,,,,3.764188231593069,,,,,,1471,1.5,,0.24423356641223049,0.865774,1.515561,0.865774,0.2466759020763528,0.8744317399999999,1.53071661,0.8744317399999999,14.726249302335896,,,,,,,,,
16:40:48.673,,,,,,61.45396307075405,,,4.8885561449260635,,6.185098436777777,20.412447999999998,26.489103999999998,20.412447999999998,,,,,,,,,,,,,,,,,,,,-0.010111665410150118,77,
16:40:48.976,,,,,,,,,,,,,,,,,,1,,,,,,,,,,,,,,,22.352941176470587,,,
16:40:49.126,,,,,,,,,,,,,,,,,,,,,,,,,,,,,,,14.60769135,3.276554,,,,
16:40:49.443,,,,,,,,-0.23,,,,,,,,,,,,,,,,,,,,,77,,,,,,,
16:40:49.680,3.9656973359383,4.246541130196634,5.725410719818988,4.246541130196634,3.9500835201080156,,,,,2.8132492853158024,,,,,,1197,1.2,,0.24528228393245774,0.866823,1.51661,0.866823,0.24773510677178232,0.87549123,1.5317761,0.87549123,11.005987951788876,,,,,,,,,
16:40:49.987,,,,,,61.5102310180863,,,3.653570500410133,,6.213250068833332,20.4406,26.517255999999996,20.4406,,,,,,,,,,,,,,,,,,,,-0.005089727981858541,77,
16:40:50.297,,,,,,,,,,,,,,,,,,1,,,,,,,,,,,,,,,17.254901960784313,,,
16:40:50.460,,,,,,,,,,,,,,,,,,,,,,,,,,,,,,,18.112891649999998,4.859382,,,,
16:40:50.797,,,,,,,,0,,,,,,,,,,,,,,,,,,,,,100,,,,,,,
16:40:51.035,3.9477291468249986,4.240692543271724,5.719332347208174,4.240692543271724,3.953485326047545,,,,,0,,,,,,0,0,,0.24528228393245774,0.866823,1.51661,0.866823,0.24773510677178232,0.87549123,1.5317761,0.87549123,0,,,,,,,,,
16:40:51.357,,,,,,61.5645423896843,,,0,,6.242133267166666,20.469483,26.546138999999997,20.469483,,,,,,,,,,,,,,,,,,,,-0.01025826528176481,76,
16:40:51.656,,,,,,,,,,,,,,,,,,1,,,,,,,,,,,,,,,16.470588235294116,,,
16:40:51.815,,,,,,,,,,,,,,,,,,,,,,,,,,,,,,,18.112891649999998,4.8876859999999995,,,,
16:40:52.156,,,,,,,,0,,,,,,,,,,,,,,,,,,,,,100,,,,,,,
16:40:52.388,3.9294624679455548,4.234708810183433,5.71310954108995,4.234708810183433,3.953144072213771,,,,,0,,,,,,0,0,,0.24528228393245774,0.866823,1.51661,0.866823,0.24773510677178232,0.87549123,1.5317761,0.87549123,0,,,,,,,,,
16:40:52.697,,,,,,61.613629135776925,,,0,,6.270017906749999,20.497368,26.574023999999998,20.497368,,,,,,,,,,,,,,,,,,,,-0.015586514580683204,75,
16:40:52.991,,,,,,,,,,,,,,,,,,1,,,,,,,,,,,,,,,16.470588235294116,,,
16:40:53.169,,,,,,,,,,,,,,,,,,,,,,,,,,,,,,,18.112891649999998,4.912818,,,,
16:40:53.541,,,,,,,,0,,,,,,,,,,,,,,,,,,,,,100,,,,,,,
16:40:53.807,3.9119869764390733,4.228947833692598,5.707114586785954,4.228947833692598,3.949200283874163,,,,,0,,,,,,0,0,,0.24528228393245774,0.866823,1.51661,0.866823,0.24773510677178232,0.87549123,1.5317761,0.87549123,0,,,,,,,,,
16:40:54.117,,,,,,61.66149170570678,,,0,,6.299229622583332,20.52658,26.603235999999995,20.52658,,,,,,,,,,,,,,,,,,,,-0.015608671968900858,74,
16:40:54.413,,,,,,,,,,,,,,,,,,1,,,,,,,,,,,,,,,16.470588235294116,,,
16:40:54.598,,,,,,,,,,,,,,,,,,,,,,,,,,,,,,,18.112891649999998,4.996998,,,,
16:40:54.941,,,,,,,,0,,,,,,,,,,,,,,,,,,,,,100,,,,,,,
16:40:55.167,3.893845733978289,4.222929489471699,5.700847821671019,4.222929489471699,3.9422374172403423,,,,,0,,,,,,0,0,,0.24528228393245774,0.866823,1.51661,0.866823,0.24773510677178232,0.87549123,1.5317761,0.87549123,0,,,,,,,,,
16:40:55.462,,,,,,61.70274089004272,,,0,,6.326459052472221,20.553809,26.630464999999997,20.553809,,,,,,,,,,,,,,,,,,,,-0.020694192630097287,73,
16:40:55.860,,,,,,,,,,,,,,,,,,1,,,,,,,,,,,,,,,16.470588235294116,,,
16:40:56.021,,,,,,,,,,,,,,,,,,,,,,,,,,,,,,,18.112891649999998,4.996998,,,,
16:40:56.373,,,,,,,,0,,,,,,,,,,,,,,,,,,,,,100,,,,,,,
16:40:56.617,3.877086406441019,4.217335093461265,5.695018844019435,4.217335093461265,3.932221847714111,,,,,0,,,,,,0,0,,0.24528228393245774,0.866823,1.51661,0.866823,0.24773510677178232,0.87549123,1.5317761,0.87549123,0,,,,,,,,,
16:40:56.939,,,,,,61.74781656828177,,,0,,6.356442707472221,20.583793,26.660449,20.583793,,,,,,,,,,,,,,,,,,,,-0.015224666746614353,73,
16:40:57.260,,,,,,,,,,,,,,,,,,1,,,,,,,,,,,,,,,16.470588235294116,,,
16:40:57.415,,,,,,,,,,,,,,,,,,,,,,,,,,,,,,,18.112891649999998,4.996998,,,,
16:40:57.761,,,,,,,,0,,,,,,,,,,,,,,,,,,,,,100,,,,,,,
16:40:57.986,3.8587979978820517,4.211191785692753,5.688613871431798,4.211191785692753,3.9191174033215486,,,,,0,,,,,,0,0,,0.24528228393245774,0.866823,1.51661,0.866823,0.24773510677178232,0.87549123,1.5317761,0.87549123,0,,,,,,,,,
16:40:58.320,,,,,,61.785895003328925,,,0,,6.384074165472221,20.611424,26.68808,20.611424,,,,,,,,,,,,,,,,,,,,-0.015111059781121717,72,
16:40:58.620,,,,,,,,,,,,,,,,,,1,,,,,,,,,,,,,,,16.470588235294116,,,
16:40:58.774,,,,,,,,,,,,,,,,,,,,,,,,,,,,,,,18.112891649999998,4.996998,,,,
16:40:59.142,,,,,,,,0,,,,,,,,,,,,,,,,,,,,,100,,,,,,,
16:40:59.372,3.84209640387714,4.205546399899395,5.6827242724092555,4.205546399899395,3.9033378086658037,,,,,0,,,,,,0,0,,0.24528228393245774,0.866823,1.51661,0.866823,0.24773510677178232,0.87549123,1.5317761,0.87549123,0,,,,,,,,,
16:40:59.711,,,,,,61.82401286187994,,,0,,6.411941345472221,20.639291,26.715946999999996,20.639291,,,,,,,,,,,,,,,,,,,,-0.010126778769188535,72,
16:40:59.995,,,,,,,,,,,,,,,,,,1,,,,,,,,,,,,,,,16.470588235294116,,,
16:41:00.167,,,,,,,,,,,,,,,,,,,,,,,,,,,,,,,18.112891649999998,4.993094,,,,
16:41:00.523,,,,,,,,0,,,,,,,,,,,,,,,,,,,,,100,,,,,,,
16:41:00.747,3.825398123856253,4.199868105934453,5.676796708722323,4.199868105934453,3.8858004071555476,,,,,0,,,,,,0,0,,0.24528228393245774,0.866823,1.51661,0.866823,0.24773510677178232,0.87549123,1.5317761,0.87549123,0,,,,,,,,,
16:41:01.069,,,,,,61.860815049765044,,,0,,6.439045473472222,20.666395,26.743050999999998,20.666395,,,,,,,,,,,,,,,,,,,,-0.005051761380826235,72,
16:41:01.344,,,,,,,,,,,,,,,,,,1,,,,,,,,,,,,,,,16.470588235294116,,,
16:41:01.504,,,,,,,,,,,,,,,,,,,,,,,,,,,,,,,18.112891649999998,4.94893,,,,
16:41:01.867,,,,,,,,0,,,,,,,,,,,,,,,,,,,,,100,,,,,,,
16:41:02.099,3.809295724699868,4.194359974248048,5.671043292704337,4.194359974248048,3.8684962293899057,,,,,0,,,,,,0,0,,0.24528228393245774,0.866823,1.51661,0.866823,0.24773510677178232,0.87549123,1.5317761,0.87549123,0,,,,,,,,,
16:41:02.415,,,,,,61.89355059447026,,,0,,6.465611995111111,20.692962,26.769617999999998,20.692962,,,,,,,,,,,,,,,,,,,,-0.010344496895676982,71,
16:41:02.701,,,,,,,,,,,,,,,,,,1,,,,,,,,,,,,,,,16.470588235294116,,,
16:41:02.855,,,,,,,,,,,,,,,,,,,,,,,,,,,,,,,18.112891649999998,4.9023259999999995,,,,
16:41:03.206,,,,,,,,0,,,,,,,,,,,,,,,,,,,,,100,,,,,,,
16:41:03.433,3.7936437280480915,4.188974976129565,5.665415173275914,4.188974976129565,3.8515188869027237,,,,,0,,,,,,0,0,,0.24528228393245774,0.866823,1.51661,0.866823,0.24773510677178232,0.87549123,1.5317761,0.87549123,0,,,,,,,,,
16:41:03.736,,,,,,61.9254148352123,,,0,,6.491655497222222,20.719006,26.795661999999997,20.719006,,,,,,,,,,,,,,,,,,,,-0.005229867795936666,71,
16:41:04.029,,,,,,,,,,,,,,,,,,1,,,,,,,,,,,,,,,16.470588235294116,,,
16:41:04.191,,,,,,,,,,,,,,,,,,,,,,,,,,,,,,,18.112891649999998,4.856942,,,,
16:41:04.532,,,,,,,,0,,,,,,,,,,,,,,,,,,,,,100,,,,,,,
16:41:04.781,3.77842422533688,4.183709392236287,5.659908682233715,4.183709392236287,3.834823543014949,,,,,0,,,,,,0,0,,0.24528228393245774,0.866823,1.51661,0.866823,0.24773510677178232,0.87549123,1.5317761,0.87549123,0,,,,,,,,,
16:41:05.084,,,,,,61.95771192594498,,,0,,6.5182400863888885,20.745590999999997,26.822246999999997,20.745590999999997,,,,,,,,,,,,,,,,,,,,-0.005272173928997558,71,
16:41:05.380,,,,,,,,,,,,,,,,,,1,,,,,,,,,,,,,,,16.470588235294116,,,
16:41:05.545,,,,,,,,,,,,,,,,,,,,,,,,,,,,,,,18.112891649999998,4.8129,,,,
16:41:05.904,,,,,,,,0,,,,,,,,,,,,,,,,,,,,,100,,,,,,,
16:41:06.145,3.763013952871202,4.178348064415229,5.654298836335376,4.178348064415229,3.818469570376563,,,,,0,,,,,,0,0,,0.24528228393245774,0.866823,1.51661,0.866823,0.24773510677178232,0.87549123,1.5317761,0.87549123,0,,,,,,,,,
16:41:06.475,,,,,,61.990782346674905,,,0,,6.545658730305555,20.77301,26.849666,20.77301,,,,,,,,,,,,,,,,,,,,-0.005239631569486752,71,
16:41:06.777,,,,,,,,,,,,,,,,,,1,,,,,,,,,,,,,,,16.470588235294116,,,
16:41:06.936,,,,,,,,,,,,,,,,,,,,,,,,,,,,,,,18.112891649999998,4.769346,,,,
16:41:07.288,,,,,,,,0,,,,,,,,,,,,,,,,,,,,,100,,,,,,,
16:41:07.522,3.7472513315861153,4.172832921179935,5.648524640865179,4.172832921179935,3.8022401860197004,,,,,0,,,,,,0,0,,0.24528228393245774,0.866823,1.51661,0.866823,0.24773510677178232,0.87549123,1.5317761,0.87549123,0,,,,,,,,,
16:41:07.813,,,,,,62.022403904163255,,,0,,6.572065044388888,20.799416,26.876071999999997,20.799416,,,,,,,,,,,,,,,,,,,,0,71,
16:41:08.091,,,,,,,,,,,,,,,,,,1,,,,,,,,,,,,,,,16.470588235294116,,,
16:41:08.253,,,,,,,,,,,,,,,,,,,,,,,,,,,,,,,18.112891649999998,4.723352,,,,
16:41:08.620,,,,,,,,0,,,,,,,,,,,,,,,,,,,,,100,,,,,,,
16:41:08.861,3.73219501444033,4.167535280798268,5.642974910917043,4.167535280798268,3.7864148130894852,,,,,0,,,,,,0,0,,0.24528228393245774,0.866823,1.51661,0.866823,0.24773510677178232,0.87549123,1.5317761,0.87549123,0,,,,,,,,,
16:41:09.169,,,,,,62.0577481717814,,,0,,6.599186936388889,20.826538,26.903194,20.826538,,,,,,,,,,,,,,,,,,,,0.00521362257710945,72,
16:41:09.457,,,,,,,,,,,,,,,,,,1,,,,,,,,,,,,,,,16.470588235294116,,,
16:41:09.635,,,,,,,,,,,,,,,,,,,,,,,,,,,,,,,18.112891649999998,4.68358,,,,
16:41:09.971,,,,,,,,0,,,,,,,,,,,,,,,,,,,,,100,,,,,,,
16:41:10.215,3.7168561263196698,4.162107979732397,5.637286041203881,4.162107979732397,3.770759778394801,,,,,0,,,,,,0,0,,0.24528228393245774,0.866823,1.51661,0.866823,0.24773510677178232,0.87549123,1.5317761,0.87549123,0,,,,,,,,,
16:41:10.537,,,,,,62.093170945870945,,,0,,6.626563240388888,20.853914,26.930569999999996,20.853914,,,,,,,,,,,,,,,,,,,,0.005194673527982772,72,
16:41:10.829,,,,,,,,,,,,,,,,,,1,,,,,,,,,,,,,,,16.470588235294116,,,
16:41:10.993,,,,,,,,,,,,,,,,,,,,,,,,,,,,,,,18.112891649999998,4.646126,,,,
16:41:11.342,,,,,,,,0,,,,,,,,,,,,,,,,,,,,,100,,,,,,,
16:41:11.595,3.7015006879805017,4.156644167612852,5.631555514792298,4.156644167612852,3.755272598910332,,,,,0,,,,,,0,0,,0.24528228393245774,0.866823,1.51661,0.866823,0.24773510677178232,0.87549123,1.5317761,0.87549123,0,,,,,,,,,
16:41:11.894,,,,,,62.127966988943214,,,0,,6.653646458388888,20.880997,26.957652999999997,20.880997,,,,,,,,,,,,,,,,,,,,0.005227514489627375,72,
16:41:12.191,,,,,,,,,,,,,,,,,,1,,,,,,,,,,,,,,,16.470588235294116,,,
16:41:12.346,,,,,,,,,,,,,,,,,,,,,,,,,,,,,,,18.112891649999998,4.610502,,,,
16:41:12.692,,,,,,,,0,,,,,,,,,,,,,,,,,,,,,100,,,,,,,
16:41:12.932,3.6864339797196006,4.151252931074124,5.625897773815844,4.151252931074124,3.739914880787799,,,,,0,,,,,,0,0,,0.24528228393245774,0.866823,1.51661,0.866823,0.24773510677178232,0.87549123,1.5317761,0.87549123,0,,,,,,,,,
16:41:13.231,,,,,,62.165552339354385,,,0,,6.680767556277777,20.908118,26.984773999999998,20.908118,,,,,,,,,,,,,,,,,,,,0.010456880464601507,73,
16:41:13.506,,,,,,,,,,,,,,,,,,1,,,,,,,,,,,,,,,16.470588235294116,,,
16:41:13.676,,,,,,,,,,,,,,,,,,,,,,,,,,,,,,,18.112891649999998,4.57561,,,,
16:41:14.034,,,,,,,,0,,,,,,,,,,,,,,,,,,,,,100,,,,,,,
16:41:14.274,3.6714686129436,4.145868126437779,5.620243475079688,4.145868126437779,3.7246429913997376,,,,,0,,,,,,0,0,,0.24528228393245774,0.866823,1.51661,0.866823,0.24773510677178232,0.87549123,1.5317761,0.87549123,0,,,,,,,,,
16:41:14.606,,,,,,62.20393532885857,,,0,,6.708659112388888,20.93601,27.012665999999996,20.93601,,,,,,,,,,,,,,,,,,,,0.0052094803790083645,73,
16:41:14.896,,,,,,,,,,,,,,,,,,1,,,,,,,,,,,,,,,16.470588235294116,,,
16:41:15.070,,,,,,,,,,,,,,,,,,,,,,,,,,,,,,,18.112891649999998,4.544988,,,,
16:41:15.436,,,,,,,,0,,,,,,,,,,,,,,,,,,,,,100,,,,,,,
16:41:15.663,3.6562043148010703,4.1403447934921696,5.614440277757109,4.1403447934921696,3.7093655025827608,,,,,0,,,,,,0,0,,0.24528228393245774,0.866823,1.51661,0.866823,0.24773510677178232,0.87549123,1.5317761,0.87549123,0,,,,,,,,,
16:41:15.972,,,,,,62.24181565891098,,,0,,6.736380533888888,20.963731,27.040386999999996,20.963731,,,,,,,,,,,,,,,,,,,,0.005211559620388491,73,
16:41:16.244,,,,,,,,,,,,,,,,,,1,,,,,,,,,,,,,,,16.470588235294116,,,
16:41:16.398,,,,,,,,,,,,,,,,,,,,,,,,,,,,,,,18.112891649999998,4.510096,,,,
16:41:16.761,,,,,,,,-0.24,,,,,,,,,,,,,,,,,,,,,76,,,,,,,
16:41:16.994,3.6578231821746328,4.140226756391789,5.61283756774635,4.140226756391789,3.69621665624569,,,,,3.036331942981126,,,,,,1623,1.6,,0.24640488880808706,0.867946,1.517733,0.867946,0.24886893769616794,0.87662546,1.53291033,0.87662546,11.878731457077633,,,,,,,,,
16:41:17.301,,,,,,62.28179180812631,,,4.103151274298819,,6.763702744,20.991053,27.067708999999997,20.991053,,,,,,,,,,,,,,,,,,,,0.010475633679034724,74,
16:41:17.591,,,,,,,,,,,,,,,,,,1,,,,,,,,,,,,,,,26.666666666666668,,,
16:41:17.764,,,,,,,,,,,,,,,,,,,,,,,,,,,,,,,13.814560199999999,3.017792,,,,
16:41:18.105,,,,,,,,-0.08,,,,,,,,,,,,,,,,,,,,,92,,,,,,,
16:41:18.344,3.6731116855253045,4.144522906973747,5.614682794173678,4.144522906973747,3.6869492004880886,,,,,5.421961917148748,,,,,,1826,1.8,,0.24843835586405963,0.869979,1.519766,0.869979,0.2509227394227002,0.8786787899999999,1.53496366,0.8786787899999999,21.211788036941954,,,,,,,,,
16:41:18.666,,,,,,62.32254619186528,,,7.326975563714524,,6.791749414111111,21.0191,27.095755999999998,21.0191,,,,,,,,,,,,,,,,,,,,0.0052115836880738025,74,
16:41:18.946,,,,,,,,,,,,,,,,,,1,,,,,,,,,,,,,,,27.45098039215686,,,
16:41:19.095,,,,,,,,,,,,,,,,,,,,,,,,,,,,,,,14.876252999999998,3.374032,,,,
16:41:19.434,,,,,,,,-0.13,,,,,,,,,,,,,,,,,,,,,87,,,,,,,
16:41:19.683,3.6842784835356355,4.14750393689549,5.615473508102155,4.14750393689549,3.680959634125002,,,,,4.8082998090617375,,,,,,1844,1.8,,0.2502269623197533,0.871768,1.521555,0.871768,0.2527292319429508,0.8804856799999999,1.53677055,0.8804856799999999,18.81102042515286,,,,,,,,,
16:41:19.998,,,,,,62.36542715479053,,,6.411066412082317,,6.819489109944445,21.04684,27.123495999999996,21.04684,,,,,,,,,,,,,,,,,,,,0.010507902321613345,75,
16:41:20.276,,,,,,,,,,,,,,,,,,1,,,,,,,,,,,,,,,27.84313725490196,,,
16:41:20.450,,,,,,,,,,,,,,,,,,,,,,,,,,,,,,,14.2117983,3.139182,,,,
16:41:20.812,,,,,,,,-0.1,,,,,,,,,,,,,,,,,,,,,90,,,,,,,
16:41:21.052,3.6988219868424417,4.15160660697758,5.617155694088993,4.15160660697758,3.6787053666903486,,,,,5.2941918108846835,,,,,,1875,1.9,,0.25224076258895106,0.8737820000000001,1.523569,0.8737820000000001,0.2547631702148406,0.88251982,1.53880469,0.88251982,20.711926095278574,,,,,,,,,
16:41:21.359,,,,,,62.40901950649162,,,7.058922414512911,,6.847882676611111,21.075234000000002,27.151889999999998,21.075234000000002,,,,,,,,,,,,,,,,,,,,0.010515412541473923,75,
16:41:21.672,,,,,,,,,,,,,,,,,,1,,,,,,,,,,,,,,,28.627450980392158,,,
16:41:21.837,,,,,,,,,,,,,,,,,,,,,,,,,,,,,,,14.828727899999999,3.34829,,,,
16:41:22.193,,,,,,,,-0.08,,,,,,,,,,,,,,,,,,,,,92,,,,,,,
16:41:22.423,3.7116914098912765,4.15518043595625,5.61839709869184,4.15518043595625,3.6799792069291954,,,,,5.07050624262534,,,,,,1833,1.8,,0.25417227306720747,0.875714,1.525501,0.875714,0.25671399579787957,0.8844711399999999,1.54075601,0.8844711399999999,19.836823884428807,,,,,,,,,
16:41:22.757,,,,,,62.45347626254475,,,6.76067499016712,,6.877042478694444,21.104394,27.18105,21.104394,,,,,,,,,,,,,,,,,,,,0.005192193118815307,75,
16:41:23.063,,,,,,,,,,,,,,,,,,1,,,,,,,,,,,,,,,28.627450980392158,,,
16:41:23.215,,,,,,,,,,,,,,,,,,,,,,,,,,,,,,,14.6117265,3.285826,,,,
16:41:23.553,,,,,,,,-0.05,,,,,,,,,,,,,,,,,,,,,95,,,,,,,
16:41:23.796,3.7251099715221656,4.158939602814465,5.6197461098817,4.158939602814465,3.6848137059045163,,,,,5.255630210823086,,,,,,1813,1.8,,0.25617739511966187,0.8777189999999999,1.527506,0.8777189999999999,0.2587391690708585,0.8864961899999999,1.54278106,0.8864961899999999,20.561065484420194,,,,,,,,,
16:41:24.337,,,,,,62.507226085395416,,,6.915302908977745,,6.910380089805556,21.137732,27.214388,21.137732,,,,,,,,,,,,,,,,,,,,0.00998808284997911,76,
16:41:24.609,,,,,,,,,,,,,,,,,,1,,,,,,,,,,,,,,,27.45098039215686,,,
16:41:24.774,,,,,,,,,,,,,,,,,,,,,,,,,,,,,,,14.6422143,3.292536,,,,
16:41:25.111,,,,,,,,-0.09,,,,,,,,,,,,,,,,,,,,,91,,,,,,,
16:41:25.342,3.7381114825645523,4.162504283808689,5.620725331027103,4.162504283808689,3.693144064607135,,,,,4.9878348374709915,,,,,,1800,1.8,,0.25831771162587613,0.879859,1.529646,0.879859,0.2609008887421349,0.88865759,1.5449424600000001,0.88865759,19.513396986629353,,,,,,,,,
16:41:25.643,,,,,,62.5512591885933,,,6.562940575619726,,6.93788960713889,21.165242,27.241898,21.165242,,,,,,,,,,,,,,,,,,,,0.0050175923575264255,76,
16:41:25.945,,,,,,,,,,,,,,,,,,1,,,,,,,,,,,,,,,27.45098039215686,,,
16:41:26.105,,,,,,,,,,,,,,,,,,,,,,,,,,,,,,,14.571374999999998,3.272284,,,,
16:41:26.443,,,,,,,,-0.08,,,,,,,,,,,,,,,,,,,,,92,,,,,,,
16:41:26.674,3.750157602048186,4.165900867091433,5.6218916905129,4.165900867091433,3.7048882255130247,,,,,5.036195242524794,,,,,,1789,1.8,,0.2601817945238301,0.881723,1.53151,0.881723,0.2627836124690684,0.8905402299999999,1.5468251,0.8905402299999999,19.702592461820252,,,,,,,,,
16:41:27.002,,,,,,62.60022987624502,,,6.540513301980252,,6.9669340263888895,21.194285999999998,27.270941999999998,21.194285999999998,,,,,,,,,,,,,,,,,,,,0.010039215177470568,77,
16:41:27.311,,,,,,,,,,,,,,,,,,1,,,,,,,,,,,,,,,29.80392156862745,,,
16:41:27.469,,,,,,,,,,,,,,,,,,,,,,,,,,,,,,,14.6135199,3.285826,,,,
16:41:27.803,,,,,,,,-0.1,,,,,,,,,,,,,,,,,,,,,90,,,,,,,
16:41:28.039,3.772605048970096,4.172709568984773,5.625632587242495,4.172709568984773,3.7192359588624573,,,,,6.9994261416229,,,,,,2549,2.5,,0.26283490483796285,0.884376,1.534163,0.884376,0.26546325388634245,0.89321976,1.5495046300000002,0.89321976,27.383140266394864,,,,,,,,,
16:41:28.370,,,,,,62.6560528229244,,,8.860033090661899,,6.9969635656388895,21.224316,27.300971999999998,21.224316,,,,,,,,,,,,,,,,,,,,0.020185429968208192,79,
16:41:28.665,,,,,,,,,,,,,,,,,,1,,,,,,,,,,,,,,,30.19607843137255,,,
16:41:28.819,,,,,,,,,,,,,,,,,,,,,,,,,,,,,,,14.619348449999999,3.290096,,,,
16:41:29.158,,,,,,,,-0.13,,,,,,,,,,,,,,,,,,,,,87,,,,,,,
16:41:29.395,3.79876368334501,4.180766060965168,5.630297705151304,4.180766060965168,3.734942458589921,,,,,7.851291930444549,,,,,,2959,3,,0.26579811086837224,0.887339,1.537126,0.887339,0.26845609197705594,0.89621239,1.55249726,0.89621239,30.71580781820044,,,,,,,,,
16:41:29.701,,,,,,62.71340099827701,,,9.814114913055686,,7.026601410083334,21.253954,27.330609999999997,21.253954,,,,,,,,,,,,,,,,,,,,0.021124488704981115,80,
16:41:30.000,,,,,,,,,,,,,,,,,,1,,,,,,,,,,,,,,,29.41176470588235,,,
16:41:30.156,,,,,,,,,,,,,,,,,,,,,,,,,,,,,,,14.637282449999999,3.278994,,,,
16:41:30.522,,,,,,,,-0.1,,,,,,,,,,,,,,,,,,,,,90,,,,,,,
16:41:30.748,3.825351428818084,4.189022898986231,5.635146818896469,4.189022898986231,3.752576576750226,,,,,7.977741698080928,,,,,,2910,2.9,,0.26879219743797444,0.890333,1.54012,0.890333,0.27148011941235417,0.8992363299999999,1.5555212,0.8992363299999999,31.21050433385468,,,,,,,,,
16:41:31.106,,,,,,62.78031857901116,,,9.728953290342595,,7.058589835583334,21.285942,27.362598,21.285942,,,,,,,,,,,,,,,,,,,,0.031111190425372276,82,
16:41:31.380,,,,,,,,,,,,,,,,,,1,,,,,,,,,,,,,,,29.80392156862745,,,
16:41:31.541,,,,,,,,,,,,,,,,,,,,,,,,,,,,,,,14.643111,3.307176,,,,
16:41:31.902,,,,,,,,-0.1,,,,,,,,,,,,,,,,,,,,,90,,,,,,,
16:41:32.139,3.8506141436367303,4.196854430966692,5.639548554563422,4.196854430966692,3.7715505963495124,,,,,7.782738180703663,,,,,,2840,2.8,,0.2717990585502765,0.89334,1.543127,0.89334,0.27451704913577923,0.9022733999999999,1.55855827,0.9022733999999999,30.447611982290564,,,,,,,,,
16:41:32.493,,,,,,62.84931416642037,,,9.376792988799595,,7.090542274111112,21.317894,27.39455,21.317894,,,,,,,,,,,,,,,,,,,,0.03095410606527423,83,
16:41:32.777,,,,,,,,,,,,,,,,,,1,,,,,,,,,,,,,,,29.80392156862745,,,
16:41:32.952,,,,,,,,,,,,,,,,,,,,,,,,,,,,,,,14.65790655,3.310836,,,,
16:41:33.308,,,,,,,,-0.14,,,,,,,,,,,,,,,,,,,,,86,,,,,,,
16:41:33.551,3.8706090077654243,4.20298552943363,5.642636947860066,4.20298552943363,3.7914152960837813,,,,,6.754413840804697,,,,,,2582,2.6,,0.27444716796116003,0.895988,1.545775,0.895988,0.27719163964077165,0.9049478799999999,1.56123275,0.9049478799999999,26.424603657172018,,,,,,,,,
16:41:33.875,,,,,,62.921085287837506,,,8.04096885810083,,7.122809355111111,21.350161,27.426817,21.350161,,,,,,,,,,,,,,,,,,,,0.02572620246536205,84,
16:41:34.170,,,,,,,,,,,,,,,,,,1,,,,,,,,,,,,,,,28.627450980392158,,,
16:41:34.326,,,,,,,,,,,,,,,,,,,,,,,,,,,,,,,14.7229173,3.326818,,,,
16:41:34.683,,,,,,,,-0.07,,,,,,,,,,,,,,,,,,,,,93,,,,,,,
16:41:34.914,3.8890914861677333,4.208647419567469,5.645350679956774,4.208647419567469,3.8119129854144767,,,,,6.779069584566659,,,,,,2407,2.4,,0.27701257220558506,0.8985529999999999,1.54834,0.8985529999999999,0.27978269792764093,0.90753853,1.5638234,0.90753853,26.521061806189582,,,,,,,,,
16:41:35.227,,,,,,62.99403581360989,,,7.975375981843128,,7.154707253166667,21.382058999999998,27.458714999999998,21.382058999999998,,,,,,,,,,,,,,,,,,,,0.025629499227089937,85,
16:41:35.594,,,,,,,,,,,,,,,,,,1,,,,,,,,,,,,,,,29.019607843137255,,,
16:41:35.753,,,,,,,,,,,,,,,,,,,,,,,,,,,,,,,14.765958899999998,3.308396,,,,
16:41:36.091,,,,,,,,-0.09,,,,,,,,,,,,,,,,,,,,,91,,,,,,,
16:41:36.325,3.9078754635899715,4.214453809149063,5.648203129680322,4.214453809149063,3.833133483042654,,,,,6.591965270321523,,,,,,2399,2.4,,0.27959704923819223,0.901137,1.550924,0.901137,0.2823930197305742,0.9101483699999999,1.56643324,0.9101483699999999,25.78907270054638,,,,,,,,,
16:41:36.671,,,,,,63.074996460356466,,,7.665075895722701,,7.189202197166668,21.416553999999998,27.493209999999998,21.416553999999998,,,,,,,,,,,,,,,,,,,,0.020358400883995514,86,
16:41:36.975,,,,,,,,,,,,,,,,,,1,,,,,,,,,,,,,,,24.705882352941178,,,
16:41:37.128,,,,,,,,,,,,,,,,,,,,,,,,,,,,,,,14.8188642,3.3630519999999997,,,,
16:41:37.469,,,,,,,,-0.08,,,,,,,,,,,,,,,,,,,,,92,,,,,,,
16:41:37.695,3.915409379831901,4.2164906641843505,5.647990903935917,4.2164906641843505,3.8537899552656185,,,,,4.963158266558341,,,,,,1793,1.8,,0.28148669716294483,0.903027,1.552814,0.903027,0.2843015641345743,0.9120572699999999,1.56834214,0.9120572699999999,19.416857357676562,,,,,,,,,
16:41:38.020,,,,,,63.150099865389464,,,5.771114263439931,,7.221420097666668,21.448771999999998,27.525427999999998,21.448771999999998,,,,,,,,,,,,,,,,,,,,0.015373556481547387,86,
16:41:38.322,,,,,,,,,,,,,,,,,,1,,,,,,,,,,,,,,,26.274509803921568,,,
16:41:38.471,,,,,,,,,,,,,,,,,,,,,,,,,,,,,,,14.71798545,3.321938,,,,
16:41:38.802,,,,,,,,-0.09,,,,,,,,,,,,,,,,,,,,,91,,,,,,,
16:41:39.038,3.9229595816123486,4.218581837692153,5.647944874826288,4.218581837692153,3.8725842718459003,,,,,4.843616055966435,,,,,,1757,1.8,,0.28329339164989437,0.9048339999999999,1.554621,0.9048339999999999,0.28612632556639334,0.91388234,1.5701672100000001,0.91388234,18.949184572199595,,,,,,,,,
16:41:39.372,,,,,,63.22168237815738,,,5.698371830548747,,7.253368570722223,21.480719999999998,27.557375999999998,21.480719999999998,,,,,,,,,,,,,,,,,,,,,85,
16:41:39.661,,,,,,,,,,,,,,,,,,1,,,,,,,,,,,,,,,27.84313725490196,,,
16:41:39.806,,,,,,,,,,,,,,,,,,,,,,,,,,,,,,,14.764165499999999,3.33914,,,,
16:41:40.177,,,,,,,,-0.05,,,,,,,,,,,,,,,,,,,,,95,,,,,,,
16:41:40.421,3.934594898307522,4.222069837510102,5.649006639819409,4.222069837510102,3.889563173716214,,,,,5.456700766447503,,,,,,1902,1.9,,0.2853906697390778,0.9069309999999999,1.556718,0.9069309999999999,0.28824457643646856,0.9160003099999999,1.5722851800000002,0.9160003099999999,21.34769329028611,,,,,,,,,
16:41:40.738,,,,,,63.296705762041995,,,6.345000891218027,,7.285973249055557,21.513325000000002,27.589980999999998,21.513325000000002,,,,,,,,,,,,,,,,,,,,,86,
16:41:41.040,,,,,,,,,,,,,,,,,,1,,,,,,,,,,,,,,,27.84313725490196,,,
16:41:41.191,,,,,,,,,,,,,,,,,,,,,,,,,,,,,,,14.7668556,3.3618319999999997,,,,
16:41:41.532,,,,,,,,-0.07,,,,,,,,,,,,,,,,,,,,,93,,,,,,,
16:41:41.763,3.9469849030727255,4.225832129621989,5.650253981689948,4.225832129621989,3.9047673579980446,,,,,5.865949043810388,,,,,,2089,2.1,,0.28757626418214016,0.909117,1.558904,0.909117,0.29045202682396154,0.91820817,1.5744930400000001,0.91820817,22.94875354237843,,,,,,,,,
16:41:42.073,,,,,,63.36973218352658,,,6.82087098117487,,7.317917686277779,21.545268999999998,27.621924999999997,21.545268999999998,,,,,,,,,,,,,,,,,,,,,86,
16:41:42.381,,,,,,,,,,,,,,,,,,1,,,,,,,,,,,,,,,29.019607843137255,,,
16:41:42.545,,,,,,,,,,,,,,,,,,,,,,,,,,,,,,,14.571374999999998,3.280214,,,,
16:41:42.891,,,,,,,,-0.07,,,,,,,,,,,,,,,,,,,,,93,,,,,,,
16:41:43.145,3.963511203400232,4.23103095162098,5.652661789502362,4.23103095162098,3.9188794904684823,,,,,6.431255717755009,,,,,,2260,2.3,,0.29004648735122684,0.9115869999999999,1.561374,0.9115869999999999,0.2929469522247391,0.92070287,1.57698774,0.92070287,25.160345126165833,,,,,,,,,
16:41:43.458,,,,,,63.448033345163644,,,7.392247951442539,,7.351319183027779,21.57867,27.655326,21.57867,,,,,,,,,,,,,,,,,,,,,87,
16:41:43.751,,,,,,,,,,,,,,,,,,1,,,,,,,,,,,,,,,30.58823529411765,,,
16:41:43.914,,,,,,,,,,,,,,,,,,,,,,,,,,,,,,,14.543128949999998,3.277774,,,,
16:41:44.257,,,,,,,,-0.11,,,,,,,,,,,,,,,,,,,,,89,,,,,,,
16:41:44.505,3.986469335159389,4.238440089217732,5.65672594132501,4.238440089217732,3.9333620313927278,,,,,7.981103590294462,,,,,,2925,2.9,,0.29305808496109215,0.9145989999999999,1.564386,0.9145989999999999,0.29598866581070304,0.9237449899999999,1.58002986,0.9237449899999999,31.223656721519188,,,,,,,,,
16:41:44.814,,,,,,63.5277857742537,,,9.06943589806189,,7.3845468952500015,21.611898,27.688553999999996,21.611898,,,,,,,,,,,,,,,,,,,,0.015614202728882661,88,
16:41:45.115,,,,,,,,,,,,,,,,,,1,,,,,,,,,,,,,,,29.41176470588235,,,
16:41:45.266,,,,,,,,,,,,,,,,,,,,,,,,,,,,,,,14.70722505,3.291316,,,,
16:41:45.622,,,,,,,,-0.1,,,,,,,,,,,,,,,,,,,,,90,,,,,,,
16:41:45.879,4.007720506272103,4.245314317141419,5.660389488017324,4.245314317141419,3.948190658905774,,,,,7.582374726336553,,,,,,2779,2.8,,0.29595200021621426,0.917493,1.56728,0.917493,0.2989115202183764,0.92666793,1.5829528000000002,0.92666793,29.663750496479977,,,,,,,,,
16:41:46.208,,,,,,63.612336596551415,,,8.519522164423094,,7.419001339166668,21.646352,27.723007999999997,21.646352,,,,,,,,,,,,,,,,,,,,0.0155336966234739,89,
16:41:46.511,,,,,,,,,,,,,,,,,,1,,,,,,,,,,,,,,,29.80392156862745,,,
16:41:46.671,,,,,,,,,,,,,,,,,,,,,,,,,,,,,,,14.59872435,3.294976,,,,
16:41:47.013,,,,,,,,-0.12,,,,,,,,,,,,,,,,,,,,,88,,,,,,,
16:41:47.234,4.0268052839450466,4.251478493928215,5.6634438802600355,4.251478493928215,3.9630568864501585,,,,,7.428664213644307,,,,,,2764,2.8,,0.29874873794151713,0.92029,1.570077,0.92029,0.3017362253209323,0.9294929,1.58577777,0.9294929,29.062404551211483,,,,,,,,,
16:41:47.705,,,,,,63.70597348324548,,,8.254071348493675,,7.456381096666668,21.683732,27.760388,21.683732,,,,,,,,,,,,,,,,,,,,0.020117389125783376,90,
16:41:48.013,,,,,,,,,,,,,,,,,,1,,,,,,,,,,,,,,,29.80392156862745,,,
16:41:48.184,,,,,,,,,,,,,,,,,,,,,,,,,,,,,,,14.709915149999999,3.310836,,,,
16:41:48.543,,,,,,,,-0.12,,,,,,,,,,,,,,,,,,,,,88,,,,,,,
16:41:48.780,4.049585380905481,4.258925539201463,5.667359548432825,4.258925539201463,3.979828886584356,,,,,7.457866366168636,,,,,,2796,2.8,,0.3019525188352131,0.923494,1.573281,0.923494,0.30497204402356526,0.93272894,1.58901381,0.93272894,29.176649151050768,,,,,,,,,
16:41:49.133,,,,,,63.79806939132884,,,8.19545754524026,,7.492441446750001,21.719791999999998,27.796447999999998,21.719791999999998,,,,,,,,,,,,,,,,,,,,0.019963104161185997,91,
16:41:49.426,,,,,,,,,,,,,,,,,,1,,,,,,,,,,,,,,,29.80392156862745,,,
16:41:49.605,,,,,,,,,,,,,,,,,,,,,,,,,,,,,,,14.756991899999997,3.315228,,,,
16:41:49.950,,,,,,,,-0.12,,,,,,,,,,,,,,,,,,,,,88,,,,,,,
16:41:50.177,4.068939510969533,4.265252632253569,5.67047631409596,4.265252632253569,3.9980763777540043,,,,,7.495227764808109,,,,,,2819,2.8,,0.30486291036306806,0.926404,1.5761910000000001,0.926404,0.30791153946669875,0.9356680399999999,1.59195291,0.9356680399999999,29.322814336423548,,,,,,,,,
16:41:50.503,,,,,,63.88900623258594,,,8.14698670087838,,7.527393067083334,21.754744,27.8314,21.754744,,,,,,,,,,,,,,,,,,,,0.019916705450653657,92,
16:41:50.777,,,,,,,,,,,,,,,,,,1,,,,,,,,,,,,,,,29.80392156862745,,,
16:41:50.923,,,,,,,,,,,,,,,,,,,,,,,,,,,,,,,14.62562535,3.298026,,,,
16:41:51.272,,,,,,,,-0.12,,,,,,,,,,,,,,,,,,,,,88,,,,,,,
16:41:51.516,4.087332140341469,4.271302847783454,5.673440789899179,4.271302847783454,4.017168533008247,,,,,7.557184069056649,,,,,,2817,2.8,,0.30766955616073266,0.929211,1.578998,0.929211,0.31074625172234,0.93850311,1.59478798,0.93850311,29.565199659919777,,,,,,,,,
16:41:51.817,,,,,,63.97911326202556,,,8.12600437532973,,7.5614142495833345,21.788764999999998,27.865420999999998,21.788764999999998,,,,,,,,,,,,,,,,,,,,0.020202005330426008,93,
16:41:52.120,,,,,,,,,,,,,,,,,,1,,,,,,,,,,,,,,,29.41176470588235,,,
16:41:52.269,,,,,,,,,,,,,,,,,,,,,,,,,,,,,,,14.690187749999998,3.266672,,,,
16:41:52.647,,,,,,,,-0.1,,,,,,,,,,,,,,,,,,,,,90,,,,,,,
16:41:52.902,4.1070642392514545,4.277865220906279,5.676860220414399,4.277865220906279,4.037178450030589,,,,,7.484635436409961,,,,,,2740,2.7,,0.3105521406263009,0.932094,1.581881,0.932094,0.3136576620325639,0.9414149399999999,1.59769981,0.9414149399999999,29.281375051487124,,,,,,,,,
16:41:53.225,,,,,,64.0750438467545,,,8.047995092913936,,7.597867154750001,21.825218,27.901874,21.825218,,,,,,,,,,,,,,,,,,,,0.01539289731320892,93,
16:41:53.518,,,,,,,,,,,,,,,,,,1,,,,,,,,,,,,,,,29.41176470588235,,,
16:41:53.669,,,,,,,,,,,,,,,,,,,,,,,,,,,,,,,14.684359199999998,3.291316,,,,
16:41:54.021,,,,,,,,-0.09,,,,,,,,,,,,,,,,,,,,,91,,,,,,,
16:41:54.252,4.124118455766477,4.283517351350168,5.679453645299954,4.283517351350168,4.057254356576369,,,,,7.446463893284448,,,,,,2695,2.7,,0.31334504157366416,0.934887,1.584674,0.934887,0.3164784919894008,0.94423587,1.60052074,0.94423587,29.132040420555754,,,,,,,,,
16:41:54.564,,,,,,64.16860098650669,,,7.921770099238774,,7.632824138472223,21.860174999999998,27.936830999999998,21.860174999999998,,,,,,,,,,,,,,,,,,,,0.015646491054021657,94,
16:41:54.863,,,,,,,,,,,,,,,,,,1,,,,,,,,,,,,,,,29.41176470588235,,,
16:41:55.016,,,,,,,,,,,,,,,,,,,,,,,,,,,,,,,14.759233649999999,3.288266,,,,
16:41:55.364,,,,,,,,-0.1,,,,,,,,,,,,,,,,,,,,,90,,,,,,,
16:41:55.603,4.141235776798814,4.289238306646676,5.682183494613259,4.289238306646676,4.076600161781297,,,,,7.32183572062645,,,,,,2693,2.7,,0.3160932440025475,0.937635,1.587422,0.937635,0.319254176442573,0.9470113499999999,1.60329622,0.9470113499999999,28.644470344954215,,,,,,,,,
16:41:55.943,,,,,,64.26433611603767,,,7.789186936836649,,7.668822623916668,21.896172999999997,27.972828999999997,21.896172999999997,,,,,,,,,,,,,,,,,,,,0.010413870930715224,94,
16:41:56.231,,,,,,,,,,,,,,,,,,1,,,,,,,,,,,,,,,29.41176470588235,,,
16:41:56.392,,,,,,,,,,,,,,,,,,,,,,,,,,,,,,,14.729642550000001,3.321938,,,,
16:41:56.745,,,,,,,,-0.12,,,,,,,,,,,,,,,,,,,,,88,,,,,,,
16:41:56.975,4.157544976015518,4.294709399674546,5.684673509425879,4.294709399674546,4.095328220499224,,,,,7.189493154325771,,,,,,2699,2.7,,0.3188347497201889,0.940377,1.590164,0.940377,0.32202309721739075,0.9497807699999999,1.6060656400000002,0.9497807699999999,28.126720034728656,,,,,,,,,
16:41:57.315,,,,,,64.35897918519878,,,7.6483969726869905,,7.704639044416668,21.931989,28.008644999999998,21.931989,,,,,,,,,,,,,,,,,,,,0.0051518053968051146,94,
16:41:57.627,,,,,,,,,,,,,,,,,,1,,,,,,,,,,,,,,,29.41176470588235,,,
16:41:57.798,,,,,,,,,,,,,,,,,,,,,,,,,,,,,,,14.69736135,3.275334,,,,
16:41:58.163,,,,,,,,-0.12,,,,,,,,,,,,,,,,,,,,,88,,,,,,,
16:41:58.407,4.174695302464004,4.300508266714888,5.68743686101202,4.300508266714888,4.113814472814094,,,,,7.0664642661889046,,,,,,2647,2.6,,0.3216452042590701,0.943187,1.592974,0.943187,0.3248616563016608,0.95261887,1.6089037400000001,0.95261887,27.645406676675375,,,,,,,,,
16:41:58.751,,,,,,64.4574111942213,,,7.5175151767967066,,7.742132787861112,21.969483,28.046138999999997,21.969483,,,,,,,,,,,,,,,,,,,,0.0051263060761457474,94,
16:41:59.059,,,,,,,,,,,,,,,,,,1,,,,,,,,,,,,,,,29.41176470588235,,,
16:41:59.220,,,,,,,,,,,,,,,,,,,,,,,,,,,,,,,14.734574399999998,3.304126,,,,
16:41:59.555,,,,,,,,-0.09,,,,,,,,,,,,,,,,,,,,,91,,,,,,,
16:41:59.807,4.189876495126251,4.305645244360097,5.689606687038099,4.305645244360097,4.13135086209169,,,,,7.049343724856764,,,,,,2560,2.6,,0.3243858019000555,0.945928,1.595715,0.945928,0.32762965991905607,0.95538728,1.61167215,0.95538728,27.57842773079483,,,,,,,,,
16:42:00.117,,,,,,64.5503918974873,,,7.499301834954005,,7.777780274694446,22.00513,28.081785999999997,22.00513,,,,,,,,,,,,,,,,,,,,0,94,
16:42:00.404,,,,,,,,,,,,,,,,,,1,,,,,,,,,,,,,,,29.41176470588235,,,
16:42:00.565,,,,,,,,,,,,,,,,,,,,,,,,,,,,,,,14.589308999999998,3.298026,,,,
16:42:00.904,,,,,,,,-0.12,,,,,,,,,,,,,,,,,,,,,88,,,,,,,
16:42:01.145,4.201360834942349,4.309517826070557,5.690884475795094,4.309517826070557,4.1479035275882925,,,,,6.422249853454411,,,,,,2388,2.4,,0.3267726142888839,0.948315,1.598102,0.948315,0.3300403404317727,0.9577981499999999,1.61408302,0.9577981499999999,25.12511240274342,,,,,,,,,
16:42:01.453,,,,,,64.64080541050821,,,6.832180695164267,,7.812660063527779,22.04001,28.116666,22.04001,,,,,,,,,,,,,,,,,,,,0,94,
16:42:01.753,,,,,,,,,,,,,,,,,,1,,,,,,,,,,,,,,,23.529411764705884,,,
16:42:01.909,,,,,,,,,,,,,,,,,,,,,,,,,,,,,,,14.849351999999998,3.384402,,,,
16:42:02.271,,,,,,,,-0.14,,,,,,,,,,,,,,,,,,,,,86,,,,,,,
16:42:02.508,4.202564312945742,4.309771184314345,5.689369429504907,4.309771184314345,4.162307549163826,,,,,4.1186658805830305,,,,,,1595,1.6,,0.3283320637215826,0.949874,1.599661,0.949874,0.3316153843587984,0.95937274,1.61565761,0.95937274,16.113036017016967,,,,,,,,,
16:42:02.815,,,,,,64.72941134532999,,,4.428672989874226,,7.847889287611112,22.075239,28.151894999999996,22.075239,,,,,,,,,,,,,,,,,,,,-0.005149809786504374,93,
16:42:03.122,,,,,,,,,,,,,,,,,,1,,,,,,,,,,,,,,,23.92156862745098,,,
16:42:03.265,,,,,,,,,,,,,,,,,,,,,,,,,,,,,,,14.74936995,3.33243,,,,
16:42:03.623,,,,,,,,-0.43,,,,,,,,,,,,,,,,,,,,,57,,,,,,,
16:42:03.862,4.183698975467153,4.3028933910976,5.682249809471086,4.3028933910976,4.1718868911907885,,,,,0,,,,,,0,0,,0.3283320637215826,0.949874,1.599661,0.949874,0.3316153843587984,0.95937274,1.61565761,0.95937274,0,,,,,,,,,
16:42:04.184,,,,,,64.81144264457177,,,0,,7.882448243861112,22.109797999999998,28.186453999999998,22.109797999999998,,,,,,,,,,,,,,,,,,,,-0.01564083145752065,91,
16:42:04.485,,,,,,,,,,,,,,,,,,0,,,,,,,,,,,,,,,16.470588235294116,,,
16:42:04.651,,,,,,,,,,,,,,,,,,,,,,,,,,,,,,,18.112891649999998,4.996998,,,,
16:42:04.994,,,,,,,,0,,,,,,,,,,,,,,,,,,,,,100,,,,,,,
16:42:05.220,4.165356416736249,4.29616769904456,5.67528288588554,4.29616769904456,4.17704163631201,,,,,0,,,,,,0,0,,0.3283320637215826,0.949874,1.599661,0.949874,0.3316153843587984,0.95937274,1.61565761,0.95937274,0,,,,,,,,,
16:42:05.532,,,,,,64.88257953886186,,,0,,7.915382483416668,22.142732,28.219388,22.142732,,,,,,,,,,,,,,,,,,,,-0.031389332211484315,88,
16:42:05.831,,,,,,,,,,,,,,,,,,1,,,,,,,,,,,,,,,16.470588235294116,,,
16:42:05.987,,,,,,,,,,,,,,,,,,,,,,,,,,,,,,,18.112891649999998,4.996998,,,,
16:42:06.339,,,,,,,,0,,,,,,,,,,,,,,,,,,,,,100,,,,,,,
16:42:06.567,4.148025245898899,4.2897777925506215,5.668659433719824,4.2897777925506215,4.177890319949521,,,,,0,,,,,,0,0,,0.3283320637215826,0.949874,1.599661,0.949874,0.3316153843587984,0.95937274,1.61565761,0.95937274,0,,,,,,,,,
16:42:06.885,,,,,,64.95057456996943,,,0,,7.948112253166668,22.175462,28.252117999999996,22.175462,,,,,,,,,,,,,,,,,,,,-0.03650534818524329,87,
16:42:07.197,,,,,,,,,,,,,,,,,,1,,,,,,,,,,,,,,,16.470588235294116,,,
16:42:07.363,,,,,,,,,,,,,,,,,,,,,,,,,,,,,,,18.112891649999998,4.996998,,,,
16:42:07.704,,,,,,,,0,,,,,,,,,,,,,,,,,,,,,100,,,,,,,
16:42:07.936,4.130943968371475,4.2834462704768,5.662092307557261,4.2834462704768,4.174565193994015,,,,,0,,,,,,0,0,,0.3283320637215826,0.949874,1.599661,0.949874,0.3316153843587984,0.95937274,1.61565761,0.95937274,0,,,,,,,,,
16:42:08.254,,,,,,65.01580249269708,,,0,,7.98082527238889,22.208175,28.284830999999997,22.208175,,,,,,,,,,,,,,,,,,,,-0.03645582877255586,86,
16:42:08.533,,,,,,,,,,,,,,,,,,1,,,,,,,,,,,,,,,16.470588235294116,,,
16:42:08.695,,,,,,,,,,,,,,,,,,,,,,,,,,,,,,,18.112891649999998,4.996998,,,,
16:42:09.056,,,,,,,,0,,,,,,,,,,,,,,,,,,,,,100,,,,,,,
16:42:09.286,4.114011427583896,4.277136685027022,5.655543778925178,4.277136685027022,4.166979709634002,,,,,0,,,,,,0,0,,0.3283320637215826,0.949874,1.599661,0.949874,0.3316153843587984,0.95937274,1.61565761,0.95937274,0,,,,,,,,,
16:42:09.569,,,,,,65.07802274787807,,,0,,8.012219976111112,22.23957,28.316225999999997,22.23957,,,,,,,,,,,,,,,,,,,,-0.026297901118732533,86,
16:42:09.844,,,,,,,,,,,,,,,,,,1,,,,,,,,,,,,,,,16.470588235294116,,,
16:42:10.004,,,,,,,,,,,,,,,,,,,,,,,,,,,,,,,18.112891649999998,4.996998,,,,
16:42:10.343,,,,,,,,0,,,,,,,,,,,,,,,,,,,,,100,,,,,,,
16:42:10.579,4.097891279826606,4.271098766747738,5.649273317708371,4.271098766747738,4.155481557721546,,,,,0,,,,,,0,0,,0.3283320637215826,0.949874,1.599661,0.949874,0.3316153843587984,0.95937274,1.61565761,0.95937274,0,,,,,,,,,
16:42:10.913,,,,,,65.1383044743311,,,0,,8.04398190013889,22.271332,28.347987999999997,22.271332,,,,,,,,,,,,,,,,,,,,-0.015791649337909552,85,
16:42:11.212,,,,,,,,,,,,,,,,,,1,,,,,,,,,,,,,,,16.470588235294116,,,
16:42:11.380,,,,,,,,,,,,,,,,,,,,,,,,,,,,,,,18.112891649999998,4.996998,,,,
16:42:11.731,,,,,,,,0,,,,,,,,,,,,,,,,,,,,,100,,,,,,,
16:42:11.961,4.08171062289329,4.265007589128481,5.642943689689724,4.265007589128481,4.140525281215414,,,,,0,,,,,,0,0,,0.3283320637215826,0.949874,1.599661,0.949874,0.3316153843587984,0.95937274,1.61565761,0.95937274,0,,,,,,,,,
16:42:12.313,,,,,,65.19744038371411,,,0,,8.076606727805556,22.303956999999997,28.380612999999997,22.303956999999997,,,,,,,,,,,,,,,,,,,,-0.015654861234088602,84,
16:42:12.721,,,,,,,,,,,,,,,,,,1,,,,,,,,,,,,,,,16.470588235294116,,,
16:42:12.874,,,,,,,,,,,,,,,,,,,,,,,,,,,,,,,18.112891649999998,4.996998,,,,
16:42:13.222,,,,,,,,0,,,,,,,,,,,,,,,,,,,,,100,,,,,,,
16:42:13.458,4.065222868797421,4.258768970905028,5.636456830583611,4.258768970905028,4.123357600696874,,,,,0,,,,,,0,0,,0.3283320637215826,0.949874,1.599661,0.949874,0.3316153843587984,0.95937274,1.61565761,0.95937274,0,,,,,,,,,
16:42:13.754,,,,,,65.25488988839194,,,0,,8.109894449583335,22.337245,28.413900999999996,22.337245,,,,,,,,,,,,,,,,,,,,-0.01544975462988813,83,
16:42:14.041,,,,,,,,,,,,,,,,,,1,,,,,,,,,,,,,,,16.470588235294116,,,
16:42:14.200,,,,,,,,,,,,,,,,,,,,,,,,,,,,,,,18.112891649999998,4.996998,,,,
16:42:14.558,,,,,,,,0,,,,,,,,,,,,,,,,,,,,,100,,,,,,,
16:42:14.784,4.048536830691445,4.252422355576974,5.62985350022864,4.252422355576974,4.10646233259991,,,,,0,,,,,,0,0,,0.3283320637215826,0.949874,1.599661,0.949874,0.3316153843587984,0.95937274,1.61565761,0.95937274,0,,,,,,,,,
16:42:15.100,,,,,,65.30495715911258,,,0,,8.140456491916668,22.367807,28.444463,22.367807,,,,,,,,,,,,,,,,,,,,-0.02048748433369622,82,
16:42:15.368,,,,,,,,,,,,,,,,,,1,,,,,,,,,,,,,,,16.470588235294116,,,
16:42:15.524,,,,,,,,,,,,,,,,,,,,,,,,,,,,,,,18.112891649999998,4.996998,,,,
16:42:15.872,,,,,,,,0,,,,,,,,,,,,,,,,,,,,,100,,,,,,,
16:42:16.100,4.03333724647519,4.246612106408107,5.623804534471262,4.246612106408107,4.089959936317277,,,,,0,,,,,,0,0,,0.3283320637215826,0.949874,1.599661,0.949874,0.3316153843587984,0.95937274,1.61565761,0.95937274,0,,,,,,,,,
16:42:16.431,,,,,,65.35145700269607,,,0,,8.170459528666667,22.39781,28.474466,22.39781,,,,,,,,,,,,,,,,,,,,-0.020531808782638224,81,
16:42:16.709,,,,,,,,,,,,,,,,,,1,,,,,,,,,,,,,,,16.470588235294116,,,
16:42:16.875,,,,,,,,,,,,,,,,,,,,,,,,,,,,,,,18.112891649999998,4.996998,,,,
16:42:17.203,,,,,,,,0,,,,,,,,,,,,,,,,,,,,,100,,,,,,,
16:42:17.440,4.0185262844715774,4.240923554579666,5.6178788392379335,4.240923554579666,4.073772566138863,,,,,0,,,,,,0,0,,0.3283320637215826,0.949874,1.599661,0.949874,0.3316153843587984,0.95937274,1.61565761,0.95937274,0,,,,,,,,,
16:42:17.757,,,,,,65.39445822911698,,,0,,8.199906753111112,22.427256999999997,28.503912999999997,22.427256999999997,,,,,,,,,,,,,,,,,,,,-0.020812841403837455,80,
16:42:18.054,,,,,,,,,,,,,,,,,,1,,,,,,,,,,,,,,,16.470588235294116,,,
16:42:18.212,,,,,,,,,,,,,,,,,,,,,,,,,,,,,,,18.112891649999998,4.996998,,,,
16:42:18.590,,,,,,,,0,,,,,,,,,,,,,,,,,,,,,100,,,,,,,
16:42:18.807,4.004095090435153,4.235355219766733,5.61207508597153,4.235355219766733,4.057916456396822,,,,,0,,,,,,0,0,,0.3283320637215826,0.949874,1.599661,0.949874,0.3316153843587984,0.95937274,1.61565761,0.95937274,0,,,,,,,,,
16:42:19.096,,,,,,65.43464470325883,,,0,,8.229252406916666,22.456603,28.533258999999997,22.456603,,,,,,,,,,,,,,,,,,,,-0.02121269602957479,79,
16:42:19.370,,,,,,,,,,,,,,,,,,1,,,,,,,,,,,,,,,16.470588235294116,,,
16:42:19.530,,,,,,,,,,,,,,,,,,,,,,,,,,,,,,,18.112891649999998,4.996998,,,,
16:42:19.886,,,,,,,,0,,,,,,,,,,,,,,,,,,,,,100,,,,,,,
16:42:20.125,3.989816419358097,4.22982051203381,5.606303156607523,4.22982051203381,4.0423920803685975,,,,,0,,,,,,0,0,,0.3283320637215826,0.949874,1.599661,0.949874,0.3316153843587984,0.95937274,1.61565761,0.95937274,0,,,,,,,,,
16:42:20.442,,,,,,65.47192414261056,,,0,,8.258442281916667,22.485793,28.562448999999997,22.485793,,,,,,,,,,,,,,,,,,,,-0.021209994162943672,78,
16:42:20.712,,,,,,,,,,,,,,,,,,1,,,,,,,,,,,,,,,16.470588235294116,,,
16:42:20.861,,,,,,,,,,,,,,,,,,,,,,,,,,,,,,,18.112891649999998,4.996998,,,,
16:42:21.195,,,,,,,,0,,,,,,,,,,,,,,,,,,,,,100,,,,,,,
16:42:21.433,3.9757142147802407,4.224329557778994,5.600573676297857,4.224329557778994,4.027119947237802,,,,,0,,,,,,0,0,,0.3283320637215826,0.949874,1.599661,0.949874,0.3316153843587984,0.95937274,1.61565761,0.95937274,0,,,,,,,,,
16:42:21.747,,,,,,65.50784873462568,,,0,,8.286736144916667,22.514087,28.590742999999996,22.514087,,,,,,,,,,,,,,,,,,,,-0.01598572289891994,78,
16:42:22.007,,,,,,,,,,,,,,,,,,1,,,,,,,,,,,,,,,16.470588235294116,,,
16:42:22.162,,,,,,,,,,,,,,,,,,,,,,,,,,,,,,,18.112891649999998,4.996998,,,,
16:42:22.522,,,,,,,,0,,,,,,,,,,,,,,,,,,,,,100,,,,,,,
16:42:22.756,3.9621397131486,4.2190207402147815,5.595031230912748,4.2190207402147815,4.012173583519716,,,,,0,,,,,,0,0,,0.3283320637215826,0.949874,1.599661,0.949874,0.3316153843587984,0.95937274,1.61565761,0.95937274,0,,,,,,,,,
16:42:23.067,,,,,,65.54111824588772,,,0,,8.315016514555555,22.542367,28.619023,22.542367,,,,,,,,,,,,,,,,,,,,-0.016000599960046494,77,
16:42:23.347,,,,,,,,,,,,,,,,,,1,,,,,,,,,,,,,,,16.470588235294116,,,
16:42:23.506,,,,,,,,,,,,,,,,,,,,,,,,,,,,,,,18.112891649999998,4.996998,,,,
16:42:23.831,,,,,,,,0,,,,,,,,,,,,,,,,,,,,,100,,,,,,,
16:42:24.057,3.948664000207728,4.213727866288398,5.589502478823264,4.213727866288398,3.9976037249460035,,,,,0,,,,,,0,0,,0.3283320637215826,0.949874,1.599661,0.949874,0.3316153843587984,0.95937274,1.61565761,0.95937274,0,,,,,,,,,
16:42:24.346,,,,,,65.57302786766974,,,0,,8.3422956425,22.569646,28.646302,22.569646,,,,,,,,,,,,,,,,,,,,-0.010789945690580595,77,
16:42:24.629,,,,,,,,,,,,,,,,,,1,,,,,,,,,,,,,,,18.431372549019606,,,
16:42:24.781,,,,,,,,,,,,,,,,,,,,,,,,,,,,,,,12.3152778,2.025322,,,,
16:42:25.134,,,,,,,,-0.04,,,,,,,,,,,,,,,,,,,,,96,,,,,,,
16:42:25.370,3.964499287780428,4.219259796985739,5.592550829073855,4.219259796985739,3.9870990320821265,,,,,6.5723922468490725,,,,,,1891,1.9,,0.3307302513314502,0.952272,1.6020590000000001,0.952272,0.3340375538447647,0.96179472,1.6180795900000002,0.96179472,25.71249915918185,,,,,,,,,
16:42:25.676,,,,,,65.6061117729925,,,8.535574346557237,,8.370739983638888,22.59809,28.674746,22.59809,,,,,,,,,,,,,,,,,,,,-0.005411991885427175,77,
16:42:25.976,,,,,,,,,,,,,,,,,,2,,,,,,,,,,,,,,,30.58823529411765,,,
16:42:26.140,,,,,,,,,,,,,,,,,,,,,,,,,,,,,,,14.60858805,3.298026,,,,
16:42:26.499,,,,,,,,-0.15,,,,,,,,,,,,,,,,,,,,,85,,,,,,,
16:42:26.746,3.974402039093011,4.2226090789088815,5.593828102261133,4.2226090789088815,3.979732131159354,,,,,5.118499840012494,,,,,,1973,2,,0.332686860596918,0.954229,1.604016,0.954229,0.3360137292028872,0.96377129,1.62005616,0.96377129,20.02458433543581,,,,,,,,,
16:42:27.035,,,,,,65.63978739108956,,,6.647402389626616,,8.399863203833332,22.627212999999998,28.703868999999997,22.627212999999998,,,,,,,,,,,,,,,,,,,,-0.005355995871703354,77,
16:42:27.324,,,,,,,,,,,,,,,,,,1,,,,,,,,,,,,,,,27.84313725490196,,,
16:42:27.477,,,,,,,,,,,,,,,,,,,,,,,,,,,,,,,14.64714615,3.265452,,,,
16:42:27.834,,,,,,,,-0.1,,,,,,,,,,,,,,,,,,,,,90,,,,,,,
16:42:28.069,3.9896828262023636,4.227962144520405,5.596656673704859,4.227962144520405,3.976126698875703,,,,,6.638161805877657,,,,,,2423,2.4,,0.3351278996678301,0.9566699999999999,1.606457,0.9566699999999999,0.3384791786645084,0.9662367,1.62252157,0.9662367,25.969802690028327,,,,,,,,,
16:42:28.423,,,,,,65.67695054960708,,,8.510463853689306,,8.429965115499998,22.657314999999997,28.733970999999997,22.657314999999997,,,,,,,,,,,,,,,,,,,,0.005289212502931523,78,
16:42:28.720,,,,,,,,,,,,,,,,,,1,,,,,,,,,,,,,,,29.80392156862745,,,
16:42:28.869,,,,,,,,,,,,,,,,,,,,,,,,,,,,,,,14.8771497,3.383182,,,,
16:42:29.220,,,,,,,,-0.08,,,,,,,,,,,,,,,,,,,,,92,,,,,,,
16:42:29.449,4.00453529977399,4.233171494504093,5.5993304928163266,4.233171494504093,3.976181725043057,,,,,6.410560114186374,,,,,,2325,2.3,,0.33758092880883067,0.959123,1.60891,0.959123,0.34095673809691895,0.96871423,1.6249991000000001,0.96871423,25.07937982930418,,,,,,,,,
16:42:29.723,,,,,,65.7142144750155,,,8.11463305593212,,8.458405879166666,22.685755999999998,28.762411999999998,22.685755999999998,,,,,,,,,,,,,,,,,,,,0.010535769432489251,79,
16:42:30.025,,,,,,,,,,,,,,,,,,1,,,,,,,,,,,,,,,29.41176470588235,,,
16:42:30.176,,,,,,,,,,,,,,,,,,,,,,,,,,,,,,,14.6852559,3.32877,,,,
16:42:30.512,,,,,,,,-0.11,,,,,,,,,,,,,,,,,,,,,89,,,,,,,
16:42:30.757,4.013787491858524,4.236336668700836,5.6004760657764034,4.236336668700836,3.979178109105611,,,,,5.282751417008486,,,,,,1955,2,,0.3395024371886177,0.9610449999999999,1.610832,0.9610449999999999,0.3428974615605039,0.97065545,1.62694032,0.97065545,20.667169010358165,,,,,,,,,
16:42:31.059,,,,,,65.75241887120967,,,6.687027110137324,,8.48773054311111,22.715080999999998,28.791736999999998,22.715080999999998,,,,,,,,,,,,,,,,,,,,0.01052244799420738,79,
16:42:31.379,,,,,,,,,,,,,,,,,,1,,,,,,,,,,,,,,,27.45098039215686,,,
16:42:31.526,,,,,,,,,,,,,,,,,,,,,,,,,,,,,,,14.8771497,3.369762,,,,
16:42:31.883,,,,,,,,-0.08,,,,,,,,,,,,,,,,,,,,,92,,,,,,,
16:42:32.118,4.021085635023667,4.238774231093432,5.601009761932739,4.238774231093432,3.9848495366360392,,,,,4.753464790046152,,,,,,1724,1.7,,0.34129891360855713,0.9628410000000001,1.612628,0.9628410000000001,0.3447119027446427,0.97246941,1.62875428,0.97246941,18.596494978804476,,,,,,,,,
16:42:32.425,,,,,,65.79125078203383,,,6.017044038033104,,8.517710707361111,22.745061,28.821717,22.745061,,,,,,,,,,,,,,,,,,,,0.010510462645954382,79,
16:42:32.716,,,,,,,,,,,,,,,,,,1,,,,,,,,,,,,,,,21.96078431372549,,,
16:42:32.892,,,,,,,,,,,,,,,,,,,,,,,,,,,,,,,14.666873549999998,3.292536,,,,
16:42:33.240,,,,,,,,-0.21,,,,,,,,,,,,,,,,,,,,,79,,,,,,,
16:42:33.466,4.021820035321837,4.238761988811549,5.599583119909199,4.238761988811549,3.9923095769076937,,,,,3.3862076131502876,,,,,,1410,1.4,,0.3425669957794026,0.964109,1.613896,0.964109,0.3459926657371966,0.97375009,1.6300349600000001,0.97375009,13.24751431987096,,,,,,,,,
16:42:33.797,,,,,,65.82714991899054,,,4.341291811731138,,8.547491831027777,22.774842,28.851498,22.774842,,,,,,,,,,,,,,,,,,,,0,78,
16:42:34.093,,,,,,,,,,,,,,,,,,1,,,,,,,,,,,,,,,20.392156862745097,,,
16:42:34.255,,,,,,,,,,,,,,,,,,,,,,,,,,,,,,,14.309090249999999,3.153334,,,,
16:42:34.609,,,,,,,,-0.3,,,,,,,,,,,,,,,,,,,,,70,,,,,,,
16:42:34.857,4.021496460448285,4.238356516370125,5.597858385030823,4.238356516370125,4.001413634437763,,,,,3.0252927305488417,,,,,,1387,1.4,,0.3437370814418883,0.965279,1.6150660000000001,0.965279,0.34717445225630716,0.97493179,1.6312166600000002,0.97493179,11.835543873360418,,,,,,,,,
16:42:35.177,,,,,,65.86292754181827,,,3.8785804237805666,,8.577347429527777,22.804698000000002,28.881353999999998,22.804698000000002,,,,,,,,,,,,,,,,,,,,-0.005193346425277653,78,
16:42:35.480,,,,,,,,,,,,,,,,,,1,,,,,,,,,,,,,,,20,,,
16:42:35.653,,,,,,,,,,,,,,,,,,,,,,,,,,,,,,,14.50457085,3.273504,,,,
16:42:36.015,,,,,,,,-0.32,,,,,,,,,,,,,,,,,,,,,68,,,,,,,
16:42:36.242,4.02050174874669,4.237696986822627,5.595932240572932,4.237696986822627,4.008413942058546,,,,,2.9013386311763143,,,,,,1388,1.4,,0.3448524034002435,0.966394,1.616181,0.966394,0.3483009274342459,0.97605794,1.6323428100000001,0.97605794,11.350610905852088,,,,,,,,,
16:42:36.568,,,,,,65.8958911382203,,,3.7679722482809277,,8.60711569797222,22.834466,28.911122,22.834466,,,,,,,,,,,,,,,,,,,,-0.010283590545955587,77,
16:42:36.858,,,,,,,,,,,,,,,,,,1,,,,,,,,,,,,,,,20,,,
16:42:37.017,,,,,,,,,,,,,,,,,,,,,,,,,,,,,,,14.506364249999999,3.257522,,,,
16:42:37.350,,,,,,,,-0.3,,,,,,,,,,,,,,,,,,,,,70,,,,,,,
16:42:37.578,4.019480115983386,4.237029234666578,5.5940063481451885,4.237029234666578,4.014048701669843,,,,,2.9906059126353,,,,,,1390,1.4,,0.34596130403967806,0.967503,1.6172900000000001,0.967503,0.34942091708007483,0.9771780299999999,1.6334629,0.9771780299999999,11.699842177092336,,,,,,,,,
16:42:37.916,,,,,,65.9247759818274,,,3.93500777978329,,8.635575259638888,22.862926,28.939581999999998,22.862926,,,,,,,,,,,,,,,,,,,,-0.015477110538251015,76,
16:42:38.219,,,,,,,,,,,,,,,,,,1,,,,,,,,,,,,,,,19.607843137254903,,,
16:42:38.382,,,,,,,,,,,,,,,,,,,,,,,,,,,,,,,14.603656199999998,3.273504,,,,
16:42:38.766,,,,,,,,-0.3,,,,,,,,,,,,,,,,,,,,,70,,,,,,,
16:42:39.001,4.019813380510058,4.236885515003634,5.592558316840927,4.236885515003634,4.017815020958304,,,,,2.9664076435204847,,,,,,1388,1.4,,0.3471340097709802,0.968676,1.618463,0.968676,0.35060534986869,0.97836276,1.6346476300000001,0.97836276,11.605173759429551,,,,,,,,,
16:42:39.337,,,,,,65.95506540482786,,,3.903167952000638,,8.665594527083332,22.892944999999997,28.969600999999997,22.892944999999997,,,,,,,,,,,,,,,,,,,,-0.01022514928363202,76,
16:42:39.638,,,,,,,,,,,,,,,,,,1,,,,,,,,,,,,,,,22.352941176470587,,,
16:42:39.804,,,,,,,,,,,,,,,,,,,,,,,,,,,,,,,14.4261096,3.177856,,,,
16:42:40.161,,,,,,,,-0.13,,,,,,,,,,,,,,,,,,,,,87,,,,,,,
16:42:40.401,4.023854741250718,4.238131004988656,5.592137772280675,4.238131004988656,4.020229951142895,,,,,4.001085961273239,,,,,,1488,1.5,,0.3486909362356053,0.970233,1.62002,0.970233,0.3521778455979614,0.97993533,1.6362202000000001,0.97993533,15.653040103376979,,,,,,,,,
16:42:40.743,,,,,,65.98479950102804,,,5.264586791148998,,8.69524003497222,22.922590999999997,28.999246999999997,22.922590999999997,,,,,,,,,,,,,,,,,,,,-0.01017839573300335,76,
16:42:41.035,,,,,,,,,,,,,,,,,,1,,,,,,,,,,,,,,,23.529411764705884,,,
16:42:41.197,,,,,,,,,,,,,,,,,,,,,,,,,,,,,,,14.87311455,3.384402,,,,
16:42:41.585,,,,,,,,-0.09,,,,,,,,,,,,,,,,,,,,,91,,,,,,,
16:42:41.827,4.028641388146482,4.239669067078849,5.59196933630725,4.239669067078849,4.022086688178891,,,,,4.061992272360857,,,,,,1489,1.5,,0.35030003884757355,0.971842,1.621629,0.971842,0.3538030392360493,0.9815604199999999,1.63784529,0.9815604199999999,15.891317645831938,,,,,,,,,
16:42:42.121,,,,,,66.01387635512091,,,5.3447266741590225,,8.724400990083332,22.951752,29.028408,22.951752,,,,,,,,,,,,,,,,,,,,-0.0051006516540259865,76,
16:42:42.420,,,,,,,,,,,,,,,,,,1,,,,,,,,,,,,,,,23.529411764705884,,,
16:42:42.595,,,,,,,,,,,,,,,,,,,,,,,,,,,,,,,14.748473249999998,3.34829,,,,
16:42:42.951,,,,,,,,-0.13,,,,,,,,,,,,,,,,,,,,,87,,,,,,,
16:42:43.183,4.032041702113964,4.240691516708615,5.591419274525837,4.240691516708615,4.023456196565177,,,,,3.908372265624261,,,,,,1486,1.5,,0.35177148617980347,0.973313,1.6231,0.973313,0.3552892010416015,0.98304613,1.639331,0.98304613,15.290325777773257,,,,,,,,,
16:42:43.524,,,,,,66.04320299265866,,,5.142595086347712,,8.753984969638887,22.981336,29.057992,22.981336,,,,,,,,,,,,,,,,,,,,0,76,
16:42:43.828,,,,,,,,,,,,,,,,,,1,,,,,,,,,,,,,,,23.529411764705884,,,
16:42:44.004,,,,,,,,,,,,,,,,,,,,,,,,,,,,,,,14.69736135,3.325598,,,,
16:42:44.343,,,,,,,,-0.13,,,,,,,,,,,,,,,,,,,,,87,,,,,,,
16:42:44.587,4.035799924491878,4.241855216772429,5.590964441039147,4.241855216772429,4.025203682711433,,,,,3.9008499078380607,,,,,,1478,1.5,,0.35329331879471654,0.974835,1.624622,0.974835,0.3568262519826637,0.98458335,1.6408682200000002,0.98458335,15.260896825424066,,,,,,,,,
16:42:44.903,,,,,,66.07478956812855,,,5.0660388413481305,,8.783493061499998,23.010844,29.0875,23.010844,,,,,,,,,,,,,,,,,,,,0.0050889313416787865,77,
16:42:45.190,,,,,,,,,,,,,,,,,,1,,,,,,,,,,,,,,,23.137254901960784,,,
16:42:45.345,,,,,,,,,,,,,,,,,,,,,,,,,,,,,,,14.73143595,3.33792,,,,
16:42:45.676,,,,,,,,-0.1,,,,,,,,,,,,,,,,,,,,,90,,,,,,,
16:42:45.894,4.038882903159072,4.242769191777581,5.59031886549205,4.242769191777581,4.027376988050281,,,,,4.026027965347419,,,,,,1478,1.5,,0.35475499956108675,0.976297,1.626084,0.976297,0.3583025495566976,0.9860599699999999,1.64234484,0.9860599699999999,15.750618159387427,,,,,,,,,
16:42:46.223,,,,,,66.10482319334552,,,5.22860774720444,,8.811709076249999,23.03906,29.115716,23.03906,,,,,,,,,,,,,,,,,,,,0.005168816399735472,77,
16:42:46.533,,,,,,,,,,,,,,,,,,1,,,,,,,,,,,,,,,22.745098039215687,,,
16:42:46.688,,,,,,,,,,,,,,,,,,,,,,,,,,,,,,,14.6753922,3.288266,,,,
16:42:47.043,,,,,,,,-0.13,,,,,,,,,,,,,,,,,,,,,87,,,,,,,
16:42:47.288,4.0426607553593135,4.24396655071865,5.589960418627521,4.24396655071865,4.030146863876859,,,,,3.803603650574221,,,,,,1439,1.4,,0.3562275047019934,0.97777,1.627557,0.97777,0.3597897797490133,0.9875476999999999,1.64383257,0.9875476999999999,14.880450221780038,,,,,,,,,
16:42:47.621,,,,,,66.13648702932193,,,4.9397450007457415,,8.841625588944444,23.068977,29.145632999999997,23.068977,,,,,,,,,,,,,,,,,,,,0.0051508182634361,77,
16:42:47.918,,,,,,,,,,,,,,,,,,1,,,,,,,,,,,,,,,21.568627450980394,,,
16:42:48.080,,,,,,,,,,,,,,,,,,,,,,,,,,,,,,,14.7139503,3.320108,,,,
16:42:48.418,,,,,,,,-0.21,,,,,,,,,,,,,,,,,,,,,79,,,,,,,
16:42:48.657,4.043279281059693,4.243941983209745,5.588559356387971,4.243941983209745,4.033121759511397,,,,,3.3227081616426477,,,,,,1388,1.4,,0.35749161554666276,0.979034,1.6288209999999999,0.979034,0.3610665317021294,0.9888243399999999,1.64510921,0.9888243399999999,12.999091898905222,,,,,,,,,
16:42:48.972,,,,,,66.16686380930857,,,4.315205404730711,,8.870490435638889,23.097842,29.174498,23.097842,,,,,,,,,,,,,,,,,,,,0.00519898352274182,77,
16:42:49.264,,,,,,,,,,,,,,,,,,1,,,,,,,,,,,,,,,20,,,
16:42:49.425,,,,,,,,,,,,,,,,,,,,,,,,,,,,,,,14.738609550000001,3.33548,,,,
16:42:49.771,,,,,,,,-0.51,,,,,,,,,,,,,,,,,,,,,49,,,,,,,
16:42:50.015,4.030122326837442,4.238638397474534,5.5830300833282545,4.238638397474534,4.0344103778023195,,,,,0,,,,,,0,0,,0.35749161554666276,0.979034,1.6288209999999999,0.979034,0.3610665317021294,0.9888243399999999,1.64510921,0.9888243399999999,0,,,,,,,,,
16:42:50.340,,,,,,66.1974872755832,,,0,,8.899754009722223,23.127105999999998,29.203761999999998,23.127105999999998,,,,,,,,,,,,,,,,,,,,0,77,
16:42:50.642,,,,,,,,,,,,,,,,,,0,,,,,,,,,,,,,,,16.470588235294116,,,
16:42:50.807,,,,,,,,,,,,,,,,,,,,,,,,,,,,,,,18.112891649999998,4.755926,,,,
16:42:51.152,,,,,,,,0,,,,,,,,,,,,,,,,,,,,,100,,,,,,,
16:42:51.387,4.016870748968271,4.2332750150407925,5.5774355372434545,4.2332750150407925,4.033537378767015,,,,,0,,,,,,0,0,,0.35749161554666276,0.979034,1.6288209999999999,0.979034,0.3610665317021294,0.9888243399999999,1.64510921,0.9888243399999999,0,,,,,,,,,
16:42:51.704,,,,,,66.22499821343166,,,0,,8.928510682833334,23.155863,29.232518999999996,23.155863,,,,,,,,,,,,,,,,,,,,-0.005167845742722112,76,
16:42:52.000,,,,,,,,,,,,,,,,,,1,,,,,,,,,,,,,,,16.470588235294116,,,
16:42:52.159,,,,,,,,,,,,,,,,,,,,,,,,,,,,,,,18.112891649999998,4.675528,,,,
16:42:52.518,,,,,,,,0,,,,,,,,,,,,,,,,,,,,,100,,,,,,,
16:42:52.749,4.003933334973823,4.228017759476293,5.571948828631566,4.228017759476293,4.030448872120432,,,,,0,,,,,,0,0,,0.35749161554666276,0.979034,1.6288209999999999,0.979034,0.3610665317021294,0.9888243399999999,1.64510921,0.9888243399999999,0,,,,,,,,,
16:42:53.064,,,,,,66.24952697646654,,,0,,8.95685476825,23.184207,29.260862999999997,23.184207,,,,,,,,,,,,,,,,,,,,-0.01040665678928606,75,
16:42:53.369,,,,,,,,,,,,,,,,,,1,,,,,,,,,,,,,,,16.470588235294116,,,
16:42:53.516,,,,,,,,,,,,,,,,,,,,,,,,,,,,,,,18.112891649999998,4.7478739999999995,,,,
16:42:53.870,,,,,,,,0,,,,,,,,,,,,,,,,,,,,,100,,,,,,,
16:42:54.108,3.9912628349617627,4.222848769423082,5.566551471841414,4.222848769423082,4.025351513726408,,,,,0,,,,,,0,0,,0.35749161554666276,0.979034,1.6288209999999999,0.979034,0.3610665317021294,0.9888243399999999,1.64510921,0.9888243399999999,0,,,,,,,,,
16:42:54.452,,,,,,66.27157758582071,,,0,,8.98540004213889,23.212752000000002,29.289407999999998,23.212752000000002,,,,,,,,,,,,,,,,,,,,-0.015506755369096792,74,
16:42:54.756,,,,,,,,,,,,,,,,,,1,,,,,,,,,,,,,,,16.470588235294116,,,
16:42:54.916,,,,,,,,,,,,,,,,,,,,,,,,,,,,,,,18.112891649999998,4.82083,,,,
16:42:55.252,,,,,,,,0,,,,,,,,,,,,,,,,,,,,,100,,,,,,,
16:42:55.480,3.978583189063725,4.2176558815602725,5.561126397638354,4.2176558815602725,4.018199421797887,,,,,0,,,,,,0,0,,0.35749161554666276,0.979034,1.6288209999999999,0.979034,0.3610665317021294,0.9888243399999999,1.64510921,0.9888243399999999,0,,,,,,,,,
16:42:55.812,,,,,,66.29307802990819,,,0,,9.013390390027778,23.240741999999997,29.317397999999997,23.240741999999997,,,,,,,,,,,,,,,,,,,,-0.015528000561190837,74,
16:42:56.123,,,,,,,,,,,,,,,,,,1,,,,,,,,,,,,,,,16.470588235294116,,,
16:42:56.284,,,,,,,,,,,,,,,,,,,,,,,,,,,,,,,18.112891649999998,4.856942,,,,
16:42:56.651,,,,,,,,0,,,,,,,,,,,,,,,,,,,,,100,,,,,,,
16:42:56.877,3.9662280238320067,4.212576345454031,5.55581706125489,4.212576345454031,4.009117561882005,,,,,0,,,,,,0,0,,0.35749161554666276,0.979034,1.6288209999999999,0.979034,0.3610665317021294,0.9888243399999999,1.64510921,0.9888243399999999,0,,,,,,,,,
16:42:57.212,,,,,,66.3121963932237,,,0,,9.041763703555556,23.269115,29.345771,23.269115,,,,,,,,,,,,,,,,,,,,-0.015427728180640712,73,
16:42:57.505,,,,,,,,,,,,,,,,,,1,,,,,,,,,,,,,,,16.470588235294116,,,
16:42:57.674,,,,,,,,,,,,,,,,,,,,,,,,,,,,,,,18.112891649999998,4.850232,,,,
16:42:58.006,,,,,,,,0,,,,,,,,,,,,,,,,,,,,,100,,,,,,,
16:42:58.242,3.9537818866697854,4.207439775857397,5.550445411708555,4.207439775857397,3.998007703295813,,,,,0,,,,,,0,0,,0.35749161554666276,0.979034,1.6288209999999999,0.979034,0.3610665317021294,0.9888243399999999,1.64510921,0.9888243399999999,0,,,,,,,,,
16:42:58.560,,,,,,66.33048842680067,,,0,,9.069062943750001,23.296414,29.37307,23.296414,,,,,,,,,,,,,,,,,,,,-0.01030933814118692,73,
16:42:58.871,,,,,,,,,,,,,,,,,,1,,,,,,,,,,,,,,,16.470588235294116,,,
16:42:59.036,,,,,,,,,,,,,,,,,,,,,,,,,,,,,,,18.112891649999998,4.81839,,,,
16:42:59.399,,,,,,,,0,,,,,,,,,,,,,,,,,,,,,100,,,,,,,
16:42:59.651,3.9418804099604383,4.20250945059613,5.545286890338667,4.20250945059613,3.985332844408407,,,,,0,,,,,,0,0,,0.35749161554666276,0.979034,1.6288209999999999,0.979034,0.3610665317021294,0.9888243399999999,1.64510921,0.9888243399999999,0,,,,,,,,,
16:42:59.957,,,,,,66.34654061333922,,,0,,9.097014219750001,23.324365,29.401021,23.324365,,,,,,,,,,,,,,,,,,,,-0.01029154693588296,72,
16:43:00.238,,,,,,,,,,,,,,,,,,1,,,,,,,,,,,,,,,16.470588235294116,,,
16:43:00.393,,,,,,,,,,,,,,,,,,,,,,,,,,,,,,,18.112891649999998,4.776666,,,,
16:43:00.761,,,,,,,,0,,,,,,,,,,,,,,,,,,,,,100,,,,,,,
16:43:00.987,3.9297686791621516,4.197473328855898,5.540015089952147,4.197473328855898,3.9727886384489954,,,,,0,,,,,,0,0,,0.35749161554666276,0.979034,1.6288209999999999,0.979034,0.3610665317021294,0.9888243399999999,1.64510921,0.9888243399999999,0,,,,,,,,,
16:43:01.317,,,,,,66.35931415621786,,,0,,9.12381010688889,23.351160999999998,29.427816999999997,23.351160999999998,,,,,,,,,,,,,,,,,,,,-0.015437436508408045,71,
16:43:01.584,,,,,,,,,,,,,,,,,,1,,,,,,,,,,,,,,,16.470588235294116,,,
16:43:01.739,,,,,,,,,,,,,,,,,,,,,,,,,,,,,,,18.112891649999998,4.731282,,,,
16:43:02.074,,,,,,,,0,,,,,,,,,,,,,,,,,,,,,100,,,,,,,
16:43:02.319,3.918227268635725,4.1926566306489,5.534970534851429,4.1926566306489,3.960458203407427,,,,,0,,,,,,0,0,,0.35749161554666276,0.979034,1.6288209999999999,0.979034,0.3610665317021294,0.9888243399999999,1.64510921,0.9888243399999999,0,,,,,,,,,
16:43:02.638,,,,,,66.37169357551115,,,0,,9.149920347027779,23.377271,29.453927,23.377271,,,,,,,,,,,,,,,,,,,,-0.010441378090517405,71,
16:43:02.905,,,,,,,,,,,,,,,,,,1,,,,,,,,,,,,,,,16.470588235294116,,,
16:43:03.055,,,,,,,,,,,,,,,,,,,,,,,,,,,,,,,18.112891649999998,4.68907,,,,
16:43:03.416,,,,,,,,0,,,,,,,,,,,,,,,,,,,,,100,,,,,,,
16:43:03.647,3.9070462035528957,4.187973865726243,5.530063953781103,4.187973865726243,3.9483473119798114,,,,,0,,,,,,0,0,,0.35749161554666276,0.979034,1.6288209999999999,0.979034,0.3610665317021294,0.9888243399999999,1.64510921,0.9888243399999999,0,,,,,,,,,
16:43:03.959,,,,,,66.38397121012869,,,0,,9.175954230611111,23.403305,29.479960999999996,23.403305,,,,,,,,,,,,,,,,,,,,-0.010491528872579533,71,
16:43:04.225,,,,,,,,,,,,,,,,,,1,,,,,,,,,,,,,,,16.470588235294116,,,
16:43:04.395,,,,,,,,,,,,,,,,,,,,,,,,,,,,,,,18.112891649999998,4.642466,,,,
16:43:04.741,,,,,,,,0,,,,,,,,,,,,,,,,,,,,,100,,,,,,,
16:43:04.979,3.895961189017985,4.183315134336795,5.525180308074356,4.183315134336795,3.936434606236839,,,,,0,,,,,,0,0,,0.35749161554666276,0.979034,1.6288209999999999,0.979034,0.3610665317021294,0.9888243399999999,1.64510921,0.9888243399999999,0,,,,,,,,,
16:43:05.312,,,,,,66.39646839281525,,,0,,9.202596262722222,23.429947,29.506603,23.429947,,,,,,,,,,,,,,,,,,,,-0.005289147219750613,71,
16:43:05.627,,,,,,,,,,,,,,,,,,1,,,,,,,,,,,,,,,16.470588235294116,,,
16:43:05.919,,,,,,,,,,,,,,,,,,,,,,,,,,,,,,,18.112891649999998,4.598302,,,,
16:43:06.282,,,,,,,,0,,,,,,,,,,,,,,,,,,,,,100,,,,,,,
16:43:06.517,3.88468216295423,4.178558321109305,5.5201915313667245,4.178558321109305,3.924696977973152,,,,,0,,,,,,0,0,,0.35749161554666276,0.979034,1.6288209999999999,0.979034,0.3610665317021294,0.9888243399999999,1.64510921,0.9888243399999999,0,,,,,,,,,
16:43:06.843,,,,,,66.41055916992904,,,0,,9.232809614555556,23.460160000000002,29.536815999999998,23.460160000000002,,,,,,,,,,,,,,,,,,,,0,71,
16:43:07.157,,,,,,,,,,,,,,,,,,1,,,,,,,,,,,,,,,16.470588235294116,,,
16:43:07.304,,,,,,,,,,,,,,,,,,,,,,,,,,,,,,,18.112891649999998,4.551698,,,,
16:43:07.673,,,,,,,,0,,,,,,,,,,,,,,,,,,,,,100,,,,,,,
16:43:07.916,3.8719699687414324,4.1731769945303006,5.514544966525843,4.1731769945303006,3.9129147210868305,,,,,0,,,,,,0,0,,0.35749161554666276,0.979034,1.6288209999999999,0.979034,0.3610665317021294,0.9888243399999999,1.64510921,0.9888243399999999,0,,,,,,,,,
16:43:08.228,,,,,,66.42323342296629,,,0,,9.26014459088889,23.487495,29.564150999999995,23.487495,,,,,,,,,,,,,,,,,,,,0,71,
16:43:08.537,,,,,,,,,,,,,,,,,,1,,,,,,,,,,,,,,,16.470588235294116,,,
16:43:08.684,,,,,,,,,,,,,,,,,,,,,,,,,,,,,,,18.112891649999998,4.510096,,,,
16:43:09.040,,,,,,,,0,,,,,,,,,,,,,,,,,,,,,100,,,,,,,
16:43:09.282,3.8605403191911365,4.168320206135222,5.509446220863911,4.168320206135222,3.9012595251519997,,,,,0,,,,,,0,0,,0.35749161554666276,0.979034,1.6288209999999999,0.979034,0.3610665317021294,0.9888243399999999,1.64510921,0.9888243399999999,0,,,,,,,,,
16:43:09.586,,,,,,66.43560018853765,,,0,,9.286962724694446,23.514313,29.590968999999998,23.514313,,,,,,,,,,,,,,,,,,,,0,71,
16:43:09.851,,,,,,,,,,,,,,,,,,1,,,,,,,,,,,,,,,16.470588235294116,,,
16:43:10.016,,,,,,,,,,,,,,,,,,,,,,,,,,,,,,,18.112891649999998,4.476912,,,,
16:43:10.376,,,,,,,,0,,,,,,,,,,,,,,,,,,,,,100,,,,,,,
16:43:10.601,3.849392165600888,4.163566250053743,5.5044530647171435,4.163566250053743,3.889698494607056,,,,,0,,,,,,0,0,,0.35749161554666276,0.979034,1.6288209999999999,0.979034,0.3610665317021294,0.9888243399999999,1.64510921,0.9888243399999999,0,,,,,,,,,
16:43:10.906,,,,,,66.44752440555366,,,0,,9.312959138027779,23.540309,29.616964999999997,23.540309,,,,,,,,,,,,,,,,,,,,0,71,
16:43:11.178,,,,,,,,,,,,,,,,,,1,,,,,,,,,,,,,,,16.470588235294116,,,
16:43:11.344,,,,,,,,,,,,,,,,,,,,,,,,,,,,,,,18.112891649999998,4.44202,,,,
16:43:11.721,,,,,,,,0,,,,,,,,,,,,,,,,,,,,,100,,,,,,,
16:43:11.957,3.8386468817082062,4.158968346592221,5.499621585128659,4.158968346592221,3.878308269925313,,,,,0,,,,,,0,0,,0.35749161554666276,0.979034,1.6288209999999999,0.979034,0.3610665317021294,0.9888243399999999,1.64510921,0.9888243399999999,0,,,,,,,,,
16:43:12.271,,,,,,66.45978880377223,,,0,,9.339839643361111,23.56719,29.643845999999996,23.56719,,,,,,,,,,,,,,,,,,,,0,71,
16:43:12.548,,,,,,,,,,,,,,,,,,1,,,,,,,,,,,,,,,16.470588235294116,,,
16:43:12.718,,,,,,,,,,,,,,,,,,,,,,,,,,,,,,,18.112891649999998,4.410056,,,,
16:43:13.075,,,,,,,,0,,,,,,,,,,,,,,,,,,,,,100,,,,,,,
16:43:13.312,3.8275990723328186,4.154224580868571,5.494634535613226,4.154224580868571,3.8669797453874497,,,,,0,,,,,,0,0,,0.35749161554666276,0.979034,1.6288209999999999,0.979034,0.3610665317021294,0.9888243399999999,1.64510921,0.9888243399999999,0,,,,,,,,,
16:43:13.641,,,,,,66.47206737866271,,,0,,9.366897090555556,23.594247,29.670902999999996,23.594247,,,,,,,,,,,,,,,,,,,,0,71,
16:43:13.903,,,,,,,,,,,,,,,,,,1,,,,,,,,,,,,,,,16.470588235294116,,,
16:43:14.069,,,,,,,,,,,,,,,,,,,,,,,,,,,,,,,18.112891649999998,4.376994,,,,
16:43:14.412,,,,,,,,0,,,,,,,,,,,,,,,,,,,,,100,,,,,,,
16:43:14.647,3.816542576379044,4.149460671493351,5.489623959203398,4.149460671493351,3.8556667919907177,,,,,0,,,,,,0,0,,0.35749161554666276,0.979034,1.6288209999999999,0.979034,0.3610665317021294,0.9888243399999999,1.64510921,0.9888243399999999,0,,,,,,,,,
16:43:14.951,,,,,,66.48373464941703,,,0,,9.392743768833334,23.620094,29.696749999999998,23.620094,,,,,,,,,,,,,,,,,,,,0,71,
16:43:15.232,,,,,,,,,,,,,,,,,,1,,,,,,,,,,,,,,,16.470588235294116,,,
16:43:15.394,,,,,,,,,,,,,,,,,,,,,,,,,,,,,,,18.112891649999998,4.348812,,,,
16:43:15.752,,,,,,,,0,,,,,,,,,,,,,,,,,,,,,100,,,,,,,
16:43:15.979,3.8060403258617423,4.144919999048267,5.484845984829989,4.144919999048267,3.844426684096188,,,,,0,,,,,,0,0,,0.35749161554666276,0.979034,1.6288209999999999,0.979034,0.3610665317021294,0.9888243399999999,1.64510921,0.9888243399999999,0,,,,,,,,,
16:43:16.306,,,,,,66.49307423454455,,,0,,9.419081364111111,23.646431999999997,29.723087999999997,23.646431999999997,,,,,,,,,,,,,,,,,,,,-0.005245533910564005,70,
16:43:16.593,,,,,,,,,,,,,,,,,,1,,,,,,,,,,,,,,,16.470588235294116,,,
16:43:16.746,,,,,,,,,,,,,,,,,,,,,,,,,,,,,,,18.112891649999998,4.3218499999999995,,,,
16:43:17.103,,,,,,,,0,,,,,,,,,,,,,,,,,,,,,100,,,,,,,
16:43:17.334,3.795397892078827,4.140303281273048,5.479985794208193,4.140303281273048,3.833266150236762,,,,,0,,,,,,0,0,,0.35749161554666276,0.979034,1.6288209999999999,0.979034,0.3610665317021294,0.9888243399999999,1.64510921,0.9888243399999999,0,,,,,,,,,
16:43:17.624,,,,,,66.50211437971987,,,0,,9.44470849438889,23.672058999999997,29.748714999999997,23.672058999999997,,,,,,,,,,,,,,,,,,,,-0.005291513554213261,70,
16:43:17.885,,,,,,,,,,,,,,,,,,1,,,,,,,,,,,,,,,16.470588235294116,,,
16:43:18.042,,,,,,,,,,,,,,,,,,,,,,,,,,,,,,,18.112891649999998,4.296718,,,,
16:43:18.379,,,,,,,,0,,,,,,,,,,,,,,,,,,,,,100,,,,,,,
16:43:18.610,3.7850995164016856,4.135821053842422,5.475265066070921,4.135821053842422,3.822407343694294,,,,,0,,,,,,0,0,,0.35749161554666276,0.979034,1.6288209999999999,0.979034,0.3610665317021294,0.9888243399999999,1.64510921,0.9888243399999999,0,,,,,,,,,
16:43:18.919,,,,,,66.51094091393483,,,0,,9.469858207166666,23.697209,29.773864999999997,23.697209,,,,,,,,,,,,,,,,,,,,-0.005366720891410957,70,
16:43:19.213,,,,,,,,,,,,,,,,,,1,,,,,,,,,,,,,,,16.470588235294116,,,
16:43:19.366,,,,,,,,,,,,,,,,,,,,,,,,,,,,,,,18.112891649999998,4.267316,,,,
16:43:19.710,,,,,,,,0,,,,,,,,,,,,,,,,,,,,,100,,,,,,,
16:43:19.951,3.775047183664458,4.131431680414347,5.470640106684168,4.131431680414347,3.811720701753459,,,,,0,,,,,,0,0,,0.35749161554666276,0.979034,1.6288209999999999,0.979034,0.3610665317021294,0.9888243399999999,1.64510921,0.9888243399999999,0,,,,,,,,,
16:43:20.277,,,,,,66.51753294247911,,,0,,9.49594586325,23.723297,29.799952999999995,23.723297,,,,,,,,,,,,,,,,,,,,-0.010636508739334092,69,
16:43:20.572,,,,,,,,,,,,,,,,,,1,,,,,,,,,,,,,,,16.470588235294116,,,
16:43:20.726,,,,,,,,,,,,,,,,,,,,,,,,,,,,,,,18.112891649999998,4.246332,,,,
16:43:21.091,,,,,,,,0,,,,,,,,,,,,,,,,,,,,,100,,,,,,,
16:43:21.322,3.7646762175654485,4.126888433761968,5.465850902516524,4.126888433761968,3.801131208249029,,,,,0,,,,,,0,0,,0.35749161554666276,0.979034,1.6288209999999999,0.979034,0.3610665317021294,0.9888243399999999,1.64510921,0.9888243399999999,0,,,,,,,,,
16:43:21.644,,,,,,66.5241062600764,,,0,,9.522097796666667,23.749449,29.826105,23.749449,,,,,,,,,,,,,,,,,,,,-0.005306573309523671,69,
16:43:21.911,,,,,,,,,,,,,,,,,,1,,,,,,,,,,,,,,,16.470588235294116,,,
16:43:22.067,,,,,,,,,,,,,,,,,,,,,,,,,,,,,,,18.112891649999998,4.221932,,,,
16:43:22.430,,,,,,,,0,,,,,,,,,,,,,,,,,,,,,100,,,,,,,
16:43:22.663,3.75433673524974,4.12234405943481,5.4610583581060945,4.12234405943481,3.7905924399417206,,,,,0,,,,,,0,0,,0.35749161554666276,0.979034,1.6288209999999999,0.979034,0.3610665317021294,0.9888243399999999,1.64510921,0.9888243399999999,0,,,,,,,,,
16:43:22.948,,,,,,66.53036564677339,,,0,,9.547130157166666,23.774481,29.851136999999998,23.774481,,,,,,,,,,,,,,,,,,,,-0.0053202649719357445,69,
16:43:23.232,,,,,,,,,,,,,,,,,,1,,,,,,,,,,,,,,,16.470588235294116,,,
16:43:23.389,,,,,,,,,,,,,,,,,,,,,,,,,,,,,,,18.112891649999998,4.20107,,,,
16:43:23.745,,,,,,,,0,,,,,,,,,,,,,,,,,,,,,100,,,,,,,
16:43:23.969,3.744492948787416,4.118003669564858,5.456478927419079,4.118003669564858,3.7802041744985457,,,,,0,,,,,,0,0,,0.35749161554666276,0.979034,1.6288209999999999,0.979034,0.3610665317021294,0.9888243399999999,1.64510921,0.9888243399999999,0,,,,,,,,,
16:43:24.279,,,,,,66.53670088609367,,,0,,9.5725954045,23.799946,29.876602,23.799946,,,,,,,,,,,,,,,,,,,,-0.005284930241988678,69,
16:43:24.580,,,,,,,,,,,,,,,,,,1,,,,,,,,,,,,,,,16.470588235294116,,,
16:43:24.752,,,,,,,,,,,,,,,,,,,,,,,,,,,,,,,18.112891649999998,4.1795979999999995,,,,
16:43:25.082,,,,,,,,0,,,,,,,,,,,,,,,,,,,,,100,,,,,,,
16:43:25.311,3.734531759052606,4.113597568666752,5.451828156361288,4.113597568666752,3.7699528223327405,,,,,0,,,,,,0,0,,0.35749161554666276,0.979034,1.6288209999999999,0.979034,0.3610665317021294,0.9888243399999999,1.64510921,0.9888243399999999,0,,,,,,,,,
16:43:25.630,,,,,,66.5431212775553,,,0,,9.598536918583333,23.825888,29.902544,23.825888,,,,,,,,,,,,,,,,,,,,0,69,
16:43:25.903,,,,,,,,,,,,,,,,,,1,,,,,,,,,,,,,,,16.470588235294116,,,
16:43:26.060,,,,,,,,,,,,,,,,,,,,,,,,,,,,,,,18.112891649999998,4.160566,,,,
16:43:26.400,,,,,,,,0,,,,,,,,,,,,,,,,,,,,,100,,,,,,,
16:43:26.630,3.7244386157908913,4.109118619209491,5.447098414101489,4.109118619209491,3.759752608573884,,,,,0,,,,,,0,0,,0.35749161554666276,0.979034,1.6288209999999999,0.979034,0.3610665317021294,0.9888243399999999,1.64510921,0.9888243399999999,0,,,,,,,,,
16:43:26.924,,,,,,66.54672967477866,,,0,,9.622891390583334,23.850242,29.926897999999998,23.850242,,,,,,,,,,,,,,,,,,,,-0.005364763426690478,68,
16:43:27.179,,,,,,,,,,,,,,,,,,1,,,,,,,,,,,,,,,16.470588235294116,,,
16:43:27.325,,,,,,,,,,,,,,,,,,,,,,,,,,,,,,,18.112891649999998,4.142266,,,,
16:43:27.682,,,,,,,,0,,,,,,,,,,,,,,,,,,,,,100,,,,,,,
16:43:27.925,3.715012474280787,4.104922708960353,5.442665658164771,4.104922708960353,3.7497044313491292,,,,,0,,,,,,0,0,,0.35749161554666276,0.979034,1.6288209999999999,0.979034,0.3610665317021294,0.9888243399999999,1.64510921,0.9888243399999999,0,,,,,,,,,
16:43:28.214,,,,,,66.55032903388111,,,0,,9.647305647805556,23.874656,29.951311999999998,23.874656,,,,,,,,,,,,,,,,,,,,-0.005378774975609426,68,
16:43:28.484,,,,,,,,,,,,,,,,,,1,,,,,,,,,,,,,,,16.470588235294116,,,
16:43:28.635,,,,,,,,,,,,,,,,,,,,,,,,,,,,,,,18.112891649999998,4.123112,,,,
16:43:28.979,,,,,,,,0,,,,,,,,,,,,,,,,,,,,,100,,,,,,,
16:43:29.213,3.705610961211541,4.1007250533787785,5.438229216803591,4.1007250533787785,3.739768361950361,,,,,0,,,,,,0,0,,0.35749161554666276,0.979034,1.6288209999999999,0.979034,0.3610665317021294,0.9888243399999999,1.64510921,0.9888243399999999,0,,,,,,,,,
16:43:29.516,,,,,,66.55643596013938,,,0,,9.672303567722222,23.899653999999998,29.976309999999998,23.899653999999998,,,,,,,,,,,,,,,,,,,,,69,
16:43:29.791,,,,,,,,,,,,,,,,,,1,,,,,,,,,,,,,,,16.470588235294116,,,
16:43:29.942,,,,,,,,,,,,,,,,,,,,,,,,,,,,,,,18.084645599999998,4.103592,,,,
16:43:30.306,,,,,,,,0,,,,,,,,,,,,,,,,,,,,,100,,,,,,,
16:43:30.551,3.6960338666340076,4.096435873088372,5.433694140472927,4.096435873088372,3.7298916973215546,,,,,0,,,,,,0,0,,0.35749161554666276,0.979034,1.6288209999999999,0.979034,0.3610665317021294,0.9888243399999999,1.64510921,0.9888243399999999,0,,,,,,,,,
16:43:30.857,,,,,,66.56012575329335,,,0,,9.6976272135,23.924978,30.001633999999996,23.924978,,,,,,,,,,,,,,,,,,,,,68,
16:43:31.133,,,,,,,,,,,,,,,,,,1,,,,,,,,,,,,,,,16.470588235294116,,,
16:43:31.295,,,,,,,,,,,,,,,,,,,,,,,,,,,,,,,18.0120129,4.08334,,,,
16:43:31.650,,,,,,,,0,,,,,,,,,,,,,,,,,,,,,100,,,,,,,
16:43:31.879,3.6863823250392747,4.092099896601786,5.429107627937865,4.092099896601786,3.720104960755783,,,,,0,,,,,,0,0,,0.35749161554666276,0.979034,1.6288209999999999,0.979034,0.3610665317021294,0.9888243399999999,1.64510921,0.9888243399999999,0,,,,,,,,,
16:43:32.204,,,,,,66.56636535456198,,,0,,9.723402405,23.950753,30.027409,23.950753,,,,,,,,,,,,,,,,,,,,,69,
16:43:32.518,,,,,,,,,,,,,,,,,,1,,,,,,,,,,,,,,,16.470588235294116,,,
16:43:32.674,,,,,,,,,,,,,,,,,,,,,,,,,,,,,,,17.9393802,4.06626,,,,
16:43:33.032,,,,,,,,0,,,,,,,,,,,,,,,,,,,,,100,,,,,,,
16:43:33.257,3.676610312485188,4.087696115441548,5.424447377394433,4.087696115441548,3.710389157910214,,,,,0,,,,,,0,0,,0.35749161554666276,0.979034,1.6288209999999999,0.979034,0.3610665317021294,0.9888243399999999,1.64510921,0.9888243399999999,0,,,,,,,,,
16:43:33.587,,,,,,66.5701295537844,,,0,,9.749550992777777,23.976902,30.053557999999995,23.976902,,,,,,,,,,,,,,,,,,,,,68,
16:43:33.879,,,,,,,,,,,,,,,,,,1,,,,,,,,,,,,,,,16.470588235294116,,,
16:43:34.045,,,,,,,,,,,,,,,,,,,,,,,,,,,,,,,17.870334299999996,4.049058,,,,
16:43:34.404,,,,,,,,0,,,,,,,,,,,,,,,,,,,,,100,,,,,,,
16:43:34.635,3.666749533506554,4.083238109744119,5.4197276741742195,4.083238109744119,3.7006712310001064,,,,,0,,,,,,0,0,,0.35749161554666276,0.979034,1.6288209999999999,0.979034,0.3610665317021294,0.9888243399999999,1.64510921,0.9888243399999999,0,,,,,,,,,
16:43:34.909,,,,,,66.57370505112311,,,0,,9.774516548666666,24.001868,30.078523999999998,24.001868,,,,,,,,,,,,,,,,,,,,,68,
16:43:35.209,,,,,,,,,,,,,,,,,,1,,,,,,,,,,,,,,,16.470588235294116,,,
16:43:35.374,,,,,,,,,,,,,,,,,,,,,,,,,,,,,,,17.808462,4.034296,,,,
16:43:35.722,,,,,,,,0,,,,,,,,,,,,,,,,,,,,,100,,,,,,,
16:43:35.959,3.6573841147716704,4.078990851878695,5.415229151536824,4.078990851878695,3.691027775464989,,,,,0,,,,,,0,0,,0.35749161554666276,0.979034,1.6288209999999999,0.979034,0.3610665317021294,0.9888243399999999,1.64510921,0.9888243399999999,0,,,,,,,,,
16:43:36.357,,,,,,66.58032928812347,,,0,,9.802251106333333,24.029603,30.106258999999998,24.029603,,,,,,,,,,,,,,,,,,,,,69,
16:43:36.623,,,,,,,,,,,,,,,,,,1,,,,,,,,,,,,,,,16.470588235294116,,,
16:43:36.797,,,,,,,,,,,,,,,,,,,,,,,,,,,,,,,17.740761149999997,4.017826,,,,
16:43:37.161,,,,,,,,0,,,,,,,,,,,,,,,,,,,,,100,,,,,,,
16:43:37.408,3.6470358866412207,4.074282875168599,5.410240442029014,4.074282875168599,3.6813524343212802,,,,,0,,,,,,0,0,,0.35749161554666276,0.979034,1.6288209999999999,0.979034,0.3610665317021294,0.9888243399999999,1.64510921,0.9888243399999999,0,,,,,,,,,
16:43:37.731,,,,,,66.58658405440016,,,0,,9.828578500999999,24.05593,30.132585999999996,24.05593,,,,,,,,,,,,,,,,,,,,,69,
16:43:38.028,,,,,,,,,,,,,,,,,,1,,,,,,,,,,,,,,,16.470588235294116,,,
16:43:38.190,,,,,,,,,,,,,,,,,,,,,,,,,,,,,,,17.66812845,4.001722,,,,
16:43:38.541,,,,,,,,0,,,,,,,,,,,,,,,,,,,,,100,,,,,,,
16:43:38.786,3.6372667269258736,4.069823947775038,5.4055134862968615,4.069823947775038,3.671634215901916,,,,,0,,,,,,0,0,,0.35749161554666276,0.979034,1.6288209999999999,0.979034,0.3610665317021294,0.9888243399999999,1.64510921,0.9888243399999999,0,,,,,,,,,
16:43:39.115,,,,,,66.5902585901561,,,0,,9.85474080022222,24.082092,30.158747999999996,24.082092,,,,,,,,,,,,,,,,,,,,,68,
16:43:39.407,,,,,,,,,,,,,,,,,,1,,,,,,,,,,,,,,,16.470588235294116,,,
16:43:39.565,,,,,,,,,,,,,,,,,,,,,,,,,,,,,,,18.112891649999998,4.996998,,,,
16:43:39.895,,,,,,,,-0.39,,,,,,,,,,,,,,,,,,,,,61,,,,,,,
16:43:40.137,3.6376297471730936,4.06950110480435,5.404097013576293,4.06950110480435,3.66313656414711,,,,,2.6277559012974283,,,,,,1750,1.8,,0.35847898285568724,0.980021,1.629808,0.980021,0.3620637726842441,0.9898212099999999,1.64610608,0.9898212099999999,10.280301123999067,,,,,,,,,
16:43:40.429,,,,,,66.59619275922316,,,3.808341885938302,,9.879949118388888,24.107300000000002,30.183956,24.107300000000002,,,,,,,,,,,,,,,,,,,,,69,
16:43:40.745,,,,,,,,,,,,,,,,,,2,,,,,,,,,,,,,,,40.78431372549019,,,
16:43:40.915,,,,,,,,,,,,,,,,,,,,,,,,,,,,,,,14.432834849999999,3.23361,,,,
16:43:41.275,,,,,,,,-0.05,,,,,,,,,,,,,,,,,,,,,95,,,,,,,
16:43:41.506,3.6526256681676883,4.075197139455683,5.407531736396647,4.075197139455683,3.65771053933882,,,,,6.309796438687251,,,,,,2150,2.2,,0.36087755750017975,0.98242,1.632207,0.98242,0.3644863330751815,0.9922441999999999,1.64852907,0.9922441999999999,24.685172389419666,,,,,,,,,
16:43:41.813,,,,,,66.60497892889313,,,9.013994912410359,,9.906824860055554,24.134176,30.210831999999996,24.134176,,,,,,,,,,,,,,,,,,,,,70,
16:43:42.116,,,,,,,,,,,,,,,,,,1,,,,,,,,,,,,,,,27.45098039215686,,,
16:43:42.271,,,,,,,,,,,,,,,,,,,,,,,,,,,,,,,14.748473249999998,3.33792,,,,
16:43:42.623,,,,,,,,-0.14,,,,,,,,,,,,,,,,,,,,,86,,,,,,,
16:43:42.865,3.663723111202852,4.079281596355309,5.409609374544866,4.079281596355309,3.654878137609267,,,,,5.514383684375696,,,,,,2121,2.1,,0.3629586319842449,0.984501,1.634288,0.984501,0.36658821830408733,0.9943460099999999,1.65063088,0.9943460099999999,21.573360280785476,,,,,,,,,
16:43:43.184,,,,,,66.61623483490996,,,7.766737583627741,,9.93394046611111,24.161292,30.237947999999996,24.161292,,,,,,,,,,,,,,,,,,,,,71,
16:43:43.500,,,,,,,,,,,,,,,,,,1,,,,,,,,,,,,,,,29.41176470588235,,,
16:43:43.650,,,,,,,,,,,,,,,,,,,,,,,,,,,,,,,15.099979649999998,3.4390579999999997,,,,
16:43:43.995,,,,,,,,-0.08,,,,,,,,,,,,,,,,,,,,,92,,,,,,,
16:43:44.220,3.675538195821124,4.083672346660932,5.411924777435295,4.083672346660932,3.6547441230262594,,,,,5.750918976482389,,,,,,2117,2.1,,0.3651257761820449,0.986668,1.636455,0.986668,0.36877703394386535,0.9965346799999999,1.65281955,0.9965346799999999,22.498733154312006,,,,,,,,,
16:43:44.552,,,,,,66.62989492435166,,,7.98738746733665,,9.961251914111111,24.188603,30.265258999999997,24.188603,,,,,,,,,,,,,,,,,,,,0.020836561099254025,72,
16:43:44.846,,,,,,,,,,,,,,,,,,1,,,,,,,,,,,,,,,29.80392156862745,,,
16:43:45.012,,,,,,,,,,,,,,,,,,,,,,,,,,,,,,,14.710811849999999,3.3367,,,,
16:43:45.351,,,,,,,,-0.07,,,,,,,,,,,,,,,,,,,,,93,,,,,,,
16:43:45.603,3.6899104274716765,4.08912825598072,5.415086651001402,4.08912825598072,3.6576392347719,,,,,6.344928437981517,,,,,,2251,2.3,,0.36756127308550784,0.9891030000000001,1.63889,0.9891030000000001,0.37123688581636294,0.99899403,1.6552789,0.99899403,24.822615723351422,,,,,,,,,
16:43:45.952,,,,,,66.64643510104722,,,8.691682791755502,,9.989663163305556,24.217014,30.29367,24.217014,,,,,,,,,,,,,,,,,,,,0.020513873493477216,73,
16:43:46.267,,,,,,,,,,,,,,,,,,1,,,,,,,,,,,,,,,30.58823529411765,,,
16:43:46.425,,,,,,,,,,,,,,,,,,,,,,,,,,,,,,,14.6099331,3.288266,,,,
16:43:46.771,,,,,,,,-0.11,,,,,,,,,,,,,,,,,,,,,89,,,,,,,
16:43:47.022,3.705988585954392,4.095294324890757,5.418772304577161,4.095294324890757,3.6637147936697403,,,,,6.733226619744179,,,,,,2479,2.5,,0.37021577660739435,0.9917579999999999,1.641545,0.9917579999999999,0.3739179343734683,1.00167558,1.65796045,1.00167558,26.34171505539005,,,,,,,,,
16:43:47.324,,,,,,66.66504364440979,,,9.098954891546187,,10.017802929527779,24.245154,30.32181,24.245154,,,,,,,,,,,,,,,,,,,,0.020559281490120297,74,
16:43:47.614,,,,,,,,,,,,,,,,,,1,,,,,,,,,,,,,,,29.019607843137255,,,
16:43:47.810,,,,,,,,,,,,,,,,,,,,,,,,,,,,,,,14.7049833,3.33792,,,,
16:43:48.177,,,,,,,,-0.11,,,,,,,,,,,,,,,,,,,,,89,,,,,,,
16:43:48.441,3.7208093984794024,4.100967970754073,5.422080673943937,4.100967970754073,3.6729364826495132,,,,,6.417150826088846,,,,,,2378,2.4,,0.37274335292301447,0.994286,1.6440730000000001,0.994286,0.37647078645224463,1.00422886,1.6605137300000001,1.00422886,25.105163998581656,,,,,,,,,
16:43:48.761,,,,,,66.68716330809508,,,8.556201101451794,,10.047792127444445,24.275143,30.351799,24.275143,,,,,,,,,,,,,,,,,,,,0.020315687758113977,75,
16:43:49.065,,,,,,,,,,,,,,,,,,1,,,,,,,,,,,,,,,29.019607843137255,,,
16:43:49.217,,,,,,,,,,,,,,,,,,,,,,,,,,,,,,,14.709915149999999,3.33121,,,,
16:43:49.571,,,,,,,,-0.08,,,,,,,,,,,,,,,,,,,,,92,,,,,,,
16:43:49.782,,,,,,,100,,,,,,,,,,,,,,,,,,,,,,,,,,,,,
16:43:50.016,3.7378992539120923,4.107572095455833,5.4260572824694835,4.107572095455833,3.685515548522791,,,,,6.475074963447819,,,,,,2322,2.3,,0.37557634696638387,0.997119,1.646906,0.997119,0.3793321104360477,1.00709019,1.6633750600000001,1.00709019,25.331774687232045,,,,,,,,,
16:43:50.355,,,,,,66.71446228245138,,,8.519835478220815,,10.081457332333335,24.308808,30.385464,24.308808,,,,,,,,,,,,,,,,,,,,0.01952649257274219,76,
16:43:50.651,,,,,,,,,,,,,,,,,,1,,,,,,,,,,,,,,,29.019607843137255,,,
16:43:50.823,,,,,,,,,,,,,,,,,,,,,,,,,,,,,,,14.7040866,3.310836,,,,
16:43:51.192,,,,,,,,-0.07,,,,,,,,,,,,,,,,,,,,,93,,,,,,,
16:43:51.461,3.751383308517046,4.112653323025958,5.428661546850165,4.112653323025958,3.699734743690785,,,,,6.522670723428099,,,,,,2313,2.3,,0.37819410762042055,0.999737,1.649524,0.999737,0.38197604869662477,1.0097343699999999,1.66601924,1.0097343699999999,25.517978719570547,,,,,,,,,
16:43:51.776,,,,,,66.74125200035321,,,8.471000939517012,,10.111842933305557,24.339194,30.41585,24.339194,,,,,,,,,,,,,,,,,,,,0.01945321461955921,77,
16:43:52.078,,,,,,,,,,,,,,,,,,1,,,,,,,,,,,,,,,29.019607843137255,,,
16:43:52.230,,,,,,,,,,,,,,,,,,,,,,,,,,,,,,,14.7336777,3.34158,,,,
16:43:52.574,,,,,,,,-0.09,,,,,,,,,,,,,,,,,,,,,91,,,,,,,
16:43:52.817,3.763593033233902,4.117276849841453,5.431046641800245,4.117276849841453,3.7136056643240614,,,,,6.297980579549937,,,,,,2287,2.3,,0.3805686161694426,1.002112,1.651899,1.002112,0.384374302331137,1.0121331199999999,1.66841799,1.0121331199999999,24.638946410092444,,,,,,,,,
16:43:53.179,,,,,,66.76755703283696,,,8.17919555785706,,10.141833605555556,24.369185,30.445840999999998,24.369185,,,,,,,,,,,,,,,,,,,,0.014511863442298977,77,
16:43:53.479,,,,,,,,,,,,,,,,,,1,,,,,,,,,,,,,,,27.84313725490196,,,
16:43:53.641,,,,,,,,,,,,,,,,,,,,,,,,,,,,,,,14.7040866,3.305346,,,,
16:43:54.002,,,,,,,,-0.1,,,,,,,,,,,,,,,,,,,,,90,,,,,,,
16:43:54.237,3.7742666302051315,4.121282677282805,5.432958807083043,4.121282677282805,3.734835805396235,,,,,5.613628583779592,,,,,,2057,2.1,,0.3827798414654133,1.0043229999999999,1.65411,1.0043229999999999,0.3866076398800674,1.0143662299999998,1.6706511000000002,1.0143662299999998,21.961625968016662,,,,,,,,,
16:43:54.569,,,,,,66.79351329854424,,,7.290426732181288,,10.171578172972223,24.39893,30.475586,24.39893,,,,,,,,,,,,,,,,,,,,0.009754320504863207,77,
16:43:54.856,,,,,,,,,,,,,,,,,,1,,,,,,,,,,,,,,,25.88235294117647,,,
16:43:55.008,,,,,,,,,,,,,,,,,,,,,,,,,,,,,,,14.7229173,3.355,,,,
16:43:55.359,,,,,,,,-0.05,,,,,,,,,,,,,,,,,,,,,95,,,,,,,
16:43:55.584,3.781920077883849,4.124049702179563,5.433893871638761,4.124049702179563,3.747980041169402,,,,,4.899472295138806,,,,,,1703,1.7,,0.3846809571612877,1.006224,1.656011,1.006224,0.38852776673290057,1.01628624,1.67257111,1.01628624,19.167705233902826,,,,,,,,,
16:43:55.922,,,,,,66.81866743123737,,,6.3629510326478,,10.200548240166668,24.4279,30.504555999999997,24.4279,,,,,,,,,,,,,,,,,,,,0.005087346301588218,77,
16:43:56.243,,,,,,,,,,,,,,,,,,1,,,,,,,,,,,,,,,25.88235294117647,,,
16:43:56.404,,,,,,,,,,,,,,,,,,,,,,,,,,,,,,,14.690187749999998,3.307176,,,,
16:43:56.755,,,,,,,,-0.06,,,,,,,,,,,,,,,,,,,,,94,,,,,,,
16:43:56.985,3.7885443813656017,4.126408737550096,5.434539024269031,4.126408737550096,3.753050583693927,,,,,4.718901780662106,,,,,,1654,1.7,,0.38645229722132207,1.007995,1.657782,1.007995,0.3903168201935353,1.01807495,1.67435982,1.01807495,18.46127764600573,,,,,,,,,
16:43:57.282,,,,,,66.8413183700374,,,6.209081290344877,,10.229242335722224,24.456594,30.533249999999995,24.456594,,,,,,,,,,,,,,,,,,,,-0.005144706040075471,76,
16:43:57.583,,,,,,,,,,,,,,,,,,1,,,,,,,,,,,,,,,25.49019607843137,,,
16:43:57.730,,,,,,,,,,,,,,,,,,,,,,,,,,,,,,,14.75206005,3.3367,,,,
16:43:58.082,,,,,,,,-0.07,,,,,,,,,,,,,,,,,,,,,93,,,,,,,
16:43:58.339,3.7948354867678953,4.1286452234518025,5.435101078332639,4.1286452234518025,3.7641564462956145,,,,,4.598524471005196,,,,,,1636,1.6,,0.3881829181834721,1.0097260000000001,1.659513,1.0097260000000001,0.39206474736530683,1.01982326,1.67610813,1.01982326,17.9903377877187,,,,,,,,,
16:43:58.671,,,,,,66.86184260236853,,,6.131365961340261,,10.258189135722224,24.485540999999998,30.562196999999998,24.485540999999998,,,,,,,,,,,,,,,,,,,,-0.010316029633465918,75,
16:43:58.961,,,,,,,,,,,,,,,,,,1,,,,,,,,,,,,,,,25.49019607843137,,,
16:43:59.133,,,,,,,,,,,,,,,,,,,,,,,,,,,,,,,14.7632688,3.34158,,,,
16:43:59.492,,,,,,,,-0.08,,,,,,,,,,,,,,,,,,,,,92,,,,,,,
16:43:59.715,3.8008741290596184,4.130780692164409,5.435574543282998,4.130780692164409,3.774164537618142,,,,,4.492832685864544,,,,,,1617,1.6,,0.38990085696967053,1.011444,1.661231,1.011444,0.39379986553936724,1.02155844,1.67784331,1.02155844,17.5768506076338,,,,,,,,,
16:44:00.045,,,,,,66.8820014860163,,,5.990443581152725,,10.286763141972225,24.514115,30.590770999999997,24.514115,,,,,,,,,,,,,,,,,,,,-0.010343826375069986,75,
16:44:00.350,,,,,,,,,,,,,,,,,,1,,,,,,,,,,,,,,,25.098039215686274,,,
16:44:00.514,,,,,,,,,,,,,,,,,,,,,,,,,,,,,,,14.66597685,3.308396,,,,
16:44:00.990,,,,,,,,-0.06,,,,,,,,,,,,,,,,,,,,,94,,,,,,,
16:44:01.213,3.8086612289805726,4.1336634016769525,5.436665849317756,4.1336634016769525,3.7830097845017017,,,,,4.538081405733364,,,,,,1588,1.6,,0.39178795950535994,1.013331,1.6631179999999999,1.013331,0.39570583910041357,1.02346431,1.67974918,1.02346431,17.75387255457236,,,,,,,,,
16:44:01.525,,,,,,66.90362924741666,,,6.050775207644485,,10.317577414888891,24.544929,30.621584999999996,24.544929,,,,,,,,,,,,,,,,,,,,-0.010111723887284688,75,
16:44:01.821,,,,,,,,,,,,,,,,,,1,,,,,,,,,,,,,,,25.098039215686274,,,
16:44:01.985,,,,,,,,,,,,,,,,,,,,,,,,,,,,,,,14.661044999999998,3.316448,,,,
16:44:02.331,,,,,,,,-0.06,,,,,,,,,,,,,,,,,,,,,94,,,,,,,
16:44:02.572,3.813698043368585,4.135371505861761,5.436723801201016,4.135371505861761,3.7907991263581446,,,,,4.476716683062003,,,,,,1566,1.6,,0.3934812479946567,1.015024,1.664811,1.015024,0.3974160604746033,1.02517424,1.68145911,1.02517424,17.51380161528123,,,,,,,,,
16:44:02.881,,,,,,66.92092151862035,,,6.049617139272977,,10.345453712333336,24.572805,30.649460999999995,24.572805,,,,,,,,,,,,,,,,,,,,-0.010117376619169036,74,
16:44:03.181,,,,,,,,,,,,,,,,,,1,,,,,,,,,,,,,,,24.705882352941178,,,
16:44:03.346,,,,,,,,,,,,,,,,,,,,,,,,,,,,,,,14.75833695,3.324378,,,,
16:44:03.694,,,,,,,,-0.07,,,,,,,,,,,,,,,,,,,,,93,,,,,,,
16:44:03.941,3.8193450849194983,4.137382769284988,5.437152712081953,4.137382769284988,3.797768132818844,,,,,4.340891554916124,,,,,,1545,1.5,,0.395128577874625,1.016671,1.666458,1.016671,0.3990798636533713,1.02683771,1.68312258,1.02683771,16.982426833911322,,,,,,,,,
16:44:04.255,,,,,,66.93592559756952,,,5.946426787556334,,10.373376277222226,24.600728,30.677383999999996,24.600728,,,,,,,,,,,,,,,,,,,,-0.010144483934758738,73,
16:44:04.568,,,,,,,,,,,,,,,,,,1,,,,,,,,,,,,,,,24.313725490196077,,,
16:44:04.727,,,,,,,,,,,,,,,,,,,,,,,,,,,,,,,14.727849149999997,3.309616,,,,
16:44:05.062,,,,,,,,-0.11,,,,,,,,,,,,,,,,,,,,,89,,,,,,,
16:44:05.300,3.824033349356225,4.138999463755707,5.437266098047996,4.138999463755707,3.8039889727127303,,,,,4.108898835115581,,,,,,1525,1.5,,0.39668136829518513,1.018224,1.668011,1.018224,0.400648181978137,1.0284062399999998,1.6846911100000002,1.0284062399999998,16.074825402230562,,,,,,,,,
16:44:05.649,,,,,,66.95100641069577,,,5.62862854125422,,10.40158122841667,24.628933,30.705588999999996,24.628933,,,,,,,,,,,,,,,,,,,,-0.010110505933808172,73,
16:44:05.964,,,,,,,,,,,,,,,,,,1,,,,,,,,,,,,,,,24.313725490196077,,,
16:44:06.125,,,,,,,,,,,,,,,,,,,,,,,,,,,,,,,14.712156899999998,3.323158,,,,
16:44:06.473,,,,,,,,-0.08,,,,,,,,,,,,,,,,,,,,,92,,,,,,,
16:44:06.698,3.8292202363873327,4.140828999778431,5.437541028768411,4.140828999778431,3.8099014925256656,,,,,4.171074996714131,,,,,,1496,1.5,,0.39829945330279726,1.019842,1.669629,1.019842,0.40228244783582523,1.03004042,1.68632529,1.03004042,16.31807085119023,,,,,,,,,
16:44:07.043,,,,,,66.96607956688219,,,5.713801365361823,,10.429912739305559,24.657265,30.733920999999995,24.657265,,,,,,,,,,,,,,,,,,,,-0.010266118518595654,73,
16:44:07.356,,,,,,,,,,,,,,,,,,1,,,,,,,,,,,,,,,23.92156862745098,,,
16:44:07.516,,,,,,,,,,,,,,,,,,,,,,,,,,,,,,,14.788376399999997,3.34951,,,,
16:44:07.858,,,,,,,,-0.12,,,,,,,,,,,,,,,,,,,,,88,,,,,,,
16:44:08.106,3.8336626123615622,4.142349121039985,5.4375652231291935,4.142349121039985,3.815541271400161,,,,,3.955894904923031,,,,,,1491,1.5,,0.39984766518869286,1.02139,1.671177,1.02139,0.40384614184057976,1.0316039,1.68788877,1.0316039,15.47624374753496,,,,,,,,,
16:44:08.413,,,,,,66.97834970395375,,,5.494298479059765,,10.45731341330556,24.684666,30.761322,24.684666,,,,,,,,,,,,,,,,,,,,-0.010240442993435088,72,
16:44:08.713,,,,,,,,,,,,,,,,,,1,,,,,,,,,,,,,,,23.529411764705884,,,
16:44:08.866,,,,,,,,,,,,,,,,,,,,,,,,,,,,,,,14.6915328,3.298026,,,,
16:44:09.251,,,,,,,,-0.11,,,,,,,,,,,,,,,,,,,,,89,,,,,,,
16:44:09.490,3.8383963705295723,4.1440098885680685,5.437744190578025,4.1440098885680685,3.8209863818703704,,,,,4.021818994858753,,,,,,1489,1.5,,0.40139313851122277,1.022935,1.672722,1.022935,0.405407069896335,1.0331643499999998,1.6894492200000002,1.0331643499999998,15.734151833872126,,,,,,,,,
16:44:09.830,,,,,,66.99097361833772,,,5.585859715081601,,10.485644217305559,24.712997,30.789652999999998,24.712997,,,,,,,,,,,,,,,,,,,,-0.005081307404271576,72,
16:44:10.128,,,,,,,,,,,,,,,,,,1,,,,,,,,,,,,,,,23.137254901960784,,,
16:44:10.274,,,,,,,,,,,,,,,,,,,,,,,,,,,,,,,14.719778849999999,3.33914,,,,
16:44:10.619,,,,,,,,-0.1,,,,,,,,,,,,,,,,,,,,,90,,,,,,,
16:44:10.869,3.8430320969906355,4.1456283104797045,5.437852774761703,4.1456283104797045,3.8262561278617477,,,,,4.108274010559678,,,,,,1507,1.5,,0.40296667284729515,1.0245090000000001,1.674296,1.0245090000000001,0.4069963395757681,1.0347540899999998,1.6910389600000002,1.0347540899999998,16.072380964913844,,,,,,,,,
16:44:11.204,,,,,,67.00315731243192,,,5.70593612577733,,10.51312281930556,24.740476,30.817131999999997,24.740476,,,,,,,,,,,,,,,,,,,,-0.005098651232527903,72,
16:44:11.509,,,,,,,,,,,,,,,,,,1,,,,,,,,,,,,,,,24.313725490196077,,,
16:44:11.674,,,,,,,,,,,,,,,,,,,,,,,,,,,,,,,14.643111,3.278994,,,,
16:44:12.010,,,,,,,,-0.1,,,,,,,,,,,,,,,,,,,,,90,,,,,,,
16:44:12.248,3.848122584054117,4.147454559888015,5.438166666515236,4.147454559888015,3.831188797245941,,,,,4.154447564065758,,,,,,1516,1.5,,0.40455785349904416,1.0261,1.675887,1.0261,0.4086034320340346,1.0363609999999999,1.6926458700000002,1.0363609999999999,16.25302104406778,,,,,,,,,
16:44:12.567,,,,,,67.01277161590382,,,5.851334597275715,,10.539985016500005,24.767338,30.843993999999995,24.767338,,,,,,,,,,,,,,,,,,,,-0.010255728678574267,71,
16:44:12.850,,,,,,,,,,,,,,,,,,1,,,,,,,,,,,,,,,24.313725490196077,,,
16:44:13.015,,,,,,,,,,,,,,,,,,,,,,,,,,,,,,,14.703189899999998,3.312056,,,,
16:44:13.365,,,,,,,,-0.11,,,,,,,,,,,,,,,,,,,,,89,,,,,,,
16:44:13.587,3.8527476051359955,4.14909749283512,5.4383618412064285,4.14909749283512,3.8360699924668675,,,,,4.0861023518247235,,,,,,1514,1.5,,0.4060790203048967,1.027621,1.677408,1.027621,0.4101398105079456,1.03789721,1.69418208,1.03789721,15.985641048127304,,,,,,,,,
16:44:13.916,,,,,,67.02224636699647,,,5.755073734964399,,10.56658434605556,24.793937,30.870593,24.793937,,,,,,,,,,,,,,,,,,,,-0.005147940153425262,71,
16:44:14.203,,,,,,,,,,,,,,,,,,1,,,,,,,,,,,,,,,24.313725490196077,,,
16:44:14.371,,,,,,,,,,,,,,,,,,,,,,,,,,,,,,,14.72874585,3.312056,,,,
16:44:14.700,,,,,,,,-0.07,,,,,,,,,,,,,,,,,,,,,93,,,,,,,
16:44:14.930,3.8580129822010742,4.151022889184562,5.438797369392937,4.151022889184562,3.8409034796270647,,,,,4.242631949571529,,,,,,1507,1.5,,0.40766019584604996,1.029202,1.678989,1.029202,0.41173679780451045,1.03949402,1.6957788900000001,1.03949402,16.598015812031782,,,,,,,,,
16:44:15.259,,,,,,67.0316517835689,,,5.975537957142999,,10.593114651777782,24.820467,30.897122999999997,24.820467,,,,,,,,,,,,,,,,,,,,-0.005217124014158453,71,
16:44:15.563,,,,,,,,,,,,,,,,,,1,,,,,,,,,,,,,,,24.705882352941178,,,
16:44:15.736,,,,,,,,,,,,,,,,,,,,,,,,,,,,,,,14.718882149999997,3.33792,,,,
16:44:16.099,,,,,,,,-0.06,,,,,,,,,,,,,,,,,,,,,94,,,,,,,
16:44:16.344,3.865067207372835,4.153721201136142,5.439859238674099,4.153721201136142,3.8460327118791406,,,,,4.50753249254496,,,,,,1583,1.6,,0.40943100064527016,1.030973,1.68076,1.030973,0.4135253106517229,1.0412827299999998,1.6975676000000002,1.0412827299999998,17.634359160488593,,,,,,,,,
16:44:16.684,,,,,,67.04154710665395,,,6.3486373134436045,,10.621162955250004,24.848515,30.925171,24.848515,,,,,,,,,,,,,,,,,,,,-0.005169141165093304,71,
16:44:16.962,,,,,,,,,,,,,,,,,,1,,,,,,,,,,,,,,,25.098039215686274,,,
16:44:17.109,,,,,,,,,,,,,,,,,,,,,,,,,,,,,,,14.6924295,3.309616,,,,
16:44:17.461,,,,,,,,-0.07,,,,,,,,,,,,,,,,,,,,,93,,,,,,,
16:44:17.685,3.8704852407430037,4.155713128128582,5.44029328083586,4.155713128128582,3.8511908374235997,,,,,4.4534979582159595,,,,,,1578,1.6,,0.41109054457821487,1.032633,1.68242,1.032633,0.415201450023997,1.04295933,1.6992442,1.04295933,17.422965368651646,,,,,,,,,
16:44:17.981,,,,,,67.05053919686767,,,6.272532335515436,,10.64677293530556,24.874125,30.950781,24.874125,,,,,,,,,,,,,,,,,,,,0,71,
16:44:18.289,,,,,,,,,,,,,,,,,,1,,,,,,,,,,,,,,,25.098039215686274,,,
16:44:18.454,,,,,,,,,,,,,,,,,,,,,,,,,,,,,,,14.626522049999998,3.290096,,,,
16:44:18.809,,,,,,,,-0.06,,,,,,,,,,,,,,,,,,,,,94,,,,,,,
16:44:19.057,3.877307917170017,4.15834124818461,5.441342497948598,4.15834124818461,3.8566465005246564,,,,,4.510206608847267,,,,,,1574,1.6,,0.4128081699437171,1.034351,1.684138,1.034351,0.4169362516431543,1.0446945099999998,1.7009793800000002,1.0446945099999998,17.644820832676157,,,,,,,,,
16:44:19.378,,,,,,67.06015432813065,,,6.35240367443277,,10.674286703444448,24.901639,30.978294999999996,24.901639,,,,,,,,,,,,,,,,,,,,0,71,
16:44:19.672,,,,,,,,,,,,,,,,,,1,,,,,,,,,,,,,,,25.098039215686274,,,
16:44:19.825,,,,,,,,,,,,,,,,,,,,,,,,,,,,,,,14.714846999999999,3.34951,,,,
16:44:20.161,,,,,,,,-0.1,,,,,,,,,,,,,,,,,,,,,90,,,,,,,
16:44:20.384,3.8821538186104085,4.160107694116038,5.441622916948786,4.160107694116038,3.8621161815347613,,,,,4.29508974095049,,,,,,1575,1.6,,0.41439222886719174,1.035935,1.685722,1.035935,0.4185361511558637,1.04629435,1.70257922,1.04629435,16.803241073407612,,,,,,,,,
16:44:20.729,,,,,,67.0694300123086,,,6.049422170352803,,10.700956707583337,24.928309,31.004965,24.928309,,,,,,,,,,,,,,,,,,,,0,71,
16:44:21.029,,,,,,,,,,,,,,,,,,1,,,,,,,,,,,,,,,25.098039215686274,,,
16:44:21.192,,,,,,,,,,,,,,,,,,,,,,,,,,,,,,,14.70005145,3.310836,,,,
16:44:21.520,,,,,,,,-0.06,,,,,,,,,,,,,,,,,,,,,94,,,,,,,
16:44:21.762,3.888500258488506,4.162536656617984,5.442473487713984,4.162536656617984,3.867799701721995,,,,,4.479093305313479,,,,,,1571,1.6,,0.41610672923512115,1.03765,1.687437,1.03765,0.42026779652747237,1.0480265,1.70431137,1.0480265,17.52309943186728,,,,,,,,,
16:44:22.081,,,,,,67.07864723140663,,,6.308582120159829,,10.72758359105556,24.954936,31.031591999999996,24.954936,,,,,,,,,,,,,,,,,,,,0,71,
16:44:22.382,,,,,,,,,,,,,,,,,,1,,,,,,,,,,,,,,,24.705882352941178,,,
16:44:22.553,,,,,,,,,,,,,,,,,,,,,,,,,,,,,,,14.7229173,3.301686,,,,
16:44:22.918,,,,,,,,-0.08,,,,,,,,,,,,,,,,,,,,,92,,,,,,,
16:44:23.145,3.894470961475101,4.16481132229712,5.443204460795953,4.16481132229712,3.873593248899618,,,,,4.3602683873912005,,,,,,1565,1.6,,0.41778262782162656,1.039326,1.6891129999999999,1.039326,0.42196045409984284,1.0497192599999998,1.7060041300000002,1.0497192599999998,17.058232837267546,,,,,,,,,
16:44:23.485,,,,,,67.0882039431855,,,6.141223080832677,,10.755323705222226,24.982675999999998,31.059331999999998,24.982675999999998,,,,,,,,,,,,,,,,,,,,0,71,
16:44:23.771,,,,,,,,,,,,,,,,,,1,,,,,,,,,,,,,,,24.705882352941178,,,
16:44:23.942,,,,,,,,,,,,,,,,,,,,,,,,,,,,,,,14.699154749999998,3.317668,,,,
16:44:24.281,,,,,,,,-0.11,,,,,,,,,,,,,,,,,,,,,89,,,,,,,
16:44:24.508,3.8992863198593812,4.166583275546623,5.443487966837148,4.166583275546623,3.879410588240041,,,,,4.222205030659045,,,,,,1564,1.6,,0.4193808658943234,1.040924,1.6907109999999999,1.040924,0.42357467455326664,1.05133324,1.70761811,1.05133324,16.518101662718227,,,,,,,,,
16:44:24.844,,,,,,67.09739831383928,,,5.946767648815555,,10.782140288861115,25.009493,31.086149,25.009493,,,,,,,,,,,,,,,,,,,,0,71,
16:44:25.309,,,,,,,,,,,,,,,,,,1,,,,,,,,,,,,,,,24.705882352941178,,,
16:44:25.461,,,,,,,,,,,,,,,,,,,,,,,,,,,,,,,14.741299649999998,3.301686,,,,
16:44:25.784,,,,,,,,-0.09,,,,,,,,,,,,,,,,,,,,,91,,,,,,,
16:44:26.010,3.9062027845665663,4.169276842197481,5.444553456910986,4.169276842197481,3.8854343135357277,,,,,4.296486452018365,,,,,,1561,1.6,,0.4211722641993665,1.042715,1.692502,1.042715,0.42538398684136014,1.05314215,1.7094270200000001,1.05314215,16.808705283517035,,,,,,,,,
16:44:26.359,,,,,,67.10757761102802,,,6.05138936903995,,10.811977311111114,25.03933,31.115986,25.03933,,,,,,,,,,,,,,,,,,,,0,71,
16:44:26.663,,,,,,,,,,,,,,,,,,1,,,,,,,,,,,,,,,24.705882352941178,,,
16:44:26.830,,,,,,,,,,,,,,,,,,,,,,,,,,,,,,,14.7632688,3.32999,,,,
16:44:27.173,,,,,,,,-0.09,,,,,,,,,,,,,,,,,,,,,91,,,,,,,
16:44:27.392,3.910644407582124,4.1708823678588836,5.4446225808174615,4.1708823678588836,3.891131463561889,,,,,4.287344573185251,,,,,,1560,1.6,,0.42281798606601495,1.0443609999999999,1.694148,1.0443609999999999,0.4270461659266751,1.05480461,1.71108948,1.05480461,16.772940444325883,,,,,,,,,
16:44:27.729,,,,,,67.11688014604164,,,6.038513483359509,,10.839381214638893,25.066734,31.143389999999997,25.066734,,,,,,,,,,,,,,,,,,,,0,71,
16:44:28.056,,,,,,,,,,,,,,,,,,1,,,,,,,,,,,,,,,24.705882352941178,,,
16:44:28.217,,,,,,,,,,,,,,,,,,,,,,,,,,,,,,,14.7336777,3.304126,,,,
16:44:28.546,,,,,,,,-0.11,,,,,,,,,,,,,,,,,,,,,89,,,,,,,
16:44:28.774,3.915610532605144,4.1727454402316635,5.445001330940531,4.1727454402316635,3.896772125044656,,,,,4.193458789286666,,,,,,1557,1.6,,0.4244279525096239,1.045971,1.695758,1.045971,0.42867223203472016,1.0564307099999999,1.71271558,1.0564307099999999,16.405640677531096,,,,,,,,,
16:44:29.083,,,,,,67.12576168263094,,,5.906279984910797,,10.865667720166671,25.093021,31.169677,25.093021,,,,,,,,,,,,,,,,,,,,0,71,
16:44:29.364,,,,,,,,,,,,,,,,,,1,,,,,,,,,,,,,,,24.705882352941178,,,
16:44:29.516,,,,,,,,,,,,,,,,,,,,,,,,,,,,,,,14.723813999999999,3.285826,,,,
16:44:29.846,,,,,,,,-0.08,,,,,,,,,,,,,,,,,,,,,92,,,,,,,
16:44:30.082,3.9205995729670375,4.1746348516585545,5.445449434718235,4.1746348516585545,3.902183582019284,,,,,4.323785565207168,,,,,,1552,1.6,,0.4259993222368717,1.047542,1.6973289999999999,1.047542,0.4302593154592404,1.0580174199999999,1.71430229,1.0580174199999999,16.91550481686048,,,,,,,,,
16:44:30.376,,,,,,67.13435079318346,,,6.089838824235447,,10.891203627500005,25.118557,31.195212999999995,25.118557,,,,,,,,,,,,,,,,,,,,0,71,
16:44:30.658,,,,,,,,,,,,,,,,,,1,,,,,,,,,,,,,,,24.705882352941178,,,
16:44:30.813,,,,,,,,,,,,,,,,,,,,,,,,,,,,,,,14.6852559,3.32877,,,,
16:44:31.180,,,,,,,,-0.07,,,,,,,,,,,,,,,,,,,,,93,,,,,,,
16:44:31.446,3.9264114950359432,4.176895989686032,5.446229843021108,4.176895989686032,3.907715791572475,,,,,4.31166879209628,,,,,,1527,1.5,,0.4276334711779318,1.049176,1.698963,1.049176,0.4319098058897111,1.05966776,1.71595263,1.05966776,16.868101602517164,,,,,,,,,
16:44:31.795,,,,,,67.14372026230203,,,6.072772946614479,,10.919189308972227,25.146543,31.223198999999997,25.146543,,,,,,,,,,,,,,,,,,,,0,71,
16:44:32.101,,,,,,,,,,,,,,,,,,1,,,,,,,,,,,,,,,23.137254901960784,,,
16:44:32.253,,,,,,,,,,,,,,,,,,,,,,,,,,,,,,,14.64804285,3.290096,,,,
16:44:32.612,,,,,,,,-0.13,,,,,,,,,,,,,,,,,,,,,87,,,,,,,
16:44:32.847,3.930294406503583,4.178303952157559,5.446226057746357,4.178303952157559,3.9129400600743605,,,,,3.911335518433187,,,,,,1477,1.5,,0.42915628664607264,1.050699,1.700486,1.050699,0.43344784951253335,1.06120599,1.71749086,1.06120599,15.301918609195404,,,,,,,,,
16:44:33.164,,,,,,67.15270968983407,,,5.508923265398854,,10.94616797180556,25.173522,31.250178,25.173522,,,,,,,,,,,,,,,,,,,,0,71,
16:44:33.469,,,,,,,,,,,,,,,,,,1,,,,,,,,,,,,,,,23.137254901960784,,,
16:44:33.635,,,,,,,,,,,,,,,,,,,,,,,,,,,,,,,14.6852559,3.301686,,,,
16:44:34.000,,,,,,,,-0.13,,,,,,,,,,,,,,,,,,,,,87,,,,,,,
16:44:34.241,3.934436210460656,4.179840230540646,5.4463689774823045,4.179840230540646,3.9179357161975545,,,,,3.911989837795871,,,,,,1481,1.5,,0.43066999634056474,1.052213,1.702,1.052213,0.4349766963039704,1.06273513,1.71902,1.06273513,15.30447843603333,,,,,,,,,
16:44:34.558,,,,,,67.16183847622831,,,5.509844841966015,,10.973694200444449,25.201048,31.277704,25.201048,,,,,,,,,,,,,,,,,,,,0,71,
16:44:34.854,,,,,,,,,,,,,,,,,,1,,,,,,,,,,,,,,,23.137254901960784,,,
16:44:35.017,,,,,,,,,,,,,,,,,,,,,,,,,,,,,,,14.732781,3.326818,,,,
16:44:35.361,,,,,,,,-0.14,,,,,,,,,,,,,,,,,,,,,86,,,,,,,
16:44:35.595,3.937706010157354,4.180996758547502,5.446186203437439,4.180996758547502,3.9227381774848014,,,,,3.8337288271571497,,,,,,1473,1.5,,0.43211181606719,1.053655,1.703442,1.053655,0.4364329342278619,1.0641915499999999,1.7204764200000002,1.0641915499999999,14.998305874404865,,,,,,,,,
16:44:35.921,,,,,,67.17071292875079,,,5.399618066418521,,11.000579338527782,25.227933,31.304589,25.227933,,,,,,,,,,,,,,,,,,,,0,71,
16:44:36.238,,,,,,,,,,,,,,,,,,1,,,,,,,,,,,,,,,22.745098039215687,,,
16:44:36.395,,,,,,,,,,,,,,,,,,,,,,,,,,,,,,,14.753405099999998,3.33792,,,,
16:44:36.745,,,,,,,,-0.13,,,,,,,,,,,,,,,,,,,,,87,,,,,,,
16:44:36.970,3.9413394087947986,4.182320446149908,5.446166375159884,4.182320446149908,3.92713025551333,,,,,3.820300497663616,,,,,,1453,1.5,,0.43357016866513365,1.055113,1.7048999999999999,1.055113,0.43790587035178496,1.06566413,1.721949,1.06566413,14.945771591933022,,,,,,,,,
16:44:37.285,,,,,,67.17954367764779,,,5.380704926286783,,11.027456057194449,25.25481,31.331466,25.25481,,,,,,,,,,,,,,,,,,,,0,71,
16:44:37.595,,,,,,,,,,,,,,,,,,1,,,,,,,,,,,,,,,22.745098039215687,,,
16:44:37.767,,,,,,,,,,,,,,,,,,,,,,,,,,,,,,,14.6915328,3.316448,,,,
16:44:38.114,,,,,,,,-0.16,,,,,,,,,,,,,,,,,,,,,84,,,,,,,
16:44:38.351,3.9446874445859392,4.183527811137759,5.446055412791729,4.183527811137759,3.9313856351388066,,,,,3.7219450617598526,,,,,,1460,1.5,,0.4349986745453811,1.0565419999999999,1.706329,1.0565419999999999,0.43934866129083494,1.06710742,1.72339229,1.06710742,14.560985661940954,,,,,,,,,
16:44:38.672,,,,,,67.19083358933905,,,5.169368141333129,,11.055201491194449,25.282555000000002,31.359211,25.282555000000002,,,,,,,,,,,,,,,,,,,,0.005142655515151722,72,
16:44:38.973,,,,,,,,,,,,,,,,,,1,,,,,,,,,,,,,,,22.745098039215687,,,
16:44:39.138,,,,,,,,,,,,,,,,,,,,,,,,,,,,,,,14.748473249999998,3.310836,,,,
16:44:39.506,,,,,,,,-0.13,,,,,,,,,,,,,,,,,,,,,87,,,,,,,
16:44:39.758,3.948328587105929,4.184857899053319,5.446010743063657,4.184857899053319,3.935475391951405,,,,,3.8268382546993944,,,,,,1455,1.5,,0.4364956808389914,1.058039,1.707826,1.058039,0.4408606376473813,1.0686193899999998,1.7249042600000002,1.0686193899999998,14.971348591292124,,,,,,,,,
16:44:40.102,,,,,,67.20244257083647,,,5.315053131526937,,11.08386722519445,25.311221,31.387876999999996,25.311221,,,,,,,,,,,,,,,,,,,,0.005109081412499215,72,
16:44:40.390,,,,,,,,,,,,,,,,,,1,,,,,,,,,,,,,,,22.352941176470587,,,
16:44:40.548,,,,,,,,,,,,,,,,,,,,,,,,,,,,,,,14.68749765,3.304126,,,,
16:44:40.913,,,,,,,,-0.16,,,,,,,,,,,,,,,,,,,,,84,,,,,,,
16:44:41.139,3.950933240017468,4.185732485998996,5.445564222135827,4.185732485998996,3.9392671003327093,,,,,3.7051177606694337,,,,,,1453,1.5,,0.4379161944796093,1.05946,1.709247,1.05946,0.4422953564244054,1.0700546,1.72633947,1.0700546,14.49515392991886,,,,,,,,,
16:44:41.482,,,,,,67.21354922704074,,,5.145996889818658,,11.111422737194449,25.338777,31.415433,25.338777,,,,,,,,,,,,,,,,,,,,0.005093570387266857,72,
16:44:41.787,,,,,,,,,,,,,,,,,,1,,,,,,,,,,,,,,,22.352941176470587,,,
16:44:41.969,,,,,,,,,,,,,,,,,,,,,,,,,,,,,,,14.72157225,3.291316,,,,
16:44:42.330,,,,,,,,-0.13,,,,,,,,,,,,,,,,,,,,,87,,,,,,,
16:44:42.562,3.954689828762397,4.187123948405245,5.445581475830685,4.187123948405245,3.942801892048516,,,,,3.8101166874785184,,,,,,1446,1.4,,0.4394223048186212,1.060966,1.710753,1.060966,0.4438165278668074,1.07157566,1.72786053,1.07157566,14.905930511092619,,,,,,,,,
16:44:42.912,,,,,,67.22503009486492,,,5.291828732609053,,11.140041405194449,25.367396,31.444052,25.367396,,,,,,,,,,,,,,,,,,,,0.005033385852762132,72,
16:44:43.212,,,,,,,,,,,,,,,,,,1,,,,,,,,,,,,,,,22.352941176470587,,,
16:44:43.364,,,,,,,,,,,,,,,,,,,,,,,,,,,,,,,14.64624945,3.301686,,,,
16:44:43.711,,,,,,,,-0.13,,,,,,,,,,,,,,,,,,,,,87,,,,,,,
16:44:43.936,3.9577810835466805,4.188218609430782,5.445319197411327,4.188218609430782,3.9462377266789033,,,,,3.8667901833312106,,,,,,1460,1.5,,0.4408984514340537,1.0624419999999999,1.712229,1.0624419999999999,0.4453074359483942,1.07306642,1.72935129,1.07306642,15.12764844266599,,,,,,,,,
16:44:44.276,,,,,,67.23364153989368,,,5.4461833568045215,,11.166942411777782,25.394297,31.470952999999998,25.394297,,,,,,,,,,,,,,,,,,,,-0.005053890631994634,71,
16:44:44.571,,,,,,,,,,,,,,,,,,1,,,,,,,,,,,,,,,23.92156862745098,,,
16:44:44.717,,,,,,,,,,,,,,,,,,,,,,,,,,,,,,,14.73771285,3.310836,,,,
16:44:45.082,,,,,,,,-0.07,,,,,,,,,,,,,,,,,,,,,93,,,,,,,
16:44:45.319,3.9631181326271427,4.190322732698606,5.4459424854404626,4.190322732698606,3.9498229669497134,,,,,4.3244576780990895,,,,,,1537,1.5,,0.4425591195811961,1.064103,1.71389,1.064103,0.4469847107770081,1.07474403,1.7310289,1.07474403,16.918134255506153,,,,,,,,,
16:44:45.642,,,,,,67.24448930280161,,,6.006191219582068,,11.194221079777781,25.421576,31.498231999999998,25.421576,,,,,,,,,,,,,,,,,,,,,72,
16:44:45.945,,,,,,,,,,,,,,,,,,1,,,,,,,,,,,,,,,24.705882352941178,,,
16:44:46.096,,,,,,,,,,,,,,,,,,,,,,,,,,,,,,,14.669563649999999,3.309616,,,,
16:44:46.433,,,,,,,,-0.07,,,,,,,,,,,,,,,,,,,,,93,,,,,,,
16:44:46.665,3.9680794370397434,4.192261722876662,5.4464199768418755,4.192261722876662,3.9536196453100128,,,,,4.372813871367364,,,,,,1547,1.5,,0.44419558480343047,1.065739,1.715526,1.065739,0.4486375406514648,1.07639639,1.7326812600000001,1.07639639,17.107313253358544,,,,,,,,,
16:44:46.981,,,,,,67.25511958871031,,,6.073352599121338,,11.22107386577778,25.448428999999997,31.525084999999997,25.448428999999997,,,,,,,,,,,,,,,,,,,,,72,
16:44:47.292,,,,,,,,,,,,,,,,,,1,,,,,,,,,,,,,,,24.705882352941178,,,
16:44:47.446,,,,,,,,,,,,,,,,,,,,,,,,,,,,,,,14.7265041,3.292536,,,,
16:44:47.786,,,,,,,,-0.06,,,,,,,,,,,,,,,,,,,,,94,,,,,,,
16:44:48.023,3.973377535546934,4.194361074312289,5.447046375925711,4.194361074312289,3.957624411154029,,,,,4.405589951332257,,,,,,1548,1.5,,0.4458556282299423,1.067399,1.7171859999999999,1.067399,0.4503141845122417,1.07807299,1.73435786,1.07807299,17.235539764632676,,,,,,,,,
16:44:48.352,,,,,,67.26590652178166,,,6.118874932405912,,11.24844562577778,25.475800999999997,31.552456999999997,25.475800999999997,,,,,,,,,,,,,,,,,,,,,72,
16:44:48.671,,,,,,,,,,,,,,,,,,1,,,,,,,,,,,,,,,24.705882352941178,,,
16:44:48.839,,,,,,,,,,,,,,,,,,,,,,,,,,,,,,,14.69825805,3.307176,,,,
16:44:49.209,,,,,,,,-0.06,,,,,,,,,,,,,,,,,,,,,94,,,,,,,
16:44:49.456,3.9793930599830225,4.196778739165062,5.44791171096438,4.196778739165062,3.9619626130786645,,,,,4.431165041017663,,,,,,1554,1.6,,0.44761986458816483,1.069163,1.71895,1.069163,0.4520960632340465,1.0798546299999998,1.7361395000000002,1.0798546299999998,17.33559457684314,,,,,,,,,
16:44:49.916,,,,,,67.2781830263082,,,6.154395890302309,,11.27974931977778,25.507105,31.583760999999996,25.507105,,,,,,,,,,,,,,,,,,,,0.005022640152128698,72,
16:44:50.205,,,,,,,,,,,,,,,,,,1,,,,,,,,,,,,,,,25.098039215686274,,,
16:44:50.351,,,,,,,,,,,,,,,,,,,,,,,,,,,,,,,14.677633949999999,3.323158,,,,
16:44:50.689,,,,,,,,-0.1,,,,,,,,,,,,,,,,,,,,,90,,,,,,,
16:44:50.937,3.984190385630779,4.198634066860979,5.448170026362599,4.198634066860979,3.9664453378942706,,,,,4.344254700952695,,,,,,1589,1.6,,0.4494066879218395,1.07095,1.720737,1.07095,0.4539007548010579,1.0816595,1.7379443700000001,1.0816595,16.995584126779686,,,,,,,,,
16:44:51.258,,,,,,67.28864494663675,,,6.033687084656521,,11.30655477977778,25.53391,31.610566,25.53391,,,,,,,,,,,,,,,,,,,,0,72,
16:44:51.572,,,,,,,,,,,,,,,,,,1,,,,,,,,,,,,,,,25.098039215686274,,,
16:44:51.714,,,,,,,,,,,,,,,,,,,,,,,,,,,,,,,14.720675550000001,3.323158,,,,
16:44:52.056,,,,,,,,-0.06,,,,,,,,,,,,,,,,,,,,,94,,,,,,,
16:44:52.290,3.9898517941389775,4.200915566789419,5.44895336578282,4.200915566789419,3.9713101571594596,,,,,4.543995843427071,,,,,,1596,1.6,,0.4511147787362701,1.0726580000000001,1.722445,1.0726580000000001,0.4556259265236328,1.08338458,1.73966945,1.08338458,17.777011005309134,,,,,,,,,
16:44:52.613,,,,,,67.299180601359,,,6.311105338093154,,11.33366973977778,25.561025,31.637680999999997,25.561025,,,,,,,,,,,,,,,,,,,,0,72,
16:44:52.906,,,,,,,,,,,,,,,,,,1,,,,,,,,,,,,,,,25.49019607843137,,,
16:44:53.072,,,,,,,,,,,,,,,,,,,,,,,,,,,,,,,14.743541399999998,3.34829,,,,
16:44:53.410,,,,,,,,-0.09,,,,,,,,,,,,,,,,,,,,,91,,,,,,,
16:44:53.637,3.996053285034952,4.20344254582905,5.449925359573605,4.20344254582905,3.976480589193529,,,,,4.771924869774043,,,,,,1734,1.7,,0.4528994819514023,1.074443,1.72423,1.074443,0.4574284767709163,1.08518743,1.7414723,1.08518743,18.668714463986507,,,,,,,,,
16:44:53.948,,,,,,67.31167827298448,,,6.536883383252114,,11.360679989194448,25.588034999999998,31.664690999999998,25.588034999999998,,,,,,,,,,,,,,,,,,,,0.005061900539193831,73,
16:44:54.221,,,,,,,,,,,,,,,,,,1,,,,,,,,,,,,,,,27.058823529411764,,,
16:44:54.417,,,,,,,,,,,,,,,,,,,,,,,,,,,,,,,14.755198499999999,3.33365,,,,
16:44:54.764,,,,,,,,-0.07,,,,,,,,,,,,,,,,,,,,,93,,,,,,,
16:44:55.012,4.003216997652107,4.206403500698666,5.4512548377623515,4.206403500698666,3.9821600784567077,,,,,4.95444635124579,,,,,,1763,1.8,,0.4547926723762936,1.076336,1.7261229999999999,1.076336,0.45934059910005653,1.0870993599999998,1.74338423,1.0870993599999998,19.38277462086848,,,,,,,,,
16:44:55.330,,,,,,67.32459561870738,,,6.786912809925739,,11.388722263944448,25.616076999999997,31.692732999999997,25.616076999999997,,,,,,,,,,,,,,,,,,,,0.005231708522039338,73,
16:44:55.617,,,,,,,,,,,,,,,,,,1,,,,,,,,,,,,,,,26.666666666666668,,,
16:44:55.780,,,,,,,,,,,,,,,,,,,,,,,,,,,,,,,14.741299649999998,3.307176,,,,
16:44:56.126,,,,,,,,-0.08,,,,,,,,,,,,,,,,,,,,,92,,,,,,,
16:44:56.362,4.009333071928203,4.2088997468269636,5.452171007151704,4.2088997468269636,3.98793694586934,,,,,4.852923655964707,,,,,,1744,1.7,,0.4566118081983751,1.078155,1.727942,1.078155,0.46117792628035886,1.08893655,1.74522142,1.08893655,18.9855977453854,,,,,,,,,
16:44:56.703,,,,,,67.33961799040524,,,6.5580049404928475,,11.416956258888893,25.644311000000002,31.720966999999998,25.644311000000002,,,,,,,,,,,,,,,,,,,,0.010403162643561548,74,
16:44:57.008,,,,,,,,,,,,,,,,,,1,,,,,,,,,,,,,,,27.058823529411764,,,
16:44:57.172,,,,,,,,,,,,,,,,,,,,,,,,,,,,,,,14.643111,3.291316,,,,
16:44:57.529,,,,,,,,-0.07,,,,,,,,,,,,,,,,,,,,,93,,,,,,,
16:44:57.774,4.01636139004462,4.2118074453238386,5.453415086620783,4.2118074453238386,3.993972189994949,,,,,4.932904075520648,,,,,,1742,1.7,,0.4585462231002962,1.080089,1.729876,1.080089,0.46313168533129917,1.09088989,1.74717476,1.09088989,19.298496974972483,,,,,,,,,
16:44:58.101,,,,,,67.35484998357119,,,6.6660865885414164,,11.445714568500005,25.673068999999998,31.749724999999998,25.673068999999998,,,,,,,,,,,,,,,,,,,,0.010322854151632137,74,
16:44:58.408,,,,,,,,,,,,,,,,,,1,,,,,,,,,,,,,,,26.666666666666668,,,
16:44:58.573,,,,,,,,,,,,,,,,,,,,,,,,,,,,,,,14.750266649999999,3.34463,,,,
16:44:58.920,,,,,,,,-0.06,,,,,,,,,,,,,,,,,,,,,94,,,,,,,
16:44:59.153,4.022568086058184,4.214353959785642,5.454349604602875,4.214353959785642,4.000121008808855,,,,,4.867324158563599,,,,,,1713,1.7,,0.4604116614537934,1.081954,1.731741,1.081954,0.46501577806833133,1.09277354,1.74905841,1.09277354,19.041935361440395,,,,,,,,,
16:44:59.490,,,,,,67.37215720059208,,,6.489765544751465,,11.474632072666672,25.701987,31.778642999999995,25.701987,,,,,,,,,,,,,,,,,,,,0.010221684461887575,75,
16:44:59.782,,,,,,,,,,,,,,,,,,1,,,,,,,,,,,,,,,26.274509803921568,,,
16:44:59.943,,,,,,,,,,,,,,,,,,,,,,,,,,,,,,,14.630557199999998,3.301686,,,,
16:45:00.269,,,,,,,,-0.11,,,,,,,,,,,,,,,,,,,,,89,,,,,,,
16:45:00.497,4.027145270272735,4.216179861891612,5.454697986946769,4.216179861891612,4.0060900350950694,,,,,4.5213660156673,,,,,,1667,1.7,,0.46210010279559416,1.083642,1.733429,1.083642,0.4667211038235501,1.09447842,1.75076329,1.09447842,17.688478640624954,,,,,,,,,
16:45:00.809,,,,,,67.38852384760614,,,6.028488020889733,,11.502099020583339,25.729453999999997,31.806109999999997,25.729453999999997,,,,,,,,,,,,,,,,,,,,0.010340026638149214,75,
16:45:01.118,,,,,,,,,,,,,,,,,,1,,,,,,,,,,,,,,,25.88235294117647,,,
16:45:01.287,,,,,,,,,,,,,,,,,,,,,,,,,,,,,,,14.6538714,3.314008,,,,
16:45:01.619,,,,,,,,-0.07,,,,,,,,,,,,,,,,,,,,,93,,,,,,,
16:45:01.846,4.032670911970499,4.218449408215192,5.4554643746122995,4.218449408215192,4.012150100887534,,,,,4.646315013516343,,,,,,1642,1.6,,0.4638418014691079,1.085384,1.735171,1.085384,0.468480219483799,1.09623784,1.75252271,1.09623784,18.177303847865797,,,,,,,,,
16:45:02.157,,,,,,67.40521613176655,,,6.195086684688457,,11.530234399750006,25.757589,31.834244999999996,25.757589,,,,,,,,,,,,,,,,,,,,0.005193372134188443,75,
16:45:02.461,,,,,,,,,,,,,,,,,,1,,,,,,,,,,,,,,,25.88235294117647,,,
16:45:02.647,,,,,,,,,,,,,,,,,,,,,,,,,,,,,,,14.652974699999998,3.296196,,,,
16:45:03.004,,,,,,,,-0.09,,,,,,,,,,,,,,,,,,,,,91,,,,,,,
16:45:03.242,4.038175180933567,4.220709477117598,5.456199762237176,4.220709477117598,4.018190524236857,,,,,4.566055371821874,,,,,,1649,1.6,,0.4656110638341691,1.087153,1.73694,1.087153,0.4702671744725108,1.09802453,1.7543094000000001,1.09802453,17.863312246014186,,,,,,,,,
16:45:03.564,,,,,,67.42251840151843,,,6.088073829095832,,11.559528764333338,25.786883,31.863538999999996,25.786883,,,,,,,,,,,,,,,,,,,,0.005184824449668786,75,
16:45:03.861,,,,,,,,,,,,,,,,,,1,,,,,,,,,,,,,,,25.88235294117647,,,
16:45:04.017,,,,,,,,,,,,,,,,,,,,,,,,,,,,,,,14.6511813,3.298026,,,,
16:45:04.344,,,,,,,,-0.1,,,,,,,,,,,,,,,,,,,,,90,,,,,,,
16:45:04.574,4.042362833646225,4.222379261580394,5.456415246278827,4.222379261580394,4.023979217813268,,,,,4.505476147054946,,,,,,1645,1.6,,0.4672780945140556,1.0888200000000001,1.738607,1.0888200000000001,0.4719508754591962,1.0997082,1.7559930700000002,1.0997082,17.626314329976793,,,,,,,,,
16:45:04.898,,,,,,67.44102971534942,,,5.9282580882301925,,11.58771028844445,25.815064999999997,31.891720999999997,25.815064999999997,,,,,,,,,,,,,,,,,,,,0.005238487842749182,76,
16:45:05.196,,,,,,,,,,,,,,,,,,1,,,,,,,,,,,,,,,25.49019607843137,,,
16:45:05.341,,,,,,,,,,,,,,,,,,,,,,,,,,,,,,,14.674495499999999,3.320108,,,,
16:45:05.673,,,,,,,,-0.06,,,,,,,,,,,,,,,,,,,,,94,,,,,,,
16:45:05.892,4.055696795391903,4.228166770062366,5.460009511559442,4.228166770062366,4.033568638331105,,,,,4.701099363858752,,,,,,1646,1.6,,0.4699623948277393,1.091504,1.741291,1.091504,0.4746620187760167,1.10241904,1.7587039100000001,1.10241904,18.391631068337286,,,,,,,,,
16:45:06.997,,,,,,67.46663243593545,,,6.268132485145003,,11.63150600719445,25.858860999999997,31.935516999999997,25.858860999999997,,,,,,,,,,,,,,,,,,,,,75,
16:45:07.285,,,,,,,,,,,,,,,,,,1,,,,,,,,,,,,,,,26.274509803921568,,,
16:45:07.457,,,,,,,,,,,,,,,,,,,,,,,,,,,,,,,14.703189899999998,3.3367,,,,
16:45:07.796,,,,,,,,-0.06,,,,,,,,,,,,,,,,,,,,,94,,,,,,,
16:45:08.040,4.059590343584035,4.229625581729993,5.4595014071636925,4.229625581729993,4.03974420312245,,,,,5.6896001933917315,,,,,,1996,2,,0.4721914946814629,1.093733,1.74352,1.093733,0.4769134096282775,1.10467033,1.7609552000000002,1.10467033,22.25884193975212,,,,,,,,,
16:45:08.319,,,,,,67.48470005355325,,,7.4863160439364895,,11.65930707319445,25.886662,31.963317999999997,25.886662,,,,,,,,,,,,,,,,,,,,,76,
16:45:08.615,,,,,,,,,,,,,,,,,,1,,,,,,,,,,,,,,,28.627450980392158,,,
16:45:08.771,,,,,,,,,,,,,,,,,,,,,,,,,,,,,,,14.72157225,3.34585,,,,
16:45:09.100,,,,,,,,-0.1,,,,,,,,,,,,,,,,,,,,,90,,,,,,,
16:45:09.324,4.067186643045464,4.232863240536767,5.461053824261924,4.232863240536767,4.046118282692061,,,,,5.650573682317191,,,,,,2073,2.1,,0.4742057799526197,1.095747,1.745534,1.095747,0.4789478377521459,1.10670447,1.76298934,1.10670447,22.106162505004292,,,,,,,,,
16:45:09.615,,,,,,67.50238240023431,,,7.434965371469988,,11.686629780416672,25.913985,31.990640999999997,25.913985,,,,,,,,,,,,,,,,,,,,,76,
16:45:09.882,,,,,,,,,,,,,,,,,,1,,,,,,,,,,,,,,,28.627450980392158,,,
16:45:10.032,,,,,,,,,,,,,,,,,,,,,,,,,,,,,,,14.6924295,3.323158,,,,
16:45:10.361,,,,,,,,-0.06,,,,,,,,,,,,,,,,,,,,,94,,,,,,,
16:45:10.589,4.075493399383174,4.236434496662709,5.462897726869556,4.236434496662709,4.053025158279267,,,,,5.927679403452307,,,,,,2078,2.1,,0.47628782531122976,1.097829,1.747616,1.097829,0.48105070356434204,1.10880729,1.76509216,1.10880729,23.190254925858675,,,,,,,,,
16:45:10.879,,,,,,67.51961501161429,,,7.799578162437246,,11.713367188416672,25.940722,32.017377999999994,25.940722,,,,,,,,,,,,,,,,,,,,,76,
16:45:11.160,,,,,,,,,,,,,,,,,,1,,,,,,,,,,,,,,,28.627450980392158,,,
16:45:11.308,,,,,,,,,,,,,,,,,,,,,,,,,,,,,,,14.674495499999999,3.310836,,,,
16:45:11.635,,,,,,,,-0.05,,,,,,,,,,,,,,,,,,,,,95,,,,,,,
16:45:11.858,4.084235438805499,4.240217369431738,5.464938446864701,4.240217369431738,4.0603915192556945,,,,,5.995174769135942,,,,,,2077,2.1,,0.478401493786729,1.0999430000000001,1.74973,1.0999430000000001,0.4831855087245963,1.11094243,1.7672273,1.11094243,23.45431015388027,,,,,,,,,
16:45:12.132,,,,,,67.53854819481631,,,7.785941258618107,,11.740097768361117,25.967453,32.044109,25.967453,,,,,,,,,,,,,,,,,,,,0.011032915878517943,77,
16:45:12.434,,,,,,,,,,,,,,,,,,1,,,,,,,,,,,,,,,28.627450980392158,,,
16:45:12.580,,,,,,,,,,,,,,,,,,,,,,,,,,,,,,,14.710811849999999,3.323158,,,,
16:45:12.914,,,,,,,,-0.07,,,,,,,,,,,,,,,,,,,,,93,,,,,,,
16:45:13.145,4.092781232356224,4.243920264340133,5.466917491761122,4.243920264340133,4.064440233393261,,,,,5.857290668203284,,,,,,2078,2.1,,0.48049651812375566,1.1020379999999999,1.751825,1.1020379999999999,0.48530148330499323,1.11305838,1.76934325,1.11305838,22.91488026349367,,,,,,,,,
16:45:13.432,,,,,,67.55822512123093,,,7.6068709976666025,,11.76799199583334,25.995347,32.072002999999995,25.995347,,,,,,,,,,,,,,,,,,,,0.005539432152891061,77,
16:45:13.713,,,,,,,,,,,,,,,,,,1,,,,,,,,,,,,,,,28.627450980392158,,,
16:45:13.866,,,,,,,,,,,,,,,,,,,,,,,,,,,,,,,14.661044999999998,3.309616,,,,
16:45:14.209,,,,,,,,-0.07,,,,,,,,,,,,,,,,,,,,,93,,,,,,,
16:45:14.447,4.101185574956415,4.247563996741417,5.468807171164209,4.247563996741417,4.072316532646117,,,,,5.888486348703589,,,,,,2082,2.1,,0.48262719019514244,1.104169,1.753956,1.104169,0.4874534620970939,1.11521069,1.7714955600000002,1.11521069,23.036923939298138,,,,,,,,,
16:45:14.814,,,,,,67.58116446336591,,,7.549341472696909,,11.797906410666673,26.025261,32.101917,26.025261,,,,,,,,,,,,,,,,,,,,0.01089511174802779,78,
16:45:15.115,,,,,,,,,,,,,,,,,,1,,,,,,,,,,,,,,,28.235294117647058,,,
16:45:15.275,,,,,,,,,,,,,,,,,,,,,,,,,,,,,,,14.69736135,3.298026,,,,
16:45:15.613,,,,,,,,-0.06,,,,,,,,,,,,,,,,,,,,,94,,,,,,,
16:45:15.841,4.1094970237502695,4.251161976819368,5.470586071230574,4.251161976819368,4.0807083064091225,,,,,5.703263050981875,,,,,,2000,2,,0.48483461281118917,1.106376,1.756163,1.106376,0.4896829589393011,1.11743976,1.77372463,1.11743976,22.31229374255147,,,,,,,,,
16:45:16.174,,,,,,67.60365420222577,,,7.311875706387021,,11.827362668666673,26.054717,32.131372999999996,26.054717,,,,,,,,,,,,,,,,,,,,0.010699049828242097,78,
16:45:16.481,,,,,,,,,,,,,,,,,,1,,,,,,,,,,,,,,,26.666666666666668,,,
16:45:16.642,,,,,,,,,,,,,,,,,,,,,,,,,,,,,,,14.712156899999998,3.3367,,,,
16:45:17.006,,,,,,,,-0.09,,,,,,,,,,,,,,,,,,,,,91,,,,,,,
16:45:17.234,4.1153554949191715,4.2536597115984796,5.4714935461986025,4.2536597115984796,4.088165643850031,,,,,4.919996797740053,,,,,,1784,1.8,,0.48673801948899265,1.108279,1.758066,1.108279,0.49160539968388256,1.11936179,1.77564666,1.11936179,19.248001149918824,,,,,,,,,
16:45:17.547,,,,,,67.62630200958749,,,6.307688202230838,,11.857155028666673,26.084508999999997,32.161165,26.084508999999997,,,,,,,,,,,,,,,,,,,,0.005230708886436626,78,
16:45:17.861,,,,,,,,,,,,,,,,,,1,,,,,,,,,,,,,,,26.666666666666668,,,
16:45:18.015,,,,,,,,,,,,,,,,,,,,,,,,,,,,,,,14.676737249999999,3.33548,,,,
16:45:18.344,,,,,,,,-0.07,,,,,,,,,,,,,,,,,,,,,93,,,,,,,
16:45:18.564,4.120222840560387,4.255713611477218,5.472031252599214,4.255713611477218,4.095744705972075,,,,,4.873572759483708,,,,,,1725,1.7,,0.48854120973177867,1.110082,1.759869,1.110082,0.49342662182909647,1.12118282,1.77746769,1.12118282,19.066381124850427,,,,,,,,,
16:45:18.880,,,,,,67.65026646070372,,,6.169079442384441,,11.886401519916673,26.113754999999998,32.190411,26.113754999999998,,,,,,,,,,,,,,,,,,,,0.01039959295208414,79,
16:45:19.168,,,,,,,,,,,,,,,,,,1,,,,,,,,,,,,,,,26.666666666666668,,,
16:45:19.330,,,,,,,,,,,,,,,,,,,,,,,,,,,,,,,14.6117265,3.287046,,,,
16:45:19.680,,,,,,,,-0.08,,,,,,,,,,,,,,,,,,,,,92,,,,,,,
16:45:19.922,4.125339436550365,4.257890142570458,5.47269185224134,4.257890142570458,4.103013805160188,,,,,4.806124078877577,,,,,,1712,1.7,,0.4903544094878445,1.111895,1.761682,1.111895,0.49525795358272295,1.1230139499999998,1.7792988200000002,1.1230139499999998,18.80250853809109,,,,,,,,,
16:45:20.244,,,,,,67.67463440518608,,,6.083701365667819,,11.916267353611117,26.143621,32.220276999999996,26.143621,,,,,,,,,,,,,,,,,,,,0.005216816923430908,79,
16:45:20.530,,,,,,,,,,,,,,,,,,1,,,,,,,,,,,,,,,26.666666666666668,,,
16:45:20.685,,,,,,,,,,,,,,,,,,,,,,,,,,,,,,,14.709915149999999,3.291316,,,,
16:45:21.041,,,,,,,,-0.07,,,,,,,,,,,,,,,,,,,,,93,,,,,,,
16:45:21.312,4.1306849756233515,4.260174977291784,5.473419735032074,4.260174977291784,4.10991275219021,,,,,4.840029421967152,,,,,,1717,1.7,,0.4922234652307247,1.113764,1.763551,1.113764,0.4971456998830319,1.12490164,1.78118651,1.12490164,18.935152950192396,,,,,,,,,
16:45:21.633,,,,,,67.69942998415395,,,6.126619521477409,,11.946789517111117,26.174143,32.250799,26.174143,,,,,,,,,,,,,,,,,,,,0.005189079799706721,79,
16:45:21.927,,,,,,,,,,,,,,,,,,1,,,,,,,,,,,,,,,26.666666666666668,,,
16:45:22.078,,,,,,,,,,,,,,,,,,,,,,,,,,,,,,,14.71798545,3.308396,,,,
16:45:22.442,,,,,,,,-0.07,,,,,,,,,,,,,,,,,,,,,93,,,,,,,
16:45:22.675,4.135388765727844,4.262172022212915,5.473892290234422,4.262172022212915,4.116306918055503,,,,,4.823288784996603,,,,,,1712,1.7,,0.4940461915557649,1.115587,1.765374,1.115587,0.49898665347132254,1.12674287,1.78302774,1.12674287,18.869660265358224,,,,,,,,,
16:45:22.988,,,,,,67.72352273670408,,,6.105428841767852,,11.97657511094445,26.203929000000002,32.280585,26.203929000000002,,,,,,,,,,,,,,,,,,,,0.005205609839947273,79,
16:45:23.296,,,,,,,,,,,,,,,,,,1,,,,,,,,,,,,,,,25.88235294117647,,,
16:45:23.444,,,,,,,,,,,,,,,,,,,,,,,,,,,,,,,14.69825805,3.315228,,,,
16:45:23.801,,,,,,,,-0.05,,,,,,,,,,,,,,,,,,,,,95,,,,,,,
16:45:24.041,4.1404664302037055,4.264349060020732,5.474541431018056,4.264349060020732,4.122267567786438,,,,,4.844292705340478,,,,,,1681,1.7,,0.4958860719567872,1.117427,1.767214,1.117427,0.5008449326763551,1.1286012699999999,1.7848861400000002,1.1286012699999999,18.951831758461108,,,,,,,,,
16:45:24.355,,,,,,67.74767307714195,,,6.132016082709466,,12.006559907666674,26.233914,32.31057,26.233914,,,,,,,,,,,,,,,,,,,,0,79,
16:45:24.663,,,,,,,,,,,,,,,,,,1,,,,,,,,,,,,,,,25.88235294117647,,,
16:45:24.829,,,,,,,,,,,,,,,,,,,,,,,,,,,,,,,14.666873549999998,3.302906,,,,
16:45:25.184,,,,,,,,-0.06,,,,,,,,,,,,,,,,,,,,,94,,,,,,,
16:45:25.432,4.145506815326047,4.266515473062845,5.475177318134593,4.266515473062845,4.127807722832642,,,,,4.777838927584203,,,,,,1672,1.7,,0.49773275925852667,1.1192739999999999,1.769061,1.1192739999999999,0.502710086851112,1.13046674,1.78675161,1.13046674,18.691851428543668,,,,,,,,,
16:45:25.764,,,,,,67.77247942725634,,,6.047897376688865,,12.037493496583341,26.264848,32.341504,26.264848,,,,,,,,,,,,,,,,,,,,0,79,
16:45:26.051,,,,,,,,,,,,,,,,,,1,,,,,,,,,,,,,,,25.88235294117647,,,
16:45:26.204,,,,,,,,,,,,,,,,,,,,,,,,,,,,,,,14.690187749999998,3.318888,,,,
16:45:26.542,,,,,,,,-0.09,,,,,,,,,,,,,,,,,,,,,91,,,,,,,
16:45:26.788,4.149100952179292,4.268020130936985,5.475243204521348,4.268020130936985,4.13275821388627,,,,,4.554488681882573,,,,,,1649,1.6,,0.4994477572852597,1.120989,1.770776,1.120989,0.5044422348581123,1.13219889,1.78848376,1.13219889,17.818061065900675,,,,,,,,,
16:45:27.151,,,,,,67.7989075458568,,,5.693110852353216,,12.068271483250008,26.295626,32.372282,26.295626,,,,,,,,,,,,,,,,,,,,0.005132938336314378,80,
16:45:27.455,,,,,,,,,,,,,,,,,,1,,,,,,,,,,,,,,,25.88235294117647,,,
16:45:27.626,,,,,,,,,,,,,,,,,,,,,,,,,,,,,,,14.6852559,3.298026,,,,
16:45:27.984,,,,,,,,-0.06,,,,,,,,,,,,,,,,,,,,,94,,,,,,,
16:45:28.212,4.153937330923931,4.270101803242867,5.47578635327593,4.270101803242867,4.137580943386865,,,,,4.70336266853426,,,,,,1648,1.6,,0.5013084343399693,1.1228500000000001,1.772637,1.1228500000000001,0.5063215186833689,1.1340785,1.7903633700000001,1.1340785,18.400485564140375,,,,,,,,,
16:45:28.537,,,,,,67.8252691197422,,,5.8792033356678255,,12.099105089916675,26.326459999999997,32.403116,26.326459999999997,,,,,,,,,,,,,,,,,,,,0.005104394950320478,80,
16:45:28.840,,,,,,,,,,,,,,,,,,1,,,,,,,,,,,,,,,25.49019607843137,,,
16:45:29.018,,,,,,,,,,,,,,,,,,,,,,,,,,,,,,,14.742196349999999,3.302906,,,,
16:45:29.433,,,,,,,,-0.1,,,,,,,,,,,,,,,,,,,,,90,,,,,,,
16:45:29.676,4.158058209042282,4.271858046999103,5.476065943781457,4.271858046999103,4.142310364447102,,,,,4.379668985938695,,,,,,1609,1.6,,0.5030878324119329,1.124629,1.774416,1.124629,0.5081187107360522,1.13587529,1.7921601600000001,1.13587529,17.134131818202412,,,,,,,,,
16:45:30.011,,,,,,67.85309732550753,,,5.474586232423368,,12.131799338805564,26.359154,32.43581,26.359154,,,,,,,,,,,,,,,,,,,,0.00500786560267489,80,
16:45:30.310,,,,,,,,,,,,,,,,,,1,,,,,,,,,,,,,,,23.92156862745098,,,
16:45:30.485,,,,,,,,,,,,,,,,,,,,,,,,,,,,,,,14.8367982,3.383182,,,,
16:45:30.841,,,,,,,,-0.08,,,,,,,,,,,,,,,,,,,,,92,,,,,,,
16:45:31.092,4.160447070161397,4.272815432543852,5.47563017541415,4.272815432543852,4.146698818648481,,,,,4.185799659773189,,,,,,1514,1.5,,0.5047370901491959,1.1262780000000001,1.776065,1.1262780000000001,0.5097844610506879,1.13754078,1.79382565,1.13754078,16.3756766471174,,,,,,,,,
16:45:31.404,,,,,,67.87936379104562,,,5.232249574716486,,12.162796487694452,26.390151,32.466806999999996,26.390151,,,,,,,,,,,,,,,,,,,,0.005022653065999096,80,
16:45:31.707,,,,,,,,,,,,,,,,,,1,,,,,,,,,,,,,,,23.529411764705884,,,
16:45:31.856,,,,,,,,,,,,,,,,,,,,,,,,,,,,,,,14.6852559,3.287046,,,,
16:45:32.211,,,,,,,,-0.13,,,,,,,,,,,,,,,,,,,,,87,,,,,,,
16:45:32.457,4.162065974521047,4.273431402495576,5.474982495198867,4.273431402495576,4.150621443510693,,,,,3.91991419263273,,,,,,1484,1.5,,0.5062236141645717,1.1277650000000001,1.777552,1.1277650000000001,0.5112858503062174,1.13904265,1.79532752,1.13904265,15.33548008040072,,,,,,,,,
16:45:32.773,,,,,,67.90505956764648,,,4.8998927407909125,,12.193250441027786,26.420605000000002,32.497260999999995,26.420605000000002,,,,,,,,,,,,,,,,,,,,0,80,
16:45:33.071,,,,,,,,,,,,,,,,,,1,,,,,,,,,,,,,,,23.137254901960784,,,
16:45:33.227,,,,,,,,,,,,,,,,,,,,,,,,,,,,,,,14.61665835,3.256302,,,,
16:45:33.563,,,,,,,,-0.17,,,,,,,,,,,,,,,,,,,,,83,,,,,,,
16:45:33.803,4.1629046335723725,4.273690931755726,5.474067491411047,4.273690931755726,4.154060926991259,,,,,3.6711567165793775,,,,,,1450,1.4,,0.5075933875926295,1.129135,1.7789220000000001,1.129135,0.5126693214685558,1.1404263499999998,1.7967112200000002,1.1404263499999998,14.362291604480331,,,,,,,,,
16:45:34.146,,,,,,67.92856684072521,,,4.647033818454909,,12.223369601388898,26.450724,32.527379999999994,26.450724,,,,,,,,,,,,,,,,,,,,-0.005050008077298966,79,
16:45:34.447,,,,,,,,,,,,,,,,,,1,,,,,,,,,,,,,,,21.96078431372549,,,
16:45:34.608,,,,,,,,,,,,,,,,,,,,,,,,,,,,,,,14.61576165,3.298026,,,,
16:45:34.968,,,,,,,,-0.15,,,,,,,,,,,,,,,,,,,,,85,,,,,,,
16:45:35.202,4.164479078328431,4.274291319965381,5.4734442183784875,4.274291319965381,4.157062508006851,,,,,3.7183609939393665,,,,,,1434,1.4,,0.509039669716598,1.1305809999999998,1.780368,1.1305809999999998,0.5141300664137639,1.14188681,1.79817168,1.14188681,14.546964079333062,,,,,,,,,
16:45:35.529,,,,,,67.95211479142915,,,4.70678606827768,,12.25366938647223,26.481023999999998,32.55768,26.481023999999998,,,,,,,,,,,,,,,,,,,,-0.0051329604740960695,79,
16:45:35.815,,,,,,,,,,,,,,,,,,1,,,,,,,,,,,,,,,21.96078431372549,,,
16:45:35.977,,,,,,,,,,,,,,,,,,,,,,,,,,,,,,,14.71798545,3.317668,,,,
16:45:36.314,,,,,,,,-0.17,,,,,,,,,,,,,,,,,,,,,83,,,,,,,
16:45:36.549,4.165198916744611,4.274498599449931,5.472496811812145,4.274498599449931,4.15952402068417,,,,,3.610680733759014,,,,,,1436,1.4,,0.5103897045468074,1.131931,1.7817180000000001,1.131931,0.5154936015922755,1.14325031,1.7995351800000001,1.14325031,14.125697591369688,,,,,,,,,
16:45:36.884,,,,,,67.9751493940288,,,4.570481941467106,,12.28343386536112,26.510787999999998,32.587444,26.510787999999998,,,,,,,,,,,,,,,,,,,,-0.005168426603140706,79,
16:45:37.228,,,,,,,,,,,,,,,,,,1,,,,,,,,,,,,,,,21.96078431372549,,,
16:45:37.382,,,,,,,,,,,,,,,,,,,,,,,,,,,,,,,14.709915149999999,3.323158,,,,
16:45:37.740,,,,,,,,-0.19,,,,,,,,,,,,,,,,,,,,,81,,,,,,,
16:45:37.958,4.166290328985674,4.274882361097679,5.471714811385636,4.274882361097679,4.161672692784968,,,,,3.510878613901812,,,,,,1430,1.4,,0.5117635171998915,1.133305,1.783092,1.133305,0.5168811523718905,1.14463805,1.80092292,1.14463805,13.735251947450136,,,,,,,,,
16:45:38.284,,,,,,67.99663627701098,,,4.501126428079247,,12.31370938336112,26.541064,32.61772,26.541064,,,,,,,,,,,,,,,,,,,,-0.010280984124252568,78,
16:45:38.582,,,,,,,,,,,,,,,,,,1,,,,,,,,,,,,,,,21.176470588235293,,,
16:45:38.744,,,,,,,,,,,,,,,,,,,,,,,,,,,,,,,14.865044249999999,3.370982,,,,
16:45:39.085,,,,,,,,-0.19,,,,,,,,,,,,,,,,,,,,,81,,,,,,,
16:45:39.318,4.166409657085105,4.274813549298551,5.470547910767522,4.274813549298551,4.163231733555115,,,,,3.3770581461828764,,,,,,1390,1.4,,0.5130395768937525,1.1345809999999998,1.784368,1.1345809999999998,0.5181699726626899,1.14592681,1.80221168,1.14592681,13.21171979439672,,,,,,,,,
16:45:39.667,,,,,,68.01783730803697,,,4.329561725875483,,12.343709877694453,26.571064,32.64772,26.571064,,,,,,,,,,,,,,,,,,,,-0.005130776636978918,78,
16:45:39.961,,,,,,,,,,,,,,,,,,1,,,,,,,,,,,,,,,20,,,
16:45:40.127,,,,,,,,,,,,,,,,,,,,,,,,,,,,,,,14.743541399999998,3.318888,,,,
16:45:40.460,,,,,,,,-0.28,,,,,,,,,,,,,,,,,,,,,72,,,,,,,
16:45:40.702,4.1657072810806115,4.2743640224569095,5.46908329279962,4.2743640224569095,4.164187867559907,,,,,3.024390422806714,,,,,,1389,1.4,,0.5142028211305845,1.1357439999999999,1.785531,1.1357439999999999,0.5193448493418903,1.14710144,1.80338631,1.14710144,11.832013866904719,,,,,,,,,
16:45:41.028,,,,,,68.03856536336565,,,3.877423618982967,,12.373164547527786,26.600519,32.677175,26.600519,,,,,,,,,,,,,,,,,,,,-0.005151699329982004,78,
16:45:41.327,,,,,,,,,,,,,,,,,,1,,,,,,,,,,,,,,,20,,,
16:45:41.469,,,,,,,,,,,,,,,,,,,,,,,,,,,,,,,14.669563649999999,3.315228,,,,
16:45:41.812,,,,,,,,-0.32,,,,,,,,,,,,,,,,,,,,,68,,,,,,,
16:45:42.055,4.1644839621149785,4.2736760136146215,5.467446313826089,4.2736760136146215,4.164692479054104,,,,,2.8625060672781757,,,,,,1385,1.4,,0.515278453187891,1.13682,1.786607,1.13682,0.52043123771977,1.1481881999999999,1.80447307,1.1481881999999999,11.198690230840876,,,,,,,,,
16:45:42.386,,,,,,68.05921723356333,,,3.6698795734335588,,12.402633116527786,26.629987999999997,32.706644,26.629987999999997,,,,,,,,,,,,,,,,,,,,-0.005148722527366549,78,
16:45:42.660,,,,,,,,,,,,,,,,,,1,,,,,,,,,,,,,,,18.03921568627451,,,
16:45:42.805,,,,,,,,,,,,,,,,,,,,,,,,,,,,,,,18.112891649999998,4.4836219999999996,,,,
16:45:43.153,,,,,,,,0,,,,,,,,,,,,,,,,,,,,,100,,,,,,,
16:45:43.389,4.154589177528998,4.268946722769834,5.4625200922479245,4.268946722769834,4.163757879430098,,,,,0,,,,,,0,0,,0.515278453187891,1.13682,1.786607,1.13682,0.52043123771977,1.1481881999999999,1.80447307,1.1481881999999999,0,,,,,,,,,
16:45:43.722,,,,,,68.07733400173512,,,0,,12.43112385872223,26.658479,32.735135,26.658479,,,,,,,,,,,,,,,,,,,,-0.005208546588066951,77,
16:45:43.986,,,,,,,,,,,,,,,,,,1,,,,,,,,,,,,,,,16.470588235294116,,,
16:45:44.148,,,,,,,,,,,,,,,,,,,,,,,,,,,,,,,18.112891649999998,4.531446,,,,
16:45:44.494,,,,,,,,0,,,,,,,,,,,,,,,,,,,,,100,,,,,,,
16:45:44.731,4.145067324917277,4.264384325902464,5.457765792015216,4.264384325902464,4.16152821584821,,,,,0,,,,,,0,0,,0.515278453187891,1.13682,1.786607,1.13682,0.52043123771977,1.1481881999999999,1.80447307,1.1481881999999999,0,,,,,,,,,
16:45:45.024,,,,,,68.09502765732674,,,0,,12.459061103527786,26.686416,32.763071999999994,26.686416,,,,,,,,,,,,,,,,,,,,-0.005288170436096395,77,
16:45:45.341,,,,,,,,,,,,,,,,,,1,,,,,,,,,,,,,,,16.470588235294116,,,
16:45:45.499,,,,,,,,,,,,,,,,,,,,,,,,,,,,,,,18.112891649999998,4.5811,,,,
16:45:45.857,,,,,,,,0,,,,,,,,,,,,,,,,,,,,,100,,,,,,,
16:45:46.111,4.135772743276697,4.2599201031715905,5.453111967034106,4.2599201031715905,4.157939923966744,,,,,0,,,,,,0,0,,0.515278453187891,1.13682,1.786607,1.13682,0.52043123771977,1.1481881999999999,1.80447307,1.1481881999999999,0,,,,,,,,,
16:45:46.451,,,,,,68.11211039509728,,,0,,12.489175915638898,26.716531,32.793186999999996,26.716531,,,,,,,,,,,,,,,,,,,,-0.01044584628789678,76,
16:45:46.741,,,,,,,,,,,,,,,,,,1,,,,,,,,,,,,,,,16.470588235294116,,,
16:45:46.917,,,,,,,,,,,,,,,,,,,,,,,,,,,,,,,18.112891649999998,4.652836,,,,
16:45:47.272,,,,,,,,0,,,,,,,,,,,,,,,,,,,,,100,,,,,,,
16:45:47.505,4.125800266314299,4.255118301099794,5.448104205303377,4.255118301099794,4.1530150926629545,,,,,0,,,,,,0,0,,0.515278453187891,1.13682,1.786607,1.13682,0.52043123771977,1.1481881999999999,1.80447307,1.1481881999999999,0,,,,,,,,,
16:45:47.848,,,,,,68.12874525265283,,,0,,12.518626787527786,26.745981999999998,32.822638,26.745981999999998,,,,,,,,,,,,,,,,,,,,-0.010370766057177254,76,
16:45:48.156,,,,,,,,,,,,,,,,,,1,,,,,,,,,,,,,,,16.470588235294116,,,
16:45:48.319,,,,,,,,,,,,,,,,,,,,,,,,,,,,,,,18.112891649999998,4.697,,,,
16:45:48.676,,,,,,,,0,,,,,,,,,,,,,,,,,,,,,100,,,,,,,
16:45:48.898,4.116094056747974,4.250432831368839,5.443215746400397,4.250432831368839,4.146740558633243,,,,,0,,,,,,0,0,,0.515278453187891,1.13682,1.786607,1.13682,0.52043123771977,1.1481881999999999,1.80447307,1.1481881999999999,0,,,,,,,,,
16:45:49.236,,,,,,68.14526048724437,,,0,,12.547989275638898,26.775343999999997,32.852,26.775343999999997,,,,,,,,,,,,,,,,,,,,-0.005137021520213919,76,
16:45:49.529,,,,,,,,,,,,,,,,,,1,,,,,,,,,,,,,,,16.470588235294116,,,
16:45:49.692,,,,,,,,,,,,,,,,,,,,,,,,,,,,,,,18.112891649999998,4.712982,,,,
16:45:50.044,,,,,,,,0,,,,,,,,,,,,,,,,,,,,,100,,,,,,,
16:45:50.286,4.106462333278134,4.245771781680937,5.438350785340315,4.245771781680937,4.1392471431573705,,,,,0,,,,,,0,0,,0.515278453187891,1.13682,1.786607,1.13682,0.52043123771977,1.1481881999999999,1.80447307,1.1481881999999999,0,,,,,,,,,
16:45:50.631,,,,,,68.15962693257643,,,0,,12.576994036055565,26.804349000000002,32.881005,26.804349000000002,,,,,,,,,,,,,,,,,,,,-0.01010346906431094,75,
16:45:50.938,,,,,,,,,,,,,,,,,,1,,,,,,,,,,,,,,,16.470588235294116,,,
16:45:51.093,,,,,,,,,,,,,,,,,,,,,,,,,,,,,,,18.112891649999998,4.70066,,,,
16:45:51.452,,,,,,,,0,,,,,,,,,,,,,,,,,,,,,100,,,,,,,
16:45:51.674,4.096992108851268,4.241177429826778,5.4335535060439915,4.241177429826778,4.130657746628703,,,,,0,,,,,,0,0,,0.515278453187891,1.13682,1.786607,1.13682,0.52043123771977,1.1481881999999999,1.80447307,1.1481881999999999,0,,,,,,,,,
16:45:51.987,,,,,,68.17357995361503,,,0,,12.605280988138897,26.832636,32.90929199999999,26.832636,,,,,,,,,,,,,,,,,,,,-0.005116180490432427,75,
16:45:52.262,,,,,,,,,,,,,,,,,,1,,,,,,,,,,,,,,,16.470588235294116,,,
16:45:52.409,,,,,,,,,,,,,,,,,,,,,,,,,,,,,,,18.112891649999998,4.67687,,,,
16:45:52.772,,,,,,,,0,,,,,,,,,,,,,,,,,,,,,100,,,,,,,
16:45:53.038,4.087798230541223,4.236706375027783,5.428883125167204,4.236706375027783,4.121072030181984,,,,,0,,,,,,0,0,,0.515278453187891,1.13682,1.786607,1.13682,0.52043123771977,1.1481881999999999,1.80447307,1.1481881999999999,0,,,,,,,,,
16:45:53.369,,,,,,68.1877162450545,,,0,,12.63405765272223,26.861413,32.938069,26.861413,,,,,,,,,,,,,,,,,,,,-0.005130880728708974,75,
16:45:53.660,,,,,,,,,,,,,,,,,,1,,,,,,,,,,,,,,,16.470588235294116,,,
16:45:53.827,,,,,,,,,,,,,,,,,,,,,,,,,,,,,,,18.112891649999998,4.642466,,,,
16:45:54.166,,,,,,,,0,,,,,,,,,,,,,,,,,,,,,100,,,,,,,
16:45:54.400,4.0784874293878595,4.232167533405632,5.424140073299379,4.232167533405632,4.111559311664342,,,,,0,,,,,,0,0,,0.515278453187891,1.13682,1.786607,1.13682,0.52043123771977,1.1481881999999999,1.80447307,1.1481881999999999,0,,,,,,,,,
16:45:54.854,,,,,,68.2006196558337,,,0,,12.664564080777787,26.891919,32.968575,26.891919,,,,,,,,,,,,,,,,,,,,-0.010083087362893286,74,
16:45:55.125,,,,,,,,,,,,,,,,,,1,,,,,,,,,,,,,,,16.470588235294116,,,
16:45:55.269,,,,,,,,,,,,,,,,,,,,,,,,,,,,,,,18.112891649999998,4.603792,,,,
16:45:55.617,,,,,,,,0,,,,,,,,,,,,,,,,,,,,,100,,,,,,,
16:45:55.836,4.068663160463439,4.227366592915886,5.4191210872778095,4.227366592915886,4.102008791107612,,,,,0,,,,,,0,0,,0.515278453187891,1.13682,1.786607,1.13682,0.52043123771977,1.1481881999999999,1.80447307,1.1481881999999999,0,,,,,,,,,
16:45:56.120,,,,,,68.21157414153436,,,0,,12.690569578055564,26.917924,32.99458,26.917924,,,,,,,,,,,,,,,,,,,,-0.005160440576836083,74,
16:45:56.394,,,,,,,,,,,,,,,,,,1,,,,,,,,,,,,,,,16.470588235294116,,,
16:45:56.554,,,,,,,,,,,,,,,,,,,,,,,,,,,,,,,18.112891649999998,4.56768,,,,
16:45:56.951,,,,,,,,0,,,,,,,,,,,,,,,,,,,,,100,,,,,,,
16:45:57.197,4.060325661654356,4.223282597870474,5.4148499541439845,4.223282597870474,4.092577905904819,,,,,0,,,,,,0,0,,0.515278453187891,1.13682,1.786607,1.13682,0.52043123771977,1.1481881999999999,1.80447307,1.1481881999999999,0,,,,,,,,,
16:45:57.513,,,,,,68.22361202707968,,,0,,12.719260771722231,26.946615,33.023270999999994,26.946615,,,,,,,,,,,,,,,,,,,,-0.005126531993892061,74,
16:45:57.820,,,,,,,,,,,,,,,,,,1,,,,,,,,,,,,,,,16.470588235294116,,,
16:45:57.974,,,,,,,,,,,,,,,,,,,,,,,,,,,,,,,18.112891649999998,4.525956,,,,
16:45:58.305,,,,,,,,0,,,,,,,,,,,,,,,,,,,,,100,,,,,,,
16:45:58.530,4.051166671049551,4.218785921719666,5.410145469841557,4.218785921719666,4.083248706496726,,,,,0,,,,,,0,0,,0.515278453187891,1.13682,1.786607,1.13682,0.52043123771977,1.1481881999999999,1.80447307,1.1481881999999999,0,,,,,,,,,
16:45:58.857,,,,,,68.2331517993921,,,0,,12.74649761111112,26.973852,33.050507999999994,26.973852,,,,,,,,,,,,,,,,,,,,-0.010323033227574678,73,
16:45:59.126,,,,,,,,,,,,,,,,,,1,,,,,,,,,,,,,,,16.470588235294116,,,
16:45:59.285,,,,,,,,,,,,,,,,,,,,,,,,,,,,,,,18.112891649999998,4.4915519999999995,,,,
16:45:59.641,,,,,,,,0,,,,,,,,,,,,,,,,,,,,,100,,,,,,,
16:45:59.872,4.042510098920999,4.214525978714497,5.405686956460701,4.214525978714497,4.074050711768354,,,,,0,,,,,,0,0,,0.515278453187891,1.13682,1.786607,1.13682,0.52043123771977,1.1481881999999999,1.80447307,1.1481881999999999,0,,,,,,,,,
16:46:00.176,,,,,,68.2424817337777,,,0,,12.773240998888898,27.000594999999997,33.077251,27.000594999999997,,,,,,,,,,,,,,,,,,,,-0.005323028432449899,73,
16:46:00.451,,,,,,,,,,,,,,,,,,1,,,,,,,,,,,,,,,16.470588235294116,,,
16:46:00.611,,,,,,,,,,,,,,,,,,,,,,,,,,,,,,,18.112891649999998,4.45544,,,,
16:46:00.945,,,,,,,,0,,,,,,,,,,,,,,,,,,,,,100,,,,,,,
16:46:01.180,4.034046278722162,4.210351660768957,5.401316451599924,4.210351660768957,4.064998704948858,,,,,0,,,,,,0,0,,0.515278453187891,1.13682,1.786607,1.13682,0.52043123771977,1.1481881999999999,1.80447307,1.1481881999999999,0,,,,,,,,,
16:46:01.481,,,,,,68.24975153477119,,,0,,12.799365094888898,27.026719,33.103375,27.026719,,,,,,,,,,,,,,,,,,,,-0.010565969361264207,72,
16:46:01.763,,,,,,,,,,,,,,,,,,1,,,,,,,,,,,,,,,16.470588235294116,,,
16:46:01.916,,,,,,,,,,,,,,,,,,,,,,,,,,,,,,,18.112891649999998,4.422378,,,,
16:46:02.252,,,,,,,,0,,,,,,,,,,,,,,,,,,,,,100,,,,,,,
16:46:02.492,4.025812603733402,4.206281938995258,5.397053925770409,4.206281938995258,4.056101266809124,,,,,0,,,,,,0,0,,0.515278453187891,1.13682,1.786607,1.13682,0.52043123771977,1.1481881999999999,1.80447307,1.1481881999999999,0,,,,,,,,,
16:46:02.798,,,,,,68.25704425871733,,,0,,12.825673524888899,27.053027,33.129683,27.053027,,,,,,,,,,,,,,,,,,,,-0.010718192367662704,72,
16:46:03.069,,,,,,,,,,,,,,,,,,1,,,,,,,,,,,,,,,16.470588235294116,,,
16:46:03.225,,,,,,,,,,,,,,,,,,,,,,,,,,,,,,,18.112891649999998,4.394196,,,,
16:46:03.564,,,,,,,,0,,,,,,,,,,,,,,,,,,,,,100,,,,,,,
16:46:03.790,4.017554728708523,4.2021914959830555,5.392768171068827,4.2021914959830555,4.047320829080037,,,,,0,,,,,,0,0,,0.515278453187891,1.13682,1.786607,1.13682,0.52043123771977,1.1481881999999999,1.80447307,1.1481881999999999,0,,,,,,,,,
16:46:04.093,,,,,,68.2642041393506,,,0,,12.851602648888898,27.078955999999998,33.155612,27.078955999999998,,,,,,,,,,,,,,,,,,,,-0.005408974894486662,72,
16:46:04.366,,,,,,,,,,,,,,,,,,1,,,,,,,,,,,,,,,16.470588235294116,,,
16:46:04.531,,,,,,,,,,,,,,,,,,,,,,,,,,,,,,,18.112891649999998,4.364672,,,,
16:46:04.888,,,,,,,,0,,,,,,,,,,,,,,,,,,,,,100,,,,,,,
16:46:05.116,4.009448994537969,4.198167758018441,5.388550813056928,4.198167758018441,4.0386910247238,,,,,0,,,,,,0,0,,0.515278453187891,1.13682,1.786607,1.13682,0.52043123771977,1.1481881999999999,1.80447307,1.1481881999999999,0,,,,,,,,,
16:46:05.438,,,,,,68.27160755981343,,,0,,12.878518464888899,27.105871999999998,33.182528,27.105871999999998,,,,,,,,,,,,,,,,,,,,-0.005382440468684254,72,
16:46:05.723,,,,,,,,,,,,,,,,,,1,,,,,,,,,,,,,,,16.470588235294116,,,
16:46:05.875,,,,,,,,,,,,,,,,,,,,,,,,,,,,,,,18.112891649999998,4.3364899999999995,,,,
16:46:06.225,,,,,,,,0,,,,,,,,,,,,,,,,,,,,,100,,,,,,,
16:46:06.445,4.001069335674833,4.193998997707951,5.384179891297011,4.193998997707951,4.030241796625225,,,,,0,,,,,,0,0,,0.515278453187891,1.13682,1.786607,1.13682,0.52043123771977,1.1481881999999999,1.80447307,1.1481881999999999,0,,,,,,,,,
16:46:06.763,,,,,,68.27885662335126,,,0,,12.904976876888899,27.13233,33.208985999999996,27.13233,,,,,,,,,,,,,,,,,,,,0,72,
16:46:07.040,,,,,,,,,,,,,,,,,,1,,,,,,,,,,,,,,,16.470588235294116,,,
16:46:07.203,,,,,,,,,,,,,,,,,,,,,,,,,,,,,,,12.310345949999999,2.13195,,,,
16:46:07.533,,,,,,,,-0.02,,,,,,,,,,,,,,,,,,,,,98,,,,,,,
16:46:07.770,4.011913594053381,4.198968536797246,5.3872918613052505,4.198968536797246,4.024190288175103,,,,,6.676510541200726,,,,,,1881,1.9,,0.5177365216333512,1.139278,1.789065,1.139278,0.5229138868496847,1.15067078,1.8069556500000001,1.15067078,26.119830531903222,,,,,,,,,
16:46:08.053,,,,,,68.28778898927426,,,9.145904850959898,,12.931130726805565,27.158484,33.23514,27.158484,,,,,,,,,,,,,,,,,,,,0.00539020554434635,73,
16:46:08.321,,,,,,,,,,,,,,,,,,2,,,,,,,,,,,,,,,30.58823529411765,,,
16:46:08.514,,,,,,,,,,,,,,,,,,,,,,,,,,,,,,,14.5686849,3.293756,,,,
16:46:08.868,,,,,,,,-0.11,,,,,,,,,,,,,,,,,,,,,89,,,,,,,
16:46:09.103,4.019006267284534,4.202163861576367,5.388967821408305,4.202163861576367,4.020170237704476,,,,,5.314126047896309,,,,,,1951,2,,0.5197029543410717,1.141244,1.791031,1.141244,0.5248999838844824,1.15265644,1.8089413100000002,1.15265644,20.78991277549324,,,,,,,,,
16:46:09.428,,,,,,68.2972864030872,,,7.279624723145629,,12.959048009333342,27.186401,33.263056999999996,27.186401,,,,,,,,,,,,,,,,,,,,0.0053101103625850694,73,
16:46:09.708,,,,,,,,,,,,,,,,,,1,,,,,,,,,,,,,,,27.45098039215686,,,
16:46:09.866,,,,,,,,,,,,,,,,,,,,,,,,,,,,,,,14.60679465,3.277774,,,,
16:46:10.205,,,,,,,,-0.12,,,,,,,,,,,,,,,,,,,,,88,,,,,,,
16:46:10.460,4.025621581918343,4.205128144766201,5.390394514851717,4.205128144766201,4.018059173079144,,,,,5.246080098944863,,,,,,1953,2,,0.5216822334748824,1.1432229999999999,1.79301,1.1432229999999999,0.5268990558096313,1.15465523,1.8109401,1.15465523,20.523703556766435,,,,,,,,,
16:46:10.774,,,,,,68.30851862170704,,,7.089297431006571,,12.986758333000008,27.214111,33.290766999999995,27.214111,,,,,,,,,,,,,,,,,,,,0.010618002872381078,74,
16:46:11.065,,,,,,,,,,,,,,,,,,1,,,,,,,,,,,,,,,29.019607843137255,,,
16:46:11.222,,,,,,,,,,,,,,,,,,,,,,,,,,,,,,,14.923329749999999,3.407216,,,,
16:46:11.580,,,,,,,,-0.06,,,,,,,,,,,,,,,,,,,,,94,,,,,,,
16:46:11.807,4.033059344812395,4.208493160037452,5.392158732780174,4.208493160037452,4.017935806340423,,,,,5.5635439010524745,,,,,,1981,2,,0.5237636705372593,1.1453039999999999,1.795091,1.1453039999999999,0.5290013072426318,1.15675704,1.81304191,1.15675704,21.765684777329774,,,,,,,,,
16:46:12.148,,,,,,68.3199069368134,,,7.518302568989831,,13.014965640666675,27.242317999999997,33.318974,27.242317999999997,,,,,,,,,,,,,,,,,,,,0.010519840023166683,74,
16:46:12.465,,,,,,,,,,,,,,,,,,1,,,,,,,,,,,,,,,29.41176470588235,,,
16:46:12.617,,,,,,,,,,,,,,,,,,,,,,,,,,,,,,,14.6718054,3.314008,,,,
16:46:12.966,,,,,,,,-0.05,,,,,,,,,,,,,,,,,,,,,95,,,,,,,
16:46:13.206,4.041312950192958,4.212255359474183,5.394232727574385,4.212255359474183,4.019873349647868,,,,,5.690253270595607,,,,,,1971,2,,0.5259754918994262,1.147516,1.7973029999999999,1.147516,0.5312352468184204,1.1589911599999998,1.8152760300000002,1.1589911599999998,22.261396907018955,,,,,,,,,
16:46:13.526,,,,,,68.33329582643846,,,7.5870043607941415,,13.043659594833342,27.271012,33.347668,27.271012,,,,,,,,,,,,,,,,,,,,0.010351406996233175,75,
16:46:13.821,,,,,,,,,,,,,,,,,,1,,,,,,,,,,,,,,,28.235294117647058,,,
16:46:13.988,,,,,,,,,,,,,,,,,,,,,,,,,,,,,,,14.7453348,3.310836,,,,
16:46:14.363,,,,,,,,-0.06,,,,,,,,,,,,,,,,,,,,,94,,,,,,,
16:46:14.596,4.048982941044971,4.215743808847284,5.396068474713135,4.215743808847284,4.023801876189923,,,,,5.596594707798777,,,,,,1969,2,,0.5281355518827776,1.149676,1.799463,1.149676,0.5334169074016054,1.16117276,1.8174576300000003,1.16117276,21.89498607414175,,,,,,,,,
16:46:14.930,,,,,,68.34687493599614,,,7.462126277065036,,13.072879174000008,27.300232,33.376887999999994,27.300232,,,,,,,,,,,,,,,,,,,,0.010295842882991546,75,
16:46:15.243,,,,,,,,,,,,,,,,,,1,,,,,,,,,,,,,,,28.235294117647058,,,
16:46:15.399,,,,,,,,,,,,,,,,,,,,,,,,,,,,,,,14.59424085,3.272284,,,,
16:46:15.744,,,,,,,,-0.08,,,,,,,,,,,,,,,,,,,,,92,,,,,,,
16:46:15.985,4.056196431373146,4.2190190911198115,5.397714130808121,4.2190190911198115,4.02964530579432,,,,,5.511741454454977,,,,,,1961,2,,0.5302616585335116,1.151802,1.8015889999999999,1.151802,0.5355642751188467,1.16332002,1.8196048900000001,1.16332002,21.563023354433067,,,,,,,,,
16:46:16.302,,,,,,68.36009776685813,,,7.34898860593997,,13.101446961500008,27.3288,33.405456,27.3288,,,,,,,,,,,,,,,,,,,,0.005123431377308215,75,
16:46:16.616,,,,,,,,,,,,,,,,,,1,,,,,,,,,,,,,,,28.235294117647058,,,
16:46:16.783,,,,,,,,,,,,,,,,,,,,,,,,,,,,,,,14.612623199999998,3.298026,,,,
16:46:17.141,,,,,,,,-0.05,,,,,,,,,,,,,,,,,,,,,95,,,,,,,
16:46:17.370,4.06402104065359,4.222600333713884,5.399635915761785,4.222600333713884,4.037514268916665,,,,,5.681413730138531,,,,,,1960,2,,0.5324455611454308,1.153986,1.803773,1.153986,0.5377700167568852,1.1655258599999998,1.8218107300000002,1.1655258599999998,22.22681487538822,,,,,,,,,
16:46:17.700,,,,,,68.37354369391755,,,7.575218306851374,,13.130613659416674,27.357967000000002,33.434623,27.357967000000002,,,,,,,,,,,,,,,,,,,,0.00510191268529992,75,
16:46:18.015,,,,,,,,,,,,,,,,,,1,,,,,,,,,,,,,,,28.235294117647058,,,
16:46:18.165,,,,,,,,,,,,,,,,,,,,,,,,,,,,,,,14.5731684,3.277774,,,,
16:46:18.515,,,,,,,,-0.09,,,,,,,,,,,,,,,,,,,,,91,,,,,,,
16:46:18.759,4.07099346189116,4.225778180081875,5.401209399011318,4.225778180081875,4.044899252396387,,,,,5.443009549059937,,,,,,1955,2,,0.5345464235810403,1.1560869999999999,1.805874,1.1560869999999999,0.5398918878168507,1.16764787,1.82393274,1.16764787,21.294130538346774,,,,,,,,,
16:46:19.114,,,,,,68.38911083852028,,,7.161854669815707,,13.160466391861119,27.387819999999998,33.464476,27.387819999999998,,,,,,,,,,,,,,,,,,,,0.005069190778793393,76,
16:46:19.421,,,,,,,,,,,,,,,,,,1,,,,,,,,,,,,,,,28.235294117647058,,,
16:46:19.577,,,,,,,,,,,,,,,,,,,,,,,,,,,,,,,14.5381971,3.269844,,,,
16:46:19.923,,,,,,,,-0.1,,,,,,,,,,,,,,,,,,,,,90,,,,,,,
16:46:20.163,4.0777377745056995,4.228850635063323,5.402675362375314,4.228850635063323,4.0522406907990325,,,,,5.385104705833521,,,,,,1951,2,,0.5366493093620481,1.1581899999999998,1.807977,1.1581899999999998,0.5420158024556686,1.1697718999999998,1.82605677,1.1697718999999998,21.0675953321613,,,,,,,,,
16:46:20.501,,,,,,68.40431934219079,,,7.085664086623054,,13.189749535972231,27.417102999999997,33.493759,27.417102999999997,,,,,,,,,,,,,,,,,,,,0.005084409615370934,76,
16:46:20.878,,,,,,,,,,,,,,,,,,1,,,,,,,,,,,,,,,28.235294117647058,,,
16:46:21.041,,,,,,,,,,,,,,,,,,,,,,,,,,,,,,,14.632350599999999,3.287046,,,,
16:46:21.405,,,,,,,,-0.05,,,,,,,,,,,,,,,,,,,,,95,,,,,,,
16:46:21.636,4.086203386944531,4.232763031163431,5.404851691922666,4.232763031163431,4.059813416427306,,,,,5.653490615715372,,,,,,1953,2,,0.5389599922683979,1.160501,1.810288,1.160501,0.5443495921910818,1.1721060099999998,1.8283908800000002,1.1721060099999998,22.117574125724904,,,,,,,,,
16:46:21.954,,,,,,68.4201906336822,,,7.4388034417307525,,13.220434145416675,27.447788,33.524443999999995,27.447788,,,,,,,,,,,,,,,,,,,,0.005011826104430642,76,
16:46:22.252,,,,,,,,,,,,,,,,,,1,,,,,,,,,,,,,,,28.235294117647058,,,
16:46:22.411,,,,,,,,,,,,,,,,,,,,,,,,,,,,,,,14.641317599999999,3.307176,,,,
16:46:22.768,,,,,,,,-0.1,,,,,,,,,,,,,,,,,,,,,90,,,,,,,
16:46:22.998,4.09198369333029,4.235383193720383,5.405924107197722,4.235383193720383,4.067178959992043,,,,,5.33073236945398,,,,,,1945,1.9,,0.5409780094179201,1.162519,1.812306,1.162519,0.5463877895120993,1.1741441899999998,1.8304290600000002,1.1741441899999998,20.854879991850936,,,,,,,,,
16:46:23.341,,,,,,68.43724330919352,,,6.9230290512389345,,13.250064106888898,27.477418,33.554074,27.477418,,,,,,,,,,,,,,,,,,,,0.01004257393707489,77,
16:46:23.651,,,,,,,,,,,,,,,,,,1,,,,,,,,,,,,,,,27.84313725490196,,,
16:46:23.813,,,,,,,,,,,,,,,,,,,,,,,,,,,,,,,14.666873549999998,3.293756,,,,
16:46:24.161,,,,,,,,-0.09,,,,,,,,,,,,,,,,,,,,,91,,,,,,,
16:46:24.399,4.098506848133812,4.2383749448365196,5.407340402241468,4.2383749448365196,4.0743281972346495,,,,,5.336309347381169,,,,,,1929,1.9,,0.5430547848029617,1.164596,1.8143829999999999,1.164596,0.5484853326509913,1.17624196,1.83252683,1.17624196,20.876698233197136,,,,,,,,,
16:46:24.732,,,,,,68.4542848663166,,,6.930271879715804,,13.279792885027787,27.507147,33.583802999999996,27.507147,,,,,,,,,,,,,,,,,,,,0.0050421190227871865,77,
16:46:25.031,,,,,,,,,,,,,,,,,,1,,,,,,,,,,,,,,,27.84313725490196,,,
16:46:25.194,,,,,,,,,,,,,,,,,,,,,,,,,,,,,,,14.73771285,3.308396,,,,
16:46:25.532,,,,,,,,-0.08,,,,,,,,,,,,,,,,,,,,,92,,,,,,,
16:46:25.774,4.104388616920522,4.241065058473712,5.408508976782648,4.241065058473712,4.081253906719094,,,,,5.238202476663719,,,,,,1882,1.9,,0.5450543075237019,1.166596,1.816383,1.166596,0.5505048505989389,1.17826196,1.83454683,1.17826196,20.492884739405472,,,,,,,,,
16:46:26.082,,,,,,68.47081246047047,,,6.802860359303532,,13.308738538944453,27.536093,33.612748999999994,27.536093,,,,,,,,,,,,,,,,,,,,0.005075058220786877,77,
16:46:26.382,,,,,,,,,,,,,,,,,,1,,,,,,,,,,,,,,,27.84313725490196,,,
16:46:26.531,,,,,,,,,,,,,,,,,,,,,,,,,,,,,,,14.66597685,3.315228,,,,
16:46:26.863,,,,,,,,-0.05,,,,,,,,,,,,,,,,,,,,,95,,,,,,,
16:46:27.086,4.110180125724134,4.2437211408314175,5.409679523683113,4.2437211408314175,4.0880018685129675,,,,,5.37481980630413,,,,,,1861,1.9,,0.5470131264122834,1.168555,1.818342,1.168555,0.5524832576764063,1.18024055,1.83652542,1.18024055,21.02735876980023,,,,,,,,,
16:46:27.404,,,,,,68.48878076467324,,,6.890794623466833,,13.33738011511112,27.564735,33.641391,27.564735,,,,,,,,,,,,,,,,,,,,0.01039438661424579,78,
16:46:27.685,,,,,,,,,,,,,,,,,,1,,,,,,,,,,,,,,,27.84313725490196,,,
16:46:27.853,,,,,,,,,,,,,,,,,,,,,,,,,,,,,,,14.68032405,3.318888,,,,
16:46:28.201,,,,,,,,-0.08,,,,,,,,,,,,,,,,,,,,,92,,,,,,,
16:46:28.436,4.115689730324913,4.246247968645445,5.410757242469551,4.246247968645445,4.094460454721883,,,,,5.099410566537264,,,,,,1825,1.8,,0.5489251836920255,1.170467,1.820254,1.170467,0.5544144355289458,1.18217167,1.8384565400000001,1.18217167,19.94990331979549,,,,,,,,,
16:46:28.763,,,,,,68.50715245751223,,,6.537705854534955,,13.36677680061112,27.594132000000002,33.670788,27.594132000000002,,,,,,,,,,,,,,,,,,,,0.005223633492556742,78,
16:46:29.076,,,,,,,,,,,,,,,,,,1,,,,,,,,,,,,,,,27.84313725490196,,,
16:46:29.243,,,,,,,,,,,,,,,,,,,,,,,,,,,,,,,14.7677523,3.3367,,,,
16:46:29.593,,,,,,,,-0.09,,,,,,,,,,,,,,,,,,,,,91,,,,,,,
16:46:29.817,4.120941209080825,4.2486533006365255,5.4117117781740065,4.2486533006365255,4.100703923120591,,,,,4.972908786896779,,,,,,1810,1.8,,0.5508370135022391,1.1723789999999998,1.822166,1.1723789999999998,0.5563453836372615,1.1841027899999998,1.8403876600000002,1.1841027899999998,19.45500332288792,,,,,,,,,
16:46:30.131,,,,,,68.52565769825553,,,6.375524085765102,,13.396502429444453,27.623858,33.700514,27.623858,,,,,,,,,,,,,,,,,,,,0.005246168318017761,78,
16:46:30.451,,,,,,,,,,,,,,,,,,1,,,,,,,,,,,,,,,26.666666666666668,,,
16:46:30.595,,,,,,,,,,,,,,,,,,,,,,,,,,,,,,,14.6314539,3.278994,,,,
16:46:30.952,,,,,,,,-0.06,,,,,,,,,,,,,,,,,,,,,94,,,,,,,
16:46:31.193,4.125472295920763,4.250713278355255,5.412374422538481,4.250713278355255,4.106670738297474,,,,,4.79799849350902,,,,,,1675,1.7,,0.5526689963490828,1.1742110000000001,1.823998,1.1742110000000001,0.5581956863125737,1.1859531099999998,1.8422379800000002,1.1859531099999998,18.770719640059774,,,,,,,,,
16:46:31.527,,,,,,68.54435815784467,,,6.15128011988336,,13.426659842444453,27.654015,33.730671,27.654015,,,,,,,,,,,,,,,,,,,,0.005202787922710708,78,
16:46:31.826,,,,,,,,,,,,,,,,,,1,,,,,,,,,,,,,,,16.07843137254902,,,
16:46:31.986,,,,,,,,,,,,,,,,,,,,,,,,,,,,,,,18.112891649999998,4.862554,,,,
16:46:32.340,,,,,,,,-0.25,,,,,,,,,,,,,,,,,,,,,75,,,,,,,
16:46:32.567,4.11620613640618,4.246077829928132,5.407535474168302,4.246077829928132,4.11042108198018,,,,,0,,,,,,0,0,,0.5526689963490828,1.1742110000000001,1.823998,1.1742110000000001,0.5581956863125737,1.1859531099999998,1.8422379800000002,1.1859531099999998,0,,,,,,,,,
16:46:32.897,,,,,,68.56078720696614,,,0,,13.45602264386112,27.683377999999998,33.760034,27.683377999999998,,,,,,,,,,,,,,,,,,,,-0.005156751438519258,77,
16:46:33.192,,,,,,,,,,,,,,,,,,1,,,,,,,,,,,,,,,16.470588235294116,,,
16:46:33.354,,,,,,,,,,,,,,,,,,,,,,,,,,,,,,,18.112891649999998,4.996998,,,,
16:46:33.714,,,,,,,,0,,,,,,,,,,,,,,,,,,,,,100,,,,,,,
16:46:33.946,4.107224036229015,4.2415741315962245,5.402832236484122,4.2415741315962245,4.112326124842521,,,,,0,,,,,,0,0,,0.5526689963490828,1.1742110000000001,1.823998,1.1742110000000001,0.5581956863125737,1.1859531099999998,1.8422379800000002,1.1859531099999998,0,,,,,,,,,
16:46:34.290,,,,,,68.57539245353725,,,0,,13.485364656305565,27.712719999999997,33.789376,27.712719999999997,,,,,,,,,,,,,,,,,,,,-0.010251296025686573,76,
16:46:34.588,,,,,,,,,,,,,,,,,,1,,,,,,,,,,,,,,,16.470588235294116,,,
16:46:34.744,,,,,,,,,,,,,,,,,,,,,,,,,,,,,,,18.112891649999998,4.996998,,,,
16:46:35.094,,,,,,,,0,,,,,,,,,,,,,,,,,,,,,100,,,,,,,
16:46:35.335,4.098287368822931,4.237083187792466,5.398140527957664,4.237083187792466,4.11229868992866,,,,,0,,,,,,0,0,,0.5526689963490828,1.1742110000000001,1.823998,1.1742110000000001,0.5581956863125737,1.1859531099999998,1.8422379800000002,1.1859531099999998,0,,,,,,,,,
16:46:35.625,,,,,,68.58935764796618,,,0,,13.513528966416676,27.740884,33.817539999999994,27.740884,,,,,,,,,,,,,,,,,,,,-0.010311436417225796,76,
16:46:35.895,,,,,,,,,,,,,,,,,,1,,,,,,,,,,,,,,,16.470588235294116,,,
16:46:36.050,,,,,,,,,,,,,,,,,,,,,,,,,,,,,,,18.112891649999998,4.996998,,,,
16:46:36.424,,,,,,,,0,,,,,,,,,,,,,,,,,,,,,100,,,,,,,
16:46:36.671,4.089745896298114,4.232781478773352,5.39364483637781,4.232781478773352,4.110468349850859,,,,,0,,,,,,0,0,,0.5526689963490828,1.1742110000000001,1.823998,1.1742110000000001,0.5581956863125737,1.1859531099999998,1.8422379800000002,1.1859531099999998,0,,,,,,,,,
16:46:36.978,,,,,,68.60350360382402,,,0,,13.542166254083343,27.769520999999997,33.846177,27.769520999999997,,,,,,,,,,,,,,,,,,,,-0.010391476886768898,76,
16:46:37.282,,,,,,,,,,,,,,,,,,1,,,,,,,,,,,,,,,16.470588235294116,,,
16:46:37.444,,,,,,,,,,,,,,,,,,,,,,,,,,,,,,,18.112891649999998,4.996998,,,,
16:46:37.800,,,,,,,,0,,,,,,,,,,,,,,,,,,,,,100,,,,,,,
16:46:38.027,4.081097410707373,4.228416471425633,5.389081313378465,4.228416471425633,4.106833010473764,,,,,0,,,,,,0,0,,0.5526689963490828,1.1742110000000001,1.823998,1.1742110000000001,0.5581956863125737,1.1859531099999998,1.8422379800000002,1.1859531099999998,0,,,,,,,,,
16:46:38.343,,,,,,68.61575864720184,,,0,,13.57058524575001,27.797939999999997,33.874596,27.797939999999997,,,,,,,,,,,,,,,,,,,,-0.010402907611620556,75,
16:46:38.652,,,,,,,,,,,,,,,,,,1,,,,,,,,,,,,,,,16.470588235294116,,,
16:46:38.805,,,,,,,,,,,,,,,,,,,,,,,,,,,,,,,18.112891649999998,4.996998,,,,
16:46:39.150,,,,,,,,0,,,,,,,,,,,,,,,,,,,,,100,,,,,,,
16:46:39.375,4.072550935282367,4.224093583913054,5.384560158296796,4.224093583913054,4.101440661093445,,,,,0,,,,,,0,0,,0.5526689963490828,1.1742110000000001,1.823998,1.1742110000000001,0.5581956863125737,1.1859531099999998,1.8422379800000002,1.1859531099999998,0,,,,,,,,,
16:46:39.715,,,,,,68.62802135888545,,,0,,13.599131437416677,27.826486,33.903141999999995,27.826486,,,,,,,,,,,,,,,,,,,,-0.0052212723179341355,75,
16:46:40.012,,,,,,,,,,,,,,,,,,1,,,,,,,,,,,,,,,16.470588235294116,,,
16:46:40.175,,,,,,,,,,,,,,,,,,,,,,,,,,,,,,,18.112891649999998,4.996998,,,,
16:46:40.540,,,,,,,,-0.5,,,,,,,,,,,,,,,,,,,,,50,,,,,,,
16:46:40.782,4.070281087391585,4.222829285738775,5.382545369983703,4.222829285738775,4.095108145882291,,,,,2.185899054194021,,,,,,1776,1.8,,0.5535228749466945,1.175065,1.824852,1.175065,0.5590581036961615,1.18681565,1.8431005200000001,1.18681565,8.55166969378096,,,,,,,,,
16:46:41.133,,,,,,68.64265257153878,,,2.8761829660447646,,13.6290804386389,27.856434999999998,33.933091,27.856434999999998,,,,,,,,,,,,,,,,,,,,,76,
16:46:41.411,,,,,,,,,,,,,,,,,,2,,,,,,,,,,,,,,,30.980392156862745,,,
16:46:41.579,,,,,,,,,,,,,,,,,,,,,,,,,,,,,,,14.231525699999999,3.164436,,,,
16:46:41.926,,,,,,,,-0.05,,,,,,,,,,,,,,,,,,,,,95,,,,,,,
16:46:42.169,4.0794522205026365,4.227152541235087,5.385070873737969,4.227152541235087,4.089355636455025,,,,,6.41095558987741,,,,,,2154,2.2,,0.555991824588145,1.177534,1.827321,1.177534,0.5615517428340264,1.1893093399999999,1.84559421,1.1893093399999999,25.08092700847295,,,,,,,,,
16:46:42.489,,,,,,68.65847851510786,,,8.325916350490143,,13.658086419916676,27.885441,33.962097,27.885441,,,,,,,,,,,,,,,,,,,,,77,
16:46:42.787,,,,,,,,,,,,,,,,,,1,,,,,,,,,,,,,,,29.80392156862745,,,
16:46:42.976,,,,,,,,,,,,,,,,,,,,,,,,,,,,,,,14.5794453,3.314008,,,,
16:46:43.345,,,,,,,,-0.22,,,,,,,,,,,,,,,,,,,,,78,,,,,,,
16:46:43.576,4.086616589419491,4.230508672966656,5.386837567774451,4.230508672966656,4.085656943081689,,,,,5.526937598706793,,,,,,2317,2.3,,0.5581536254335656,1.1796959999999999,1.829483,1.1796959999999999,0.5637351616879013,1.19149296,1.84777783,1.19149296,21.62247367809336,,,,,,,,,
16:46:43.891,,,,,,68.67675251879707,,,7.085817434239479,,13.688499246083342,27.915854,33.992509999999996,27.915854,,,,,,,,,,,,,,,,,,,,0.015315982683778194,78,
16:46:44.199,,,,,,,,,,,,,,,,,,1,,,,,,,,,,,,,,,28.627450980392158,,,
16:46:44.351,,,,,,,,,,,,,,,,,,,,,,,,,,,,,,,15.070836899999998,3.45138,,,,
16:46:44.679,,,,,,,,-0.1,,,,,,,,,,,,,,,,,,,,,90,,,,,,,
16:46:44.907,4.092202212295773,4.233089197271199,5.387922221689426,4.233089197271199,4.0837792150900345,,,,,5.431755748179566,,,,,,2040,2,,0.5601610689783127,1.181703,1.83149,1.181703,0.5657626796680959,1.19352003,1.8498049,1.19352003,21.250103442153165,,,,,,,,,
16:46:45.196,,,,,,68.69545233590627,,,6.875640187569072,,13.717073941083342,27.944429,34.021085,27.944429,,,,,,,,,,,,,,,,,,,,0.020669137347953965,79,
16:46:45.495,,,,,,,,,,,,,,,,,,1,,,,,,,,,,,,,,,29.41176470588235,,,
16:46:45.647,,,,,,,,,,,,,,,,,,,,,,,,,,,,,,,14.7767193,3.32877,,,,
16:46:45.998,,,,,,,,-0.06,,,,,,,,,,,,,,,,,,,,,94,,,,,,,
16:46:46.457,4.101181226159172,4.2373526401273045,5.390454184515279,4.2373526401273045,4.0841409472570644,,,,,5.579035380909399,,,,,,1967,2,,0.5625620612500821,1.184104,1.833891,1.184104,0.568187681862583,1.1959450399999998,1.8522299100000001,1.1959450399999998,21.826290512324768,,,,,,,,,
16:46:46.735,,,,,,68.71749722948124,,,7.062070102416961,,13.750893641388897,27.978248999999998,34.054905,27.978248999999998,,,,,,,,,,,,,,,,,,,,0.01516896532084141,79,
16:46:47.035,,,,,,,,,,,,,,,,,,1,,,,,,,,,,,,,,,28.627450980392158,,,
16:46:47.189,,,,,,,,,,,,,,,,,,,,,,,,,,,,,,,14.7740292,3.34158,,,,
16:46:47.545,,,,,,,,-0.09,,,,,,,,,,,,,,,,,,,,,91,,,,,,,
16:46:47.776,4.104972335418357,4.239050127833232,5.390703629917629,4.239050127833232,4.0860442521470945,,,,,5.201484869765278,,,,,,1894,1.9,,0.5644703798518163,1.1860119999999998,1.835799,1.1860119999999998,0.5701150836503344,1.19787212,1.85415699,1.19787212,20.349238194731274,,,,,,,,,
16:46:48.077,,,,,,68.73848876524438,,,6.501856087206598,,13.780733799166676,28.008089,34.084745,28.008089,,,,,,,,,,,,,,,,,,,,0.015206012756687913,80,
16:46:48.371,,,,,,,,,,,,,,,,,,1,,,,,,,,,,,,,,,27.84313725490196,,,
16:46:48.534,,,,,,,,,,,,,,,,,,,,,,,,,,,,,,,14.677633949999999,3.300466,,,,
16:46:48.871,,,,,,,,-0.11,,,,,,,,,,,,,,,,,,,,,89,,,,,,,
16:46:49.105,4.107843945664047,4.240321429998312,5.3907400510110906,4.240321429998312,4.0893875690166785,,,,,4.3852032733384325,,,,,,1622,1.6,,0.5660910390371474,1.187633,1.8374199999999998,1.187633,0.571751949427519,1.19950933,1.8557942,1.19950933,17.155783045756678,,,,,,,,,
16:46:49.423,,,,,,68.7594117120203,,,5.481504091673041,,13.810587361388897,28.037943,34.114599,28.037943,,,,,,,,,,,,,,,,,,,,0.010240047798119434,80,
16:46:49.719,,,,,,,,,,,,,,,,,,1,,,,,,,,,,,,,,,20,,,
16:46:49.874,,,,,,,,,,,,,,,,,,,,,,,,,,,,,,,14.490671999999998,3.22324,,,,
16:46:50.220,,,,,,,,-0.33,,,,,,,,,,,,,,,,,,,,,67,,,,,,,
16:46:50.440,4.106631103545248,4.239583481569957,5.389126807558254,4.239583481569957,4.093647590049539,,,,,2.859352268474293,,,,,,1387,1.4,,0.5671498761650855,1.188692,1.838479,1.188692,0.5728213749267363,1.2005789199999999,1.85686379,1.2005789199999999,11.186351945777028,,,,,,,,,
16:46:50.741,,,,,,68.77804485541766,,,3.6194332512332825,,13.83951142072223,28.066867000000002,34.143523,28.066867000000002,,,,,,,,,,,,,,,,,,,,,79,
16:46:51.062,,,,,,,,,,,,,,,,,,1,,,,,,,,,,,,,,,19.607843137254903,,,
16:46:51.218,,,,,,,,,,,,,,,,,,,,,,,,,,,,,,,14.580341999999998,3.271064,,,,
16:46:51.556,,,,,,,,-0.3,,,,,,,,,,,,,,,,,,,,,70,,,,,,,
16:46:51.780,4.106040914746435,4.239155015057435,5.387800784353741,4.239155015057435,4.098117568468895,,,,,2.973291575462244,,,,,,1389,1.4,,0.5682560013358604,1.1897980000000001,1.839585,1.1897980000000001,0.5739385613492191,1.20169598,1.8579808500000001,1.20169598,11.632105063529549,,,,,,,,,
16:46:52.077,,,,,,68.79685126842985,,,3.763660222104107,,13.868811566138897,28.096167,34.172822999999994,28.096167,,,,,,,,,,,,,,,,,,,,0,79,
16:46:52.360,,,,,,,,,,,,,,,,,,1,,,,,,,,,,,,,,,19.607843137254903,,,
16:46:52.516,,,,,,,,,,,,,,,,,,,,,,,,,,,,,,,14.620693499999998,3.294976,,,,
16:46:52.898,,,,,,,,-0.56,,,,,,,,,,,,,,,,,,,,,44,,,,,,,
16:46:53.140,4.097366227999476,4.234734225490616,5.383181249029383,4.234734225490616,4.1003568194060005,,,,,0,,,,,,0,0,,0.5682560013358604,1.1897980000000001,1.839585,1.1897980000000001,0.5739385613492191,1.20169598,1.8579808500000001,1.20169598,0,,,,,,,,,
16:46:53.465,,,,,,68.8144466595237,,,0,,13.898931838138896,28.126286999999998,34.202943,28.126286999999998,,,,,,,,,,,,,,,,,,,,-0.010513857734751598,78,
16:46:53.768,,,,,,,,,,,,,,,,,,1,,,,,,,,,,,,,,,16.470588235294116,,,
16:46:53.943,,,,,,,,,,,,,,,,,,,,,,,,,,,,,,,18.112891649999998,4.137874,,,,
16:46:54.283,,,,,,,,0,,,,,,,,,,,,,,,,,,,,,100,,,,,,,
16:46:54.519,4.08848685606585,4.230199314968237,5.3784406797976425,4.230199314968237,4.100590602736795,,,,,0,,,,,,0,0,,0.5682560013358604,1.1897980000000001,1.839585,1.1897980000000001,0.5739385613492191,1.20169598,1.8579808500000001,1.20169598,0,,,,,,,,,
16:46:54.833,,,,,,68.8317030636706,,,0,,13.92858411447223,28.155939,34.232594999999996,28.155939,,,,,,,,,,,,,,,,,,,,-0.010471119258532337,78,
16:46:55.126,,,,,,,,,,,,,,,,,,1,,,,,,,,,,,,,,,16.470588235294116,,,
16:46:55.278,,,,,,,,,,,,,,,,,,,,,,,,,,,,,,,17.843881649999997,4.045886,,,,
16:46:55.620,,,,,,,,0,,,,,,,,,,,,,,,,,,,,,100,,,,,,,
16:46:55.854,4.079782960462039,4.225744344736647,5.373781917497054,4.225744344736647,4.0990381962575775,,,,,0,,,,,,0,0,,0.5682560013358604,1.1897980000000001,1.839585,1.1897980000000001,0.5739385613492191,1.20169598,1.8579808500000001,1.20169598,0,,,,,,,,,
16:46:56.173,,,,,,68.8485458627483,,,0,,13.95763351797223,28.184987999999997,34.261644,28.184987999999997,,,,,,,,,,,,,,,,,,,,-0.005214334717430721,78,
16:46:56.485,,,,,,,,,,,,,,,,,,1,,,,,,,,,,,,,,,16.470588235294116,,,
16:46:56.647,,,,,,,,,,,,,,,,,,,,,,,,,,,,,,,18.112891649999998,4.1777679999999995,,,,
16:46:56.999,,,,,,,,0,,,,,,,,,,,,,,,,,,,,,100,,,,,,,
16:46:57.220,4.071291889159853,4.221389060020179,5.3692257149131555,4.221389060020179,4.095302029132663,,,,,0,,,,,,0,0,,0.5682560013358604,1.1897980000000001,1.839585,1.1897980000000001,0.5739385613492191,1.20169598,1.8579808500000001,1.20169598,0,,,,,,,,,
16:46:57.544,,,,,,68.86569366667732,,,0,,13.98731903097223,28.214674,34.291329999999995,28.214674,,,,,,,,,,,,,,,,,,,,-0.005180971495177531,78,
16:46:57.809,,,,,,,,,,,,,,,,,,1,,,,,,,,,,,,,,,16.470588235294116,,,
16:46:57.963,,,,,,,,,,,,,,,,,,,,,,,,,,,,,,,18.112891649999998,4.278296,,,,
16:46:58.301,,,,,,,,0,,,,,,,,,,,,,,,,,,,,,100,,,,,,,
16:46:58.544,4.062651320653848,4.2169475358815065,5.364577576897719,4.2169475358815065,4.0900119022871,,,,,0,,,,,,0,0,,0.5682560013358604,1.1897980000000001,1.839585,1.1897980000000001,0.5739385613492191,1.20169598,1.8579808500000001,1.20169598,0,,,,,,,,,
16:46:58.849,,,,,,68.88197320390674,,,0,,14.015604758138897,28.24296,34.319615999999996,28.24296,,,,,,,,,,,,,,,,,,,,0,78,
16:46:59.125,,,,,,,,,,,,,,,,,,1,,,,,,,,,,,,,,,16.470588235294116,,,
16:46:59.292,,,,,,,,,,,,,,,,,,,,,,,,,,,,,,,18.112891649999998,4.3364899999999995,,,,
16:46:59.642,,,,,,,,0,,,,,,,,,,,,,,,,,,,,,100,,,,,,,
16:46:59.879,4.054452241926077,4.212724162056669,5.36015612762101,4.212724162056669,4.083337939319853,,,,,0,,,,,,0,0,,0.5682560013358604,1.1897980000000001,1.839585,1.1897980000000001,0.5739385613492191,1.20169598,1.8579808500000001,1.20169598,0,,,,,,,,,
16:47:00.172,,,,,,68.89659615124428,,,0,,14.043877271638896,28.271233,34.347888999999995,28.271233,,,,,,,,,,,,,,,,,,,,-0.0053060186323240265,77,
16:47:00.448,,,,,,,,,,,,,,,,,,1,,,,,,,,,,,,,,,16.470588235294116,,,
16:47:00.602,,,,,,,,,,,,,,,,,,,,,,,,,,,,,,,18.112891649999998,4.350032,,,,
16:47:00.942,,,,,,,,0,,,,,,,,,,,,,,,,,,,,,100,,,,,,,
16:47:01.187,4.046289997730419,4.208511174592209,5.355743987643609,4.208511174592209,4.075795301093,,,,,0,,,,,,0,0,,0.5682560013358604,1.1897980000000001,1.839585,1.1897980000000001,0.5739385613492191,1.20169598,1.8579808500000001,1.20169598,0,,,,,,,,,
16:47:01.499,,,,,,68.90762444873218,,,0,,14.071551296638896,28.298907,34.375563,28.298907,,,,,,,,,,,,,,,,,,,,-0.01595484189345617,75,
16:47:01.791,,,,,,,,,,,,,,,,,,1,,,,,,,,,,,,,,,16.470588235294116,,,
16:47:01.949,,,,,,,,,,,,,,,,,,,,,,,,,,,,,,,18.112891649999998,4.3383199999999995,,,,
16:47:02.278,,,,,,,,0,,,,,,,,,,,,,,,,,,,,,100,,,,,,,
16:47:02.512,4.038332301511013,4.204395597328194,5.351432353267931,4.204395597328194,4.067331724438572,,,,,0,,,,,,0,0,,0.5682560013358604,1.1897980000000001,1.839585,1.1897980000000001,0.5739385613492191,1.20169598,1.8579808500000001,1.20169598,0,,,,,,,,,
16:47:02.830,,,,,,68.91500127136169,,,0,,14.098471291694452,28.325827,34.402483,28.325827,,,,,,,,,,,,,,,,,,,,-0.026794957236588483,73,
16:47:03.108,,,,,,,,,,,,,,,,,,1,,,,,,,,,,,,,,,16.470588235294116,,,
16:47:03.258,,,,,,,,,,,,,,,,,,,,,,,,,,,,,,,18.112891649999998,4.3169699999999995,,,,
16:47:03.600,,,,,,,,0,,,,,,,,,,,,,,,,,,,,,100,,,,,,,
16:47:03.825,4.030621402695096,4.2003998682898125,5.347244848576774,4.2003998682898125,4.058988621275525,,,,,0,,,,,,0,0,,0.5682560013358604,1.1897980000000001,1.839585,1.1897980000000001,0.5739385613492191,1.20169598,1.8579808500000001,1.20169598,0,,,,,,,,,
16:47:04.171,,,,,,68.91697714210139,,,0,,14.124597549194451,28.351953,34.428608999999994,28.351953,,,,,,,,,,,,,,,,,,,,-0.042576378362777535,70,
16:47:04.498,,,,,,,,,,,,,,,,,,1,,,,,,,,,,,,,,,16.470588235294116,,,
16:47:04.652,,,,,,,,,,,,,,,,,,,,,,,,,,,,,,,18.112891649999998,4.285006,,,,
16:47:05.011,,,,,,,,0,,,,,,,,,,,,,,,,,,,,,100,,,,,,,
16:47:05.247,4.023165965307585,4.196529247914597,5.343187115111157,4.196529247914597,4.0508235099307415,,,,,0,,,,,,0,0,,0.5682560013358604,1.1897980000000001,1.839585,1.1897980000000001,0.5739385613492191,1.20169598,1.8579808500000001,1.20169598,0,,,,,,,,,
16:47:05.571,,,,,,68.9133484644972,,,0,,14.15063982758334,28.377995,34.454651,28.377995,,,,,,,,,,,,,,,,,,,,-0.052461938724055565,67,
16:47:05.885,,,,,,,,,,,,,,,,,,1,,,,,,,,,,,,,,,16.470588235294116,,,
16:47:06.039,,,,,,,,,,,,,,,,,,,,,,,,,,,,,,,18.112891649999998,4.251334,,,,
16:47:06.386,,,,,,,,0,,,,,,,,,,,,,,,,,,,,,100,,,,,,,
16:47:06.610,4.015761889636814,4.192678164895018,5.339148552106943,4.192678164895018,4.042820876077588,,,,,0,,,,,,0,0,,0.5682560013358604,1.1897980000000001,1.839585,1.1897980000000001,0.5739385613492191,1.20169598,1.8579808500000001,1.20169598,0,,,,,,,,,
16:47:06.899,,,,,,68.90632808049563,,,0,,14.174626954527785,28.401982,34.478638,28.401982,,,,,,,,,,,,,,,,,,,,-0.05245634161992943,65,
16:47:07.179,,,,,,,,,,,,,,,,,,1,,,,,,,,,,,,,,,16.470588235294116,,,
16:47:07.346,,,,,,,,,,,,,,,,,,,,,,,,,,,,,,,18.112891649999998,4.221932,,,,
16:47:07.695,,,,,,,,0,,,,,,,,,,,,,,,,,,,,,100,,,,,,,
16:47:07.929,4.008966184145982,4.189137222888178,5.33543407370094,4.189137222888178,4.035030162950854,,,,,0,,,,,,0,0,,0.5682560013358604,1.1897980000000001,1.839585,1.1897980000000001,0.5739385613492191,1.20169598,1.8579808500000001,1.20169598,0,,,,,,,,,
16:47:08.230,,,,,,68.89214893388213,,,0,,14.197171276916674,28.424526,34.501182,28.424526,,,,,,,,,,,,,,,,,,,,-0.06294368515361441,61,
16:47:08.515,,,,,,,,,,,,,,,,,,1,,,,,,,,,,,,,,,16.470588235294116,,,
16:47:08.667,,,,,,,,,,,,,,,,,,,,,,,,,,,,,,,18.112891649999998,4.19131,,,,
16:47:09.011,,,,,,,,0,,,,,,,,,,,,,,,,,,,,,100,,,,,,,
16:47:09.238,4.002600167681246,4.185814743225622,5.331947757615957,4.185814743225622,4.027523768829279,,,,,0,,,,,,0,0,,0.5682560013358604,1.1897980000000001,1.839585,1.1897980000000001,0.5739385613492191,1.20169598,1.8579808500000001,1.20169598,0,,,,,,,,,
16:47:09.564,,,,,,68.87080020104312,,,0,,14.218296390500006,28.445650999999998,34.522307,28.445650999999998,,,,,,,,,,,,,,,,,,,,-0.06827736977604361,57,
16:47:09.851,,,,,,,,,,,,,,,,,,1,,,,,,,,,,,,,,,16.470588235294116,,,
16:47:10.015,,,,,,,,,,,,,,,,,,,,,,,,,,,,,,,18.112891649999998,4.163006,,,,
16:47:10.361,,,,,,,,0,,,,,,,,,,,,,,,,,,,,,100,,,,,,,
16:47:10.582,3.996653225737665,4.182706171850313,5.328685015170048,4.182706171850313,4.020298891805727,,,,,0,,,,,,0,0,,0.5682560013358604,1.1897980000000001,1.839585,1.1897980000000001,0.5739385613492191,1.20169598,1.8579808500000001,1.20169598,0,,,,,,,,,
16:47:10.897,,,,,,68.84599004831749,,,0,,14.238642461055562,28.465997,34.542653,28.465997,,,,,,,,,,,,,,,,,,,,-0.06382356651309311,55,
16:47:11.153,,,,,,,,,,,,,,,,,,1,,,,,,,,,,,,,,,16.470588235294116,,,
16:47:11.322,,,,,,,,,,,,,,,,,,,,,,,,,,,,,,,18.112891649999998,4.135434,,,,
16:47:11.659,,,,,,,,0,,,,,,,,,,,,,,,,,,,,,100,,,,,,,
16:47:11.891,3.9909422747997954,4.179716593098777,5.325546361479531,4.179716593098777,4.013380426439399,,,,,0,,,,,,0,0,,0.5682560013358604,1.1897980000000001,1.839585,1.1897980000000001,0.5739385613492191,1.20169598,1.8579808500000001,1.20169598,0,,,,,,,,,
16:47:12.204,,,,,,68.8181927700409,,,0,,14.257904897361117,28.485259,34.561915,28.485259,,,,,,,,,,,,,,,,,,,,-0.06407902092545038,53,
16:47:12.518,,,,,,,,,,,,,,,,,,1,,,,,,,,,,,,,,,16.470588235294116,,,
16:47:12.682,,,,,,,,,,,,,,,,,,,,,,,,,,,,,,,18.099441149999997,4.107252,,,,
16:47:13.038,,,,,,,,0,,,,,,,,,,,,,,,,,,,,,100,,,,,,,
16:47:13.280,3.9855505098861648,4.176890229434109,5.322578335141442,4.176890229434109,4.006782702486293,,,,,0,,,,,,0,0,,0.5682560013358604,1.1897980000000001,1.839585,1.1897980000000001,0.5739385613492191,1.20169598,1.8579808500000001,1.20169598,0,,,,,,,,,
16:47:13.713,,,,,,68.78019763179296,,,0,,14.278862920972228,28.506217,34.582873,28.506217,,,,,,,,,,,,,,,,,,,,-0.056827973586985416,50,
16:47:13.996,,,,,,,,,,,,,,,,,,1,,,,,,,,,,,,,,,16.470588235294116,,,
16:47:14.151,,,,,,,,,,,,,,,,,,,,,,,,,,,,,,,17.98645695,4.07785,,,,
16:47:14.512,,,,,,,,0,,,,,,,,,,,,,,,,,,,,,100,,,,,,,
16:47:14.751,3.979700656004117,4.173819346144738,5.319352732781918,4.173819346144738,4.00041760914992,,,,,0,,,,,,0,0,,0.5682560013358604,1.1897980000000001,1.839585,1.1897980000000001,0.5739385613492191,1.20169598,1.8579808500000001,1.20169598,0,,,,,,,,,
16:47:15.055,,,,,,68.74478224404336,,,0,,14.297108848166673,28.524462999999997,34.601119,28.524462999999997,,,,,,,,,,,,,,,,,,,,-0.04127041407554159,49,
16:47:15.357,,,,,,,,,,,,,,,,,,1,,,,,,,,,,,,,,,16.470588235294116,,,
16:47:15.515,,,,,,,,,,,,,,,,,,,,,,,,,,,,,,,17.880198,4.052718,,,,
16:47:15.876,,,,,,,,0,,,,,,,,,,,,,,,,,,,,,100,,,,,,,
16:47:16.109,3.974621774029007,4.171149514716545,5.316547710494566,4.171149514716545,3.9943495852400988,,,,,0,,,,,,0,0,,0.5682560013358604,1.1897980000000001,1.839585,1.1897980000000001,0.5739385613492191,1.20169598,1.8579808500000001,1.20169598,0,,,,,,,,,
16:47:16.459,,,,,,68.70591048811852,,,0,,14.315849709500005,28.543204,34.619859999999996,28.543204,,,,,,,,,,,,,,,,,,,,-0.035647092175431,48,
16:47:16.766,,,,,,,,,,,,,,,,,,1,,,,,,,,,,,,,,,16.470588235294116,,,
16:47:16.922,,,,,,,,,,,,,,,,,,,,,,,,,,,,,,,17.778870899999998,4.027586,,,,
16:47:17.260,,,,,,,,0,,,,,,,,,,,,,,,,,,,,,100,,,,,,,
16:47:17.490,3.9694186015292225,4.168410806299111,5.313669668219341,4.168410806299111,3.98855667422665,,,,,0,,,,,,0,0,,0.5682560013358604,1.1897980000000001,1.839585,1.1897980000000001,0.5739385613492191,1.20169598,1.8579808500000001,1.20169598,0,,,,,,,,,
16:47:17.792,,,,,,68.6692284470051,,,0,,14.33359951083334,28.560954,34.637609999999995,28.560954,,,,,,,,,,,,,,,,,,,,-0.025343808106856498,48,
16:47:18.067,,,,,,,,,,,,,,,,,,1,,,,,,,,,,,,,,,16.470588235294116,,,
16:47:18.232,,,,,,,,,,,,,,,,,,,,,,,,,,,,,,,17.6766471,4.003674,,,,
16:47:18.584,,,,,,,,0,,,,,,,,,,,,,,,,,,,,,100,,,,,,,
16:47:18.820,3.964503130608416,4.165820231355018,5.310946684831894,4.165820231355018,3.9829987925344548,,,,,0,,,,,,0,0,,0.5682560013358604,1.1897980000000001,1.839585,1.1897980000000001,0.5739385613492191,1.20169598,1.8579808500000001,1.20169598,0,,,,,,,,,
16:47:19.137,,,,,,68.63224767729639,,,0,,14.351557749500007,28.578912,34.655567999999995,28.578912,,,,,,,,,,,,,,,,,,,,-0.010442687464641701,48,
16:47:19.420,,,,,,,,,,,,,,,,,,1,,,,,,,,,,,,,,,16.470588235294116,,,
16:47:19.580,,,,,,,,,,,,,,,,,,,,,,,,,,,,,,,17.5618695,3.979152,,,,
16:47:19.946,,,,,,,,0,,,,,,,,,,,,,,,,,,,,,100,,,,,,,
16:47:20.178,3.959542310699045,4.163202573981823,5.308194631235017,4.163202573981823,3.9776165604116795,,,,,0,,,,,,0,0,,0.5682560013358604,1.1897980000000001,1.839585,1.1897980000000001,0.5739385613492191,1.20169598,1.8579808500000001,1.20169598,0,,,,,,,,,
16:47:20.480,,,,,,68.59554490809514,,,0,,14.369444753500007,28.596798999999997,34.673455,28.596798999999997,,,,,,,,,,,,,,,,,,,,-0.00522129791909342,48,
16:47:20.740,,,,,,,,,,,,,,,,,,1,,,,,,,,,,,,,,,16.470588235294116,,,
16:47:20.894,,,,,,,,,,,,,,,,,,,,,,,,,,,,,,,17.464577549999998,3.95951,,,,
16:47:21.240,,,,,,,,0,,,,,,,,,,,,,,,,,,,,,100,,,,,,,
16:47:21.471,3.954613494703396,4.160598534122649,5.305456292140487,4.160598534122649,3.9723615940323955,,,,,0,,,,,,0,0,,0.5682560013358604,1.1897980000000001,1.839585,1.1897980000000001,0.5739385613492191,1.20169598,1.8579808500000001,1.20169598,0,,,,,,,,,
16:47:21.775,,,,,,68.56019822070702,,,0,,14.386731240166673,28.614085,34.690740999999996,28.614085,,,,,,,,,,,,,,,,,,,,0,48,
16:47:22.061,,,,,,,,,,,,,,,,,,1,,,,,,,,,,,,,,,16.470588235294116,,,
16:47:22.226,,,,,,,,,,,,,,,,,,,,,,,,,,,,,,,17.364147149999997,3.9404779999999997,,,,
16:47:22.581,,,,,,,,0,,,,,,,,,,,,,,,,,,,,,100,,,,,,,
16:47:22.827,3.949861798692203,4.158085082923323,5.302812643869442,4.158085082923323,3.9672265345189466,,,,,0,,,,,,0,0,,0.5682560013358604,1.1897980000000001,1.839585,1.1897980000000001,0.5739385613492191,1.20169598,1.8579808500000001,1.20169598,0,,,,,,,,,
16:47:23.141,,,,,,68.5230641718491,,,0,,14.40495598283334,28.63231,34.708966,28.63231,,,,,,,,,,,,,,,,,,,,0,48,
16:47:23.450,,,,,,,,,,,,,,,,,,1,,,,,,,,,,,,,,,16.470588235294116,,,
16:47:23.613,,,,,,,,,,,,,,,,,,,,,,,,,,,,,,,17.2641651,3.922056,,,,
16:47:23.967,,,,,,,,0,,,,,,,,,,,,,,,,,,,,,100,,,,,,,
16:47:24.192,3.9448645453208044,4.1554383841192,5.300028240541653,4.1554383841192,3.9621407889482767,,,,,0,,,,,,0,0,,0.5682560013358604,1.1897980000000001,1.839585,1.1897980000000001,0.5739385613492191,1.20169598,1.8579808500000001,1.20169598,0,,,,,,,,,
16:47:24.511,,,,,,68.48599095935857,,,0,,14.423216776166672,28.650571,34.727227,28.650571,,,,,,,,,,,,,,,,,,,,0,48,
16:47:24.816,,,,,,,,,,,,,,,,,,1,,,,,,,,,,,,,,,16.470588235294116,,,
16:47:25.006,,,,,,,,,,,,,,,,,,,,,,,,,,,,,,,17.182565399999998,3.901926,,,,
16:47:25.331,,,,,,,,0,,,,,,,,,,,,,,,,,,,,,100,,,,,,,
16:47:25.568,3.9398700730537626,4.15278983445042,5.2972412683569585,4.15278983445042,3.957161966079482,,,,,0,,,,,,0,0,,0.5682560013358604,1.1897980000000001,1.839585,1.1897980000000001,0.5739385613492191,1.20169598,1.8579808500000001,1.20169598,0,,,,,,,,,
16:47:25.862,,,,,,,,,,,,,,,,,,,,,,,,,,,,46,,,,,,,,
16:47:26.087,,,,,,68.44555345779797,,,0,,14.444676319361117,28.672030999999997,34.748687,28.672030999999997,,,,,,,,,,,,,,,,,,,,0.005052120441652648,49,
16:47:26.381,,,,,,,,,,,,,,,,,,1,,,,,,,,,,,,,,,16.470588235294116,,,
16:47:26.537,,,,,,,,,,,,,,,,,,,,,,,,,,,,,,,17.100069,3.883504,,,,
16:47:26.858,,,,,,,,0,,,,,,,,,,,,,,,,,,,,,100,,,,,,,
16:47:27.106,3.934016856952279,4.149681618299033,5.293969812442123,4.149681618299033,3.952086351444891,,,,,0,,,,,,0,0,,0.5682560013358604,1.1897980000000001,1.839585,1.1897980000000001,0.5739385613492191,1.20169598,1.8579808500000001,1.20169598,0,,,,,,,,,
16:47:27.409,,,,,,68.41350081690256,,,0,,14.463044241583338,28.690399,34.767055,28.690399,,,,,,,,,,,,,,,,,,,,0.010055240415288852,50,
16:47:27.726,,,,,,,,,,,,,,,,,,1,,,,,,,,,,,,,,,16.470588235294116,,,
16:47:27.884,,,,,,,,,,,,,,,,,,,,,,,,,,,,,,,17.03685165,3.868742,,,,
16:47:28.230,,,,,,,,0,,,,,,,,,,,,,,,,,,,,,100,,,,,,,
16:47:28.476,3.929020694703003,4.147024933323514,5.291172922181646,4.147024933323514,3.9470366130916137,,,,,0,,,,,,0,0,,0.5682560013358604,1.1897980000000001,1.839585,1.1897980000000001,0.5739385613492191,1.20169598,1.8579808500000001,1.20169598,0,,,,,,,,,
16:47:28.786,,,,,,68.37849117535734,,,0,,14.481758890527782,28.709114,34.78577,28.709114,,,,,,,,,,,,,,,,,,,,,49,
16:47:29.064,,,,,,,,,,,,,,,,,,1,,,,,,,,,,,,,,,16.470588235294116,,,
16:47:29.229,,,,,,,,,,,,,,,,,,,,,,,,,,,,,,,16.96242555,3.851662,,,,
16:47:29.581,,,,,,,,0,,,,,,,,,,,,,,,,,,,,,100,,,,,,,
16:47:29.806,3.923943256005628,4.1443215558655,5.288326232249567,4.1443215558655,3.941966628766265,,,,,0,,,,,,0,0,,0.5682560013358604,1.1897980000000001,1.839585,1.1897980000000001,0.5739385613492191,1.20169598,1.8579808500000001,1.20169598,0,,,,,,,,,
16:47:30.156,,,,,,68.34192219114928,,,0,,14.500034166527783,28.727389,34.804044999999995,28.727389,,,,,,,,,,,,,,,,,,,,,48,
16:47:30.459,,,,,,,,,,,,,,,,,,1,,,,,,,,,,,,,,,16.470588235294116,,,
16:47:30.623,,,,,,,,,,,,,,,,,,,,,,,,,,,,,,,16.8857577,3.83507,,,,
16:47:30.956,,,,,,,,0,,,,,,,,,,,,,,,,,,,,,100,,,,,,,
16:47:31.199,3.918997671382291,4.141685135394658,5.285549423924721,4.141685135394658,3.936898548851671,,,,,0,,,,,,0,0,,0.5682560013358604,1.1897980000000001,1.839585,1.1897980000000001,0.5739385613492191,1.20169598,1.8579808500000001,1.20169598,0,,,,,,,,,
16:47:31.530,,,,,,68.30180405789044,,,0,,14.517590765472228,28.744946,34.821602,28.744946,,,,,,,,,,,,,,,,,,,,-0.015612492661968427,46,
16:47:31.824,,,,,,,,,,,,,,,,,,1,,,,,,,,,,,,,,,16.470588235294116,,,
16:47:31.982,,,,,,,,,,,,,,,,,,,,,,,,,,,,,,,16.840474349999997,3.8247,,,,
16:47:32.305,,,,,,,,0,,,,,,,,,,,,,,,,,,,,,100,,,,,,,
16:47:32.537,3.914258298886387,4.139155453623048,5.282884457756999,4.139155453623048,3.931854149374545,,,,,0,,,,,,0,0,,0.5682560013358604,1.1897980000000001,1.839585,1.1897980000000001,0.5739385613492191,1.20169598,1.8579808500000001,1.20169598,0,,,,,,,,,
16:47:32.863,,,,,,68.26124001842024,,,0,,14.534270272972227,28.761626,34.838282,28.761626,,,,,,,,,,,,,,,,,,,,-0.025971826797523967,45,
16:47:33.144,,,,,,,,,,,,,,,,,,1,,,,,,,,,,,,,,,16.470588235294116,,,
16:47:33.300,,,,,,,,,,,,,,,,,,,,,,,,,,,,,,,16.795191,3.812378,,,,
16:47:33.631,,,,,,,,0,,,,,,,,,,,,,,,,,,,,,100,,,,,,,
16:47:33.866,3.9097663017357203,4.136754994310823,5.2803550990258366,4.136754994310823,3.926842212254985,,,,,0,,,,,,0,0,,0.5682560013358604,1.1897980000000001,1.839585,1.1897980000000001,0.5739385613492191,1.20169598,1.8579808500000001,1.20169598,0,,,,,,,,,
16:47:34.165,,,,,,68.21672972900087,,,0,,14.549453016305561,28.776809,34.853465,28.776809,,,,,,,,,,,,,,,,,,,,-0.03686019120137961,42,
16:47:34.473,,,,,,,,,,,,,,,,,,1,,,,,,,,,,,,,,,16.470588235294116,,,
16:47:34.637,,,,,,,,,,,,,,,,,,,,,,,,,,,,,,,16.735560449999998,3.800666,,,,
16:47:34.981,,,,,,,,0,,,,,,,,,,,,,,,,,,,,,100,,,,,,,
16:47:35.205,3.9056863560370028,4.134572391261311,5.278054850500517,4.134572391261311,3.9219449385945095,,,,,0,,,,,,0,0,,0.5682560013358604,1.1897980000000001,1.839585,1.1897980000000001,0.5739385613492191,1.20169598,1.8579808500000001,1.20169598,0,,,,,,,,,
16:47:35.506,,,,,,68.1623759679077,,,0,,14.563217392472227,28.790573000000002,34.867228999999995,28.790573000000002,,,,,,,,,,,,,,,,,,,,-0.05823978802894945,37,
16:47:35.791,,,,,,,,,,,,,,,,,,1,,,,,,,,,,,,,,,16.470588235294116,,,
16:47:35.946,,,,,,,,,,,,,,,,,,,,,,,,,,,,,,,16.66651455,3.788466,,,,
16:47:36.284,,,,,,,,0,,,,,,,,,,,,,,,,,,,,,100,,,,,,,
16:47:36.518,3.9019949096522706,4.1325957632034624,5.275971313923456,4.1325957632034624,3.9172105431693223,,,,,0,,,,,,0,0,,0.5682560013358604,1.1897980000000001,1.839585,1.1897980000000001,0.5739385613492191,1.20169598,1.8579808500000001,1.20169598,0,,,,,,,,,
16:47:36.830,,,,,,68.09499870822165,,,0,,14.573895708027782,28.801251,34.87790699999999,28.801251,,,,,,,,,,,,,,,,,,,,-0.09084281894966754,29,
16:47:37.100,,,,,,,,,,,,,,,,,,1,,,,,,,,,,,,,,,16.470588235294116,,,
16:47:37.239,,,,,,,,,,,,,,,,,,,,,,,,,,,,,,,16.596571949999998,3.772484,,,,
16:47:37.592,,,,,,,,0,,,,,,,,,,,,,,,,,,,,,100,,,,,,,
16:47:37.829,3.899135912046127,4.131063612479889,5.274356055826402,4.131063612479889,3.9128504250560536,,,,,0,,,,,,0,0,,0.5682560013358604,1.1897980000000001,1.839585,1.1897980000000001,0.5739385613492191,1.20169598,1.8579808500000001,1.20169598,0,,,,,,,,,
16:47:38.120,,,,,,68.01967098857148,,,0,,14.582132171583337,28.809486999999997,34.886143,28.809486999999997,,,,,,,,,,,,,,,,,,,,-0.11851827559857644,23,
16:47:38.385,,,,,,,,,,,,,,,,,,1,,,,,,,,,,,,,,,16.470588235294116,,,
16:47:38.534,,,,,,,,,,,,,,,,,,,,,,,,,,,,,,,16.5459084,3.762114,,,,
16:47:38.877,,,,,,,,0,,,,,,,,,,,,,,,,,,,,,100,,,,,,,
16:47:39.117,3.8969335529905487,4.129882632064917,5.273110873850401,4.129882632064917,3.908839532341997,,,,,0,,,,,,0,0,,0.5682560013358604,1.1897980000000001,1.839585,1.1897980000000001,0.5739385613492191,1.20169598,1.8579808500000001,1.20169598,0,,,,,,,,,
16:47:39.433,,,,,,67.93652073089457,,,0,,14.589053199722226,28.816408,34.893063999999995,28.816408,,,,,,,,,,,,,,,,,,,,-0.1236777447634642,19,
16:47:39.732,,,,,,,,,,,,,,,,,,1,,,,,,,,,,,,,,,16.470588235294116,,,
16:47:39.884,,,,,,,,,,,,,,,,,,,,,,,,,,,,,,,16.480000949999997,3.748572,,,,
16:47:40.227,,,,,,,,0,,,,,,,,,,,,,,,,,,,,,100,,,,,,,
16:47:40.450,3.8950848527077815,4.128890734750841,5.272064958239266,4.128890734750841,3.9052322319297663,,,,,0,,,,,,0,0,,0.5682560013358604,1.1897980000000001,1.839585,1.1897980000000001,0.5739385613492191,1.20169598,1.8579808500000001,1.20169598,0,,,,,,,,,
16:47:40.782,,,,,,67.84413889256133,,,0,,14.594684450138892,28.822039,34.898695,28.822039,,,,,,,,,,,,,,,,,,,,-0.11809837779224001,15,
16:47:41.059,,,,,,,,,,,,,,,,,,1,,,,,,,,,,,,,,,16.470588235294116,,,
16:47:41.224,,,,,,,,,,,,,,,,,,,,,,,,,,,,,,,16.43157915,3.738202,,,,
16:47:41.578,,,,,,,,0,,,,,,,,,,,,,,,,,,,,,100,,,,,,,
16:47:41.808,3.8935819631951856,4.128084067889854,5.271214296121962,4.128084067889854,3.902055268406378,,,,,0,,,,,,0,0,,0.5682560013358604,1.1897980000000001,1.839585,1.1897980000000001,0.5739385613492191,1.20169598,1.8579808500000001,1.20169598,0,,,,,,,,,
16:47:42.111,,,,,,67.74527188298843,,,0,,14.598367582638893,28.825722,34.902378,28.825722,,,,,,,,,,,,,,,,,,,,-0.10191685032418145,10,
16:47:42.401,,,,,,,,,,,,,,,,,,1,,,,,,,,,,,,,,,16.470588235294116,,,
16:47:42.561,,,,,,,,,,,,,,,,,,,,,,,,,,,,,,,16.373742,3.72588,,,,
16:47:42.900,,,,,,,,0,,,,,,,,,,,,,,,,,,,,,100,,,,,,,
16:47:43.125,3.8925996219718346,4.127556631539012,5.270658062324579,4.127556631539012,3.8993479337920594,,,,,0,,,,,,0,0,,0.5682560013358604,1.1897980000000001,1.839585,1.1897980000000001,0.5739385613492191,1.20169598,1.8579808500000001,1.20169598,0,,,,,,,,,
16:47:43.601,,,,,,67.62673792987027,,,0,,14.60085443580556,28.828209,34.904865,28.828209,,,,,,,,,,,,,,,,,,,,-0.08786967355490806,6,
16:47:43.886,,,,,,,,,,,,,,,,,,1,,,,,,,,,,,,,,,16.470588235294116,,,
16:47:44.043,,,,,,,,,,,,,,,,,,,,,,,,,,,,,,,16.314559799999998,3.71368,,,,
16:47:44.392,,,,,,,,0,,,,,,,,,,,,,,,,,,,,,100,,,,,,,
16:47:44.634,3.891936624902791,4.127200548601546,5.270282523653938,4.127200548601546,3.897119224187943,,,,,0,,,,,,0,0,,0.5682560013358604,1.1897980000000001,1.839585,1.1897980000000001,0.5739385613492191,1.20169598,1.8579808500000001,1.20169598,0,,,,,,,,,
16:47:44.924,,,,,,67.51532487175119,,,0,,14.601588751861117,28.828943,34.905598999999995,28.828943,,,,,,,,,,,,,,,,,,,,-0.08769948136759481,2,
16:47:45.204,,,,,,,,,,,,,,,,,,1,,,,,,,,,,,,,,,16.470588235294116,,,
16:47:45.365,,,,,,,,,,,,,,,,,,,,,,,,,,,,,,,16.2697248,3.70575,,,,
16:47:45.726,,,,,,,,0,,,,,,,,,,,,,,,,,,,,,100,,,,,,,
16:47:45.972,3.891740898834933,4.1270954679122305,5.2701716993884,4.1270954679122305,3.8953760420376833,,,,,0,,,,,,0,0,,0.5682560013358604,1.1897980000000001,1.839585,1.1897980000000001,0.5739385613492191,1.20169598,1.8579808500000001,1.20169598,0,,,,,,,,,
16:47:46.273,,,,,,67.39828212422205,,,,,14.601588751861117,28.828943,34.905598999999995,28.828943,,,,,,,,,,,,,,,,,,,,-0.07737535098029713,0,
16:47:46.558,,,,,,,,,,,,,,,,,,1,,,,,,,,,,,,,,,16.470588235294116,,,
16:47:46.711,,,,,,,,,,,,,,,,,,,,,,,,,,,,,,,16.23520185,3.69782,,,,
16:47:47.061,,,,,,,,0,,,,,,,,,,,,,,,,,,,,,100,,,,,,,
16:47:47.295,3.891740898834933,4.1270954679122305,5.2701716993884,4.1270954679122305,3.8940942906855165,,,,,0,,,,,,0,0,,0.5682560013358604,1.1897980000000001,1.839585,1.1897980000000001,0.5739385613492191,1.20169598,1.8579808500000001,1.20169598,0,,,,,,,,,
16:47:47.626,,,,,,67.28186121953142,,,,,14.601588751861117,28.828943,34.905598999999995,28.828943,,,,,,,,,,,,,,,,,,,,-0.051355900888654195,0,
16:47:47.908,,,,,,,,,,,,,,,,,,1,,,,,,,,,,,,,,,16.470588235294116,,,
16:47:48.062,,,,,,,,,,,,,,,,,,,,,,,,,,,,,,,16.185883349999997,3.687328,,,,
16:47:48.414,,,,,,,,0,,,,,,,,,,,,,,,,,,,,,100,,,,,,,
16:47:48.645,3.891740898834933,4.1270954679122305,5.2701716993884,4.1270954679122305,3.893169914034117,,,,,0,,,,,,0,0,,0.5682560013358604,1.1897980000000001,1.839585,1.1897980000000001,0.5739385613492191,1.20169598,1.8579808500000001,1.20169598,0,,,,,,,,,
16:47:48.974,,,,,,67.16581266882815,,,,,14.601588751861117,28.828943,34.905598999999995,28.828943,,,,,,,,,,,,,,,,,,,,-0.03162742171346403,0,
16:47:49.255,,,,,,,,,,,,,,,,,,1,,,,,,,,,,,,,,,16.470588235294116,,,
16:47:49.408,,,,,,,,,,,,,,,,,,,,,,,,,,,,,,,16.1397033,3.6780559999999998,,,,
16:47:49.763,,,,,,,,0,,,,,,,,,,,,,,,,,,,,,100,,,,,,,
16:47:49.996,3.891740898834933,4.1270954679122305,5.2701716993884,4.1270954679122305,3.8925208322646654,,,,,0,,,,,,0,0,,0.5682560013358604,1.1897980000000001,1.839585,1.1897980000000001,0.5739385613492191,1.20169598,1.8579808500000001,1.20169598,0,,,,,,,,,
16:47:50.231,,,,,,67.05813435196771,,,,,14.601588751861117,28.828943,34.905598999999995,28.828943,,,,,,,,,,,,,,,,,,,,-0.010674355431993438,0,
16:47:50.534,,,,,,,,,,,,,,,,,,1,,,,,,,,,,,,,,,16.470588235294116,,,
16:47:50.690,,,,,,,,,,,,,,,,,,,,,,,,,,,,,,,16.0984551,3.667076,,,,
16:47:51.065,,,,,,,,0,,,,,,,,,,,,,,,,,,,,,100,,,,,,,
16:47:51.300,3.891740898834933,4.1270954679122305,5.2701716993884,4.1270954679122305,3.892102838030559,,,,,0,,,,,,0,0,,0.5682560013358604,1.1897980000000001,1.839585,1.1897980000000001,0.5739385613492191,1.20169598,1.8579808500000001,1.20169598,0,,,,,,,,,
16:47:51.629,,,,,,66.93880254052036,,,,,14.601588751861117,28.828943,34.905598999999995,28.828943,,,,,,,,,,,,,,,,,,,,0,0,
16:47:51.913,,,,,,,,,,,,,,,,,,1,,,,,,,,,,,,,,,16.470588235294116,,,
16:47:52.062,,,,,,,,,,,,,,,,,,,,,,,,,,,,,,,16.0572069,3.657926,,,,
16:47:52.433,,,,,,,,0,,,,,,,,,,,,,,,,,,,,,100,,,,,,,
16:47:52.673,3.891740898834933,4.1270954679122305,5.2701716993884,4.1270954679122305,3.8918727049855275,,,,,0,,,,,,0,0,,0.5682560013358604,1.1897980000000001,1.839585,1.1897980000000001,0.5739385613492191,1.20169598,1.8579808500000001,1.20169598,0,,,,,,,,,
16:47:52.966,,,,,,66.82500877199561,,,,,14.601588751861117,28.828943,34.905598999999995,28.828943,,,,,,,,,,,,,,,,,,,,0,0,
16:47:53.277,,,,,,,,,,,,,,,,,,1,,,,,,,,,,,,,,,16.470588235294116,,,
16:47:53.431,,,,,,,,,,,,,,,,,,,,,,,,,,,,,,,16.021787249999996,3.648654,,,,
16:47:53.782,,,,,,,,0,,,,,,,,,,,,,,,,,,,,,100,,,,,,,
16:47:54.042,3.891740898834933,4.1270954679122305,5.2701716993884,4.1270954679122305,3.891765364593415,,,,,0,,,,,,0,0,,0.5682560013358604,1.1897980000000001,1.839585,1.1897980000000001,0.5739385613492191,1.20169598,1.8579808500000001,1.20169598,0,,,,,,,,,
16:47:54.370,,,,,,66.70612240358864,,,,,14.601588751861117,28.828943,34.905598999999995,28.828943,,,,,,,,,,,,,,,,,,,,0,0,
16:47:54.678,,,,,,,,,,,,,,,,,,1,,,,,,,,,,,,,,,16.470588235294116,,,
16:47:54.844,,,,,,,,,,,,,,,,,,,,,,,,,,,,,,,15.981435749999997,3.640724,,,,
16:47:55.181,,,,,,,,0,,,,,,,,,,,,,,,,,,,,,100,,,,,,,
16:47:55.407,3.891740898834933,4.1270954679122305,5.2701716993884,4.1270954679122305,3.8917408988349327,,,,,0,,,,,,0,0,,0.5682560013358604,1.1897980000000001,1.839585,1.1897980000000001,0.5739385613492191,1.20169598,1.8579808500000001,1.20169598,0,,,,,,,,,
16:47:55.714,,,,,,66.5922982488569,,,,,14.601588751861117,28.828943,34.905598999999995,28.828943,,,,,,,,,,,,,,,,,,,,0,0,
16:47:56.004,,,,,,,,,,,,,,,,,,1,,,,,,,,,,,,,,,16.470588235294116,,,
16:47:56.164,,,,,,,,,,,,,,,,,,,,,,,,,,,,,,,15.937497449999999,3.630842,,,,
16:47:56.520,,,,,,,,0,,,,,,,,,,,,,,,,,,,,,100,,,,,,,
16:47:56.758,3.891740898834933,4.1270954679122305,5.2701716993884,4.1270954679122305,3.8917408988349327,,,,,0,,,,,,0,0,,0.5682560013358604,1.1897980000000001,1.839585,1.1897980000000001,0.5739385613492191,1.20169598,1.8579808500000001,1.20169598,0,,,,,,,,,
16:47:57.088,,,,,,66.47673248352308,,,,,14.601588751861117,28.828943,34.905598999999995,28.828943,,,,,,,,,,,,,,,,,,,,0,0,
16:47:57.377,,,,,,,,,,,,,,,,,,1,,,,,,,,,,,,,,,16.470588235294116,,,
16:47:57.522,,,,,,,,,,,,,,,,,,,,,,,,,,,,,,,15.902974499999997,3.620472,,,,
16:47:57.864,,,,,,,,0,,,,,,,,,,,,,,,,,,,,,100,,,,,,,
16:47:58.092,3.891740898834933,4.1270954679122305,5.2701716993884,4.1270954679122305,3.8917408988349327,,,,,0,,,,,,0,0,,0.5682560013358604,1.1897980000000001,1.839585,1.1897980000000001,0.5739385613492191,1.20169598,1.8579808500000001,1.20169598,0,,,,,,,,,
16:47:58.391,,,,,,66.3674395035681,,,,,14.601588751861117,28.828943,34.905598999999995,28.828943,,,,,,,,,,,,,,,,,,,,0,0,
16:47:58.691,,,,,,,,,,,,,,,,,,1,,,,,,,,,,,,,,,16.470588235294116,,,
16:47:58.847,,,,,,,,,,,,,,,,,,,,,,,,,,,,,,,15.86665815,3.613762,,,,
16:47:59.181,,,,,,,,0,,,,,,,,,,,,,,,,,,,,,100,,,,,,,
16:47:59.412,3.891740898834933,4.1270954679122305,5.2701716993884,4.1270954679122305,3.8917408988349327,,,,,0,,,,,,0,0,,0.5682560013358604,1.1897980000000001,1.839585,1.1897980000000001,0.5739385613492191,1.20169598,1.8579808500000001,1.20169598,0,,,,,,,,,
16:47:59.716,,,,,,66.25641503920387,,,,,14.601588751861117,28.828943,34.905598999999995,28.828943,,,,,,,,,,,,,,,,,,,,0,0,
16:47:59.982,,,,,,,,,,,,,,,,,,1,,,,,,,,,,,,,,,16.470588235294116,,,
16:48:00.128,,,,,,,,,,,,,,,,,,,,,,,,,,,,,,,15.83437695,3.604612,,,,
16:48:00.476,,,,,,,,0,,,,,,,,,,,,,,,,,,,,,100,,,,,,,
16:48:00.716,3.891740898834933,4.1270954679122305,5.2701716993884,4.1270954679122305,3.8917408988349327,,,,,0,,,,,,0,0,,0.5682560013358604,1.1897980000000001,1.839585,1.1897980000000001,0.5739385613492191,1.20169598,1.8579808500000001,1.20169598,0,,,,,,,,,
16:48:01.002,,,,,,66.14931939886179,,,,,14.601588751861117,28.828943,34.905598999999995,28.828943,,,,,,,,,,,,,,,,,,,,0,0,
16:48:01.289,,,,,,,,,,,,,,,,,,1,,,,,,,,,,,,,,,16.470588235294116,,,
16:48:01.442,,,,,,,,,,,,,,,,,,,,,,,,,,,,,,,15.7899903,3.5989999999999998,,,,
16:48:01.792,,,,,,,,0,,,,,,,,,,,,,,,,,,,,,100,,,,,,,
16:48:02.020,3.891740898834933,4.1270954679122305,5.2701716993884,4.1270954679122305,3.8917408988349327,,,,,0,,,,,,0,0,,0.5682560013358604,1.1897980000000001,1.839585,1.1897980000000001,0.5739385613492191,1.20169598,1.8579808500000001,1.20169598,0,,,,,,,,,
16:48:02.331,,,,,,66.03895356175646,,,,,14.601588751861117,28.828943,34.905598999999995,28.828943,,,,,,,,,,,,,,,,,,,,0,0,
16:48:02.605,,,,,,,,,,,,,,,,,,1,,,,,,,,,,,,,,,16.470588235294116,,,
16:48:02.762,,,,,,,,,,,,,,,,,,,,,,,,,,,,,,,15.751432199999998,3.5941199999999998,,,,
16:48:03.089,,,,,,,,0,,,,,,,,,,,,,,,,,,,,,100,,,,,,,
16:48:03.317,3.891740898834933,4.1270954679122305,5.2701716993884,4.1270954679122305,3.8917408988349327,,,,,0,,,,,,0,0,,0.5682560013358604,1.1897980000000001,1.839585,1.1897980000000001,0.5739385613492191,1.20169598,1.8579808500000001,1.20169598,0,,,,,,,,,
16:48:03.631,,,,,,65.93103771279183,,,,,14.601588751861117,28.828943,34.905598999999995,28.828943,,,,,,,,,,,,,,,,,,,,0,0,
16:48:03.909,,,,,,,,,,,,,,,,,,1,,,,,,,,,,,,,,,16.470588235294116,,,
16:48:04.071,,,,,,,,,,,,,,,,,,,,,,,,,,,,,,,15.7182543,3.5843599999999998,,,,
16:48:04.422,,,,,,,,0,,,,,,,,,,,,,,,,,,,,,100,,,,,,,
16:48:04.646,3.891740898834933,4.1270954679122305,5.2701716993884,4.1270954679122305,3.8917408988349327,,,,,0,,,,,,0,0,,0.5682560013358604,1.1897980000000001,1.839585,1.1897980000000001,0.5739385613492191,1.20169598,1.8579808500000001,1.20169598,0,,,,,,,,,
16:48:04.992,,,,,,65.81879114286541,,,,,14.601588751861117,28.828943,34.905598999999995,28.828943,,,,,,,,,,,,,,,,,,,,0,0,
16:48:05.299,,,,,,,,,,,,,,,,,,1,,,,,,,,,,,,,,,16.470588235294116,,,
16:48:05.473,,,,,,,,,,,,,,,,,,,,,,,,,,,,,,,15.684628049999999,3.5776499999999998,,,,
16:48:05.819,,,,,,,,0,,,,,,,,,,,,,,,,,,,,,100,,,,,,,
16:48:06.042,3.891740898834933,4.1270954679122305,5.2701716993884,4.1270954679122305,3.8917408988349327,,,,,0,,,,,,0,0,,0.5682560013358604,1.1897980000000001,1.839585,1.1897980000000001,0.5739385613492191,1.20169598,1.8579808500000001,1.20169598,0,,,,,,,,,
16:48:06.356,,,,,,65.70642474006978,,,,,14.601588751861117,28.828943,34.905598999999995,28.828943,,,,,,,,,,,,,,,,,,,,0,0,
16:48:06.648,,,,,,,,,,,,,,,,,,1,,,,,,,,,,,,,,,16.470588235294116,,,
16:48:06.815,,,,,,,,,,,,,,,,,,,,,,,,,,,,,,,15.6465183,3.568378,,,,
16:48:07.171,,,,,,,,0,,,,,,,,,,,,,,,,,,,,,100,,,,,,,
16:48:07.402,3.891740898834933,4.1270954679122305,5.2701716993884,4.1270954679122305,3.8917408988349327,,,,,0,,,,,,0,0,,0.5682560013358604,1.1897980000000001,1.839585,1.1897980000000001,0.5739385613492191,1.20169598,1.8579808500000001,1.20169598,0,,,,,,,,,
16:48:07.713,,,,,,65.59841489887953,,,0,,14.602343564750006,28.829698,34.90635399999999,28.829698,,,,,,,,,,,,,,,,,,,,0.010526073593382368,2,
16:48:08.002,,,,,,,,,,,,,,,,,,1,,,,,,,,,,,,,,,16.470588235294116,,,
16:48:08.164,,,,,,,,,,,,,,,,,,,,,,,,,,,,,,,15.6061668,3.561668,,,,
16:48:08.517,,,,,,,,0,,,,,,,,,,,,,,,,,,,,,100,,,,,,,
16:48:08.743,3.8915397300172274,4.126987386409668,5.2700577092640515,4.126987386409668,3.8917157527327197,,,,,0,,,,,,0,0,,0.5682560013358604,1.1897980000000001,1.839585,1.1897980000000001,0.5739385613492191,1.20169598,1.8579808500000001,1.20169598,0,,,,,,,,,
16:48:09.065,,,,,,65.49836304291598,,,0,,14.604589517416672,28.831944,34.9086,28.831944,,,,,,,,,,,,,,,,,,,,0.03127705625486883,6,
16:48:09.345,,,,,,,,,,,,,,,,,,1,,,,,,,,,,,,,,,16.470588235294116,,,
16:48:09.489,,,,,,,,,,,,,,,,,,,,,,,,,,,,,,,15.566711999999997,3.553616,,,,
16:48:09.825,,,,,,,,0,,,,,,,,,,,,,,,,,,,,,100,,,,,,,
16:48:10.044,3.890941273345532,4.126665895300019,5.269718636668329,4.126665895300019,3.891615799546545,,,,,0,,,,,,0,0,,0.5682560013358604,1.1897980000000001,1.839585,1.1897980000000001,0.5739385613492191,1.20169598,1.8579808500000001,1.20169598,0,,,,,,,,,
16:48:10.357,,,,,,65.39940059277406,,,0,,14.606027074861116,28.833382,34.910038,28.833382,,,,,,,,,,,,,,,,,,,,,4,
16:48:10.644,,,,,,,,,,,,,,,,,,1,,,,,,,,,,,,,,,16.470588235294116,,,
16:48:10.805,,,,,,,,,,,,,,,,,,,,,,,,,,,,,,,15.5460879,3.549956,,,,
16:48:11.159,,,,,,,,0,,,,,,,,,,,,,,,,,,,,,100,,,,,,,
16:48:11.396,3.890558318311647,4.126460087130951,5.269501568574632,4.126460087130951,3.8914679769811342,,,,,0,,,,,,0,0,,0.5682560013358604,1.1897980000000001,1.839585,1.1897980000000001,0.5739385613492191,1.20169598,1.8579808500000001,1.20169598,0,,,,,,,,,
16:48:11.712,,,,,,65.28935348990223,,,,,14.606027074861116,28.833382,34.910038,28.833382,,,,,,,,,,,,,,,,,,,,,0,
16:48:12.007,,,,,,,,,,,,,,,,,,1,,,,,,,,,,,,,,,16.470588235294116,,,
16:48:12.158,,,,,,,,,,,,,,,,,,,,,,,,,,,,,,,15.519635249999999,3.544466,,,,
16:48:12.525,,,,,,,,0,,,,,,,,,,,,,,,,,,,,,100,,,,,,,
16:48:12.746,3.890558318311647,4.126460087130951,5.269501568574632,4.126460087130951,3.8913201544157237,,,,,0,,,,,,0,0,,0.5682560013358604,1.1897980000000001,1.839585,1.1897980000000001,0.5739385613492191,1.20169598,1.8579808500000001,1.20169598,0,,,,,,,,,
16:48:13.079,,,,,,65.17873002471052,,,,,14.606027074861116,28.833382,34.910038,28.833382,,,,,,,,,,,,,,,,,,,,-0.010558204952726928,0,
16:48:13.363,,,,,,,,,,,,,,,,,,1,,,,,,,,,,,,,,,16.470588235294116,,,
16:48:13.644,,,,,,,,,,,,,,,,,,,,,,,,,,,,,,,15.488250749999997,3.537756,,,,
16:48:13.987,,,,,,,,0,,,,,,,,,,,,,,,,,,,,,100,,,,,,,
16:48:14.219,3.890558318311647,4.126460087130951,5.269501568574632,4.126460087130951,3.8911723318503126,,,,,0,,,,,,0,0,,0.5682560013358604,1.1897980000000001,1.839585,1.1897980000000001,0.5739385613492191,1.20169598,1.8579808500000001,1.20169598,0,,,,,,,,,
16:48:14.553,,,,,,65.05987173659919,,,,,14.606027074861116,28.833382,34.910038,28.833382,,,,,,,,,,,,,,,,,,,,-0.030968418557750343,0,
16:48:14.849,,,,,,,,,,,,,,,,,,1,,,,,,,,,,,,,,,16.470588235294116,,,
16:48:15.004,,,,,,,,,,,,,,,,,,,,,,,,,,,,,,,15.45776295,3.531046,,,,
16:48:15.350,,,,,,,,0,,,,,,,,,,,,,,,,,,,,,100,,,,,,,
16:48:15.586,3.890558318311647,4.126460087130951,5.269501568574632,4.126460087130951,3.891024509284902,,,,,0,,,,,,0,0,,0.5682560013358604,1.1897980000000001,1.839585,1.1897980000000001,0.5739385613492191,1.20169598,1.8579808500000001,1.20169598,0,,,,,,,,,
16:48:15.934,,,,,,64.94890342652931,,,,,14.606027074861116,28.833382,34.910038,28.833382,,,,,,,,,,,,,,,,,,,,-0.020316586822134684,0,
16:48:16.223,,,,,,,,,,,,,,,,,,1,,,,,,,,,,,,,,,16.470588235294116,,,
16:48:16.393,,,,,,,,,,,,,,,,,,,,,,,,,,,,,,,15.432206999999998,3.5242139999999997,,,,
16:48:16.739,,,,,,,,0,,,,,,,,,,,,,,,,,,,,,100,,,,,,,
16:48:16.976,3.890558318311647,4.126460087130951,5.269501568574632,4.126460087130951,3.8908766867194915,,,,,0,,,,,,0,0,,0.5682560013358604,1.1897980000000001,1.839585,1.1897980000000001,0.5739385613492191,1.20169598,1.8579808500000001,1.20169598,0,,,,,,,,,
16:48:17.263,,,,,,64.84248219069994,,,,,14.606027074861116,28.833382,34.910038,28.833382,,,,,,,,,,,,,,,,,,,,0,0,
16:48:17.549,,,,,,,,,,,,,,,,,,1,,,,,,,,,,,,,,,16.470588235294116,,,
16:48:17.710,,,,,,,,,,,,,,,,,,,,,,,,,,,,,,,15.40665105,3.5205539999999997,,,,
16:48:18.060,,,,,,,,0,,,,,,,,,,,,,,,,,,,,,100,,,,,,,
16:48:18.295,3.890558318311647,4.126460087130951,5.269501568574632,4.126460087130951,3.8907288641540805,,,,,0,,,,,,0,0,,0.5682560013358604,1.1897980000000001,1.839585,1.1897980000000001,0.5739385613492191,1.20169598,1.8579808500000001,1.20169598,0,,,,,,,,,
16:48:18.611,,,,,,64.7348693841081,,,,,14.606027074861116,28.833382,34.910038,28.833382,,,,,,,,,,,,,,,,,,,,0,0,
16:48:18.908,,,,,,,,,,,,,,,,,,1,,,,,,,,,,,,,,,16.470588235294116,,,
16:48:19.076,,,,,,,,,,,,,,,,,,,,,,,,,,,,,,,15.3819918,3.5162839999999997,,,,
16:48:19.432,,,,,,,,0,,,,,,,,,,,,,,,,,,,,,100,,,,,,,
16:48:19.674,3.890558318311647,4.126460087130951,5.269501568574632,4.126460087130951,3.890606187690883,,,,,0,,,,,,0,0,,0.5682560013358604,1.1897980000000001,1.839585,1.1897980000000001,0.5739385613492191,1.20169598,1.8579808500000001,1.20169598,0,,,,,,,,,
16:48:20.006,,,,,,64.62395590758247,,,,,14.606027074861116,28.833382,34.910038,28.833382,,,,,,,,,,,,,,,,,,,,0,0,
16:48:20.322,,,,,,,,,,,,,,,,,,1,,,,,,,,,,,,,,,16.470588235294116,,,
16:48:20.479,,,,,,,,,,,,,,,,,,,,,,,,,,,,,,,15.364506149999997,3.5126239999999997,,,,
16:48:20.846,,,,,,,,0,,,,,,,,,,,,,,,,,,,,,100,,,,,,,
16:48:21.082,3.890558318311647,4.126460087130951,5.269501568574632,4.126460087130951,3.8905583183116472,,,,,0,,,,,,0,0,,0.5682560013358604,1.1897980000000001,1.839585,1.1897980000000001,0.5739385613492191,1.20169598,1.8579808500000001,1.20169598,0,,,,,,,,,
16:48:21.377,,,,,,64.51521601197753,,,,,14.606027074861116,28.833382,34.910038,28.833382,,,,,,,,,,,,,,,,,,,,0,0,
16:48:21.671,,,,,,,,,,,,,,,,,,1,,,,,,,,,,,,,,,16.470588235294116,,,
16:48:21.826,,,,,,,,,,,,,,,,,,,,,,,,,,,,,,,15.3416403,3.507012,,,,
16:48:22.162,,,,,,,,-0.06,,,,,,,,,,,,,,,,,,,,,94,,,,,,,
16:48:22.389,3.898987278312555,4.130729444086718,5.273027774991251,4.130729444086718,3.891611938311761,,,,,3.3895116996210346,,,,,,1233,1.2,,0.5694871375157223,1.191029,1.840816,1.191029,0.5751820088908796,1.20293929,1.8592241600000001,1.20293929,13.260440560029808,,,,,,,,,
16:48:22.725,,,,,,64.41044063084912,,,338.95116996210345,,14.606401158250005,28.833756,34.910411999999994,28.833756,,,,,,,,,,,,,,,,,,,,0.005185835769874194,1,
16:48:23.034,,,,,,,,,,,,,,,,,,1,,,,,,,,,,,,,,,16.862745098039216,,,
16:48:23.196,,,,,,,,,,,,,,,,,,,,,,,,,,,,,,,18.112891649999998,4.996998,,,,
16:48:23.562,,,,,,,,-0.68,,,,,,,,,,,,,,,,,,,,,32,,,,,,,
16:48:23.789,3.902126896915309,4.132316303155232,5.27432618096859,4.132316303155232,3.8930580106372186,,,,,1.2167141872914333,,,,,,1535,1.5,,0.5699603082674226,1.1915019999999998,1.841289,1.1915019999999998,0.5756599113500969,1.2034170199999998,1.8597018900000002,1.2034170199999998,4.760026690843674,,,,,,,,,
16:48:24.111,,,,,,64.31798150425605,,,12.167141872914334,,14.610261209916672,28.837615999999997,34.914272,28.837615999999997,,,,,,,,,,,,,,,,,,,,0.05150000700988588,10,
16:48:24.404,,,,,,,,,,,,,,,,,,1,,,,,,,,,,,,,,,16.862745098039216,,,
16:48:24.574,,,,,,,,,,,,,,,,,,,,,,,,,,,,,,,18.112891649999998,4.996998,,,,
16:48:24.918,,,,,,,,-0.72,,,,,,,,,,,,,,,,,,,,,28,,,,,,,
16:48:25.164,3.9023915893471672,4.132418574406429,5.274284395790925,4.132418574406429,3.8945371695166586,,,,,0.4958539664038723,,,,,,766,0.8,,0.5701496046374399,1.191691,1.841478,1.191691,0.5758511006838143,1.20360791,1.85989278,1.20360791,1.9398788470589183,,,,,,,,,
16:48:25.465,,,,,,64.23989917091552,,,2.9167880376698374,,14.616644113972228,28.843999,34.920655,28.843999,,,,,,,,,,,,,,,,,,,,0.08820602829795748,17,
16:48:25.772,,,,,,,,,,,,,,,,,,1,,,,,,,,,,,,,,,15.294117647058824,,,
16:48:25.924,,,,,,,,,,,,,,,,,,,,,,,,,,,,,,,18.112891649999998,4.996998,,,,
16:48:26.252,,,,,,,,0,,,,,,,,,,,,,,,,,,,,,100,,,,,,,
16:48:26.486,3.900687464179462,4.131504095531275,5.273320331477173,4.131504095531275,3.8958033127501355,,,,,0,,,,,,0,0,,0.5701496046374399,1.191691,1.841478,1.191691,0.5758511006838143,1.20360791,1.85989278,1.20360791,0,,,,,,,,,
16:48:26.815,,,,,,64.17201630825126,,,0,,14.62527248219445,28.852627,34.929283,28.852627,,,,,,,,,,,,,,,,,,,,0.11979264618275862,23,
16:48:27.125,,,,,,,,,,,,,,,,,,1,,,,,,,,,,,,,,,16.470588235294116,,,
16:48:27.283,,,,,,,,,,,,,,,,,,,,,,,,,,,,,,,18.112891649999998,4.996998,,,,
16:48:27.629,,,,,,,,-0.44,,,,,,,,,,,,,,,,,,,,,56,,,,,,,
16:48:27.866,3.9050267053609,4.133634001507038,5.274797653304249,4.133634001507038,3.8976118611312915,,,,,2.5329056582995273,,,,,,1826,1.8,,0.5711207961614923,1.1926619999999999,1.842449,1.1926619999999999,0.5768320041231072,1.20458862,1.8608734900000001,1.20458862,9.909228202339387,,,,,,,,,
16:48:28.205,,,,,,64.11079683497337,,,9.046091636784027,,14.636091026527783,28.863446,34.940101999999996,28.863446,,,,,,,,,,,,,,,,,,,,0.13955398609835143,28,
16:48:28.530,,,,,,,,,,,,,,,,,,2,,,,,,,,,,,,,,,31.372549019607842,,,
16:48:28.686,,,,,,,,,,,,,,,,,,,,,,,,,,,,,,,14.57630685,3.250812,,,,
16:48:29.055,,,,,,,,-0.05,,,,,,,,,,,,,,,,,,,,,95,,,,,,,
16:48:29.284,3.9178434230594883,4.140046202383458,5.279741312718549,4.140046202383458,3.901022499224772,,,,,5.833604826659125,,,,,,1995,2,,0.5734191296758187,1.19496,1.844747,1.19496,0.5791533209725769,1.2069096,1.8631944700000003,1.2069096,22.822216563897733,,,,,,,,,
16:48:29.620,,,,,,64.05732874046971,,,17.67759038381553,,14.64906098169445,28.876416,34.953072,28.876416,,,,,,,,,,,,,,,,,,,,0.11827171679393444,33,
16:48:29.913,,,,,,,,,,,,,,,,,,1,,,,,,,,,,,,,,,27.45098039215686,,,
16:48:30.077,,,,,,,,,,,,,,,,,,,,,,,,,,,,,,,14.661044999999998,3.308396,,,,
16:48:30.409,,,,,,,,-0.12,,,,,,,,,,,,,,,,,,,,,88,,,,,,,
16:48:30.644,3.9281751258269813,4.145188932033671,5.283567063862084,4.145188932033671,3.9057246001641888,,,,,5.3563695401974645,,,,,,1989,2,,0.5754407696501472,1.196982,1.846769,1.196982,0.5811951773466487,1.20895182,1.8652366900000001,1.20895182,20.955177677446567,,,,,,,,,
16:48:30.956,,,,,,64.01175636240079,,,14.878804278326289,,14.66245481269445,28.889809999999997,34.966466,28.889809999999997,,,,,,,,,,,,,,,,,,,,0.09801305278891936,36,
16:48:31.237,,,,,,,,,,,,,,,,,,1,,,,,,,,,,,,,,,22.745098039215687,,,
16:48:31.404,,,,,,,,,,,,,,,,,,,,,,,,,,,,,,,14.384861399999998,3.248372,,,,
16:48:31.740,,,,,,,,-0.14,,,,,,,,,,,,,,,,,,,,,86,,,,,,,
16:48:31.974,3.934746430513435,4.148424652152437,5.285804404711647,4.148424652152437,3.911248114189412,,,,,4.0315286758980164,,,,,,1503,1.5,,0.5769304173681403,1.198472,1.848259,1.198472,0.5826997215418217,1.2104567199999998,1.8667415900000002,1.2104567199999998,15.772138027662933,,,,,,,,,
16:48:32.296,,,,,,63.96968576134606,,,10.609285989205308,,14.676555574027784,28.903911,34.98056699999999,28.903911,,,,,,,,,,,,,,,,,,,,0.0775286299226011,38,
16:48:32.590,,,,,,,,,,,,,,,,,,1,,,,,,,,,,,,,,,23.92156862745098,,,
16:48:32.751,,,,,,,,,,,,,,,,,,,,,,,,,,,,,,,14.629212149999999,3.290096,,,,
16:48:33.114,,,,,,,,-0.22,,,,,,,,,,,,,,,,,,,,,78,,,,,,,
16:48:33.351,3.9398757978455734,4.150926149751845,5.287412865549035,4.150926149751845,3.9163591791310397,,,,,3.4160158357490116,,,,,,1428,1.4,,0.5782380610184761,1.19978,1.849567,1.19978,0.5840204416286608,1.2117778,1.86806267,1.2117778,13.364129985783752,,,,,,,,,
16:48:33.667,,,,,,63.92830391965681,,,8.759014963459006,,14.691409170361117,28.918765,34.99542099999999,28.918765,,,,,,,,,,,,,,,,,,,,0.057038900060626604,39,
16:48:33.991,,,,,,,,,,,,,,,,,,1,,,,,,,,,,,,,,,20.784313725490197,,,
16:48:34.150,,,,,,,,,,,,,,,,,,,,,,,,,,,,,,,14.555682749999999,3.250812,,,,
16:48:34.500,,,,,,,,-0.55,,,,,,,,,,,,,,,,,,,,,45,,,,,,,
16:48:34.736,3.935892427426435,4.14879404428232,5.285168593914045,4.14879404428232,3.9205798704449304,,,,,0,,,,,,0,0,,0.5782380610184761,1.19978,1.849567,1.19978,0.5840204416286608,1.2117778,1.86806267,1.2117778,0,,,,,,,,,
16:48:35.059,,,,,,63.888196782984345,,,0,,14.706842817027784,28.934199,35.010855,28.934199,,,,,,,,,,,,,,,,,,,,0.03645106903453129,40,
16:48:35.320,,,,,,,,,,,,,,,,,,0,,,,,,,,,,,,,,,16.470588235294116,,,
16:48:35.471,,,,,,,,,,,,,,,,,,,,,,,,,,,,,,,18.112891649999998,4.4903319999999995,,,,
16:48:35.801,,,,,,,,0,,,,,,,,,,,,,,,,,,,,,100,,,,,,,
16:48:36.043,3.9317620254225067,4.146581006095936,5.282838708166367,4.146581006095936,3.924251174954348,,,,,0,,,,,,0,0,,0.5782380610184761,1.19978,1.849567,1.19978,0.5840204416286608,1.2117778,1.86806267,1.2117778,0,,,,,,,,,
